ARM GAS  /var/folders/y0/yl1wrqfd209ghqq3s8k8qc1m0000gn/T//cc8LbdIE.s 			page 1


   1              		.cpu cortex-m3
   2              		.arch armv7-m
   3              		.fpu softvfp
   4              		.eabi_attribute 20, 1
   5              		.eabi_attribute 21, 1
   6              		.eabi_attribute 23, 3
   7              		.eabi_attribute 24, 1
   8              		.eabi_attribute 25, 1
   9              		.eabi_attribute 26, 1
  10              		.eabi_attribute 30, 1
  11              		.eabi_attribute 34, 1
  12              		.eabi_attribute 18, 4
  13              		.file	"stm32f1xx_hal_adc.c"
  14              		.text
  15              	.Ltext0:
  16              		.cfi_sections	.debug_frame
  17              		.file 1 "Drivers/STM32F1xx_HAL_Driver/Src/stm32f1xx_hal_adc.c"
  18              		.section	.text.HAL_ADC_MspInit,"ax",%progbits
  19              		.align	1
  20              		.weak	HAL_ADC_MspInit
  21              		.syntax unified
  22              		.thumb
  23              		.thumb_func
  25              	HAL_ADC_MspInit:
  26              	.LVL0:
  27              	.LFB67:
   1:Drivers/STM32F1xx_HAL_Driver/Src/stm32f1xx_hal_adc.c **** /**
   2:Drivers/STM32F1xx_HAL_Driver/Src/stm32f1xx_hal_adc.c ****   ******************************************************************************
   3:Drivers/STM32F1xx_HAL_Driver/Src/stm32f1xx_hal_adc.c ****   * @file    stm32f1xx_hal_adc.c
   4:Drivers/STM32F1xx_HAL_Driver/Src/stm32f1xx_hal_adc.c ****   * @author  MCD Application Team
   5:Drivers/STM32F1xx_HAL_Driver/Src/stm32f1xx_hal_adc.c ****   * @brief   This file provides firmware functions to manage the following 
   6:Drivers/STM32F1xx_HAL_Driver/Src/stm32f1xx_hal_adc.c ****   *          functionalities of the Analog to Digital Convertor (ADC)
   7:Drivers/STM32F1xx_HAL_Driver/Src/stm32f1xx_hal_adc.c ****   *          peripheral:
   8:Drivers/STM32F1xx_HAL_Driver/Src/stm32f1xx_hal_adc.c ****   *           + Initialization and de-initialization functions
   9:Drivers/STM32F1xx_HAL_Driver/Src/stm32f1xx_hal_adc.c ****   *           + Peripheral Control functions
  10:Drivers/STM32F1xx_HAL_Driver/Src/stm32f1xx_hal_adc.c ****   *           + Peripheral State functions
  11:Drivers/STM32F1xx_HAL_Driver/Src/stm32f1xx_hal_adc.c ****   *          Other functions (extended functions) are available in file 
  12:Drivers/STM32F1xx_HAL_Driver/Src/stm32f1xx_hal_adc.c ****   *          "stm32f1xx_hal_adc_ex.c".
  13:Drivers/STM32F1xx_HAL_Driver/Src/stm32f1xx_hal_adc.c ****   *
  14:Drivers/STM32F1xx_HAL_Driver/Src/stm32f1xx_hal_adc.c ****   ******************************************************************************
  15:Drivers/STM32F1xx_HAL_Driver/Src/stm32f1xx_hal_adc.c ****   * @attention
  16:Drivers/STM32F1xx_HAL_Driver/Src/stm32f1xx_hal_adc.c ****   *
  17:Drivers/STM32F1xx_HAL_Driver/Src/stm32f1xx_hal_adc.c ****   * Copyright (c) 2016 STMicroelectronics.
  18:Drivers/STM32F1xx_HAL_Driver/Src/stm32f1xx_hal_adc.c ****   * All rights reserved.
  19:Drivers/STM32F1xx_HAL_Driver/Src/stm32f1xx_hal_adc.c ****   *
  20:Drivers/STM32F1xx_HAL_Driver/Src/stm32f1xx_hal_adc.c ****   * This software is licensed under terms that can be found in the LICENSE file
  21:Drivers/STM32F1xx_HAL_Driver/Src/stm32f1xx_hal_adc.c ****   * in the root directory of this software component.
  22:Drivers/STM32F1xx_HAL_Driver/Src/stm32f1xx_hal_adc.c ****   * If no LICENSE file comes with this software, it is provided AS-IS.
  23:Drivers/STM32F1xx_HAL_Driver/Src/stm32f1xx_hal_adc.c ****   *
  24:Drivers/STM32F1xx_HAL_Driver/Src/stm32f1xx_hal_adc.c ****   ******************************************************************************
  25:Drivers/STM32F1xx_HAL_Driver/Src/stm32f1xx_hal_adc.c ****   @verbatim
  26:Drivers/STM32F1xx_HAL_Driver/Src/stm32f1xx_hal_adc.c ****   ==============================================================================
  27:Drivers/STM32F1xx_HAL_Driver/Src/stm32f1xx_hal_adc.c ****                      ##### ADC peripheral features #####
  28:Drivers/STM32F1xx_HAL_Driver/Src/stm32f1xx_hal_adc.c ****   ==============================================================================
  29:Drivers/STM32F1xx_HAL_Driver/Src/stm32f1xx_hal_adc.c ****   [..]
  30:Drivers/STM32F1xx_HAL_Driver/Src/stm32f1xx_hal_adc.c ****   (+) 12-bit resolution
  31:Drivers/STM32F1xx_HAL_Driver/Src/stm32f1xx_hal_adc.c **** 
ARM GAS  /var/folders/y0/yl1wrqfd209ghqq3s8k8qc1m0000gn/T//cc8LbdIE.s 			page 2


  32:Drivers/STM32F1xx_HAL_Driver/Src/stm32f1xx_hal_adc.c ****   (+) Interrupt generation at the end of regular conversion, end of injected
  33:Drivers/STM32F1xx_HAL_Driver/Src/stm32f1xx_hal_adc.c ****       conversion, and in case of analog watchdog or overrun events.
  34:Drivers/STM32F1xx_HAL_Driver/Src/stm32f1xx_hal_adc.c ****   
  35:Drivers/STM32F1xx_HAL_Driver/Src/stm32f1xx_hal_adc.c ****   (+) Single and continuous conversion modes.
  36:Drivers/STM32F1xx_HAL_Driver/Src/stm32f1xx_hal_adc.c ****   
  37:Drivers/STM32F1xx_HAL_Driver/Src/stm32f1xx_hal_adc.c ****   (+) Scan mode for conversion of several channels sequentially.
  38:Drivers/STM32F1xx_HAL_Driver/Src/stm32f1xx_hal_adc.c ****   
  39:Drivers/STM32F1xx_HAL_Driver/Src/stm32f1xx_hal_adc.c ****   (+) Data alignment with in-built data coherency.
  40:Drivers/STM32F1xx_HAL_Driver/Src/stm32f1xx_hal_adc.c ****   
  41:Drivers/STM32F1xx_HAL_Driver/Src/stm32f1xx_hal_adc.c ****   (+) Programmable sampling time (channel wise)
  42:Drivers/STM32F1xx_HAL_Driver/Src/stm32f1xx_hal_adc.c ****   
  43:Drivers/STM32F1xx_HAL_Driver/Src/stm32f1xx_hal_adc.c ****   (+) ADC conversion of regular group and injected group.
  44:Drivers/STM32F1xx_HAL_Driver/Src/stm32f1xx_hal_adc.c **** 
  45:Drivers/STM32F1xx_HAL_Driver/Src/stm32f1xx_hal_adc.c ****   (+) External trigger (timer or EXTI) 
  46:Drivers/STM32F1xx_HAL_Driver/Src/stm32f1xx_hal_adc.c ****       for both regular and injected groups.
  47:Drivers/STM32F1xx_HAL_Driver/Src/stm32f1xx_hal_adc.c **** 
  48:Drivers/STM32F1xx_HAL_Driver/Src/stm32f1xx_hal_adc.c ****   (+) DMA request generation for transfer of conversions data of regular group.
  49:Drivers/STM32F1xx_HAL_Driver/Src/stm32f1xx_hal_adc.c **** 
  50:Drivers/STM32F1xx_HAL_Driver/Src/stm32f1xx_hal_adc.c ****   (+) Multimode Dual mode (available on devices with 2 ADCs or more).
  51:Drivers/STM32F1xx_HAL_Driver/Src/stm32f1xx_hal_adc.c ****   
  52:Drivers/STM32F1xx_HAL_Driver/Src/stm32f1xx_hal_adc.c ****   (+) Configurable DMA data storage in Multimode Dual mode (available on devices
  53:Drivers/STM32F1xx_HAL_Driver/Src/stm32f1xx_hal_adc.c ****       with 2 DCs or more).
  54:Drivers/STM32F1xx_HAL_Driver/Src/stm32f1xx_hal_adc.c ****   
  55:Drivers/STM32F1xx_HAL_Driver/Src/stm32f1xx_hal_adc.c ****   (+) Configurable delay between conversions in Dual interleaved mode (available 
  56:Drivers/STM32F1xx_HAL_Driver/Src/stm32f1xx_hal_adc.c ****       on devices with 2 DCs or more).
  57:Drivers/STM32F1xx_HAL_Driver/Src/stm32f1xx_hal_adc.c ****   
  58:Drivers/STM32F1xx_HAL_Driver/Src/stm32f1xx_hal_adc.c ****   (+) ADC calibration
  59:Drivers/STM32F1xx_HAL_Driver/Src/stm32f1xx_hal_adc.c **** 
  60:Drivers/STM32F1xx_HAL_Driver/Src/stm32f1xx_hal_adc.c ****   (+) ADC supply requirements: 2.4 V to 3.6 V at full speed and down to 1.8 V at 
  61:Drivers/STM32F1xx_HAL_Driver/Src/stm32f1xx_hal_adc.c ****       slower speed.
  62:Drivers/STM32F1xx_HAL_Driver/Src/stm32f1xx_hal_adc.c ****   
  63:Drivers/STM32F1xx_HAL_Driver/Src/stm32f1xx_hal_adc.c ****   (+) ADC input range: from Vref- (connected to Vssa) to Vref+ (connected to 
  64:Drivers/STM32F1xx_HAL_Driver/Src/stm32f1xx_hal_adc.c ****       Vdda or to an external voltage reference).
  65:Drivers/STM32F1xx_HAL_Driver/Src/stm32f1xx_hal_adc.c **** 
  66:Drivers/STM32F1xx_HAL_Driver/Src/stm32f1xx_hal_adc.c **** 
  67:Drivers/STM32F1xx_HAL_Driver/Src/stm32f1xx_hal_adc.c ****                      ##### How to use this driver #####
  68:Drivers/STM32F1xx_HAL_Driver/Src/stm32f1xx_hal_adc.c ****   ==============================================================================
  69:Drivers/STM32F1xx_HAL_Driver/Src/stm32f1xx_hal_adc.c ****     [..]
  70:Drivers/STM32F1xx_HAL_Driver/Src/stm32f1xx_hal_adc.c **** 
  71:Drivers/STM32F1xx_HAL_Driver/Src/stm32f1xx_hal_adc.c ****      *** Configuration of top level parameters related to ADC ***
  72:Drivers/STM32F1xx_HAL_Driver/Src/stm32f1xx_hal_adc.c ****      ============================================================
  73:Drivers/STM32F1xx_HAL_Driver/Src/stm32f1xx_hal_adc.c ****      [..]
  74:Drivers/STM32F1xx_HAL_Driver/Src/stm32f1xx_hal_adc.c **** 
  75:Drivers/STM32F1xx_HAL_Driver/Src/stm32f1xx_hal_adc.c ****     (#) Enable the ADC interface
  76:Drivers/STM32F1xx_HAL_Driver/Src/stm32f1xx_hal_adc.c ****       (++) As prerequisite, ADC clock must be configured at RCC top level.
  77:Drivers/STM32F1xx_HAL_Driver/Src/stm32f1xx_hal_adc.c ****            Caution: On STM32F1, ADC clock frequency max is 14MHz (refer
  78:Drivers/STM32F1xx_HAL_Driver/Src/stm32f1xx_hal_adc.c ****                     to device datasheet).
  79:Drivers/STM32F1xx_HAL_Driver/Src/stm32f1xx_hal_adc.c ****                     Therefore, ADC clock prescaler must be configured in 
  80:Drivers/STM32F1xx_HAL_Driver/Src/stm32f1xx_hal_adc.c ****                     function of ADC clock source frequency to remain below
  81:Drivers/STM32F1xx_HAL_Driver/Src/stm32f1xx_hal_adc.c ****                     this maximum frequency.
  82:Drivers/STM32F1xx_HAL_Driver/Src/stm32f1xx_hal_adc.c ****         (++) One clock setting is mandatory:
  83:Drivers/STM32F1xx_HAL_Driver/Src/stm32f1xx_hal_adc.c ****              ADC clock (core clock, also possibly conversion clock).
  84:Drivers/STM32F1xx_HAL_Driver/Src/stm32f1xx_hal_adc.c ****              (+++) Example:
  85:Drivers/STM32F1xx_HAL_Driver/Src/stm32f1xx_hal_adc.c ****                    Into HAL_ADC_MspInit() (recommended code location) or with
  86:Drivers/STM32F1xx_HAL_Driver/Src/stm32f1xx_hal_adc.c ****                    other device clock parameters configuration:
  87:Drivers/STM32F1xx_HAL_Driver/Src/stm32f1xx_hal_adc.c ****                (+++) RCC_PeriphCLKInitTypeDef  PeriphClkInit;
  88:Drivers/STM32F1xx_HAL_Driver/Src/stm32f1xx_hal_adc.c ****                (+++) __ADC1_CLK_ENABLE();
ARM GAS  /var/folders/y0/yl1wrqfd209ghqq3s8k8qc1m0000gn/T//cc8LbdIE.s 			page 3


  89:Drivers/STM32F1xx_HAL_Driver/Src/stm32f1xx_hal_adc.c ****                (+++) PeriphClkInit.PeriphClockSelection = RCC_PERIPHCLK_ADC;
  90:Drivers/STM32F1xx_HAL_Driver/Src/stm32f1xx_hal_adc.c ****                (+++) PeriphClkInit.AdcClockSelection = RCC_ADCPCLK2_DIV2;
  91:Drivers/STM32F1xx_HAL_Driver/Src/stm32f1xx_hal_adc.c ****                (+++) HAL_RCCEx_PeriphCLKConfig(&PeriphClkInit);
  92:Drivers/STM32F1xx_HAL_Driver/Src/stm32f1xx_hal_adc.c **** 
  93:Drivers/STM32F1xx_HAL_Driver/Src/stm32f1xx_hal_adc.c ****     (#) ADC pins configuration
  94:Drivers/STM32F1xx_HAL_Driver/Src/stm32f1xx_hal_adc.c ****          (++) Enable the clock for the ADC GPIOs
  95:Drivers/STM32F1xx_HAL_Driver/Src/stm32f1xx_hal_adc.c ****               using macro __HAL_RCC_GPIOx_CLK_ENABLE()
  96:Drivers/STM32F1xx_HAL_Driver/Src/stm32f1xx_hal_adc.c ****          (++) Configure these ADC pins in analog mode
  97:Drivers/STM32F1xx_HAL_Driver/Src/stm32f1xx_hal_adc.c ****               using function HAL_GPIO_Init()
  98:Drivers/STM32F1xx_HAL_Driver/Src/stm32f1xx_hal_adc.c **** 
  99:Drivers/STM32F1xx_HAL_Driver/Src/stm32f1xx_hal_adc.c ****     (#) Optionally, in case of usage of ADC with interruptions:
 100:Drivers/STM32F1xx_HAL_Driver/Src/stm32f1xx_hal_adc.c ****          (++) Configure the NVIC for ADC
 101:Drivers/STM32F1xx_HAL_Driver/Src/stm32f1xx_hal_adc.c ****               using function HAL_NVIC_EnableIRQ(ADCx_IRQn)
 102:Drivers/STM32F1xx_HAL_Driver/Src/stm32f1xx_hal_adc.c ****          (++) Insert the ADC interruption handler function HAL_ADC_IRQHandler() 
 103:Drivers/STM32F1xx_HAL_Driver/Src/stm32f1xx_hal_adc.c ****               into the function of corresponding ADC interruption vector 
 104:Drivers/STM32F1xx_HAL_Driver/Src/stm32f1xx_hal_adc.c ****               ADCx_IRQHandler().
 105:Drivers/STM32F1xx_HAL_Driver/Src/stm32f1xx_hal_adc.c **** 
 106:Drivers/STM32F1xx_HAL_Driver/Src/stm32f1xx_hal_adc.c ****     (#) Optionally, in case of usage of DMA:
 107:Drivers/STM32F1xx_HAL_Driver/Src/stm32f1xx_hal_adc.c ****          (++) Configure the DMA (DMA channel, mode normal or circular, ...)
 108:Drivers/STM32F1xx_HAL_Driver/Src/stm32f1xx_hal_adc.c ****               using function HAL_DMA_Init().
 109:Drivers/STM32F1xx_HAL_Driver/Src/stm32f1xx_hal_adc.c ****          (++) Configure the NVIC for DMA
 110:Drivers/STM32F1xx_HAL_Driver/Src/stm32f1xx_hal_adc.c ****               using function HAL_NVIC_EnableIRQ(DMAx_Channelx_IRQn)
 111:Drivers/STM32F1xx_HAL_Driver/Src/stm32f1xx_hal_adc.c ****          (++) Insert the ADC interruption handler function HAL_ADC_IRQHandler() 
 112:Drivers/STM32F1xx_HAL_Driver/Src/stm32f1xx_hal_adc.c ****               into the function of corresponding DMA interruption vector 
 113:Drivers/STM32F1xx_HAL_Driver/Src/stm32f1xx_hal_adc.c ****               DMAx_Channelx_IRQHandler().
 114:Drivers/STM32F1xx_HAL_Driver/Src/stm32f1xx_hal_adc.c **** 
 115:Drivers/STM32F1xx_HAL_Driver/Src/stm32f1xx_hal_adc.c ****      *** Configuration of ADC, groups regular/injected, channels parameters ***
 116:Drivers/STM32F1xx_HAL_Driver/Src/stm32f1xx_hal_adc.c ****      ==========================================================================
 117:Drivers/STM32F1xx_HAL_Driver/Src/stm32f1xx_hal_adc.c ****      [..]
 118:Drivers/STM32F1xx_HAL_Driver/Src/stm32f1xx_hal_adc.c **** 
 119:Drivers/STM32F1xx_HAL_Driver/Src/stm32f1xx_hal_adc.c ****     (#) Configure the ADC parameters (resolution, data alignment, ...)
 120:Drivers/STM32F1xx_HAL_Driver/Src/stm32f1xx_hal_adc.c ****         and regular group parameters (conversion trigger, sequencer, ...)
 121:Drivers/STM32F1xx_HAL_Driver/Src/stm32f1xx_hal_adc.c ****         using function HAL_ADC_Init().
 122:Drivers/STM32F1xx_HAL_Driver/Src/stm32f1xx_hal_adc.c **** 
 123:Drivers/STM32F1xx_HAL_Driver/Src/stm32f1xx_hal_adc.c ****     (#) Configure the channels for regular group parameters (channel number, 
 124:Drivers/STM32F1xx_HAL_Driver/Src/stm32f1xx_hal_adc.c ****         channel rank into sequencer, ..., into regular group)
 125:Drivers/STM32F1xx_HAL_Driver/Src/stm32f1xx_hal_adc.c ****         using function HAL_ADC_ConfigChannel().
 126:Drivers/STM32F1xx_HAL_Driver/Src/stm32f1xx_hal_adc.c **** 
 127:Drivers/STM32F1xx_HAL_Driver/Src/stm32f1xx_hal_adc.c ****     (#) Optionally, configure the injected group parameters (conversion trigger, 
 128:Drivers/STM32F1xx_HAL_Driver/Src/stm32f1xx_hal_adc.c ****         sequencer, ..., of injected group)
 129:Drivers/STM32F1xx_HAL_Driver/Src/stm32f1xx_hal_adc.c ****         and the channels for injected group parameters (channel number, 
 130:Drivers/STM32F1xx_HAL_Driver/Src/stm32f1xx_hal_adc.c ****         channel rank into sequencer, ..., into injected group)
 131:Drivers/STM32F1xx_HAL_Driver/Src/stm32f1xx_hal_adc.c ****         using function HAL_ADCEx_InjectedConfigChannel().
 132:Drivers/STM32F1xx_HAL_Driver/Src/stm32f1xx_hal_adc.c **** 
 133:Drivers/STM32F1xx_HAL_Driver/Src/stm32f1xx_hal_adc.c ****     (#) Optionally, configure the analog watchdog parameters (channels
 134:Drivers/STM32F1xx_HAL_Driver/Src/stm32f1xx_hal_adc.c ****         monitored, thresholds, ...)
 135:Drivers/STM32F1xx_HAL_Driver/Src/stm32f1xx_hal_adc.c ****         using function HAL_ADC_AnalogWDGConfig().
 136:Drivers/STM32F1xx_HAL_Driver/Src/stm32f1xx_hal_adc.c **** 
 137:Drivers/STM32F1xx_HAL_Driver/Src/stm32f1xx_hal_adc.c ****     (#) Optionally, for devices with several ADC instances: configure the 
 138:Drivers/STM32F1xx_HAL_Driver/Src/stm32f1xx_hal_adc.c ****         multimode parameters
 139:Drivers/STM32F1xx_HAL_Driver/Src/stm32f1xx_hal_adc.c ****         using function HAL_ADCEx_MultiModeConfigChannel().
 140:Drivers/STM32F1xx_HAL_Driver/Src/stm32f1xx_hal_adc.c **** 
 141:Drivers/STM32F1xx_HAL_Driver/Src/stm32f1xx_hal_adc.c ****      *** Execution of ADC conversions ***
 142:Drivers/STM32F1xx_HAL_Driver/Src/stm32f1xx_hal_adc.c ****      ====================================
 143:Drivers/STM32F1xx_HAL_Driver/Src/stm32f1xx_hal_adc.c ****      [..]
 144:Drivers/STM32F1xx_HAL_Driver/Src/stm32f1xx_hal_adc.c **** 
 145:Drivers/STM32F1xx_HAL_Driver/Src/stm32f1xx_hal_adc.c ****     (#) Optionally, perform an automatic ADC calibration to improve the
ARM GAS  /var/folders/y0/yl1wrqfd209ghqq3s8k8qc1m0000gn/T//cc8LbdIE.s 			page 4


 146:Drivers/STM32F1xx_HAL_Driver/Src/stm32f1xx_hal_adc.c ****         conversion accuracy
 147:Drivers/STM32F1xx_HAL_Driver/Src/stm32f1xx_hal_adc.c ****         using function HAL_ADCEx_Calibration_Start().
 148:Drivers/STM32F1xx_HAL_Driver/Src/stm32f1xx_hal_adc.c **** 
 149:Drivers/STM32F1xx_HAL_Driver/Src/stm32f1xx_hal_adc.c ****     (#) ADC driver can be used among three modes: polling, interruption,
 150:Drivers/STM32F1xx_HAL_Driver/Src/stm32f1xx_hal_adc.c ****         transfer by DMA.
 151:Drivers/STM32F1xx_HAL_Driver/Src/stm32f1xx_hal_adc.c **** 
 152:Drivers/STM32F1xx_HAL_Driver/Src/stm32f1xx_hal_adc.c ****         (++) ADC conversion by polling:
 153:Drivers/STM32F1xx_HAL_Driver/Src/stm32f1xx_hal_adc.c ****           (+++) Activate the ADC peripheral and start conversions
 154:Drivers/STM32F1xx_HAL_Driver/Src/stm32f1xx_hal_adc.c ****                 using function HAL_ADC_Start()
 155:Drivers/STM32F1xx_HAL_Driver/Src/stm32f1xx_hal_adc.c ****           (+++) Wait for ADC conversion completion 
 156:Drivers/STM32F1xx_HAL_Driver/Src/stm32f1xx_hal_adc.c ****                 using function HAL_ADC_PollForConversion()
 157:Drivers/STM32F1xx_HAL_Driver/Src/stm32f1xx_hal_adc.c ****                 (or for injected group: HAL_ADCEx_InjectedPollForConversion() )
 158:Drivers/STM32F1xx_HAL_Driver/Src/stm32f1xx_hal_adc.c ****           (+++) Retrieve conversion results 
 159:Drivers/STM32F1xx_HAL_Driver/Src/stm32f1xx_hal_adc.c ****                 using function HAL_ADC_GetValue()
 160:Drivers/STM32F1xx_HAL_Driver/Src/stm32f1xx_hal_adc.c ****                 (or for injected group: HAL_ADCEx_InjectedGetValue() )
 161:Drivers/STM32F1xx_HAL_Driver/Src/stm32f1xx_hal_adc.c ****           (+++) Stop conversion and disable the ADC peripheral 
 162:Drivers/STM32F1xx_HAL_Driver/Src/stm32f1xx_hal_adc.c ****                 using function HAL_ADC_Stop()
 163:Drivers/STM32F1xx_HAL_Driver/Src/stm32f1xx_hal_adc.c **** 
 164:Drivers/STM32F1xx_HAL_Driver/Src/stm32f1xx_hal_adc.c ****         (++) ADC conversion by interruption: 
 165:Drivers/STM32F1xx_HAL_Driver/Src/stm32f1xx_hal_adc.c ****           (+++) Activate the ADC peripheral and start conversions
 166:Drivers/STM32F1xx_HAL_Driver/Src/stm32f1xx_hal_adc.c ****                 using function HAL_ADC_Start_IT()
 167:Drivers/STM32F1xx_HAL_Driver/Src/stm32f1xx_hal_adc.c ****           (+++) Wait for ADC conversion completion by call of function
 168:Drivers/STM32F1xx_HAL_Driver/Src/stm32f1xx_hal_adc.c ****                 HAL_ADC_ConvCpltCallback()
 169:Drivers/STM32F1xx_HAL_Driver/Src/stm32f1xx_hal_adc.c ****                 (this function must be implemented in user program)
 170:Drivers/STM32F1xx_HAL_Driver/Src/stm32f1xx_hal_adc.c ****                 (or for injected group: HAL_ADCEx_InjectedConvCpltCallback() )
 171:Drivers/STM32F1xx_HAL_Driver/Src/stm32f1xx_hal_adc.c ****           (+++) Retrieve conversion results 
 172:Drivers/STM32F1xx_HAL_Driver/Src/stm32f1xx_hal_adc.c ****                 using function HAL_ADC_GetValue()
 173:Drivers/STM32F1xx_HAL_Driver/Src/stm32f1xx_hal_adc.c ****                 (or for injected group: HAL_ADCEx_InjectedGetValue() )
 174:Drivers/STM32F1xx_HAL_Driver/Src/stm32f1xx_hal_adc.c ****           (+++) Stop conversion and disable the ADC peripheral 
 175:Drivers/STM32F1xx_HAL_Driver/Src/stm32f1xx_hal_adc.c ****                 using function HAL_ADC_Stop_IT()
 176:Drivers/STM32F1xx_HAL_Driver/Src/stm32f1xx_hal_adc.c **** 
 177:Drivers/STM32F1xx_HAL_Driver/Src/stm32f1xx_hal_adc.c ****         (++) ADC conversion with transfer by DMA:
 178:Drivers/STM32F1xx_HAL_Driver/Src/stm32f1xx_hal_adc.c ****           (+++) Activate the ADC peripheral and start conversions
 179:Drivers/STM32F1xx_HAL_Driver/Src/stm32f1xx_hal_adc.c ****                 using function HAL_ADC_Start_DMA()
 180:Drivers/STM32F1xx_HAL_Driver/Src/stm32f1xx_hal_adc.c ****           (+++) Wait for ADC conversion completion by call of function
 181:Drivers/STM32F1xx_HAL_Driver/Src/stm32f1xx_hal_adc.c ****                 HAL_ADC_ConvCpltCallback() or HAL_ADC_ConvHalfCpltCallback()
 182:Drivers/STM32F1xx_HAL_Driver/Src/stm32f1xx_hal_adc.c ****                 (these functions must be implemented in user program)
 183:Drivers/STM32F1xx_HAL_Driver/Src/stm32f1xx_hal_adc.c ****           (+++) Conversion results are automatically transferred by DMA into
 184:Drivers/STM32F1xx_HAL_Driver/Src/stm32f1xx_hal_adc.c ****                 destination variable address.
 185:Drivers/STM32F1xx_HAL_Driver/Src/stm32f1xx_hal_adc.c ****           (+++) Stop conversion and disable the ADC peripheral 
 186:Drivers/STM32F1xx_HAL_Driver/Src/stm32f1xx_hal_adc.c ****                 using function HAL_ADC_Stop_DMA()
 187:Drivers/STM32F1xx_HAL_Driver/Src/stm32f1xx_hal_adc.c **** 
 188:Drivers/STM32F1xx_HAL_Driver/Src/stm32f1xx_hal_adc.c ****         (++) For devices with several ADCs: ADC multimode conversion 
 189:Drivers/STM32F1xx_HAL_Driver/Src/stm32f1xx_hal_adc.c ****              with transfer by DMA:
 190:Drivers/STM32F1xx_HAL_Driver/Src/stm32f1xx_hal_adc.c ****           (+++) Activate the ADC peripheral (slave) and start conversions
 191:Drivers/STM32F1xx_HAL_Driver/Src/stm32f1xx_hal_adc.c ****                 using function HAL_ADC_Start()
 192:Drivers/STM32F1xx_HAL_Driver/Src/stm32f1xx_hal_adc.c ****           (+++) Activate the ADC peripheral (master) and start conversions
 193:Drivers/STM32F1xx_HAL_Driver/Src/stm32f1xx_hal_adc.c ****                 using function HAL_ADCEx_MultiModeStart_DMA()
 194:Drivers/STM32F1xx_HAL_Driver/Src/stm32f1xx_hal_adc.c ****           (+++) Wait for ADC conversion completion by call of function
 195:Drivers/STM32F1xx_HAL_Driver/Src/stm32f1xx_hal_adc.c ****                 HAL_ADC_ConvCpltCallback() or HAL_ADC_ConvHalfCpltCallback()
 196:Drivers/STM32F1xx_HAL_Driver/Src/stm32f1xx_hal_adc.c ****                 (these functions must be implemented in user program)
 197:Drivers/STM32F1xx_HAL_Driver/Src/stm32f1xx_hal_adc.c ****           (+++) Conversion results are automatically transferred by DMA into
 198:Drivers/STM32F1xx_HAL_Driver/Src/stm32f1xx_hal_adc.c ****                 destination variable address.
 199:Drivers/STM32F1xx_HAL_Driver/Src/stm32f1xx_hal_adc.c ****           (+++) Stop conversion and disable the ADC peripheral (master)
 200:Drivers/STM32F1xx_HAL_Driver/Src/stm32f1xx_hal_adc.c ****                 using function HAL_ADCEx_MultiModeStop_DMA()
 201:Drivers/STM32F1xx_HAL_Driver/Src/stm32f1xx_hal_adc.c ****           (+++) Stop conversion and disable the ADC peripheral (slave)
 202:Drivers/STM32F1xx_HAL_Driver/Src/stm32f1xx_hal_adc.c ****                 using function HAL_ADC_Stop_IT()
ARM GAS  /var/folders/y0/yl1wrqfd209ghqq3s8k8qc1m0000gn/T//cc8LbdIE.s 			page 5


 203:Drivers/STM32F1xx_HAL_Driver/Src/stm32f1xx_hal_adc.c **** 
 204:Drivers/STM32F1xx_HAL_Driver/Src/stm32f1xx_hal_adc.c ****      [..]
 205:Drivers/STM32F1xx_HAL_Driver/Src/stm32f1xx_hal_adc.c **** 
 206:Drivers/STM32F1xx_HAL_Driver/Src/stm32f1xx_hal_adc.c ****     (@) Callback functions must be implemented in user program:
 207:Drivers/STM32F1xx_HAL_Driver/Src/stm32f1xx_hal_adc.c ****       (+@) HAL_ADC_ErrorCallback()
 208:Drivers/STM32F1xx_HAL_Driver/Src/stm32f1xx_hal_adc.c ****       (+@) HAL_ADC_LevelOutOfWindowCallback() (callback of analog watchdog)
 209:Drivers/STM32F1xx_HAL_Driver/Src/stm32f1xx_hal_adc.c ****       (+@) HAL_ADC_ConvCpltCallback()
 210:Drivers/STM32F1xx_HAL_Driver/Src/stm32f1xx_hal_adc.c ****       (+@) HAL_ADC_ConvHalfCpltCallback
 211:Drivers/STM32F1xx_HAL_Driver/Src/stm32f1xx_hal_adc.c ****       (+@) HAL_ADCEx_InjectedConvCpltCallback()
 212:Drivers/STM32F1xx_HAL_Driver/Src/stm32f1xx_hal_adc.c **** 
 213:Drivers/STM32F1xx_HAL_Driver/Src/stm32f1xx_hal_adc.c ****      *** Deinitialization of ADC ***
 214:Drivers/STM32F1xx_HAL_Driver/Src/stm32f1xx_hal_adc.c ****      ============================================================
 215:Drivers/STM32F1xx_HAL_Driver/Src/stm32f1xx_hal_adc.c ****      [..]
 216:Drivers/STM32F1xx_HAL_Driver/Src/stm32f1xx_hal_adc.c **** 
 217:Drivers/STM32F1xx_HAL_Driver/Src/stm32f1xx_hal_adc.c ****     (#) Disable the ADC interface
 218:Drivers/STM32F1xx_HAL_Driver/Src/stm32f1xx_hal_adc.c ****       (++) ADC clock can be hard reset and disabled at RCC top level.
 219:Drivers/STM32F1xx_HAL_Driver/Src/stm32f1xx_hal_adc.c ****         (++) Hard reset of ADC peripherals
 220:Drivers/STM32F1xx_HAL_Driver/Src/stm32f1xx_hal_adc.c ****              using macro __ADCx_FORCE_RESET(), __ADCx_RELEASE_RESET().
 221:Drivers/STM32F1xx_HAL_Driver/Src/stm32f1xx_hal_adc.c ****         (++) ADC clock disable
 222:Drivers/STM32F1xx_HAL_Driver/Src/stm32f1xx_hal_adc.c ****              using the equivalent macro/functions as configuration step.
 223:Drivers/STM32F1xx_HAL_Driver/Src/stm32f1xx_hal_adc.c ****              (+++) Example:
 224:Drivers/STM32F1xx_HAL_Driver/Src/stm32f1xx_hal_adc.c ****                    Into HAL_ADC_MspDeInit() (recommended code location) or with
 225:Drivers/STM32F1xx_HAL_Driver/Src/stm32f1xx_hal_adc.c ****                    other device clock parameters configuration:
 226:Drivers/STM32F1xx_HAL_Driver/Src/stm32f1xx_hal_adc.c ****                (+++) PeriphClkInit.PeriphClockSelection = RCC_PERIPHCLK_ADC
 227:Drivers/STM32F1xx_HAL_Driver/Src/stm32f1xx_hal_adc.c ****                (+++) PeriphClkInit.AdcClockSelection = RCC_ADCPLLCLK2_OFF
 228:Drivers/STM32F1xx_HAL_Driver/Src/stm32f1xx_hal_adc.c ****                (+++) HAL_RCCEx_PeriphCLKConfig(&PeriphClkInit)
 229:Drivers/STM32F1xx_HAL_Driver/Src/stm32f1xx_hal_adc.c **** 
 230:Drivers/STM32F1xx_HAL_Driver/Src/stm32f1xx_hal_adc.c ****     (#) ADC pins configuration
 231:Drivers/STM32F1xx_HAL_Driver/Src/stm32f1xx_hal_adc.c ****          (++) Disable the clock for the ADC GPIOs
 232:Drivers/STM32F1xx_HAL_Driver/Src/stm32f1xx_hal_adc.c ****               using macro __HAL_RCC_GPIOx_CLK_DISABLE()
 233:Drivers/STM32F1xx_HAL_Driver/Src/stm32f1xx_hal_adc.c **** 
 234:Drivers/STM32F1xx_HAL_Driver/Src/stm32f1xx_hal_adc.c ****     (#) Optionally, in case of usage of ADC with interruptions:
 235:Drivers/STM32F1xx_HAL_Driver/Src/stm32f1xx_hal_adc.c ****          (++) Disable the NVIC for ADC
 236:Drivers/STM32F1xx_HAL_Driver/Src/stm32f1xx_hal_adc.c ****               using function HAL_NVIC_EnableIRQ(ADCx_IRQn)
 237:Drivers/STM32F1xx_HAL_Driver/Src/stm32f1xx_hal_adc.c **** 
 238:Drivers/STM32F1xx_HAL_Driver/Src/stm32f1xx_hal_adc.c ****     (#) Optionally, in case of usage of DMA:
 239:Drivers/STM32F1xx_HAL_Driver/Src/stm32f1xx_hal_adc.c ****          (++) Deinitialize the DMA
 240:Drivers/STM32F1xx_HAL_Driver/Src/stm32f1xx_hal_adc.c ****               using function HAL_DMA_Init().
 241:Drivers/STM32F1xx_HAL_Driver/Src/stm32f1xx_hal_adc.c ****          (++) Disable the NVIC for DMA
 242:Drivers/STM32F1xx_HAL_Driver/Src/stm32f1xx_hal_adc.c ****               using function HAL_NVIC_EnableIRQ(DMAx_Channelx_IRQn)
 243:Drivers/STM32F1xx_HAL_Driver/Src/stm32f1xx_hal_adc.c **** 
 244:Drivers/STM32F1xx_HAL_Driver/Src/stm32f1xx_hal_adc.c ****     [..]
 245:Drivers/STM32F1xx_HAL_Driver/Src/stm32f1xx_hal_adc.c ****     
 246:Drivers/STM32F1xx_HAL_Driver/Src/stm32f1xx_hal_adc.c ****     *** Callback registration ***
 247:Drivers/STM32F1xx_HAL_Driver/Src/stm32f1xx_hal_adc.c ****     =============================================
 248:Drivers/STM32F1xx_HAL_Driver/Src/stm32f1xx_hal_adc.c ****     [..]
 249:Drivers/STM32F1xx_HAL_Driver/Src/stm32f1xx_hal_adc.c **** 
 250:Drivers/STM32F1xx_HAL_Driver/Src/stm32f1xx_hal_adc.c ****      The compilation flag USE_HAL_ADC_REGISTER_CALLBACKS, when set to 1,
 251:Drivers/STM32F1xx_HAL_Driver/Src/stm32f1xx_hal_adc.c ****      allows the user to configure dynamically the driver callbacks.
 252:Drivers/STM32F1xx_HAL_Driver/Src/stm32f1xx_hal_adc.c ****      Use Functions HAL_ADC_RegisterCallback()
 253:Drivers/STM32F1xx_HAL_Driver/Src/stm32f1xx_hal_adc.c ****      to register an interrupt callback.
 254:Drivers/STM32F1xx_HAL_Driver/Src/stm32f1xx_hal_adc.c ****     [..]
 255:Drivers/STM32F1xx_HAL_Driver/Src/stm32f1xx_hal_adc.c **** 
 256:Drivers/STM32F1xx_HAL_Driver/Src/stm32f1xx_hal_adc.c ****      Function HAL_ADC_RegisterCallback() allows to register following callbacks:
 257:Drivers/STM32F1xx_HAL_Driver/Src/stm32f1xx_hal_adc.c ****        (+) ConvCpltCallback               : ADC conversion complete callback
 258:Drivers/STM32F1xx_HAL_Driver/Src/stm32f1xx_hal_adc.c ****        (+) ConvHalfCpltCallback           : ADC conversion DMA half-transfer callback
 259:Drivers/STM32F1xx_HAL_Driver/Src/stm32f1xx_hal_adc.c ****        (+) LevelOutOfWindowCallback       : ADC analog watchdog 1 callback
ARM GAS  /var/folders/y0/yl1wrqfd209ghqq3s8k8qc1m0000gn/T//cc8LbdIE.s 			page 6


 260:Drivers/STM32F1xx_HAL_Driver/Src/stm32f1xx_hal_adc.c ****        (+) ErrorCallback                  : ADC error callback
 261:Drivers/STM32F1xx_HAL_Driver/Src/stm32f1xx_hal_adc.c ****        (+) InjectedConvCpltCallback       : ADC group injected conversion complete callback
 262:Drivers/STM32F1xx_HAL_Driver/Src/stm32f1xx_hal_adc.c ****        (+) MspInitCallback                : ADC Msp Init callback
 263:Drivers/STM32F1xx_HAL_Driver/Src/stm32f1xx_hal_adc.c ****        (+) MspDeInitCallback              : ADC Msp DeInit callback
 264:Drivers/STM32F1xx_HAL_Driver/Src/stm32f1xx_hal_adc.c ****      This function takes as parameters the HAL peripheral handle, the Callback ID
 265:Drivers/STM32F1xx_HAL_Driver/Src/stm32f1xx_hal_adc.c ****      and a pointer to the user callback function.
 266:Drivers/STM32F1xx_HAL_Driver/Src/stm32f1xx_hal_adc.c ****     [..]
 267:Drivers/STM32F1xx_HAL_Driver/Src/stm32f1xx_hal_adc.c **** 
 268:Drivers/STM32F1xx_HAL_Driver/Src/stm32f1xx_hal_adc.c ****      Use function HAL_ADC_UnRegisterCallback to reset a callback to the default
 269:Drivers/STM32F1xx_HAL_Driver/Src/stm32f1xx_hal_adc.c ****      weak function.
 270:Drivers/STM32F1xx_HAL_Driver/Src/stm32f1xx_hal_adc.c ****     [..]
 271:Drivers/STM32F1xx_HAL_Driver/Src/stm32f1xx_hal_adc.c **** 
 272:Drivers/STM32F1xx_HAL_Driver/Src/stm32f1xx_hal_adc.c ****      HAL_ADC_UnRegisterCallback takes as parameters the HAL peripheral handle,
 273:Drivers/STM32F1xx_HAL_Driver/Src/stm32f1xx_hal_adc.c ****      and the Callback ID.
 274:Drivers/STM32F1xx_HAL_Driver/Src/stm32f1xx_hal_adc.c ****      This function allows to reset following callbacks:
 275:Drivers/STM32F1xx_HAL_Driver/Src/stm32f1xx_hal_adc.c ****        (+) ConvCpltCallback               : ADC conversion complete callback
 276:Drivers/STM32F1xx_HAL_Driver/Src/stm32f1xx_hal_adc.c ****        (+) ConvHalfCpltCallback           : ADC conversion DMA half-transfer callback
 277:Drivers/STM32F1xx_HAL_Driver/Src/stm32f1xx_hal_adc.c ****        (+) LevelOutOfWindowCallback       : ADC analog watchdog 1 callback
 278:Drivers/STM32F1xx_HAL_Driver/Src/stm32f1xx_hal_adc.c ****        (+) ErrorCallback                  : ADC error callback
 279:Drivers/STM32F1xx_HAL_Driver/Src/stm32f1xx_hal_adc.c ****        (+) InjectedConvCpltCallback       : ADC group injected conversion complete callback
 280:Drivers/STM32F1xx_HAL_Driver/Src/stm32f1xx_hal_adc.c ****        (+) MspInitCallback                : ADC Msp Init callback
 281:Drivers/STM32F1xx_HAL_Driver/Src/stm32f1xx_hal_adc.c ****        (+) MspDeInitCallback              : ADC Msp DeInit callback
 282:Drivers/STM32F1xx_HAL_Driver/Src/stm32f1xx_hal_adc.c ****      [..]
 283:Drivers/STM32F1xx_HAL_Driver/Src/stm32f1xx_hal_adc.c **** 
 284:Drivers/STM32F1xx_HAL_Driver/Src/stm32f1xx_hal_adc.c ****      By default, after the HAL_ADC_Init() and when the state is HAL_ADC_STATE_RESET
 285:Drivers/STM32F1xx_HAL_Driver/Src/stm32f1xx_hal_adc.c ****      all callbacks are set to the corresponding weak functions:
 286:Drivers/STM32F1xx_HAL_Driver/Src/stm32f1xx_hal_adc.c ****      examples HAL_ADC_ConvCpltCallback(), HAL_ADC_ErrorCallback().
 287:Drivers/STM32F1xx_HAL_Driver/Src/stm32f1xx_hal_adc.c ****      Exception done for MspInit and MspDeInit functions that are
 288:Drivers/STM32F1xx_HAL_Driver/Src/stm32f1xx_hal_adc.c ****      reset to the legacy weak functions in the HAL_ADC_Init()/ HAL_ADC_DeInit() only when
 289:Drivers/STM32F1xx_HAL_Driver/Src/stm32f1xx_hal_adc.c ****      these callbacks are null (not registered beforehand).
 290:Drivers/STM32F1xx_HAL_Driver/Src/stm32f1xx_hal_adc.c ****     [..]
 291:Drivers/STM32F1xx_HAL_Driver/Src/stm32f1xx_hal_adc.c **** 
 292:Drivers/STM32F1xx_HAL_Driver/Src/stm32f1xx_hal_adc.c ****      If MspInit or MspDeInit are not null, the HAL_ADC_Init()/ HAL_ADC_DeInit()
 293:Drivers/STM32F1xx_HAL_Driver/Src/stm32f1xx_hal_adc.c ****      keep and use the user MspInit/MspDeInit callbacks (registered beforehand) whatever the state.
 294:Drivers/STM32F1xx_HAL_Driver/Src/stm32f1xx_hal_adc.c ****      [..]
 295:Drivers/STM32F1xx_HAL_Driver/Src/stm32f1xx_hal_adc.c **** 
 296:Drivers/STM32F1xx_HAL_Driver/Src/stm32f1xx_hal_adc.c ****      Callbacks can be registered/unregistered in HAL_ADC_STATE_READY state only.
 297:Drivers/STM32F1xx_HAL_Driver/Src/stm32f1xx_hal_adc.c ****      Exception done MspInit/MspDeInit functions that can be registered/unregistered
 298:Drivers/STM32F1xx_HAL_Driver/Src/stm32f1xx_hal_adc.c ****      in HAL_ADC_STATE_READY or HAL_ADC_STATE_RESET state,
 299:Drivers/STM32F1xx_HAL_Driver/Src/stm32f1xx_hal_adc.c ****      thus registered (user) MspInit/DeInit callbacks can be used during the Init/DeInit.
 300:Drivers/STM32F1xx_HAL_Driver/Src/stm32f1xx_hal_adc.c ****     [..]
 301:Drivers/STM32F1xx_HAL_Driver/Src/stm32f1xx_hal_adc.c **** 
 302:Drivers/STM32F1xx_HAL_Driver/Src/stm32f1xx_hal_adc.c ****      Then, the user first registers the MspInit/MspDeInit user callbacks
 303:Drivers/STM32F1xx_HAL_Driver/Src/stm32f1xx_hal_adc.c ****      using HAL_ADC_RegisterCallback() before calling HAL_ADC_DeInit()
 304:Drivers/STM32F1xx_HAL_Driver/Src/stm32f1xx_hal_adc.c ****      or HAL_ADC_Init() function.
 305:Drivers/STM32F1xx_HAL_Driver/Src/stm32f1xx_hal_adc.c ****      [..]
 306:Drivers/STM32F1xx_HAL_Driver/Src/stm32f1xx_hal_adc.c **** 
 307:Drivers/STM32F1xx_HAL_Driver/Src/stm32f1xx_hal_adc.c ****      When the compilation flag USE_HAL_ADC_REGISTER_CALLBACKS is set to 0 or
 308:Drivers/STM32F1xx_HAL_Driver/Src/stm32f1xx_hal_adc.c ****      not defined, the callback registration feature is not available and all callbacks
 309:Drivers/STM32F1xx_HAL_Driver/Src/stm32f1xx_hal_adc.c ****      are set to the corresponding weak functions.
 310:Drivers/STM32F1xx_HAL_Driver/Src/stm32f1xx_hal_adc.c ****   
 311:Drivers/STM32F1xx_HAL_Driver/Src/stm32f1xx_hal_adc.c ****   @endverbatim
 312:Drivers/STM32F1xx_HAL_Driver/Src/stm32f1xx_hal_adc.c ****   */
 313:Drivers/STM32F1xx_HAL_Driver/Src/stm32f1xx_hal_adc.c **** 
 314:Drivers/STM32F1xx_HAL_Driver/Src/stm32f1xx_hal_adc.c **** /* Includes ------------------------------------------------------------------*/
 315:Drivers/STM32F1xx_HAL_Driver/Src/stm32f1xx_hal_adc.c **** #include "stm32f1xx_hal.h"
 316:Drivers/STM32F1xx_HAL_Driver/Src/stm32f1xx_hal_adc.c **** 
ARM GAS  /var/folders/y0/yl1wrqfd209ghqq3s8k8qc1m0000gn/T//cc8LbdIE.s 			page 7


 317:Drivers/STM32F1xx_HAL_Driver/Src/stm32f1xx_hal_adc.c **** /** @addtogroup STM32F1xx_HAL_Driver
 318:Drivers/STM32F1xx_HAL_Driver/Src/stm32f1xx_hal_adc.c ****   * @{
 319:Drivers/STM32F1xx_HAL_Driver/Src/stm32f1xx_hal_adc.c ****   */
 320:Drivers/STM32F1xx_HAL_Driver/Src/stm32f1xx_hal_adc.c **** 
 321:Drivers/STM32F1xx_HAL_Driver/Src/stm32f1xx_hal_adc.c **** /** @defgroup ADC ADC
 322:Drivers/STM32F1xx_HAL_Driver/Src/stm32f1xx_hal_adc.c ****   * @brief ADC HAL module driver
 323:Drivers/STM32F1xx_HAL_Driver/Src/stm32f1xx_hal_adc.c ****   * @{
 324:Drivers/STM32F1xx_HAL_Driver/Src/stm32f1xx_hal_adc.c ****   */
 325:Drivers/STM32F1xx_HAL_Driver/Src/stm32f1xx_hal_adc.c **** 
 326:Drivers/STM32F1xx_HAL_Driver/Src/stm32f1xx_hal_adc.c **** #ifdef HAL_ADC_MODULE_ENABLED
 327:Drivers/STM32F1xx_HAL_Driver/Src/stm32f1xx_hal_adc.c **** 
 328:Drivers/STM32F1xx_HAL_Driver/Src/stm32f1xx_hal_adc.c **** /* Private typedef -----------------------------------------------------------*/
 329:Drivers/STM32F1xx_HAL_Driver/Src/stm32f1xx_hal_adc.c **** /* Private define ------------------------------------------------------------*/
 330:Drivers/STM32F1xx_HAL_Driver/Src/stm32f1xx_hal_adc.c **** /** @defgroup ADC_Private_Constants ADC Private Constants
 331:Drivers/STM32F1xx_HAL_Driver/Src/stm32f1xx_hal_adc.c ****   * @{
 332:Drivers/STM32F1xx_HAL_Driver/Src/stm32f1xx_hal_adc.c ****   */
 333:Drivers/STM32F1xx_HAL_Driver/Src/stm32f1xx_hal_adc.c **** 
 334:Drivers/STM32F1xx_HAL_Driver/Src/stm32f1xx_hal_adc.c ****   /* Timeout values for ADC enable and disable settling time.                 */
 335:Drivers/STM32F1xx_HAL_Driver/Src/stm32f1xx_hal_adc.c ****   /* Values defined to be higher than worst cases: low clocks freq,           */
 336:Drivers/STM32F1xx_HAL_Driver/Src/stm32f1xx_hal_adc.c ****   /* maximum prescaler.                                                       */
 337:Drivers/STM32F1xx_HAL_Driver/Src/stm32f1xx_hal_adc.c ****   /* Ex of profile low frequency : Clock source at 0.1 MHz, ADC clock         */
 338:Drivers/STM32F1xx_HAL_Driver/Src/stm32f1xx_hal_adc.c ****   /* prescaler 4, sampling time 12.5 ADC clock cycles, resolution 12 bits.    */
 339:Drivers/STM32F1xx_HAL_Driver/Src/stm32f1xx_hal_adc.c ****   /* Unit: ms                                                                 */
 340:Drivers/STM32F1xx_HAL_Driver/Src/stm32f1xx_hal_adc.c ****   #define ADC_ENABLE_TIMEOUT              2U
 341:Drivers/STM32F1xx_HAL_Driver/Src/stm32f1xx_hal_adc.c ****   #define ADC_DISABLE_TIMEOUT             2U
 342:Drivers/STM32F1xx_HAL_Driver/Src/stm32f1xx_hal_adc.c **** 
 343:Drivers/STM32F1xx_HAL_Driver/Src/stm32f1xx_hal_adc.c ****   /* Delay for ADC stabilization time.                                        */
 344:Drivers/STM32F1xx_HAL_Driver/Src/stm32f1xx_hal_adc.c ****   /* Maximum delay is 1us (refer to device datasheet, parameter tSTAB).       */
 345:Drivers/STM32F1xx_HAL_Driver/Src/stm32f1xx_hal_adc.c ****   /* Unit: us                                                                 */
 346:Drivers/STM32F1xx_HAL_Driver/Src/stm32f1xx_hal_adc.c ****   #define ADC_STAB_DELAY_US               1U
 347:Drivers/STM32F1xx_HAL_Driver/Src/stm32f1xx_hal_adc.c **** 
 348:Drivers/STM32F1xx_HAL_Driver/Src/stm32f1xx_hal_adc.c ****   /* Delay for temperature sensor stabilization time.                         */
 349:Drivers/STM32F1xx_HAL_Driver/Src/stm32f1xx_hal_adc.c ****   /* Maximum delay is 10us (refer to device datasheet, parameter tSTART).     */
 350:Drivers/STM32F1xx_HAL_Driver/Src/stm32f1xx_hal_adc.c ****   /* Unit: us                                                                 */
 351:Drivers/STM32F1xx_HAL_Driver/Src/stm32f1xx_hal_adc.c ****   #define ADC_TEMPSENSOR_DELAY_US         10U
 352:Drivers/STM32F1xx_HAL_Driver/Src/stm32f1xx_hal_adc.c **** 
 353:Drivers/STM32F1xx_HAL_Driver/Src/stm32f1xx_hal_adc.c **** /**
 354:Drivers/STM32F1xx_HAL_Driver/Src/stm32f1xx_hal_adc.c ****   * @}
 355:Drivers/STM32F1xx_HAL_Driver/Src/stm32f1xx_hal_adc.c ****   */
 356:Drivers/STM32F1xx_HAL_Driver/Src/stm32f1xx_hal_adc.c **** 
 357:Drivers/STM32F1xx_HAL_Driver/Src/stm32f1xx_hal_adc.c **** /* Private macro -------------------------------------------------------------*/
 358:Drivers/STM32F1xx_HAL_Driver/Src/stm32f1xx_hal_adc.c **** /* Private variables ---------------------------------------------------------*/
 359:Drivers/STM32F1xx_HAL_Driver/Src/stm32f1xx_hal_adc.c **** /* Private function prototypes -----------------------------------------------*/
 360:Drivers/STM32F1xx_HAL_Driver/Src/stm32f1xx_hal_adc.c **** /** @defgroup ADC_Private_Functions ADC Private Functions
 361:Drivers/STM32F1xx_HAL_Driver/Src/stm32f1xx_hal_adc.c ****   * @{
 362:Drivers/STM32F1xx_HAL_Driver/Src/stm32f1xx_hal_adc.c ****   */
 363:Drivers/STM32F1xx_HAL_Driver/Src/stm32f1xx_hal_adc.c **** /**
 364:Drivers/STM32F1xx_HAL_Driver/Src/stm32f1xx_hal_adc.c ****   * @}
 365:Drivers/STM32F1xx_HAL_Driver/Src/stm32f1xx_hal_adc.c ****   */
 366:Drivers/STM32F1xx_HAL_Driver/Src/stm32f1xx_hal_adc.c **** 
 367:Drivers/STM32F1xx_HAL_Driver/Src/stm32f1xx_hal_adc.c **** /* Exported functions --------------------------------------------------------*/
 368:Drivers/STM32F1xx_HAL_Driver/Src/stm32f1xx_hal_adc.c **** 
 369:Drivers/STM32F1xx_HAL_Driver/Src/stm32f1xx_hal_adc.c **** /** @defgroup ADC_Exported_Functions ADC Exported Functions
 370:Drivers/STM32F1xx_HAL_Driver/Src/stm32f1xx_hal_adc.c ****   * @{
 371:Drivers/STM32F1xx_HAL_Driver/Src/stm32f1xx_hal_adc.c ****   */
 372:Drivers/STM32F1xx_HAL_Driver/Src/stm32f1xx_hal_adc.c **** 
 373:Drivers/STM32F1xx_HAL_Driver/Src/stm32f1xx_hal_adc.c **** /** @defgroup ADC_Exported_Functions_Group1 Initialization/de-initialization functions 
ARM GAS  /var/folders/y0/yl1wrqfd209ghqq3s8k8qc1m0000gn/T//cc8LbdIE.s 			page 8


 374:Drivers/STM32F1xx_HAL_Driver/Src/stm32f1xx_hal_adc.c ****   * @brief    Initialization and Configuration functions
 375:Drivers/STM32F1xx_HAL_Driver/Src/stm32f1xx_hal_adc.c ****   *
 376:Drivers/STM32F1xx_HAL_Driver/Src/stm32f1xx_hal_adc.c **** @verbatim    
 377:Drivers/STM32F1xx_HAL_Driver/Src/stm32f1xx_hal_adc.c ****  ===============================================================================
 378:Drivers/STM32F1xx_HAL_Driver/Src/stm32f1xx_hal_adc.c ****               ##### Initialization and de-initialization functions #####
 379:Drivers/STM32F1xx_HAL_Driver/Src/stm32f1xx_hal_adc.c ****  ===============================================================================
 380:Drivers/STM32F1xx_HAL_Driver/Src/stm32f1xx_hal_adc.c ****     [..]  This section provides functions allowing to:
 381:Drivers/STM32F1xx_HAL_Driver/Src/stm32f1xx_hal_adc.c ****       (+) Initialize and configure the ADC. 
 382:Drivers/STM32F1xx_HAL_Driver/Src/stm32f1xx_hal_adc.c ****       (+) De-initialize the ADC.
 383:Drivers/STM32F1xx_HAL_Driver/Src/stm32f1xx_hal_adc.c **** 
 384:Drivers/STM32F1xx_HAL_Driver/Src/stm32f1xx_hal_adc.c **** @endverbatim
 385:Drivers/STM32F1xx_HAL_Driver/Src/stm32f1xx_hal_adc.c ****   * @{
 386:Drivers/STM32F1xx_HAL_Driver/Src/stm32f1xx_hal_adc.c ****   */
 387:Drivers/STM32F1xx_HAL_Driver/Src/stm32f1xx_hal_adc.c **** 
 388:Drivers/STM32F1xx_HAL_Driver/Src/stm32f1xx_hal_adc.c **** /**
 389:Drivers/STM32F1xx_HAL_Driver/Src/stm32f1xx_hal_adc.c ****   * @brief  Initializes the ADC peripheral and regular group according to  
 390:Drivers/STM32F1xx_HAL_Driver/Src/stm32f1xx_hal_adc.c ****   *         parameters specified in structure "ADC_InitTypeDef".
 391:Drivers/STM32F1xx_HAL_Driver/Src/stm32f1xx_hal_adc.c ****   * @note   As prerequisite, ADC clock must be configured at RCC top level
 392:Drivers/STM32F1xx_HAL_Driver/Src/stm32f1xx_hal_adc.c ****   *         (clock source APB2).
 393:Drivers/STM32F1xx_HAL_Driver/Src/stm32f1xx_hal_adc.c ****   *         See commented example code below that can be copied and uncommented 
 394:Drivers/STM32F1xx_HAL_Driver/Src/stm32f1xx_hal_adc.c ****   *         into HAL_ADC_MspInit().
 395:Drivers/STM32F1xx_HAL_Driver/Src/stm32f1xx_hal_adc.c ****   * @note   Possibility to update parameters on the fly:
 396:Drivers/STM32F1xx_HAL_Driver/Src/stm32f1xx_hal_adc.c ****   *         This function initializes the ADC MSP (HAL_ADC_MspInit()) only when
 397:Drivers/STM32F1xx_HAL_Driver/Src/stm32f1xx_hal_adc.c ****   *         coming from ADC state reset. Following calls to this function can
 398:Drivers/STM32F1xx_HAL_Driver/Src/stm32f1xx_hal_adc.c ****   *         be used to reconfigure some parameters of ADC_InitTypeDef  
 399:Drivers/STM32F1xx_HAL_Driver/Src/stm32f1xx_hal_adc.c ****   *         structure on the fly, without modifying MSP configuration. If ADC  
 400:Drivers/STM32F1xx_HAL_Driver/Src/stm32f1xx_hal_adc.c ****   *         MSP has to be modified again, HAL_ADC_DeInit() must be called
 401:Drivers/STM32F1xx_HAL_Driver/Src/stm32f1xx_hal_adc.c ****   *         before HAL_ADC_Init().
 402:Drivers/STM32F1xx_HAL_Driver/Src/stm32f1xx_hal_adc.c ****   *         The setting of these parameters is conditioned to ADC state.
 403:Drivers/STM32F1xx_HAL_Driver/Src/stm32f1xx_hal_adc.c ****   *         For parameters constraints, see comments of structure 
 404:Drivers/STM32F1xx_HAL_Driver/Src/stm32f1xx_hal_adc.c ****   *         "ADC_InitTypeDef".
 405:Drivers/STM32F1xx_HAL_Driver/Src/stm32f1xx_hal_adc.c ****   * @note   This function configures the ADC within 2 scopes: scope of entire 
 406:Drivers/STM32F1xx_HAL_Driver/Src/stm32f1xx_hal_adc.c ****   *         ADC and scope of regular group. For parameters details, see comments 
 407:Drivers/STM32F1xx_HAL_Driver/Src/stm32f1xx_hal_adc.c ****   *         of structure "ADC_InitTypeDef".
 408:Drivers/STM32F1xx_HAL_Driver/Src/stm32f1xx_hal_adc.c ****   * @param  hadc: ADC handle
 409:Drivers/STM32F1xx_HAL_Driver/Src/stm32f1xx_hal_adc.c ****   * @retval HAL status
 410:Drivers/STM32F1xx_HAL_Driver/Src/stm32f1xx_hal_adc.c ****   */
 411:Drivers/STM32F1xx_HAL_Driver/Src/stm32f1xx_hal_adc.c **** HAL_StatusTypeDef HAL_ADC_Init(ADC_HandleTypeDef* hadc)
 412:Drivers/STM32F1xx_HAL_Driver/Src/stm32f1xx_hal_adc.c **** {
 413:Drivers/STM32F1xx_HAL_Driver/Src/stm32f1xx_hal_adc.c ****   HAL_StatusTypeDef tmp_hal_status = HAL_OK;
 414:Drivers/STM32F1xx_HAL_Driver/Src/stm32f1xx_hal_adc.c ****   uint32_t tmp_cr1 = 0U;
 415:Drivers/STM32F1xx_HAL_Driver/Src/stm32f1xx_hal_adc.c ****   uint32_t tmp_cr2 = 0U;
 416:Drivers/STM32F1xx_HAL_Driver/Src/stm32f1xx_hal_adc.c ****   uint32_t tmp_sqr1 = 0U;
 417:Drivers/STM32F1xx_HAL_Driver/Src/stm32f1xx_hal_adc.c ****   
 418:Drivers/STM32F1xx_HAL_Driver/Src/stm32f1xx_hal_adc.c ****   /* Check ADC handle */
 419:Drivers/STM32F1xx_HAL_Driver/Src/stm32f1xx_hal_adc.c ****   if(hadc == NULL)
 420:Drivers/STM32F1xx_HAL_Driver/Src/stm32f1xx_hal_adc.c ****   {
 421:Drivers/STM32F1xx_HAL_Driver/Src/stm32f1xx_hal_adc.c ****     return HAL_ERROR;
 422:Drivers/STM32F1xx_HAL_Driver/Src/stm32f1xx_hal_adc.c ****   }
 423:Drivers/STM32F1xx_HAL_Driver/Src/stm32f1xx_hal_adc.c ****   
 424:Drivers/STM32F1xx_HAL_Driver/Src/stm32f1xx_hal_adc.c ****   /* Check the parameters */
 425:Drivers/STM32F1xx_HAL_Driver/Src/stm32f1xx_hal_adc.c ****   assert_param(IS_ADC_ALL_INSTANCE(hadc->Instance));
 426:Drivers/STM32F1xx_HAL_Driver/Src/stm32f1xx_hal_adc.c ****   assert_param(IS_ADC_DATA_ALIGN(hadc->Init.DataAlign));
 427:Drivers/STM32F1xx_HAL_Driver/Src/stm32f1xx_hal_adc.c ****   assert_param(IS_ADC_SCAN_MODE(hadc->Init.ScanConvMode));
 428:Drivers/STM32F1xx_HAL_Driver/Src/stm32f1xx_hal_adc.c ****   assert_param(IS_FUNCTIONAL_STATE(hadc->Init.ContinuousConvMode));
 429:Drivers/STM32F1xx_HAL_Driver/Src/stm32f1xx_hal_adc.c ****   assert_param(IS_ADC_EXTTRIG(hadc->Init.ExternalTrigConv));
 430:Drivers/STM32F1xx_HAL_Driver/Src/stm32f1xx_hal_adc.c ****   
ARM GAS  /var/folders/y0/yl1wrqfd209ghqq3s8k8qc1m0000gn/T//cc8LbdIE.s 			page 9


 431:Drivers/STM32F1xx_HAL_Driver/Src/stm32f1xx_hal_adc.c ****   if(hadc->Init.ScanConvMode != ADC_SCAN_DISABLE)
 432:Drivers/STM32F1xx_HAL_Driver/Src/stm32f1xx_hal_adc.c ****   {
 433:Drivers/STM32F1xx_HAL_Driver/Src/stm32f1xx_hal_adc.c ****     assert_param(IS_ADC_REGULAR_NB_CONV(hadc->Init.NbrOfConversion));
 434:Drivers/STM32F1xx_HAL_Driver/Src/stm32f1xx_hal_adc.c ****     assert_param(IS_FUNCTIONAL_STATE(hadc->Init.DiscontinuousConvMode));
 435:Drivers/STM32F1xx_HAL_Driver/Src/stm32f1xx_hal_adc.c ****     if(hadc->Init.DiscontinuousConvMode != DISABLE)
 436:Drivers/STM32F1xx_HAL_Driver/Src/stm32f1xx_hal_adc.c ****     {
 437:Drivers/STM32F1xx_HAL_Driver/Src/stm32f1xx_hal_adc.c ****       assert_param(IS_ADC_REGULAR_DISCONT_NUMBER(hadc->Init.NbrOfDiscConversion));
 438:Drivers/STM32F1xx_HAL_Driver/Src/stm32f1xx_hal_adc.c ****     }
 439:Drivers/STM32F1xx_HAL_Driver/Src/stm32f1xx_hal_adc.c ****   }
 440:Drivers/STM32F1xx_HAL_Driver/Src/stm32f1xx_hal_adc.c ****   
 441:Drivers/STM32F1xx_HAL_Driver/Src/stm32f1xx_hal_adc.c ****   /* As prerequisite, into HAL_ADC_MspInit(), ADC clock must be configured    */
 442:Drivers/STM32F1xx_HAL_Driver/Src/stm32f1xx_hal_adc.c ****   /* at RCC top level.                                                        */
 443:Drivers/STM32F1xx_HAL_Driver/Src/stm32f1xx_hal_adc.c ****   /* Refer to header of this file for more details on clock enabling          */
 444:Drivers/STM32F1xx_HAL_Driver/Src/stm32f1xx_hal_adc.c ****   /* procedure.                                                               */
 445:Drivers/STM32F1xx_HAL_Driver/Src/stm32f1xx_hal_adc.c **** 
 446:Drivers/STM32F1xx_HAL_Driver/Src/stm32f1xx_hal_adc.c ****   /* Actions performed only if ADC is coming from state reset:                */
 447:Drivers/STM32F1xx_HAL_Driver/Src/stm32f1xx_hal_adc.c ****   /* - Initialization of ADC MSP                                              */
 448:Drivers/STM32F1xx_HAL_Driver/Src/stm32f1xx_hal_adc.c ****   if (hadc->State == HAL_ADC_STATE_RESET)
 449:Drivers/STM32F1xx_HAL_Driver/Src/stm32f1xx_hal_adc.c ****   {
 450:Drivers/STM32F1xx_HAL_Driver/Src/stm32f1xx_hal_adc.c ****     /* Initialize ADC error code */
 451:Drivers/STM32F1xx_HAL_Driver/Src/stm32f1xx_hal_adc.c ****     ADC_CLEAR_ERRORCODE(hadc);
 452:Drivers/STM32F1xx_HAL_Driver/Src/stm32f1xx_hal_adc.c ****     
 453:Drivers/STM32F1xx_HAL_Driver/Src/stm32f1xx_hal_adc.c ****     /* Allocate lock resource and initialize it */
 454:Drivers/STM32F1xx_HAL_Driver/Src/stm32f1xx_hal_adc.c ****     hadc->Lock = HAL_UNLOCKED;
 455:Drivers/STM32F1xx_HAL_Driver/Src/stm32f1xx_hal_adc.c ****     
 456:Drivers/STM32F1xx_HAL_Driver/Src/stm32f1xx_hal_adc.c **** #if (USE_HAL_ADC_REGISTER_CALLBACKS == 1)
 457:Drivers/STM32F1xx_HAL_Driver/Src/stm32f1xx_hal_adc.c ****     /* Init the ADC Callback settings */
 458:Drivers/STM32F1xx_HAL_Driver/Src/stm32f1xx_hal_adc.c ****     hadc->ConvCpltCallback              = HAL_ADC_ConvCpltCallback;                 /* Legacy weak 
 459:Drivers/STM32F1xx_HAL_Driver/Src/stm32f1xx_hal_adc.c ****     hadc->ConvHalfCpltCallback          = HAL_ADC_ConvHalfCpltCallback;             /* Legacy weak 
 460:Drivers/STM32F1xx_HAL_Driver/Src/stm32f1xx_hal_adc.c ****     hadc->LevelOutOfWindowCallback      = HAL_ADC_LevelOutOfWindowCallback;         /* Legacy weak 
 461:Drivers/STM32F1xx_HAL_Driver/Src/stm32f1xx_hal_adc.c ****     hadc->ErrorCallback                 = HAL_ADC_ErrorCallback;                    /* Legacy weak 
 462:Drivers/STM32F1xx_HAL_Driver/Src/stm32f1xx_hal_adc.c ****     hadc->InjectedConvCpltCallback      = HAL_ADCEx_InjectedConvCpltCallback;       /* Legacy weak 
 463:Drivers/STM32F1xx_HAL_Driver/Src/stm32f1xx_hal_adc.c ****     
 464:Drivers/STM32F1xx_HAL_Driver/Src/stm32f1xx_hal_adc.c ****     if (hadc->MspInitCallback == NULL)
 465:Drivers/STM32F1xx_HAL_Driver/Src/stm32f1xx_hal_adc.c ****     {
 466:Drivers/STM32F1xx_HAL_Driver/Src/stm32f1xx_hal_adc.c ****       hadc->MspInitCallback = HAL_ADC_MspInit; /* Legacy weak MspInit  */
 467:Drivers/STM32F1xx_HAL_Driver/Src/stm32f1xx_hal_adc.c ****     }
 468:Drivers/STM32F1xx_HAL_Driver/Src/stm32f1xx_hal_adc.c ****     
 469:Drivers/STM32F1xx_HAL_Driver/Src/stm32f1xx_hal_adc.c ****     /* Init the low level hardware */
 470:Drivers/STM32F1xx_HAL_Driver/Src/stm32f1xx_hal_adc.c ****     hadc->MspInitCallback(hadc);
 471:Drivers/STM32F1xx_HAL_Driver/Src/stm32f1xx_hal_adc.c **** #else
 472:Drivers/STM32F1xx_HAL_Driver/Src/stm32f1xx_hal_adc.c ****     /* Init the low level hardware */
 473:Drivers/STM32F1xx_HAL_Driver/Src/stm32f1xx_hal_adc.c ****     HAL_ADC_MspInit(hadc);
 474:Drivers/STM32F1xx_HAL_Driver/Src/stm32f1xx_hal_adc.c **** #endif /* USE_HAL_ADC_REGISTER_CALLBACKS */
 475:Drivers/STM32F1xx_HAL_Driver/Src/stm32f1xx_hal_adc.c ****   }
 476:Drivers/STM32F1xx_HAL_Driver/Src/stm32f1xx_hal_adc.c ****   
 477:Drivers/STM32F1xx_HAL_Driver/Src/stm32f1xx_hal_adc.c ****   /* Stop potential conversion on going, on regular and injected groups */
 478:Drivers/STM32F1xx_HAL_Driver/Src/stm32f1xx_hal_adc.c ****   /* Disable ADC peripheral */
 479:Drivers/STM32F1xx_HAL_Driver/Src/stm32f1xx_hal_adc.c ****   /* Note: In case of ADC already enabled, precaution to not launch an        */
 480:Drivers/STM32F1xx_HAL_Driver/Src/stm32f1xx_hal_adc.c ****   /*       unwanted conversion while modifying register CR2 by writing 1 to   */
 481:Drivers/STM32F1xx_HAL_Driver/Src/stm32f1xx_hal_adc.c ****   /*       bit ADON.                                                          */
 482:Drivers/STM32F1xx_HAL_Driver/Src/stm32f1xx_hal_adc.c ****   tmp_hal_status = ADC_ConversionStop_Disable(hadc);
 483:Drivers/STM32F1xx_HAL_Driver/Src/stm32f1xx_hal_adc.c ****   
 484:Drivers/STM32F1xx_HAL_Driver/Src/stm32f1xx_hal_adc.c ****   
 485:Drivers/STM32F1xx_HAL_Driver/Src/stm32f1xx_hal_adc.c ****   /* Configuration of ADC parameters if previous preliminary actions are      */ 
 486:Drivers/STM32F1xx_HAL_Driver/Src/stm32f1xx_hal_adc.c ****   /* correctly completed.                                                     */
 487:Drivers/STM32F1xx_HAL_Driver/Src/stm32f1xx_hal_adc.c ****   if (HAL_IS_BIT_CLR(hadc->State, HAL_ADC_STATE_ERROR_INTERNAL) &&
ARM GAS  /var/folders/y0/yl1wrqfd209ghqq3s8k8qc1m0000gn/T//cc8LbdIE.s 			page 10


 488:Drivers/STM32F1xx_HAL_Driver/Src/stm32f1xx_hal_adc.c ****       (tmp_hal_status == HAL_OK)                                  )
 489:Drivers/STM32F1xx_HAL_Driver/Src/stm32f1xx_hal_adc.c ****   {
 490:Drivers/STM32F1xx_HAL_Driver/Src/stm32f1xx_hal_adc.c ****     /* Set ADC state */
 491:Drivers/STM32F1xx_HAL_Driver/Src/stm32f1xx_hal_adc.c ****     ADC_STATE_CLR_SET(hadc->State,
 492:Drivers/STM32F1xx_HAL_Driver/Src/stm32f1xx_hal_adc.c ****                       HAL_ADC_STATE_REG_BUSY | HAL_ADC_STATE_INJ_BUSY,
 493:Drivers/STM32F1xx_HAL_Driver/Src/stm32f1xx_hal_adc.c ****                       HAL_ADC_STATE_BUSY_INTERNAL);
 494:Drivers/STM32F1xx_HAL_Driver/Src/stm32f1xx_hal_adc.c ****     
 495:Drivers/STM32F1xx_HAL_Driver/Src/stm32f1xx_hal_adc.c ****     /* Set ADC parameters */
 496:Drivers/STM32F1xx_HAL_Driver/Src/stm32f1xx_hal_adc.c ****     
 497:Drivers/STM32F1xx_HAL_Driver/Src/stm32f1xx_hal_adc.c ****     /* Configuration of ADC:                                                  */
 498:Drivers/STM32F1xx_HAL_Driver/Src/stm32f1xx_hal_adc.c ****     /*  - data alignment                                                      */
 499:Drivers/STM32F1xx_HAL_Driver/Src/stm32f1xx_hal_adc.c ****     /*  - external trigger to start conversion                                */
 500:Drivers/STM32F1xx_HAL_Driver/Src/stm32f1xx_hal_adc.c ****     /*  - external trigger polarity (always set to 1, because needed for all  */
 501:Drivers/STM32F1xx_HAL_Driver/Src/stm32f1xx_hal_adc.c ****     /*    triggers: external trigger of SW start)                             */
 502:Drivers/STM32F1xx_HAL_Driver/Src/stm32f1xx_hal_adc.c ****     /*  - continuous conversion mode                                          */
 503:Drivers/STM32F1xx_HAL_Driver/Src/stm32f1xx_hal_adc.c ****     /* Note: External trigger polarity (ADC_CR2_EXTTRIG) is set into          */
 504:Drivers/STM32F1xx_HAL_Driver/Src/stm32f1xx_hal_adc.c ****     /*       HAL_ADC_Start_xxx functions because if set in this function,     */
 505:Drivers/STM32F1xx_HAL_Driver/Src/stm32f1xx_hal_adc.c ****     /*       a conversion on injected group would start a conversion also on  */
 506:Drivers/STM32F1xx_HAL_Driver/Src/stm32f1xx_hal_adc.c ****     /*       regular group after ADC enabling.                                */
 507:Drivers/STM32F1xx_HAL_Driver/Src/stm32f1xx_hal_adc.c ****     tmp_cr2 |= (hadc->Init.DataAlign                                          |
 508:Drivers/STM32F1xx_HAL_Driver/Src/stm32f1xx_hal_adc.c ****                 ADC_CFGR_EXTSEL(hadc, hadc->Init.ExternalTrigConv)            |
 509:Drivers/STM32F1xx_HAL_Driver/Src/stm32f1xx_hal_adc.c ****                 ADC_CR2_CONTINUOUS((uint32_t)hadc->Init.ContinuousConvMode)   );
 510:Drivers/STM32F1xx_HAL_Driver/Src/stm32f1xx_hal_adc.c **** 
 511:Drivers/STM32F1xx_HAL_Driver/Src/stm32f1xx_hal_adc.c ****     /* Configuration of ADC:                                                  */
 512:Drivers/STM32F1xx_HAL_Driver/Src/stm32f1xx_hal_adc.c ****     /*  - scan mode                                                           */
 513:Drivers/STM32F1xx_HAL_Driver/Src/stm32f1xx_hal_adc.c ****     /*  - discontinuous mode disable/enable                                   */
 514:Drivers/STM32F1xx_HAL_Driver/Src/stm32f1xx_hal_adc.c ****     /*  - discontinuous mode number of conversions                            */
 515:Drivers/STM32F1xx_HAL_Driver/Src/stm32f1xx_hal_adc.c ****     tmp_cr1 |= (ADC_CR1_SCAN_SET(hadc->Init.ScanConvMode));
 516:Drivers/STM32F1xx_HAL_Driver/Src/stm32f1xx_hal_adc.c ****     
 517:Drivers/STM32F1xx_HAL_Driver/Src/stm32f1xx_hal_adc.c ****     /* Enable discontinuous mode only if continuous mode is disabled */
 518:Drivers/STM32F1xx_HAL_Driver/Src/stm32f1xx_hal_adc.c ****     /* Note: If parameter "Init.ScanConvMode" is set to disable, parameter    */
 519:Drivers/STM32F1xx_HAL_Driver/Src/stm32f1xx_hal_adc.c ****     /*       discontinuous is set anyway, but will have no effect on ADC HW.  */
 520:Drivers/STM32F1xx_HAL_Driver/Src/stm32f1xx_hal_adc.c ****     if (hadc->Init.DiscontinuousConvMode == ENABLE)
 521:Drivers/STM32F1xx_HAL_Driver/Src/stm32f1xx_hal_adc.c ****     {
 522:Drivers/STM32F1xx_HAL_Driver/Src/stm32f1xx_hal_adc.c ****       if (hadc->Init.ContinuousConvMode == DISABLE)
 523:Drivers/STM32F1xx_HAL_Driver/Src/stm32f1xx_hal_adc.c ****       {
 524:Drivers/STM32F1xx_HAL_Driver/Src/stm32f1xx_hal_adc.c ****         /* Enable the selected ADC regular discontinuous mode */
 525:Drivers/STM32F1xx_HAL_Driver/Src/stm32f1xx_hal_adc.c ****         /* Set the number of channels to be converted in discontinuous mode */
 526:Drivers/STM32F1xx_HAL_Driver/Src/stm32f1xx_hal_adc.c ****         SET_BIT(tmp_cr1, ADC_CR1_DISCEN                                            |
 527:Drivers/STM32F1xx_HAL_Driver/Src/stm32f1xx_hal_adc.c ****                          ADC_CR1_DISCONTINUOUS_NUM(hadc->Init.NbrOfDiscConversion)  );
 528:Drivers/STM32F1xx_HAL_Driver/Src/stm32f1xx_hal_adc.c ****       }
 529:Drivers/STM32F1xx_HAL_Driver/Src/stm32f1xx_hal_adc.c ****       else
 530:Drivers/STM32F1xx_HAL_Driver/Src/stm32f1xx_hal_adc.c ****       {
 531:Drivers/STM32F1xx_HAL_Driver/Src/stm32f1xx_hal_adc.c ****         /* ADC regular group settings continuous and sequencer discontinuous*/
 532:Drivers/STM32F1xx_HAL_Driver/Src/stm32f1xx_hal_adc.c ****         /* cannot be enabled simultaneously.                                */
 533:Drivers/STM32F1xx_HAL_Driver/Src/stm32f1xx_hal_adc.c ****         
 534:Drivers/STM32F1xx_HAL_Driver/Src/stm32f1xx_hal_adc.c ****         /* Update ADC state machine to error */
 535:Drivers/STM32F1xx_HAL_Driver/Src/stm32f1xx_hal_adc.c ****         SET_BIT(hadc->State, HAL_ADC_STATE_ERROR_CONFIG);
 536:Drivers/STM32F1xx_HAL_Driver/Src/stm32f1xx_hal_adc.c ****         
 537:Drivers/STM32F1xx_HAL_Driver/Src/stm32f1xx_hal_adc.c ****         /* Set ADC error code to ADC IP internal error */
 538:Drivers/STM32F1xx_HAL_Driver/Src/stm32f1xx_hal_adc.c ****         SET_BIT(hadc->ErrorCode, HAL_ADC_ERROR_INTERNAL);
 539:Drivers/STM32F1xx_HAL_Driver/Src/stm32f1xx_hal_adc.c ****       }
 540:Drivers/STM32F1xx_HAL_Driver/Src/stm32f1xx_hal_adc.c ****     }
 541:Drivers/STM32F1xx_HAL_Driver/Src/stm32f1xx_hal_adc.c ****     
 542:Drivers/STM32F1xx_HAL_Driver/Src/stm32f1xx_hal_adc.c ****     /* Update ADC configuration register CR1 with previous settings */
 543:Drivers/STM32F1xx_HAL_Driver/Src/stm32f1xx_hal_adc.c ****       MODIFY_REG(hadc->Instance->CR1,
 544:Drivers/STM32F1xx_HAL_Driver/Src/stm32f1xx_hal_adc.c ****                  ADC_CR1_SCAN    |
ARM GAS  /var/folders/y0/yl1wrqfd209ghqq3s8k8qc1m0000gn/T//cc8LbdIE.s 			page 11


 545:Drivers/STM32F1xx_HAL_Driver/Src/stm32f1xx_hal_adc.c ****                  ADC_CR1_DISCEN  |
 546:Drivers/STM32F1xx_HAL_Driver/Src/stm32f1xx_hal_adc.c ****                  ADC_CR1_DISCNUM    ,
 547:Drivers/STM32F1xx_HAL_Driver/Src/stm32f1xx_hal_adc.c ****                  tmp_cr1             );
 548:Drivers/STM32F1xx_HAL_Driver/Src/stm32f1xx_hal_adc.c ****     
 549:Drivers/STM32F1xx_HAL_Driver/Src/stm32f1xx_hal_adc.c ****     /* Update ADC configuration register CR2 with previous settings */
 550:Drivers/STM32F1xx_HAL_Driver/Src/stm32f1xx_hal_adc.c ****       MODIFY_REG(hadc->Instance->CR2,
 551:Drivers/STM32F1xx_HAL_Driver/Src/stm32f1xx_hal_adc.c ****                  ADC_CR2_ALIGN   |
 552:Drivers/STM32F1xx_HAL_Driver/Src/stm32f1xx_hal_adc.c ****                  ADC_CR2_EXTSEL  |
 553:Drivers/STM32F1xx_HAL_Driver/Src/stm32f1xx_hal_adc.c ****                  ADC_CR2_EXTTRIG |
 554:Drivers/STM32F1xx_HAL_Driver/Src/stm32f1xx_hal_adc.c ****                  ADC_CR2_CONT       ,
 555:Drivers/STM32F1xx_HAL_Driver/Src/stm32f1xx_hal_adc.c ****                  tmp_cr2             );
 556:Drivers/STM32F1xx_HAL_Driver/Src/stm32f1xx_hal_adc.c **** 
 557:Drivers/STM32F1xx_HAL_Driver/Src/stm32f1xx_hal_adc.c ****     /* Configuration of regular group sequencer:                              */
 558:Drivers/STM32F1xx_HAL_Driver/Src/stm32f1xx_hal_adc.c ****     /* - if scan mode is disabled, regular channels sequence length is set to */
 559:Drivers/STM32F1xx_HAL_Driver/Src/stm32f1xx_hal_adc.c ****     /*   0x00: 1 channel converted (channel on regular rank 1)                */
 560:Drivers/STM32F1xx_HAL_Driver/Src/stm32f1xx_hal_adc.c ****     /*   Parameter "NbrOfConversion" is discarded.                            */
 561:Drivers/STM32F1xx_HAL_Driver/Src/stm32f1xx_hal_adc.c ****     /*   Note: Scan mode is present by hardware on this device and, if        */
 562:Drivers/STM32F1xx_HAL_Driver/Src/stm32f1xx_hal_adc.c ****     /*   disabled, discards automatically nb of conversions. Anyway, nb of    */
 563:Drivers/STM32F1xx_HAL_Driver/Src/stm32f1xx_hal_adc.c ****     /*   conversions is forced to 0x00 for alignment over all STM32 devices.  */
 564:Drivers/STM32F1xx_HAL_Driver/Src/stm32f1xx_hal_adc.c ****     /* - if scan mode is enabled, regular channels sequence length is set to  */
 565:Drivers/STM32F1xx_HAL_Driver/Src/stm32f1xx_hal_adc.c ****     /*   parameter "NbrOfConversion"                                          */
 566:Drivers/STM32F1xx_HAL_Driver/Src/stm32f1xx_hal_adc.c ****     if (ADC_CR1_SCAN_SET(hadc->Init.ScanConvMode) == ADC_SCAN_ENABLE)
 567:Drivers/STM32F1xx_HAL_Driver/Src/stm32f1xx_hal_adc.c ****     {
 568:Drivers/STM32F1xx_HAL_Driver/Src/stm32f1xx_hal_adc.c ****       tmp_sqr1 = ADC_SQR1_L_SHIFT(hadc->Init.NbrOfConversion);
 569:Drivers/STM32F1xx_HAL_Driver/Src/stm32f1xx_hal_adc.c ****     }
 570:Drivers/STM32F1xx_HAL_Driver/Src/stm32f1xx_hal_adc.c ****       
 571:Drivers/STM32F1xx_HAL_Driver/Src/stm32f1xx_hal_adc.c ****     MODIFY_REG(hadc->Instance->SQR1,
 572:Drivers/STM32F1xx_HAL_Driver/Src/stm32f1xx_hal_adc.c ****                ADC_SQR1_L          ,
 573:Drivers/STM32F1xx_HAL_Driver/Src/stm32f1xx_hal_adc.c ****                tmp_sqr1             );
 574:Drivers/STM32F1xx_HAL_Driver/Src/stm32f1xx_hal_adc.c ****     
 575:Drivers/STM32F1xx_HAL_Driver/Src/stm32f1xx_hal_adc.c ****     /* Check back that ADC registers have effectively been configured to      */
 576:Drivers/STM32F1xx_HAL_Driver/Src/stm32f1xx_hal_adc.c ****     /* ensure of no potential problem of ADC core IP clocking.                */
 577:Drivers/STM32F1xx_HAL_Driver/Src/stm32f1xx_hal_adc.c ****     /* Check through register CR2 (excluding bits set in other functions:     */
 578:Drivers/STM32F1xx_HAL_Driver/Src/stm32f1xx_hal_adc.c ****     /* execution control bits (ADON, JSWSTART, SWSTART), regular group bits   */
 579:Drivers/STM32F1xx_HAL_Driver/Src/stm32f1xx_hal_adc.c ****     /* (DMA), injected group bits (JEXTTRIG and JEXTSEL), channel internal    */
 580:Drivers/STM32F1xx_HAL_Driver/Src/stm32f1xx_hal_adc.c ****     /* measurement path bit (TSVREFE).                                        */
 581:Drivers/STM32F1xx_HAL_Driver/Src/stm32f1xx_hal_adc.c ****     if (READ_BIT(hadc->Instance->CR2, ~(ADC_CR2_ADON | ADC_CR2_DMA |
 582:Drivers/STM32F1xx_HAL_Driver/Src/stm32f1xx_hal_adc.c ****                                         ADC_CR2_SWSTART | ADC_CR2_JSWSTART |
 583:Drivers/STM32F1xx_HAL_Driver/Src/stm32f1xx_hal_adc.c ****                                         ADC_CR2_JEXTTRIG | ADC_CR2_JEXTSEL |
 584:Drivers/STM32F1xx_HAL_Driver/Src/stm32f1xx_hal_adc.c ****                                         ADC_CR2_TSVREFE                     ))
 585:Drivers/STM32F1xx_HAL_Driver/Src/stm32f1xx_hal_adc.c ****          == tmp_cr2)
 586:Drivers/STM32F1xx_HAL_Driver/Src/stm32f1xx_hal_adc.c ****     {
 587:Drivers/STM32F1xx_HAL_Driver/Src/stm32f1xx_hal_adc.c ****       /* Set ADC error code to none */
 588:Drivers/STM32F1xx_HAL_Driver/Src/stm32f1xx_hal_adc.c ****       ADC_CLEAR_ERRORCODE(hadc);
 589:Drivers/STM32F1xx_HAL_Driver/Src/stm32f1xx_hal_adc.c ****       
 590:Drivers/STM32F1xx_HAL_Driver/Src/stm32f1xx_hal_adc.c ****       /* Set the ADC state */
 591:Drivers/STM32F1xx_HAL_Driver/Src/stm32f1xx_hal_adc.c ****       ADC_STATE_CLR_SET(hadc->State,
 592:Drivers/STM32F1xx_HAL_Driver/Src/stm32f1xx_hal_adc.c ****                         HAL_ADC_STATE_BUSY_INTERNAL,
 593:Drivers/STM32F1xx_HAL_Driver/Src/stm32f1xx_hal_adc.c ****                         HAL_ADC_STATE_READY);
 594:Drivers/STM32F1xx_HAL_Driver/Src/stm32f1xx_hal_adc.c ****     }
 595:Drivers/STM32F1xx_HAL_Driver/Src/stm32f1xx_hal_adc.c ****     else
 596:Drivers/STM32F1xx_HAL_Driver/Src/stm32f1xx_hal_adc.c ****     {
 597:Drivers/STM32F1xx_HAL_Driver/Src/stm32f1xx_hal_adc.c ****       /* Update ADC state machine to error */
 598:Drivers/STM32F1xx_HAL_Driver/Src/stm32f1xx_hal_adc.c ****       ADC_STATE_CLR_SET(hadc->State,
 599:Drivers/STM32F1xx_HAL_Driver/Src/stm32f1xx_hal_adc.c ****                         HAL_ADC_STATE_BUSY_INTERNAL,
 600:Drivers/STM32F1xx_HAL_Driver/Src/stm32f1xx_hal_adc.c ****                         HAL_ADC_STATE_ERROR_INTERNAL);
 601:Drivers/STM32F1xx_HAL_Driver/Src/stm32f1xx_hal_adc.c ****       
ARM GAS  /var/folders/y0/yl1wrqfd209ghqq3s8k8qc1m0000gn/T//cc8LbdIE.s 			page 12


 602:Drivers/STM32F1xx_HAL_Driver/Src/stm32f1xx_hal_adc.c ****       /* Set ADC error code to ADC IP internal error */
 603:Drivers/STM32F1xx_HAL_Driver/Src/stm32f1xx_hal_adc.c ****       SET_BIT(hadc->ErrorCode, HAL_ADC_ERROR_INTERNAL);
 604:Drivers/STM32F1xx_HAL_Driver/Src/stm32f1xx_hal_adc.c ****       
 605:Drivers/STM32F1xx_HAL_Driver/Src/stm32f1xx_hal_adc.c ****       tmp_hal_status = HAL_ERROR;
 606:Drivers/STM32F1xx_HAL_Driver/Src/stm32f1xx_hal_adc.c ****     }
 607:Drivers/STM32F1xx_HAL_Driver/Src/stm32f1xx_hal_adc.c ****   
 608:Drivers/STM32F1xx_HAL_Driver/Src/stm32f1xx_hal_adc.c ****   }
 609:Drivers/STM32F1xx_HAL_Driver/Src/stm32f1xx_hal_adc.c ****   else
 610:Drivers/STM32F1xx_HAL_Driver/Src/stm32f1xx_hal_adc.c ****   {
 611:Drivers/STM32F1xx_HAL_Driver/Src/stm32f1xx_hal_adc.c ****     /* Update ADC state machine to error */
 612:Drivers/STM32F1xx_HAL_Driver/Src/stm32f1xx_hal_adc.c ****     SET_BIT(hadc->State, HAL_ADC_STATE_ERROR_INTERNAL);
 613:Drivers/STM32F1xx_HAL_Driver/Src/stm32f1xx_hal_adc.c ****         
 614:Drivers/STM32F1xx_HAL_Driver/Src/stm32f1xx_hal_adc.c ****     tmp_hal_status = HAL_ERROR;
 615:Drivers/STM32F1xx_HAL_Driver/Src/stm32f1xx_hal_adc.c ****   }
 616:Drivers/STM32F1xx_HAL_Driver/Src/stm32f1xx_hal_adc.c ****   
 617:Drivers/STM32F1xx_HAL_Driver/Src/stm32f1xx_hal_adc.c ****   /* Return function status */
 618:Drivers/STM32F1xx_HAL_Driver/Src/stm32f1xx_hal_adc.c ****   return tmp_hal_status;
 619:Drivers/STM32F1xx_HAL_Driver/Src/stm32f1xx_hal_adc.c **** }
 620:Drivers/STM32F1xx_HAL_Driver/Src/stm32f1xx_hal_adc.c **** 
 621:Drivers/STM32F1xx_HAL_Driver/Src/stm32f1xx_hal_adc.c **** /**
 622:Drivers/STM32F1xx_HAL_Driver/Src/stm32f1xx_hal_adc.c ****   * @brief  Deinitialize the ADC peripheral registers to their default reset
 623:Drivers/STM32F1xx_HAL_Driver/Src/stm32f1xx_hal_adc.c ****   *         values, with deinitialization of the ADC MSP.
 624:Drivers/STM32F1xx_HAL_Driver/Src/stm32f1xx_hal_adc.c ****   *         If needed, the example code can be copied and uncommented into
 625:Drivers/STM32F1xx_HAL_Driver/Src/stm32f1xx_hal_adc.c ****   *         function HAL_ADC_MspDeInit().
 626:Drivers/STM32F1xx_HAL_Driver/Src/stm32f1xx_hal_adc.c ****   * @param  hadc: ADC handle
 627:Drivers/STM32F1xx_HAL_Driver/Src/stm32f1xx_hal_adc.c ****   * @retval HAL status
 628:Drivers/STM32F1xx_HAL_Driver/Src/stm32f1xx_hal_adc.c ****   */
 629:Drivers/STM32F1xx_HAL_Driver/Src/stm32f1xx_hal_adc.c **** HAL_StatusTypeDef HAL_ADC_DeInit(ADC_HandleTypeDef* hadc)
 630:Drivers/STM32F1xx_HAL_Driver/Src/stm32f1xx_hal_adc.c **** {
 631:Drivers/STM32F1xx_HAL_Driver/Src/stm32f1xx_hal_adc.c ****   HAL_StatusTypeDef tmp_hal_status = HAL_OK;
 632:Drivers/STM32F1xx_HAL_Driver/Src/stm32f1xx_hal_adc.c ****   
 633:Drivers/STM32F1xx_HAL_Driver/Src/stm32f1xx_hal_adc.c ****   /* Check ADC handle */
 634:Drivers/STM32F1xx_HAL_Driver/Src/stm32f1xx_hal_adc.c ****   if(hadc == NULL)
 635:Drivers/STM32F1xx_HAL_Driver/Src/stm32f1xx_hal_adc.c ****   {
 636:Drivers/STM32F1xx_HAL_Driver/Src/stm32f1xx_hal_adc.c ****      return HAL_ERROR;
 637:Drivers/STM32F1xx_HAL_Driver/Src/stm32f1xx_hal_adc.c ****   }
 638:Drivers/STM32F1xx_HAL_Driver/Src/stm32f1xx_hal_adc.c ****   
 639:Drivers/STM32F1xx_HAL_Driver/Src/stm32f1xx_hal_adc.c ****   /* Check the parameters */
 640:Drivers/STM32F1xx_HAL_Driver/Src/stm32f1xx_hal_adc.c ****   assert_param(IS_ADC_ALL_INSTANCE(hadc->Instance));
 641:Drivers/STM32F1xx_HAL_Driver/Src/stm32f1xx_hal_adc.c ****   
 642:Drivers/STM32F1xx_HAL_Driver/Src/stm32f1xx_hal_adc.c ****   /* Set ADC state */
 643:Drivers/STM32F1xx_HAL_Driver/Src/stm32f1xx_hal_adc.c ****   SET_BIT(hadc->State, HAL_ADC_STATE_BUSY_INTERNAL);
 644:Drivers/STM32F1xx_HAL_Driver/Src/stm32f1xx_hal_adc.c ****   
 645:Drivers/STM32F1xx_HAL_Driver/Src/stm32f1xx_hal_adc.c ****   /* Stop potential conversion on going, on regular and injected groups */
 646:Drivers/STM32F1xx_HAL_Driver/Src/stm32f1xx_hal_adc.c ****   /* Disable ADC peripheral */
 647:Drivers/STM32F1xx_HAL_Driver/Src/stm32f1xx_hal_adc.c ****   tmp_hal_status = ADC_ConversionStop_Disable(hadc);
 648:Drivers/STM32F1xx_HAL_Driver/Src/stm32f1xx_hal_adc.c ****   
 649:Drivers/STM32F1xx_HAL_Driver/Src/stm32f1xx_hal_adc.c ****   
 650:Drivers/STM32F1xx_HAL_Driver/Src/stm32f1xx_hal_adc.c ****   /* Configuration of ADC parameters if previous preliminary actions are      */ 
 651:Drivers/STM32F1xx_HAL_Driver/Src/stm32f1xx_hal_adc.c ****   /* correctly completed.                                                     */
 652:Drivers/STM32F1xx_HAL_Driver/Src/stm32f1xx_hal_adc.c ****   if (tmp_hal_status == HAL_OK)
 653:Drivers/STM32F1xx_HAL_Driver/Src/stm32f1xx_hal_adc.c ****   {
 654:Drivers/STM32F1xx_HAL_Driver/Src/stm32f1xx_hal_adc.c ****     /* ========== Reset ADC registers ========== */
 655:Drivers/STM32F1xx_HAL_Driver/Src/stm32f1xx_hal_adc.c **** 
 656:Drivers/STM32F1xx_HAL_Driver/Src/stm32f1xx_hal_adc.c **** 
 657:Drivers/STM32F1xx_HAL_Driver/Src/stm32f1xx_hal_adc.c **** 
 658:Drivers/STM32F1xx_HAL_Driver/Src/stm32f1xx_hal_adc.c **** 
ARM GAS  /var/folders/y0/yl1wrqfd209ghqq3s8k8qc1m0000gn/T//cc8LbdIE.s 			page 13


 659:Drivers/STM32F1xx_HAL_Driver/Src/stm32f1xx_hal_adc.c ****     /* Reset register SR */
 660:Drivers/STM32F1xx_HAL_Driver/Src/stm32f1xx_hal_adc.c ****     __HAL_ADC_CLEAR_FLAG(hadc, (ADC_FLAG_AWD | ADC_FLAG_JEOC | ADC_FLAG_EOC |
 661:Drivers/STM32F1xx_HAL_Driver/Src/stm32f1xx_hal_adc.c ****                                 ADC_FLAG_JSTRT | ADC_FLAG_STRT));
 662:Drivers/STM32F1xx_HAL_Driver/Src/stm32f1xx_hal_adc.c ****                          
 663:Drivers/STM32F1xx_HAL_Driver/Src/stm32f1xx_hal_adc.c ****     /* Reset register CR1 */
 664:Drivers/STM32F1xx_HAL_Driver/Src/stm32f1xx_hal_adc.c ****     CLEAR_BIT(hadc->Instance->CR1, (ADC_CR1_AWDEN   | ADC_CR1_JAWDEN | ADC_CR1_DISCNUM | 
 665:Drivers/STM32F1xx_HAL_Driver/Src/stm32f1xx_hal_adc.c ****                                     ADC_CR1_JDISCEN | ADC_CR1_DISCEN | ADC_CR1_JAUTO   | 
 666:Drivers/STM32F1xx_HAL_Driver/Src/stm32f1xx_hal_adc.c ****                                     ADC_CR1_AWDSGL  | ADC_CR1_SCAN   | ADC_CR1_JEOCIE  |   
 667:Drivers/STM32F1xx_HAL_Driver/Src/stm32f1xx_hal_adc.c ****                                     ADC_CR1_AWDIE   | ADC_CR1_EOCIE  | ADC_CR1_AWDCH    ));
 668:Drivers/STM32F1xx_HAL_Driver/Src/stm32f1xx_hal_adc.c ****     
 669:Drivers/STM32F1xx_HAL_Driver/Src/stm32f1xx_hal_adc.c ****     /* Reset register CR2 */
 670:Drivers/STM32F1xx_HAL_Driver/Src/stm32f1xx_hal_adc.c ****     CLEAR_BIT(hadc->Instance->CR2, (ADC_CR2_TSVREFE | ADC_CR2_SWSTART | ADC_CR2_JSWSTART | 
 671:Drivers/STM32F1xx_HAL_Driver/Src/stm32f1xx_hal_adc.c ****                                     ADC_CR2_EXTTRIG | ADC_CR2_EXTSEL  | ADC_CR2_JEXTTRIG |  
 672:Drivers/STM32F1xx_HAL_Driver/Src/stm32f1xx_hal_adc.c ****                                     ADC_CR2_JEXTSEL | ADC_CR2_ALIGN   | ADC_CR2_DMA      |        
 673:Drivers/STM32F1xx_HAL_Driver/Src/stm32f1xx_hal_adc.c ****                                     ADC_CR2_RSTCAL  | ADC_CR2_CAL     | ADC_CR2_CONT     |         
 674:Drivers/STM32F1xx_HAL_Driver/Src/stm32f1xx_hal_adc.c ****                                     ADC_CR2_ADON                                          ));
 675:Drivers/STM32F1xx_HAL_Driver/Src/stm32f1xx_hal_adc.c ****     
 676:Drivers/STM32F1xx_HAL_Driver/Src/stm32f1xx_hal_adc.c ****     /* Reset register SMPR1 */
 677:Drivers/STM32F1xx_HAL_Driver/Src/stm32f1xx_hal_adc.c ****     CLEAR_BIT(hadc->Instance->SMPR1, (ADC_SMPR1_SMP17 | ADC_SMPR1_SMP16 | ADC_SMPR1_SMP15 | 
 678:Drivers/STM32F1xx_HAL_Driver/Src/stm32f1xx_hal_adc.c ****                                       ADC_SMPR1_SMP14 | ADC_SMPR1_SMP13 | ADC_SMPR1_SMP12 | 
 679:Drivers/STM32F1xx_HAL_Driver/Src/stm32f1xx_hal_adc.c ****                                       ADC_SMPR1_SMP11 | ADC_SMPR1_SMP10                    ));
 680:Drivers/STM32F1xx_HAL_Driver/Src/stm32f1xx_hal_adc.c ****     
 681:Drivers/STM32F1xx_HAL_Driver/Src/stm32f1xx_hal_adc.c ****     /* Reset register SMPR2 */
 682:Drivers/STM32F1xx_HAL_Driver/Src/stm32f1xx_hal_adc.c ****     CLEAR_BIT(hadc->Instance->SMPR2, (ADC_SMPR2_SMP9 | ADC_SMPR2_SMP8 | ADC_SMPR2_SMP7 | 
 683:Drivers/STM32F1xx_HAL_Driver/Src/stm32f1xx_hal_adc.c ****                                       ADC_SMPR2_SMP6 | ADC_SMPR2_SMP5 | ADC_SMPR2_SMP4 | 
 684:Drivers/STM32F1xx_HAL_Driver/Src/stm32f1xx_hal_adc.c ****                                       ADC_SMPR2_SMP3 | ADC_SMPR2_SMP2 | ADC_SMPR2_SMP1 | 
 685:Drivers/STM32F1xx_HAL_Driver/Src/stm32f1xx_hal_adc.c ****                                       ADC_SMPR2_SMP0                                    ));
 686:Drivers/STM32F1xx_HAL_Driver/Src/stm32f1xx_hal_adc.c **** 
 687:Drivers/STM32F1xx_HAL_Driver/Src/stm32f1xx_hal_adc.c ****     /* Reset register JOFR1 */
 688:Drivers/STM32F1xx_HAL_Driver/Src/stm32f1xx_hal_adc.c ****     CLEAR_BIT(hadc->Instance->JOFR1, ADC_JOFR1_JOFFSET1);
 689:Drivers/STM32F1xx_HAL_Driver/Src/stm32f1xx_hal_adc.c ****     /* Reset register JOFR2 */
 690:Drivers/STM32F1xx_HAL_Driver/Src/stm32f1xx_hal_adc.c ****     CLEAR_BIT(hadc->Instance->JOFR2, ADC_JOFR2_JOFFSET2);
 691:Drivers/STM32F1xx_HAL_Driver/Src/stm32f1xx_hal_adc.c ****     /* Reset register JOFR3 */
 692:Drivers/STM32F1xx_HAL_Driver/Src/stm32f1xx_hal_adc.c ****     CLEAR_BIT(hadc->Instance->JOFR3, ADC_JOFR3_JOFFSET3);
 693:Drivers/STM32F1xx_HAL_Driver/Src/stm32f1xx_hal_adc.c ****     /* Reset register JOFR4 */
 694:Drivers/STM32F1xx_HAL_Driver/Src/stm32f1xx_hal_adc.c ****     CLEAR_BIT(hadc->Instance->JOFR4, ADC_JOFR4_JOFFSET4);
 695:Drivers/STM32F1xx_HAL_Driver/Src/stm32f1xx_hal_adc.c ****     
 696:Drivers/STM32F1xx_HAL_Driver/Src/stm32f1xx_hal_adc.c ****     /* Reset register HTR */
 697:Drivers/STM32F1xx_HAL_Driver/Src/stm32f1xx_hal_adc.c ****     CLEAR_BIT(hadc->Instance->HTR, ADC_HTR_HT);
 698:Drivers/STM32F1xx_HAL_Driver/Src/stm32f1xx_hal_adc.c ****     /* Reset register LTR */
 699:Drivers/STM32F1xx_HAL_Driver/Src/stm32f1xx_hal_adc.c ****     CLEAR_BIT(hadc->Instance->LTR, ADC_LTR_LT);
 700:Drivers/STM32F1xx_HAL_Driver/Src/stm32f1xx_hal_adc.c ****     
 701:Drivers/STM32F1xx_HAL_Driver/Src/stm32f1xx_hal_adc.c ****     /* Reset register SQR1 */
 702:Drivers/STM32F1xx_HAL_Driver/Src/stm32f1xx_hal_adc.c ****     CLEAR_BIT(hadc->Instance->SQR1, ADC_SQR1_L    |
 703:Drivers/STM32F1xx_HAL_Driver/Src/stm32f1xx_hal_adc.c ****                                     ADC_SQR1_SQ16 | ADC_SQR1_SQ15 | 
 704:Drivers/STM32F1xx_HAL_Driver/Src/stm32f1xx_hal_adc.c ****                                     ADC_SQR1_SQ14 | ADC_SQR1_SQ13  );
 705:Drivers/STM32F1xx_HAL_Driver/Src/stm32f1xx_hal_adc.c ****     
 706:Drivers/STM32F1xx_HAL_Driver/Src/stm32f1xx_hal_adc.c ****     /* Reset register SQR1 */
 707:Drivers/STM32F1xx_HAL_Driver/Src/stm32f1xx_hal_adc.c ****     CLEAR_BIT(hadc->Instance->SQR1, ADC_SQR1_L    |
 708:Drivers/STM32F1xx_HAL_Driver/Src/stm32f1xx_hal_adc.c ****                                     ADC_SQR1_SQ16 | ADC_SQR1_SQ15 | 
 709:Drivers/STM32F1xx_HAL_Driver/Src/stm32f1xx_hal_adc.c ****                                     ADC_SQR1_SQ14 | ADC_SQR1_SQ13  );
 710:Drivers/STM32F1xx_HAL_Driver/Src/stm32f1xx_hal_adc.c ****     
 711:Drivers/STM32F1xx_HAL_Driver/Src/stm32f1xx_hal_adc.c ****     /* Reset register SQR2 */
 712:Drivers/STM32F1xx_HAL_Driver/Src/stm32f1xx_hal_adc.c ****     CLEAR_BIT(hadc->Instance->SQR2, ADC_SQR2_SQ12 | ADC_SQR2_SQ11 | ADC_SQR2_SQ10 | 
 713:Drivers/STM32F1xx_HAL_Driver/Src/stm32f1xx_hal_adc.c ****                                     ADC_SQR2_SQ9  | ADC_SQR2_SQ8  | ADC_SQR2_SQ7   );
 714:Drivers/STM32F1xx_HAL_Driver/Src/stm32f1xx_hal_adc.c ****     
 715:Drivers/STM32F1xx_HAL_Driver/Src/stm32f1xx_hal_adc.c ****     /* Reset register SQR3 */
ARM GAS  /var/folders/y0/yl1wrqfd209ghqq3s8k8qc1m0000gn/T//cc8LbdIE.s 			page 14


 716:Drivers/STM32F1xx_HAL_Driver/Src/stm32f1xx_hal_adc.c ****     CLEAR_BIT(hadc->Instance->SQR3, ADC_SQR3_SQ6 | ADC_SQR3_SQ5 | ADC_SQR3_SQ4 | 
 717:Drivers/STM32F1xx_HAL_Driver/Src/stm32f1xx_hal_adc.c ****                                     ADC_SQR3_SQ3 | ADC_SQR3_SQ2 | ADC_SQR3_SQ1  );
 718:Drivers/STM32F1xx_HAL_Driver/Src/stm32f1xx_hal_adc.c ****     
 719:Drivers/STM32F1xx_HAL_Driver/Src/stm32f1xx_hal_adc.c ****     /* Reset register JSQR */
 720:Drivers/STM32F1xx_HAL_Driver/Src/stm32f1xx_hal_adc.c ****     CLEAR_BIT(hadc->Instance->JSQR, ADC_JSQR_JL |
 721:Drivers/STM32F1xx_HAL_Driver/Src/stm32f1xx_hal_adc.c ****                                     ADC_JSQR_JSQ4 | ADC_JSQR_JSQ3 | 
 722:Drivers/STM32F1xx_HAL_Driver/Src/stm32f1xx_hal_adc.c ****                                     ADC_JSQR_JSQ2 | ADC_JSQR_JSQ1  );
 723:Drivers/STM32F1xx_HAL_Driver/Src/stm32f1xx_hal_adc.c ****     
 724:Drivers/STM32F1xx_HAL_Driver/Src/stm32f1xx_hal_adc.c ****     /* Reset register JSQR */
 725:Drivers/STM32F1xx_HAL_Driver/Src/stm32f1xx_hal_adc.c ****     CLEAR_BIT(hadc->Instance->JSQR, ADC_JSQR_JL |
 726:Drivers/STM32F1xx_HAL_Driver/Src/stm32f1xx_hal_adc.c ****                                     ADC_JSQR_JSQ4 | ADC_JSQR_JSQ3 | 
 727:Drivers/STM32F1xx_HAL_Driver/Src/stm32f1xx_hal_adc.c ****                                     ADC_JSQR_JSQ2 | ADC_JSQR_JSQ1  );
 728:Drivers/STM32F1xx_HAL_Driver/Src/stm32f1xx_hal_adc.c ****     
 729:Drivers/STM32F1xx_HAL_Driver/Src/stm32f1xx_hal_adc.c ****     /* Reset register DR */
 730:Drivers/STM32F1xx_HAL_Driver/Src/stm32f1xx_hal_adc.c ****     /* bits in access mode read only, no direct reset applicable*/
 731:Drivers/STM32F1xx_HAL_Driver/Src/stm32f1xx_hal_adc.c ****     
 732:Drivers/STM32F1xx_HAL_Driver/Src/stm32f1xx_hal_adc.c ****     /* Reset registers JDR1, JDR2, JDR3, JDR4 */
 733:Drivers/STM32F1xx_HAL_Driver/Src/stm32f1xx_hal_adc.c ****     /* bits in access mode read only, no direct reset applicable*/
 734:Drivers/STM32F1xx_HAL_Driver/Src/stm32f1xx_hal_adc.c ****     
 735:Drivers/STM32F1xx_HAL_Driver/Src/stm32f1xx_hal_adc.c ****     /* ========== Hard reset ADC peripheral ========== */
 736:Drivers/STM32F1xx_HAL_Driver/Src/stm32f1xx_hal_adc.c ****     /* Performs a global reset of the entire ADC peripheral: ADC state is     */
 737:Drivers/STM32F1xx_HAL_Driver/Src/stm32f1xx_hal_adc.c ****     /* forced to a similar state after device power-on.                       */
 738:Drivers/STM32F1xx_HAL_Driver/Src/stm32f1xx_hal_adc.c ****     /* If needed, copy-paste and uncomment the following reset code into      */
 739:Drivers/STM32F1xx_HAL_Driver/Src/stm32f1xx_hal_adc.c ****     /* function "void HAL_ADC_MspInit(ADC_HandleTypeDef* hadc)":              */
 740:Drivers/STM32F1xx_HAL_Driver/Src/stm32f1xx_hal_adc.c ****     /*                                                                        */
 741:Drivers/STM32F1xx_HAL_Driver/Src/stm32f1xx_hal_adc.c ****     /*  __HAL_RCC_ADC1_FORCE_RESET()                                          */
 742:Drivers/STM32F1xx_HAL_Driver/Src/stm32f1xx_hal_adc.c ****     /*  __HAL_RCC_ADC1_RELEASE_RESET()                                        */
 743:Drivers/STM32F1xx_HAL_Driver/Src/stm32f1xx_hal_adc.c ****     
 744:Drivers/STM32F1xx_HAL_Driver/Src/stm32f1xx_hal_adc.c **** #if (USE_HAL_ADC_REGISTER_CALLBACKS == 1)
 745:Drivers/STM32F1xx_HAL_Driver/Src/stm32f1xx_hal_adc.c ****     if (hadc->MspDeInitCallback == NULL)
 746:Drivers/STM32F1xx_HAL_Driver/Src/stm32f1xx_hal_adc.c ****     {
 747:Drivers/STM32F1xx_HAL_Driver/Src/stm32f1xx_hal_adc.c ****       hadc->MspDeInitCallback = HAL_ADC_MspDeInit; /* Legacy weak MspDeInit  */
 748:Drivers/STM32F1xx_HAL_Driver/Src/stm32f1xx_hal_adc.c ****     }
 749:Drivers/STM32F1xx_HAL_Driver/Src/stm32f1xx_hal_adc.c ****     
 750:Drivers/STM32F1xx_HAL_Driver/Src/stm32f1xx_hal_adc.c ****     /* DeInit the low level hardware */
 751:Drivers/STM32F1xx_HAL_Driver/Src/stm32f1xx_hal_adc.c ****     hadc->MspDeInitCallback(hadc);
 752:Drivers/STM32F1xx_HAL_Driver/Src/stm32f1xx_hal_adc.c **** #else
 753:Drivers/STM32F1xx_HAL_Driver/Src/stm32f1xx_hal_adc.c ****     /* DeInit the low level hardware */
 754:Drivers/STM32F1xx_HAL_Driver/Src/stm32f1xx_hal_adc.c ****     HAL_ADC_MspDeInit(hadc);
 755:Drivers/STM32F1xx_HAL_Driver/Src/stm32f1xx_hal_adc.c **** #endif /* USE_HAL_ADC_REGISTER_CALLBACKS */
 756:Drivers/STM32F1xx_HAL_Driver/Src/stm32f1xx_hal_adc.c ****     
 757:Drivers/STM32F1xx_HAL_Driver/Src/stm32f1xx_hal_adc.c ****     /* Set ADC error code to none */
 758:Drivers/STM32F1xx_HAL_Driver/Src/stm32f1xx_hal_adc.c ****     ADC_CLEAR_ERRORCODE(hadc);
 759:Drivers/STM32F1xx_HAL_Driver/Src/stm32f1xx_hal_adc.c ****     
 760:Drivers/STM32F1xx_HAL_Driver/Src/stm32f1xx_hal_adc.c ****     /* Set ADC state */
 761:Drivers/STM32F1xx_HAL_Driver/Src/stm32f1xx_hal_adc.c ****     hadc->State = HAL_ADC_STATE_RESET; 
 762:Drivers/STM32F1xx_HAL_Driver/Src/stm32f1xx_hal_adc.c ****   
 763:Drivers/STM32F1xx_HAL_Driver/Src/stm32f1xx_hal_adc.c ****   }
 764:Drivers/STM32F1xx_HAL_Driver/Src/stm32f1xx_hal_adc.c ****   
 765:Drivers/STM32F1xx_HAL_Driver/Src/stm32f1xx_hal_adc.c ****   /* Process unlocked */
 766:Drivers/STM32F1xx_HAL_Driver/Src/stm32f1xx_hal_adc.c ****   __HAL_UNLOCK(hadc);
 767:Drivers/STM32F1xx_HAL_Driver/Src/stm32f1xx_hal_adc.c ****   
 768:Drivers/STM32F1xx_HAL_Driver/Src/stm32f1xx_hal_adc.c ****   /* Return function status */
 769:Drivers/STM32F1xx_HAL_Driver/Src/stm32f1xx_hal_adc.c ****   return tmp_hal_status;
 770:Drivers/STM32F1xx_HAL_Driver/Src/stm32f1xx_hal_adc.c **** }
 771:Drivers/STM32F1xx_HAL_Driver/Src/stm32f1xx_hal_adc.c **** 
 772:Drivers/STM32F1xx_HAL_Driver/Src/stm32f1xx_hal_adc.c **** /**
ARM GAS  /var/folders/y0/yl1wrqfd209ghqq3s8k8qc1m0000gn/T//cc8LbdIE.s 			page 15


 773:Drivers/STM32F1xx_HAL_Driver/Src/stm32f1xx_hal_adc.c ****   * @brief  Initializes the ADC MSP.
 774:Drivers/STM32F1xx_HAL_Driver/Src/stm32f1xx_hal_adc.c ****   * @param  hadc: ADC handle
 775:Drivers/STM32F1xx_HAL_Driver/Src/stm32f1xx_hal_adc.c ****   * @retval None
 776:Drivers/STM32F1xx_HAL_Driver/Src/stm32f1xx_hal_adc.c ****   */
 777:Drivers/STM32F1xx_HAL_Driver/Src/stm32f1xx_hal_adc.c **** __weak void HAL_ADC_MspInit(ADC_HandleTypeDef* hadc)
 778:Drivers/STM32F1xx_HAL_Driver/Src/stm32f1xx_hal_adc.c **** {
  28              		.loc 1 778 1 view -0
  29              		.cfi_startproc
  30              		@ args = 0, pretend = 0, frame = 0
  31              		@ frame_needed = 0, uses_anonymous_args = 0
  32              		@ link register save eliminated.
 779:Drivers/STM32F1xx_HAL_Driver/Src/stm32f1xx_hal_adc.c ****   /* Prevent unused argument(s) compilation warning */
 780:Drivers/STM32F1xx_HAL_Driver/Src/stm32f1xx_hal_adc.c ****   UNUSED(hadc);
  33              		.loc 1 780 3 view .LVU1
 781:Drivers/STM32F1xx_HAL_Driver/Src/stm32f1xx_hal_adc.c ****   /* NOTE : This function should not be modified. When the callback is needed,
 782:Drivers/STM32F1xx_HAL_Driver/Src/stm32f1xx_hal_adc.c ****             function HAL_ADC_MspInit must be implemented in the user file.
 783:Drivers/STM32F1xx_HAL_Driver/Src/stm32f1xx_hal_adc.c ****    */ 
 784:Drivers/STM32F1xx_HAL_Driver/Src/stm32f1xx_hal_adc.c **** }
  34              		.loc 1 784 1 is_stmt 0 view .LVU2
  35 0000 7047     		bx	lr
  36              		.cfi_endproc
  37              	.LFE67:
  39              		.section	.text.HAL_ADC_MspDeInit,"ax",%progbits
  40              		.align	1
  41              		.weak	HAL_ADC_MspDeInit
  42              		.syntax unified
  43              		.thumb
  44              		.thumb_func
  46              	HAL_ADC_MspDeInit:
  47              	.LVL1:
  48              	.LFB68:
 785:Drivers/STM32F1xx_HAL_Driver/Src/stm32f1xx_hal_adc.c **** 
 786:Drivers/STM32F1xx_HAL_Driver/Src/stm32f1xx_hal_adc.c **** /**
 787:Drivers/STM32F1xx_HAL_Driver/Src/stm32f1xx_hal_adc.c ****   * @brief  DeInitializes the ADC MSP.
 788:Drivers/STM32F1xx_HAL_Driver/Src/stm32f1xx_hal_adc.c ****   * @param  hadc: ADC handle
 789:Drivers/STM32F1xx_HAL_Driver/Src/stm32f1xx_hal_adc.c ****   * @retval None
 790:Drivers/STM32F1xx_HAL_Driver/Src/stm32f1xx_hal_adc.c ****   */
 791:Drivers/STM32F1xx_HAL_Driver/Src/stm32f1xx_hal_adc.c **** __weak void HAL_ADC_MspDeInit(ADC_HandleTypeDef* hadc)
 792:Drivers/STM32F1xx_HAL_Driver/Src/stm32f1xx_hal_adc.c **** {
  49              		.loc 1 792 1 is_stmt 1 view -0
  50              		.cfi_startproc
  51              		@ args = 0, pretend = 0, frame = 0
  52              		@ frame_needed = 0, uses_anonymous_args = 0
  53              		@ link register save eliminated.
 793:Drivers/STM32F1xx_HAL_Driver/Src/stm32f1xx_hal_adc.c ****   /* Prevent unused argument(s) compilation warning */
 794:Drivers/STM32F1xx_HAL_Driver/Src/stm32f1xx_hal_adc.c ****   UNUSED(hadc);
  54              		.loc 1 794 3 view .LVU4
 795:Drivers/STM32F1xx_HAL_Driver/Src/stm32f1xx_hal_adc.c ****   /* NOTE : This function should not be modified. When the callback is needed,
 796:Drivers/STM32F1xx_HAL_Driver/Src/stm32f1xx_hal_adc.c ****             function HAL_ADC_MspDeInit must be implemented in the user file.
 797:Drivers/STM32F1xx_HAL_Driver/Src/stm32f1xx_hal_adc.c ****    */ 
 798:Drivers/STM32F1xx_HAL_Driver/Src/stm32f1xx_hal_adc.c **** }
  55              		.loc 1 798 1 is_stmt 0 view .LVU5
  56 0000 7047     		bx	lr
  57              		.cfi_endproc
  58              	.LFE68:
  60              		.section	.text.HAL_ADC_PollForConversion,"ax",%progbits
  61              		.align	1
ARM GAS  /var/folders/y0/yl1wrqfd209ghqq3s8k8qc1m0000gn/T//cc8LbdIE.s 			page 16


  62              		.global	HAL_ADC_PollForConversion
  63              		.syntax unified
  64              		.thumb
  65              		.thumb_func
  67              	HAL_ADC_PollForConversion:
  68              	.LVL2:
  69              	.LFB71:
 799:Drivers/STM32F1xx_HAL_Driver/Src/stm32f1xx_hal_adc.c **** 
 800:Drivers/STM32F1xx_HAL_Driver/Src/stm32f1xx_hal_adc.c **** #if (USE_HAL_ADC_REGISTER_CALLBACKS == 1)
 801:Drivers/STM32F1xx_HAL_Driver/Src/stm32f1xx_hal_adc.c **** /**
 802:Drivers/STM32F1xx_HAL_Driver/Src/stm32f1xx_hal_adc.c ****   * @brief  Register a User ADC Callback
 803:Drivers/STM32F1xx_HAL_Driver/Src/stm32f1xx_hal_adc.c ****   *         To be used instead of the weak predefined callback
 804:Drivers/STM32F1xx_HAL_Driver/Src/stm32f1xx_hal_adc.c ****   * @param  hadc Pointer to a ADC_HandleTypeDef structure that contains
 805:Drivers/STM32F1xx_HAL_Driver/Src/stm32f1xx_hal_adc.c ****   *                the configuration information for the specified ADC.
 806:Drivers/STM32F1xx_HAL_Driver/Src/stm32f1xx_hal_adc.c ****   * @param  CallbackID ID of the callback to be registered
 807:Drivers/STM32F1xx_HAL_Driver/Src/stm32f1xx_hal_adc.c ****   *         This parameter can be one of the following values:
 808:Drivers/STM32F1xx_HAL_Driver/Src/stm32f1xx_hal_adc.c ****   *          @arg @ref HAL_ADC_CONVERSION_COMPLETE_CB_ID      ADC conversion complete callback ID
 809:Drivers/STM32F1xx_HAL_Driver/Src/stm32f1xx_hal_adc.c ****   *          @arg @ref HAL_ADC_CONVERSION_HALF_CB_ID          ADC conversion complete callback ID
 810:Drivers/STM32F1xx_HAL_Driver/Src/stm32f1xx_hal_adc.c ****   *          @arg @ref HAL_ADC_LEVEL_OUT_OF_WINDOW_1_CB_ID    ADC analog watchdog 1 callback ID
 811:Drivers/STM32F1xx_HAL_Driver/Src/stm32f1xx_hal_adc.c ****   *          @arg @ref HAL_ADC_ERROR_CB_ID                    ADC error callback ID
 812:Drivers/STM32F1xx_HAL_Driver/Src/stm32f1xx_hal_adc.c ****   *          @arg @ref HAL_ADC_INJ_CONVERSION_COMPLETE_CB_ID  ADC group injected conversion complet
 813:Drivers/STM32F1xx_HAL_Driver/Src/stm32f1xx_hal_adc.c ****   *          @arg @ref HAL_ADC_MSPINIT_CB_ID                  ADC Msp Init callback ID
 814:Drivers/STM32F1xx_HAL_Driver/Src/stm32f1xx_hal_adc.c ****   *          @arg @ref HAL_ADC_MSPDEINIT_CB_ID                ADC Msp DeInit callback ID
 815:Drivers/STM32F1xx_HAL_Driver/Src/stm32f1xx_hal_adc.c ****   *          @arg @ref HAL_ADC_MSPINIT_CB_ID MspInit callback ID
 816:Drivers/STM32F1xx_HAL_Driver/Src/stm32f1xx_hal_adc.c ****   *          @arg @ref HAL_ADC_MSPDEINIT_CB_ID MspDeInit callback ID
 817:Drivers/STM32F1xx_HAL_Driver/Src/stm32f1xx_hal_adc.c ****   * @param  pCallback pointer to the Callback function
 818:Drivers/STM32F1xx_HAL_Driver/Src/stm32f1xx_hal_adc.c ****   * @retval HAL status
 819:Drivers/STM32F1xx_HAL_Driver/Src/stm32f1xx_hal_adc.c ****   */
 820:Drivers/STM32F1xx_HAL_Driver/Src/stm32f1xx_hal_adc.c **** HAL_StatusTypeDef HAL_ADC_RegisterCallback(ADC_HandleTypeDef *hadc, HAL_ADC_CallbackIDTypeDef Callb
 821:Drivers/STM32F1xx_HAL_Driver/Src/stm32f1xx_hal_adc.c **** {
 822:Drivers/STM32F1xx_HAL_Driver/Src/stm32f1xx_hal_adc.c ****   HAL_StatusTypeDef status = HAL_OK;
 823:Drivers/STM32F1xx_HAL_Driver/Src/stm32f1xx_hal_adc.c ****   
 824:Drivers/STM32F1xx_HAL_Driver/Src/stm32f1xx_hal_adc.c ****   if (pCallback == NULL)
 825:Drivers/STM32F1xx_HAL_Driver/Src/stm32f1xx_hal_adc.c ****   {
 826:Drivers/STM32F1xx_HAL_Driver/Src/stm32f1xx_hal_adc.c ****     /* Update the error code */
 827:Drivers/STM32F1xx_HAL_Driver/Src/stm32f1xx_hal_adc.c ****     hadc->ErrorCode |= HAL_ADC_ERROR_INVALID_CALLBACK;
 828:Drivers/STM32F1xx_HAL_Driver/Src/stm32f1xx_hal_adc.c **** 
 829:Drivers/STM32F1xx_HAL_Driver/Src/stm32f1xx_hal_adc.c ****     return HAL_ERROR;
 830:Drivers/STM32F1xx_HAL_Driver/Src/stm32f1xx_hal_adc.c ****   }
 831:Drivers/STM32F1xx_HAL_Driver/Src/stm32f1xx_hal_adc.c ****   
 832:Drivers/STM32F1xx_HAL_Driver/Src/stm32f1xx_hal_adc.c ****   if ((hadc->State & HAL_ADC_STATE_READY) != 0)
 833:Drivers/STM32F1xx_HAL_Driver/Src/stm32f1xx_hal_adc.c ****   {
 834:Drivers/STM32F1xx_HAL_Driver/Src/stm32f1xx_hal_adc.c ****     switch (CallbackID)
 835:Drivers/STM32F1xx_HAL_Driver/Src/stm32f1xx_hal_adc.c ****     {
 836:Drivers/STM32F1xx_HAL_Driver/Src/stm32f1xx_hal_adc.c ****       case HAL_ADC_CONVERSION_COMPLETE_CB_ID :
 837:Drivers/STM32F1xx_HAL_Driver/Src/stm32f1xx_hal_adc.c ****         hadc->ConvCpltCallback = pCallback;
 838:Drivers/STM32F1xx_HAL_Driver/Src/stm32f1xx_hal_adc.c ****         break;
 839:Drivers/STM32F1xx_HAL_Driver/Src/stm32f1xx_hal_adc.c ****       
 840:Drivers/STM32F1xx_HAL_Driver/Src/stm32f1xx_hal_adc.c ****       case HAL_ADC_CONVERSION_HALF_CB_ID :
 841:Drivers/STM32F1xx_HAL_Driver/Src/stm32f1xx_hal_adc.c ****         hadc->ConvHalfCpltCallback = pCallback;
 842:Drivers/STM32F1xx_HAL_Driver/Src/stm32f1xx_hal_adc.c ****         break;
 843:Drivers/STM32F1xx_HAL_Driver/Src/stm32f1xx_hal_adc.c ****       
 844:Drivers/STM32F1xx_HAL_Driver/Src/stm32f1xx_hal_adc.c ****       case HAL_ADC_LEVEL_OUT_OF_WINDOW_1_CB_ID :
 845:Drivers/STM32F1xx_HAL_Driver/Src/stm32f1xx_hal_adc.c ****         hadc->LevelOutOfWindowCallback = pCallback;
 846:Drivers/STM32F1xx_HAL_Driver/Src/stm32f1xx_hal_adc.c ****         break;
 847:Drivers/STM32F1xx_HAL_Driver/Src/stm32f1xx_hal_adc.c ****       
 848:Drivers/STM32F1xx_HAL_Driver/Src/stm32f1xx_hal_adc.c ****       case HAL_ADC_ERROR_CB_ID :
ARM GAS  /var/folders/y0/yl1wrqfd209ghqq3s8k8qc1m0000gn/T//cc8LbdIE.s 			page 17


 849:Drivers/STM32F1xx_HAL_Driver/Src/stm32f1xx_hal_adc.c ****         hadc->ErrorCallback = pCallback;
 850:Drivers/STM32F1xx_HAL_Driver/Src/stm32f1xx_hal_adc.c ****         break;
 851:Drivers/STM32F1xx_HAL_Driver/Src/stm32f1xx_hal_adc.c ****       
 852:Drivers/STM32F1xx_HAL_Driver/Src/stm32f1xx_hal_adc.c ****       case HAL_ADC_INJ_CONVERSION_COMPLETE_CB_ID :
 853:Drivers/STM32F1xx_HAL_Driver/Src/stm32f1xx_hal_adc.c ****         hadc->InjectedConvCpltCallback = pCallback;
 854:Drivers/STM32F1xx_HAL_Driver/Src/stm32f1xx_hal_adc.c ****         break;
 855:Drivers/STM32F1xx_HAL_Driver/Src/stm32f1xx_hal_adc.c ****       
 856:Drivers/STM32F1xx_HAL_Driver/Src/stm32f1xx_hal_adc.c ****       case HAL_ADC_MSPINIT_CB_ID :
 857:Drivers/STM32F1xx_HAL_Driver/Src/stm32f1xx_hal_adc.c ****         hadc->MspInitCallback = pCallback;
 858:Drivers/STM32F1xx_HAL_Driver/Src/stm32f1xx_hal_adc.c ****         break;
 859:Drivers/STM32F1xx_HAL_Driver/Src/stm32f1xx_hal_adc.c ****       
 860:Drivers/STM32F1xx_HAL_Driver/Src/stm32f1xx_hal_adc.c ****       case HAL_ADC_MSPDEINIT_CB_ID :
 861:Drivers/STM32F1xx_HAL_Driver/Src/stm32f1xx_hal_adc.c ****         hadc->MspDeInitCallback = pCallback;
 862:Drivers/STM32F1xx_HAL_Driver/Src/stm32f1xx_hal_adc.c ****         break;
 863:Drivers/STM32F1xx_HAL_Driver/Src/stm32f1xx_hal_adc.c ****       
 864:Drivers/STM32F1xx_HAL_Driver/Src/stm32f1xx_hal_adc.c ****       default :
 865:Drivers/STM32F1xx_HAL_Driver/Src/stm32f1xx_hal_adc.c ****         /* Update the error code */
 866:Drivers/STM32F1xx_HAL_Driver/Src/stm32f1xx_hal_adc.c ****         hadc->ErrorCode |= HAL_ADC_ERROR_INVALID_CALLBACK;
 867:Drivers/STM32F1xx_HAL_Driver/Src/stm32f1xx_hal_adc.c **** 
 868:Drivers/STM32F1xx_HAL_Driver/Src/stm32f1xx_hal_adc.c ****         /* Return error status */
 869:Drivers/STM32F1xx_HAL_Driver/Src/stm32f1xx_hal_adc.c ****         status = HAL_ERROR;
 870:Drivers/STM32F1xx_HAL_Driver/Src/stm32f1xx_hal_adc.c ****         break;
 871:Drivers/STM32F1xx_HAL_Driver/Src/stm32f1xx_hal_adc.c ****     }
 872:Drivers/STM32F1xx_HAL_Driver/Src/stm32f1xx_hal_adc.c ****   }
 873:Drivers/STM32F1xx_HAL_Driver/Src/stm32f1xx_hal_adc.c ****   else if (HAL_ADC_STATE_RESET == hadc->State)
 874:Drivers/STM32F1xx_HAL_Driver/Src/stm32f1xx_hal_adc.c ****   {
 875:Drivers/STM32F1xx_HAL_Driver/Src/stm32f1xx_hal_adc.c ****     switch (CallbackID)
 876:Drivers/STM32F1xx_HAL_Driver/Src/stm32f1xx_hal_adc.c ****     {
 877:Drivers/STM32F1xx_HAL_Driver/Src/stm32f1xx_hal_adc.c ****       case HAL_ADC_MSPINIT_CB_ID :
 878:Drivers/STM32F1xx_HAL_Driver/Src/stm32f1xx_hal_adc.c ****         hadc->MspInitCallback = pCallback;
 879:Drivers/STM32F1xx_HAL_Driver/Src/stm32f1xx_hal_adc.c ****         break;
 880:Drivers/STM32F1xx_HAL_Driver/Src/stm32f1xx_hal_adc.c ****       
 881:Drivers/STM32F1xx_HAL_Driver/Src/stm32f1xx_hal_adc.c ****       case HAL_ADC_MSPDEINIT_CB_ID :
 882:Drivers/STM32F1xx_HAL_Driver/Src/stm32f1xx_hal_adc.c ****         hadc->MspDeInitCallback = pCallback;
 883:Drivers/STM32F1xx_HAL_Driver/Src/stm32f1xx_hal_adc.c ****         break;
 884:Drivers/STM32F1xx_HAL_Driver/Src/stm32f1xx_hal_adc.c ****       
 885:Drivers/STM32F1xx_HAL_Driver/Src/stm32f1xx_hal_adc.c ****       default :
 886:Drivers/STM32F1xx_HAL_Driver/Src/stm32f1xx_hal_adc.c ****         /* Update the error code */
 887:Drivers/STM32F1xx_HAL_Driver/Src/stm32f1xx_hal_adc.c ****         hadc->ErrorCode |= HAL_ADC_ERROR_INVALID_CALLBACK;
 888:Drivers/STM32F1xx_HAL_Driver/Src/stm32f1xx_hal_adc.c ****       
 889:Drivers/STM32F1xx_HAL_Driver/Src/stm32f1xx_hal_adc.c ****         /* Return error status */
 890:Drivers/STM32F1xx_HAL_Driver/Src/stm32f1xx_hal_adc.c ****         status = HAL_ERROR;
 891:Drivers/STM32F1xx_HAL_Driver/Src/stm32f1xx_hal_adc.c ****         break;
 892:Drivers/STM32F1xx_HAL_Driver/Src/stm32f1xx_hal_adc.c ****     }
 893:Drivers/STM32F1xx_HAL_Driver/Src/stm32f1xx_hal_adc.c ****   }
 894:Drivers/STM32F1xx_HAL_Driver/Src/stm32f1xx_hal_adc.c ****   else
 895:Drivers/STM32F1xx_HAL_Driver/Src/stm32f1xx_hal_adc.c ****   {
 896:Drivers/STM32F1xx_HAL_Driver/Src/stm32f1xx_hal_adc.c ****     /* Update the error code */
 897:Drivers/STM32F1xx_HAL_Driver/Src/stm32f1xx_hal_adc.c ****     hadc->ErrorCode |= HAL_ADC_ERROR_INVALID_CALLBACK;
 898:Drivers/STM32F1xx_HAL_Driver/Src/stm32f1xx_hal_adc.c ****     
 899:Drivers/STM32F1xx_HAL_Driver/Src/stm32f1xx_hal_adc.c ****     /* Return error status */
 900:Drivers/STM32F1xx_HAL_Driver/Src/stm32f1xx_hal_adc.c ****     status =  HAL_ERROR;
 901:Drivers/STM32F1xx_HAL_Driver/Src/stm32f1xx_hal_adc.c ****   }
 902:Drivers/STM32F1xx_HAL_Driver/Src/stm32f1xx_hal_adc.c ****   
 903:Drivers/STM32F1xx_HAL_Driver/Src/stm32f1xx_hal_adc.c ****   return status;
 904:Drivers/STM32F1xx_HAL_Driver/Src/stm32f1xx_hal_adc.c **** }
 905:Drivers/STM32F1xx_HAL_Driver/Src/stm32f1xx_hal_adc.c **** 
ARM GAS  /var/folders/y0/yl1wrqfd209ghqq3s8k8qc1m0000gn/T//cc8LbdIE.s 			page 18


 906:Drivers/STM32F1xx_HAL_Driver/Src/stm32f1xx_hal_adc.c **** /**
 907:Drivers/STM32F1xx_HAL_Driver/Src/stm32f1xx_hal_adc.c ****   * @brief  Unregister a ADC Callback
 908:Drivers/STM32F1xx_HAL_Driver/Src/stm32f1xx_hal_adc.c ****   *         ADC callback is redirected to the weak predefined callback
 909:Drivers/STM32F1xx_HAL_Driver/Src/stm32f1xx_hal_adc.c ****   * @param  hadc Pointer to a ADC_HandleTypeDef structure that contains
 910:Drivers/STM32F1xx_HAL_Driver/Src/stm32f1xx_hal_adc.c ****   *                the configuration information for the specified ADC.
 911:Drivers/STM32F1xx_HAL_Driver/Src/stm32f1xx_hal_adc.c ****   * @param  CallbackID ID of the callback to be unregistered
 912:Drivers/STM32F1xx_HAL_Driver/Src/stm32f1xx_hal_adc.c ****   *         This parameter can be one of the following values:
 913:Drivers/STM32F1xx_HAL_Driver/Src/stm32f1xx_hal_adc.c ****   *          @arg @ref HAL_ADC_CONVERSION_COMPLETE_CB_ID      ADC conversion complete callback ID
 914:Drivers/STM32F1xx_HAL_Driver/Src/stm32f1xx_hal_adc.c ****   *          @arg @ref HAL_ADC_CONVERSION_HALF_CB_ID          ADC conversion complete callback ID
 915:Drivers/STM32F1xx_HAL_Driver/Src/stm32f1xx_hal_adc.c ****   *          @arg @ref HAL_ADC_LEVEL_OUT_OF_WINDOW_1_CB_ID    ADC analog watchdog 1 callback ID
 916:Drivers/STM32F1xx_HAL_Driver/Src/stm32f1xx_hal_adc.c ****   *          @arg @ref HAL_ADC_ERROR_CB_ID                    ADC error callback ID
 917:Drivers/STM32F1xx_HAL_Driver/Src/stm32f1xx_hal_adc.c ****   *          @arg @ref HAL_ADC_INJ_CONVERSION_COMPLETE_CB_ID  ADC group injected conversion complet
 918:Drivers/STM32F1xx_HAL_Driver/Src/stm32f1xx_hal_adc.c ****   *          @arg @ref HAL_ADC_MSPINIT_CB_ID                  ADC Msp Init callback ID
 919:Drivers/STM32F1xx_HAL_Driver/Src/stm32f1xx_hal_adc.c ****   *          @arg @ref HAL_ADC_MSPDEINIT_CB_ID                ADC Msp DeInit callback ID
 920:Drivers/STM32F1xx_HAL_Driver/Src/stm32f1xx_hal_adc.c ****   *          @arg @ref HAL_ADC_MSPINIT_CB_ID MspInit callback ID
 921:Drivers/STM32F1xx_HAL_Driver/Src/stm32f1xx_hal_adc.c ****   *          @arg @ref HAL_ADC_MSPDEINIT_CB_ID MspDeInit callback ID
 922:Drivers/STM32F1xx_HAL_Driver/Src/stm32f1xx_hal_adc.c ****   * @retval HAL status
 923:Drivers/STM32F1xx_HAL_Driver/Src/stm32f1xx_hal_adc.c ****   */
 924:Drivers/STM32F1xx_HAL_Driver/Src/stm32f1xx_hal_adc.c **** HAL_StatusTypeDef HAL_ADC_UnRegisterCallback(ADC_HandleTypeDef *hadc, HAL_ADC_CallbackIDTypeDef Cal
 925:Drivers/STM32F1xx_HAL_Driver/Src/stm32f1xx_hal_adc.c **** {
 926:Drivers/STM32F1xx_HAL_Driver/Src/stm32f1xx_hal_adc.c ****   HAL_StatusTypeDef status = HAL_OK;
 927:Drivers/STM32F1xx_HAL_Driver/Src/stm32f1xx_hal_adc.c ****   
 928:Drivers/STM32F1xx_HAL_Driver/Src/stm32f1xx_hal_adc.c ****   if ((hadc->State & HAL_ADC_STATE_READY) != 0)
 929:Drivers/STM32F1xx_HAL_Driver/Src/stm32f1xx_hal_adc.c ****   {
 930:Drivers/STM32F1xx_HAL_Driver/Src/stm32f1xx_hal_adc.c ****     switch (CallbackID)
 931:Drivers/STM32F1xx_HAL_Driver/Src/stm32f1xx_hal_adc.c ****     {
 932:Drivers/STM32F1xx_HAL_Driver/Src/stm32f1xx_hal_adc.c ****       case HAL_ADC_CONVERSION_COMPLETE_CB_ID :
 933:Drivers/STM32F1xx_HAL_Driver/Src/stm32f1xx_hal_adc.c ****         hadc->ConvCpltCallback = HAL_ADC_ConvCpltCallback;
 934:Drivers/STM32F1xx_HAL_Driver/Src/stm32f1xx_hal_adc.c ****         break;
 935:Drivers/STM32F1xx_HAL_Driver/Src/stm32f1xx_hal_adc.c ****       
 936:Drivers/STM32F1xx_HAL_Driver/Src/stm32f1xx_hal_adc.c ****       case HAL_ADC_CONVERSION_HALF_CB_ID :
 937:Drivers/STM32F1xx_HAL_Driver/Src/stm32f1xx_hal_adc.c ****         hadc->ConvHalfCpltCallback = HAL_ADC_ConvHalfCpltCallback;
 938:Drivers/STM32F1xx_HAL_Driver/Src/stm32f1xx_hal_adc.c ****         break;
 939:Drivers/STM32F1xx_HAL_Driver/Src/stm32f1xx_hal_adc.c ****       
 940:Drivers/STM32F1xx_HAL_Driver/Src/stm32f1xx_hal_adc.c ****       case HAL_ADC_LEVEL_OUT_OF_WINDOW_1_CB_ID :
 941:Drivers/STM32F1xx_HAL_Driver/Src/stm32f1xx_hal_adc.c ****         hadc->LevelOutOfWindowCallback = HAL_ADC_LevelOutOfWindowCallback;
 942:Drivers/STM32F1xx_HAL_Driver/Src/stm32f1xx_hal_adc.c ****         break;
 943:Drivers/STM32F1xx_HAL_Driver/Src/stm32f1xx_hal_adc.c ****       
 944:Drivers/STM32F1xx_HAL_Driver/Src/stm32f1xx_hal_adc.c ****       case HAL_ADC_ERROR_CB_ID :
 945:Drivers/STM32F1xx_HAL_Driver/Src/stm32f1xx_hal_adc.c ****         hadc->ErrorCallback = HAL_ADC_ErrorCallback;
 946:Drivers/STM32F1xx_HAL_Driver/Src/stm32f1xx_hal_adc.c ****         break;
 947:Drivers/STM32F1xx_HAL_Driver/Src/stm32f1xx_hal_adc.c ****       
 948:Drivers/STM32F1xx_HAL_Driver/Src/stm32f1xx_hal_adc.c ****       case HAL_ADC_INJ_CONVERSION_COMPLETE_CB_ID :
 949:Drivers/STM32F1xx_HAL_Driver/Src/stm32f1xx_hal_adc.c ****         hadc->InjectedConvCpltCallback = HAL_ADCEx_InjectedConvCpltCallback;
 950:Drivers/STM32F1xx_HAL_Driver/Src/stm32f1xx_hal_adc.c ****         break;
 951:Drivers/STM32F1xx_HAL_Driver/Src/stm32f1xx_hal_adc.c ****       
 952:Drivers/STM32F1xx_HAL_Driver/Src/stm32f1xx_hal_adc.c ****       case HAL_ADC_MSPINIT_CB_ID :
 953:Drivers/STM32F1xx_HAL_Driver/Src/stm32f1xx_hal_adc.c ****         hadc->MspInitCallback = HAL_ADC_MspInit; /* Legacy weak MspInit              */
 954:Drivers/STM32F1xx_HAL_Driver/Src/stm32f1xx_hal_adc.c ****         break;
 955:Drivers/STM32F1xx_HAL_Driver/Src/stm32f1xx_hal_adc.c ****       
 956:Drivers/STM32F1xx_HAL_Driver/Src/stm32f1xx_hal_adc.c ****       case HAL_ADC_MSPDEINIT_CB_ID :
 957:Drivers/STM32F1xx_HAL_Driver/Src/stm32f1xx_hal_adc.c ****         hadc->MspDeInitCallback = HAL_ADC_MspDeInit; /* Legacy weak MspDeInit            */
 958:Drivers/STM32F1xx_HAL_Driver/Src/stm32f1xx_hal_adc.c ****         break;
 959:Drivers/STM32F1xx_HAL_Driver/Src/stm32f1xx_hal_adc.c ****       
 960:Drivers/STM32F1xx_HAL_Driver/Src/stm32f1xx_hal_adc.c ****       default :
 961:Drivers/STM32F1xx_HAL_Driver/Src/stm32f1xx_hal_adc.c ****         /* Update the error code */
 962:Drivers/STM32F1xx_HAL_Driver/Src/stm32f1xx_hal_adc.c ****         hadc->ErrorCode |= HAL_ADC_ERROR_INVALID_CALLBACK;
ARM GAS  /var/folders/y0/yl1wrqfd209ghqq3s8k8qc1m0000gn/T//cc8LbdIE.s 			page 19


 963:Drivers/STM32F1xx_HAL_Driver/Src/stm32f1xx_hal_adc.c ****         
 964:Drivers/STM32F1xx_HAL_Driver/Src/stm32f1xx_hal_adc.c ****         /* Return error status */
 965:Drivers/STM32F1xx_HAL_Driver/Src/stm32f1xx_hal_adc.c ****         status =  HAL_ERROR;
 966:Drivers/STM32F1xx_HAL_Driver/Src/stm32f1xx_hal_adc.c ****         break;
 967:Drivers/STM32F1xx_HAL_Driver/Src/stm32f1xx_hal_adc.c ****     }
 968:Drivers/STM32F1xx_HAL_Driver/Src/stm32f1xx_hal_adc.c ****   }
 969:Drivers/STM32F1xx_HAL_Driver/Src/stm32f1xx_hal_adc.c ****   else if (HAL_ADC_STATE_RESET == hadc->State)
 970:Drivers/STM32F1xx_HAL_Driver/Src/stm32f1xx_hal_adc.c ****   {
 971:Drivers/STM32F1xx_HAL_Driver/Src/stm32f1xx_hal_adc.c ****     switch (CallbackID)
 972:Drivers/STM32F1xx_HAL_Driver/Src/stm32f1xx_hal_adc.c ****     {
 973:Drivers/STM32F1xx_HAL_Driver/Src/stm32f1xx_hal_adc.c ****       case HAL_ADC_MSPINIT_CB_ID :
 974:Drivers/STM32F1xx_HAL_Driver/Src/stm32f1xx_hal_adc.c ****         hadc->MspInitCallback = HAL_ADC_MspInit;                   /* Legacy weak MspInit          
 975:Drivers/STM32F1xx_HAL_Driver/Src/stm32f1xx_hal_adc.c ****         break;
 976:Drivers/STM32F1xx_HAL_Driver/Src/stm32f1xx_hal_adc.c ****         
 977:Drivers/STM32F1xx_HAL_Driver/Src/stm32f1xx_hal_adc.c ****       case HAL_ADC_MSPDEINIT_CB_ID :
 978:Drivers/STM32F1xx_HAL_Driver/Src/stm32f1xx_hal_adc.c ****         hadc->MspDeInitCallback = HAL_ADC_MspDeInit;               /* Legacy weak MspDeInit        
 979:Drivers/STM32F1xx_HAL_Driver/Src/stm32f1xx_hal_adc.c ****         break;
 980:Drivers/STM32F1xx_HAL_Driver/Src/stm32f1xx_hal_adc.c ****         
 981:Drivers/STM32F1xx_HAL_Driver/Src/stm32f1xx_hal_adc.c ****       default :
 982:Drivers/STM32F1xx_HAL_Driver/Src/stm32f1xx_hal_adc.c ****         /* Update the error code */
 983:Drivers/STM32F1xx_HAL_Driver/Src/stm32f1xx_hal_adc.c ****         hadc->ErrorCode |= HAL_ADC_ERROR_INVALID_CALLBACK;
 984:Drivers/STM32F1xx_HAL_Driver/Src/stm32f1xx_hal_adc.c ****         
 985:Drivers/STM32F1xx_HAL_Driver/Src/stm32f1xx_hal_adc.c ****         /* Return error status */
 986:Drivers/STM32F1xx_HAL_Driver/Src/stm32f1xx_hal_adc.c ****         status =  HAL_ERROR;
 987:Drivers/STM32F1xx_HAL_Driver/Src/stm32f1xx_hal_adc.c ****         break;
 988:Drivers/STM32F1xx_HAL_Driver/Src/stm32f1xx_hal_adc.c ****     }
 989:Drivers/STM32F1xx_HAL_Driver/Src/stm32f1xx_hal_adc.c ****   }
 990:Drivers/STM32F1xx_HAL_Driver/Src/stm32f1xx_hal_adc.c ****   else
 991:Drivers/STM32F1xx_HAL_Driver/Src/stm32f1xx_hal_adc.c ****   {
 992:Drivers/STM32F1xx_HAL_Driver/Src/stm32f1xx_hal_adc.c ****     /* Update the error code */
 993:Drivers/STM32F1xx_HAL_Driver/Src/stm32f1xx_hal_adc.c ****     hadc->ErrorCode |= HAL_ADC_ERROR_INVALID_CALLBACK;
 994:Drivers/STM32F1xx_HAL_Driver/Src/stm32f1xx_hal_adc.c ****     
 995:Drivers/STM32F1xx_HAL_Driver/Src/stm32f1xx_hal_adc.c ****     /* Return error status */
 996:Drivers/STM32F1xx_HAL_Driver/Src/stm32f1xx_hal_adc.c ****     status =  HAL_ERROR;
 997:Drivers/STM32F1xx_HAL_Driver/Src/stm32f1xx_hal_adc.c ****   }
 998:Drivers/STM32F1xx_HAL_Driver/Src/stm32f1xx_hal_adc.c ****   
 999:Drivers/STM32F1xx_HAL_Driver/Src/stm32f1xx_hal_adc.c ****   return status;
1000:Drivers/STM32F1xx_HAL_Driver/Src/stm32f1xx_hal_adc.c **** }
1001:Drivers/STM32F1xx_HAL_Driver/Src/stm32f1xx_hal_adc.c **** 
1002:Drivers/STM32F1xx_HAL_Driver/Src/stm32f1xx_hal_adc.c **** #endif /* USE_HAL_ADC_REGISTER_CALLBACKS */
1003:Drivers/STM32F1xx_HAL_Driver/Src/stm32f1xx_hal_adc.c **** 
1004:Drivers/STM32F1xx_HAL_Driver/Src/stm32f1xx_hal_adc.c **** /**
1005:Drivers/STM32F1xx_HAL_Driver/Src/stm32f1xx_hal_adc.c ****   * @}
1006:Drivers/STM32F1xx_HAL_Driver/Src/stm32f1xx_hal_adc.c ****   */
1007:Drivers/STM32F1xx_HAL_Driver/Src/stm32f1xx_hal_adc.c **** 
1008:Drivers/STM32F1xx_HAL_Driver/Src/stm32f1xx_hal_adc.c **** /** @defgroup ADC_Exported_Functions_Group2 IO operation functions
1009:Drivers/STM32F1xx_HAL_Driver/Src/stm32f1xx_hal_adc.c ****  *  @brief    Input and Output operation functions
1010:Drivers/STM32F1xx_HAL_Driver/Src/stm32f1xx_hal_adc.c ****  *
1011:Drivers/STM32F1xx_HAL_Driver/Src/stm32f1xx_hal_adc.c **** @verbatim   
1012:Drivers/STM32F1xx_HAL_Driver/Src/stm32f1xx_hal_adc.c ****  ===============================================================================
1013:Drivers/STM32F1xx_HAL_Driver/Src/stm32f1xx_hal_adc.c ****                       ##### IO operation functions #####
1014:Drivers/STM32F1xx_HAL_Driver/Src/stm32f1xx_hal_adc.c ****  ===============================================================================
1015:Drivers/STM32F1xx_HAL_Driver/Src/stm32f1xx_hal_adc.c ****     [..]  This section provides functions allowing to:
1016:Drivers/STM32F1xx_HAL_Driver/Src/stm32f1xx_hal_adc.c ****       (+) Start conversion of regular group.
1017:Drivers/STM32F1xx_HAL_Driver/Src/stm32f1xx_hal_adc.c ****       (+) Stop conversion of regular group.
1018:Drivers/STM32F1xx_HAL_Driver/Src/stm32f1xx_hal_adc.c ****       (+) Poll for conversion complete on regular group.
1019:Drivers/STM32F1xx_HAL_Driver/Src/stm32f1xx_hal_adc.c ****       (+) Poll for conversion event.
ARM GAS  /var/folders/y0/yl1wrqfd209ghqq3s8k8qc1m0000gn/T//cc8LbdIE.s 			page 20


1020:Drivers/STM32F1xx_HAL_Driver/Src/stm32f1xx_hal_adc.c ****       (+) Get result of regular channel conversion.
1021:Drivers/STM32F1xx_HAL_Driver/Src/stm32f1xx_hal_adc.c ****       (+) Start conversion of regular group and enable interruptions.
1022:Drivers/STM32F1xx_HAL_Driver/Src/stm32f1xx_hal_adc.c ****       (+) Stop conversion of regular group and disable interruptions.
1023:Drivers/STM32F1xx_HAL_Driver/Src/stm32f1xx_hal_adc.c ****       (+) Handle ADC interrupt request
1024:Drivers/STM32F1xx_HAL_Driver/Src/stm32f1xx_hal_adc.c ****       (+) Start conversion of regular group and enable DMA transfer.
1025:Drivers/STM32F1xx_HAL_Driver/Src/stm32f1xx_hal_adc.c ****       (+) Stop conversion of regular group and disable ADC DMA transfer.
1026:Drivers/STM32F1xx_HAL_Driver/Src/stm32f1xx_hal_adc.c **** @endverbatim
1027:Drivers/STM32F1xx_HAL_Driver/Src/stm32f1xx_hal_adc.c ****   * @{
1028:Drivers/STM32F1xx_HAL_Driver/Src/stm32f1xx_hal_adc.c ****   */
1029:Drivers/STM32F1xx_HAL_Driver/Src/stm32f1xx_hal_adc.c **** 
1030:Drivers/STM32F1xx_HAL_Driver/Src/stm32f1xx_hal_adc.c **** /**
1031:Drivers/STM32F1xx_HAL_Driver/Src/stm32f1xx_hal_adc.c ****   * @brief  Enables ADC, starts conversion of regular group.
1032:Drivers/STM32F1xx_HAL_Driver/Src/stm32f1xx_hal_adc.c ****   *         Interruptions enabled in this function: None.
1033:Drivers/STM32F1xx_HAL_Driver/Src/stm32f1xx_hal_adc.c ****   * @param  hadc: ADC handle
1034:Drivers/STM32F1xx_HAL_Driver/Src/stm32f1xx_hal_adc.c ****   * @retval HAL status
1035:Drivers/STM32F1xx_HAL_Driver/Src/stm32f1xx_hal_adc.c ****   */
1036:Drivers/STM32F1xx_HAL_Driver/Src/stm32f1xx_hal_adc.c **** HAL_StatusTypeDef HAL_ADC_Start(ADC_HandleTypeDef* hadc)
1037:Drivers/STM32F1xx_HAL_Driver/Src/stm32f1xx_hal_adc.c **** {
1038:Drivers/STM32F1xx_HAL_Driver/Src/stm32f1xx_hal_adc.c ****   HAL_StatusTypeDef tmp_hal_status = HAL_OK;
1039:Drivers/STM32F1xx_HAL_Driver/Src/stm32f1xx_hal_adc.c ****   
1040:Drivers/STM32F1xx_HAL_Driver/Src/stm32f1xx_hal_adc.c ****   /* Check the parameters */
1041:Drivers/STM32F1xx_HAL_Driver/Src/stm32f1xx_hal_adc.c ****   assert_param(IS_ADC_ALL_INSTANCE(hadc->Instance));
1042:Drivers/STM32F1xx_HAL_Driver/Src/stm32f1xx_hal_adc.c ****   
1043:Drivers/STM32F1xx_HAL_Driver/Src/stm32f1xx_hal_adc.c ****   /* Process locked */
1044:Drivers/STM32F1xx_HAL_Driver/Src/stm32f1xx_hal_adc.c ****   __HAL_LOCK(hadc);
1045:Drivers/STM32F1xx_HAL_Driver/Src/stm32f1xx_hal_adc.c ****    
1046:Drivers/STM32F1xx_HAL_Driver/Src/stm32f1xx_hal_adc.c ****   /* Enable the ADC peripheral */
1047:Drivers/STM32F1xx_HAL_Driver/Src/stm32f1xx_hal_adc.c ****   tmp_hal_status = ADC_Enable(hadc);
1048:Drivers/STM32F1xx_HAL_Driver/Src/stm32f1xx_hal_adc.c ****   
1049:Drivers/STM32F1xx_HAL_Driver/Src/stm32f1xx_hal_adc.c ****   /* Start conversion if ADC is effectively enabled */
1050:Drivers/STM32F1xx_HAL_Driver/Src/stm32f1xx_hal_adc.c ****   if (tmp_hal_status == HAL_OK)
1051:Drivers/STM32F1xx_HAL_Driver/Src/stm32f1xx_hal_adc.c ****   {
1052:Drivers/STM32F1xx_HAL_Driver/Src/stm32f1xx_hal_adc.c ****     /* Set ADC state                                                          */
1053:Drivers/STM32F1xx_HAL_Driver/Src/stm32f1xx_hal_adc.c ****     /* - Clear state bitfield related to regular group conversion results     */
1054:Drivers/STM32F1xx_HAL_Driver/Src/stm32f1xx_hal_adc.c ****     /* - Set state bitfield related to regular operation                      */
1055:Drivers/STM32F1xx_HAL_Driver/Src/stm32f1xx_hal_adc.c ****     ADC_STATE_CLR_SET(hadc->State,
1056:Drivers/STM32F1xx_HAL_Driver/Src/stm32f1xx_hal_adc.c ****                       HAL_ADC_STATE_READY | HAL_ADC_STATE_REG_EOC,
1057:Drivers/STM32F1xx_HAL_Driver/Src/stm32f1xx_hal_adc.c ****                       HAL_ADC_STATE_REG_BUSY);
1058:Drivers/STM32F1xx_HAL_Driver/Src/stm32f1xx_hal_adc.c ****     
1059:Drivers/STM32F1xx_HAL_Driver/Src/stm32f1xx_hal_adc.c ****     /* Set group injected state (from auto-injection) and multimode state     */
1060:Drivers/STM32F1xx_HAL_Driver/Src/stm32f1xx_hal_adc.c ****     /* for all cases of multimode: independent mode, multimode ADC master     */
1061:Drivers/STM32F1xx_HAL_Driver/Src/stm32f1xx_hal_adc.c ****     /* or multimode ADC slave (for devices with several ADCs):                */
1062:Drivers/STM32F1xx_HAL_Driver/Src/stm32f1xx_hal_adc.c ****     if (ADC_NONMULTIMODE_OR_MULTIMODEMASTER(hadc))
1063:Drivers/STM32F1xx_HAL_Driver/Src/stm32f1xx_hal_adc.c ****     {
1064:Drivers/STM32F1xx_HAL_Driver/Src/stm32f1xx_hal_adc.c ****       /* Set ADC state (ADC independent or master) */
1065:Drivers/STM32F1xx_HAL_Driver/Src/stm32f1xx_hal_adc.c ****       CLEAR_BIT(hadc->State, HAL_ADC_STATE_MULTIMODE_SLAVE);
1066:Drivers/STM32F1xx_HAL_Driver/Src/stm32f1xx_hal_adc.c ****       
1067:Drivers/STM32F1xx_HAL_Driver/Src/stm32f1xx_hal_adc.c ****       /* If conversions on group regular are also triggering group injected,  */
1068:Drivers/STM32F1xx_HAL_Driver/Src/stm32f1xx_hal_adc.c ****       /* update ADC state.                                                    */
1069:Drivers/STM32F1xx_HAL_Driver/Src/stm32f1xx_hal_adc.c ****       if (READ_BIT(hadc->Instance->CR1, ADC_CR1_JAUTO) != RESET)
1070:Drivers/STM32F1xx_HAL_Driver/Src/stm32f1xx_hal_adc.c ****       {
1071:Drivers/STM32F1xx_HAL_Driver/Src/stm32f1xx_hal_adc.c ****         ADC_STATE_CLR_SET(hadc->State, HAL_ADC_STATE_INJ_EOC, HAL_ADC_STATE_INJ_BUSY);  
1072:Drivers/STM32F1xx_HAL_Driver/Src/stm32f1xx_hal_adc.c ****       }
1073:Drivers/STM32F1xx_HAL_Driver/Src/stm32f1xx_hal_adc.c ****     }
1074:Drivers/STM32F1xx_HAL_Driver/Src/stm32f1xx_hal_adc.c ****     else
1075:Drivers/STM32F1xx_HAL_Driver/Src/stm32f1xx_hal_adc.c ****     {
1076:Drivers/STM32F1xx_HAL_Driver/Src/stm32f1xx_hal_adc.c ****       /* Set ADC state (ADC slave) */
ARM GAS  /var/folders/y0/yl1wrqfd209ghqq3s8k8qc1m0000gn/T//cc8LbdIE.s 			page 21


1077:Drivers/STM32F1xx_HAL_Driver/Src/stm32f1xx_hal_adc.c ****       SET_BIT(hadc->State, HAL_ADC_STATE_MULTIMODE_SLAVE);
1078:Drivers/STM32F1xx_HAL_Driver/Src/stm32f1xx_hal_adc.c ****       
1079:Drivers/STM32F1xx_HAL_Driver/Src/stm32f1xx_hal_adc.c ****       /* If conversions on group regular are also triggering group injected,  */
1080:Drivers/STM32F1xx_HAL_Driver/Src/stm32f1xx_hal_adc.c ****       /* update ADC state.                                                    */
1081:Drivers/STM32F1xx_HAL_Driver/Src/stm32f1xx_hal_adc.c ****       if (ADC_MULTIMODE_AUTO_INJECTED(hadc))
1082:Drivers/STM32F1xx_HAL_Driver/Src/stm32f1xx_hal_adc.c ****       {
1083:Drivers/STM32F1xx_HAL_Driver/Src/stm32f1xx_hal_adc.c ****         ADC_STATE_CLR_SET(hadc->State, HAL_ADC_STATE_INJ_EOC, HAL_ADC_STATE_INJ_BUSY);
1084:Drivers/STM32F1xx_HAL_Driver/Src/stm32f1xx_hal_adc.c ****       }
1085:Drivers/STM32F1xx_HAL_Driver/Src/stm32f1xx_hal_adc.c ****     }
1086:Drivers/STM32F1xx_HAL_Driver/Src/stm32f1xx_hal_adc.c ****     
1087:Drivers/STM32F1xx_HAL_Driver/Src/stm32f1xx_hal_adc.c ****     /* State machine update: Check if an injected conversion is ongoing */
1088:Drivers/STM32F1xx_HAL_Driver/Src/stm32f1xx_hal_adc.c ****     if (HAL_IS_BIT_SET(hadc->State, HAL_ADC_STATE_INJ_BUSY))
1089:Drivers/STM32F1xx_HAL_Driver/Src/stm32f1xx_hal_adc.c ****     {
1090:Drivers/STM32F1xx_HAL_Driver/Src/stm32f1xx_hal_adc.c ****       /* Reset ADC error code fields related to conversions on group regular */
1091:Drivers/STM32F1xx_HAL_Driver/Src/stm32f1xx_hal_adc.c ****       CLEAR_BIT(hadc->ErrorCode, (HAL_ADC_ERROR_OVR | HAL_ADC_ERROR_DMA));         
1092:Drivers/STM32F1xx_HAL_Driver/Src/stm32f1xx_hal_adc.c ****     }
1093:Drivers/STM32F1xx_HAL_Driver/Src/stm32f1xx_hal_adc.c ****     else
1094:Drivers/STM32F1xx_HAL_Driver/Src/stm32f1xx_hal_adc.c ****     {
1095:Drivers/STM32F1xx_HAL_Driver/Src/stm32f1xx_hal_adc.c ****       /* Reset ADC all error code fields */
1096:Drivers/STM32F1xx_HAL_Driver/Src/stm32f1xx_hal_adc.c ****       ADC_CLEAR_ERRORCODE(hadc);
1097:Drivers/STM32F1xx_HAL_Driver/Src/stm32f1xx_hal_adc.c ****     }
1098:Drivers/STM32F1xx_HAL_Driver/Src/stm32f1xx_hal_adc.c ****     
1099:Drivers/STM32F1xx_HAL_Driver/Src/stm32f1xx_hal_adc.c ****     /* Process unlocked */
1100:Drivers/STM32F1xx_HAL_Driver/Src/stm32f1xx_hal_adc.c ****     /* Unlock before starting ADC conversions: in case of potential           */
1101:Drivers/STM32F1xx_HAL_Driver/Src/stm32f1xx_hal_adc.c ****     /* interruption, to let the process to ADC IRQ Handler.                   */
1102:Drivers/STM32F1xx_HAL_Driver/Src/stm32f1xx_hal_adc.c ****     __HAL_UNLOCK(hadc);
1103:Drivers/STM32F1xx_HAL_Driver/Src/stm32f1xx_hal_adc.c ****   
1104:Drivers/STM32F1xx_HAL_Driver/Src/stm32f1xx_hal_adc.c ****     /* Clear regular group conversion flag */
1105:Drivers/STM32F1xx_HAL_Driver/Src/stm32f1xx_hal_adc.c ****     /* (To ensure of no unknown state from potential previous ADC operations) */
1106:Drivers/STM32F1xx_HAL_Driver/Src/stm32f1xx_hal_adc.c ****     __HAL_ADC_CLEAR_FLAG(hadc, ADC_FLAG_EOC);
1107:Drivers/STM32F1xx_HAL_Driver/Src/stm32f1xx_hal_adc.c ****     
1108:Drivers/STM32F1xx_HAL_Driver/Src/stm32f1xx_hal_adc.c ****     /* Enable conversion of regular group.                                    */
1109:Drivers/STM32F1xx_HAL_Driver/Src/stm32f1xx_hal_adc.c ****     /* If software start has been selected, conversion starts immediately.    */
1110:Drivers/STM32F1xx_HAL_Driver/Src/stm32f1xx_hal_adc.c ****     /* If external trigger has been selected, conversion will start at next   */
1111:Drivers/STM32F1xx_HAL_Driver/Src/stm32f1xx_hal_adc.c ****     /* trigger event.                                                         */
1112:Drivers/STM32F1xx_HAL_Driver/Src/stm32f1xx_hal_adc.c ****     /* Case of multimode enabled:                                             */ 
1113:Drivers/STM32F1xx_HAL_Driver/Src/stm32f1xx_hal_adc.c ****     /*  - if ADC is slave, ADC is enabled only (conversion is not started).   */
1114:Drivers/STM32F1xx_HAL_Driver/Src/stm32f1xx_hal_adc.c ****     /*  - if ADC is master, ADC is enabled and conversion is started.         */
1115:Drivers/STM32F1xx_HAL_Driver/Src/stm32f1xx_hal_adc.c ****     /* If ADC is master, ADC is enabled and conversion is started.            */
1116:Drivers/STM32F1xx_HAL_Driver/Src/stm32f1xx_hal_adc.c ****     /* Note: Alternate trigger for single conversion could be to force an     */
1117:Drivers/STM32F1xx_HAL_Driver/Src/stm32f1xx_hal_adc.c ****     /*       additional set of bit ADON "hadc->Instance->CR2 |= ADC_CR2_ADON;"*/
1118:Drivers/STM32F1xx_HAL_Driver/Src/stm32f1xx_hal_adc.c ****     if (ADC_IS_SOFTWARE_START_REGULAR(hadc)      &&
1119:Drivers/STM32F1xx_HAL_Driver/Src/stm32f1xx_hal_adc.c ****         ADC_NONMULTIMODE_OR_MULTIMODEMASTER(hadc)  )
1120:Drivers/STM32F1xx_HAL_Driver/Src/stm32f1xx_hal_adc.c ****     {
1121:Drivers/STM32F1xx_HAL_Driver/Src/stm32f1xx_hal_adc.c ****       /* Start ADC conversion on regular group with SW start */
1122:Drivers/STM32F1xx_HAL_Driver/Src/stm32f1xx_hal_adc.c ****       SET_BIT(hadc->Instance->CR2, (ADC_CR2_SWSTART | ADC_CR2_EXTTRIG));
1123:Drivers/STM32F1xx_HAL_Driver/Src/stm32f1xx_hal_adc.c ****     }
1124:Drivers/STM32F1xx_HAL_Driver/Src/stm32f1xx_hal_adc.c ****     else
1125:Drivers/STM32F1xx_HAL_Driver/Src/stm32f1xx_hal_adc.c ****     {
1126:Drivers/STM32F1xx_HAL_Driver/Src/stm32f1xx_hal_adc.c ****       /* Start ADC conversion on regular group with external trigger */
1127:Drivers/STM32F1xx_HAL_Driver/Src/stm32f1xx_hal_adc.c ****       SET_BIT(hadc->Instance->CR2, ADC_CR2_EXTTRIG);
1128:Drivers/STM32F1xx_HAL_Driver/Src/stm32f1xx_hal_adc.c ****     }
1129:Drivers/STM32F1xx_HAL_Driver/Src/stm32f1xx_hal_adc.c ****   }
1130:Drivers/STM32F1xx_HAL_Driver/Src/stm32f1xx_hal_adc.c ****   else
1131:Drivers/STM32F1xx_HAL_Driver/Src/stm32f1xx_hal_adc.c ****   {
1132:Drivers/STM32F1xx_HAL_Driver/Src/stm32f1xx_hal_adc.c ****     /* Process unlocked */
1133:Drivers/STM32F1xx_HAL_Driver/Src/stm32f1xx_hal_adc.c ****     __HAL_UNLOCK(hadc);
ARM GAS  /var/folders/y0/yl1wrqfd209ghqq3s8k8qc1m0000gn/T//cc8LbdIE.s 			page 22


1134:Drivers/STM32F1xx_HAL_Driver/Src/stm32f1xx_hal_adc.c ****   }
1135:Drivers/STM32F1xx_HAL_Driver/Src/stm32f1xx_hal_adc.c ****     
1136:Drivers/STM32F1xx_HAL_Driver/Src/stm32f1xx_hal_adc.c ****   /* Return function status */
1137:Drivers/STM32F1xx_HAL_Driver/Src/stm32f1xx_hal_adc.c ****   return tmp_hal_status;
1138:Drivers/STM32F1xx_HAL_Driver/Src/stm32f1xx_hal_adc.c **** }
1139:Drivers/STM32F1xx_HAL_Driver/Src/stm32f1xx_hal_adc.c **** 
1140:Drivers/STM32F1xx_HAL_Driver/Src/stm32f1xx_hal_adc.c **** /**
1141:Drivers/STM32F1xx_HAL_Driver/Src/stm32f1xx_hal_adc.c ****   * @brief  Stop ADC conversion of regular group (and injected channels in 
1142:Drivers/STM32F1xx_HAL_Driver/Src/stm32f1xx_hal_adc.c ****   *         case of auto_injection mode), disable ADC peripheral.
1143:Drivers/STM32F1xx_HAL_Driver/Src/stm32f1xx_hal_adc.c ****   * @note:  ADC peripheral disable is forcing stop of potential 
1144:Drivers/STM32F1xx_HAL_Driver/Src/stm32f1xx_hal_adc.c ****   *         conversion on injected group. If injected group is under use, it
1145:Drivers/STM32F1xx_HAL_Driver/Src/stm32f1xx_hal_adc.c ****   *         should be preliminarily stopped using HAL_ADCEx_InjectedStop function.
1146:Drivers/STM32F1xx_HAL_Driver/Src/stm32f1xx_hal_adc.c ****   * @param  hadc: ADC handle
1147:Drivers/STM32F1xx_HAL_Driver/Src/stm32f1xx_hal_adc.c ****   * @retval HAL status.
1148:Drivers/STM32F1xx_HAL_Driver/Src/stm32f1xx_hal_adc.c ****   */
1149:Drivers/STM32F1xx_HAL_Driver/Src/stm32f1xx_hal_adc.c **** HAL_StatusTypeDef HAL_ADC_Stop(ADC_HandleTypeDef* hadc)
1150:Drivers/STM32F1xx_HAL_Driver/Src/stm32f1xx_hal_adc.c **** {
1151:Drivers/STM32F1xx_HAL_Driver/Src/stm32f1xx_hal_adc.c ****   HAL_StatusTypeDef tmp_hal_status = HAL_OK;
1152:Drivers/STM32F1xx_HAL_Driver/Src/stm32f1xx_hal_adc.c ****   
1153:Drivers/STM32F1xx_HAL_Driver/Src/stm32f1xx_hal_adc.c ****   /* Check the parameters */
1154:Drivers/STM32F1xx_HAL_Driver/Src/stm32f1xx_hal_adc.c ****   assert_param(IS_ADC_ALL_INSTANCE(hadc->Instance));
1155:Drivers/STM32F1xx_HAL_Driver/Src/stm32f1xx_hal_adc.c ****      
1156:Drivers/STM32F1xx_HAL_Driver/Src/stm32f1xx_hal_adc.c ****   /* Process locked */
1157:Drivers/STM32F1xx_HAL_Driver/Src/stm32f1xx_hal_adc.c ****   __HAL_LOCK(hadc);
1158:Drivers/STM32F1xx_HAL_Driver/Src/stm32f1xx_hal_adc.c ****   
1159:Drivers/STM32F1xx_HAL_Driver/Src/stm32f1xx_hal_adc.c ****   /* Stop potential conversion on going, on regular and injected groups */
1160:Drivers/STM32F1xx_HAL_Driver/Src/stm32f1xx_hal_adc.c ****   /* Disable ADC peripheral */
1161:Drivers/STM32F1xx_HAL_Driver/Src/stm32f1xx_hal_adc.c ****   tmp_hal_status = ADC_ConversionStop_Disable(hadc);
1162:Drivers/STM32F1xx_HAL_Driver/Src/stm32f1xx_hal_adc.c ****   
1163:Drivers/STM32F1xx_HAL_Driver/Src/stm32f1xx_hal_adc.c ****   /* Check if ADC is effectively disabled */
1164:Drivers/STM32F1xx_HAL_Driver/Src/stm32f1xx_hal_adc.c ****   if (tmp_hal_status == HAL_OK)
1165:Drivers/STM32F1xx_HAL_Driver/Src/stm32f1xx_hal_adc.c ****   {
1166:Drivers/STM32F1xx_HAL_Driver/Src/stm32f1xx_hal_adc.c ****     /* Set ADC state */
1167:Drivers/STM32F1xx_HAL_Driver/Src/stm32f1xx_hal_adc.c ****     ADC_STATE_CLR_SET(hadc->State,
1168:Drivers/STM32F1xx_HAL_Driver/Src/stm32f1xx_hal_adc.c ****                       HAL_ADC_STATE_REG_BUSY | HAL_ADC_STATE_INJ_BUSY,
1169:Drivers/STM32F1xx_HAL_Driver/Src/stm32f1xx_hal_adc.c ****                       HAL_ADC_STATE_READY);
1170:Drivers/STM32F1xx_HAL_Driver/Src/stm32f1xx_hal_adc.c ****   }
1171:Drivers/STM32F1xx_HAL_Driver/Src/stm32f1xx_hal_adc.c ****   
1172:Drivers/STM32F1xx_HAL_Driver/Src/stm32f1xx_hal_adc.c ****   /* Process unlocked */
1173:Drivers/STM32F1xx_HAL_Driver/Src/stm32f1xx_hal_adc.c ****   __HAL_UNLOCK(hadc);
1174:Drivers/STM32F1xx_HAL_Driver/Src/stm32f1xx_hal_adc.c ****   
1175:Drivers/STM32F1xx_HAL_Driver/Src/stm32f1xx_hal_adc.c ****   /* Return function status */
1176:Drivers/STM32F1xx_HAL_Driver/Src/stm32f1xx_hal_adc.c ****   return tmp_hal_status;
1177:Drivers/STM32F1xx_HAL_Driver/Src/stm32f1xx_hal_adc.c **** }
1178:Drivers/STM32F1xx_HAL_Driver/Src/stm32f1xx_hal_adc.c **** 
1179:Drivers/STM32F1xx_HAL_Driver/Src/stm32f1xx_hal_adc.c **** /**
1180:Drivers/STM32F1xx_HAL_Driver/Src/stm32f1xx_hal_adc.c ****   * @brief  Wait for regular group conversion to be completed.
1181:Drivers/STM32F1xx_HAL_Driver/Src/stm32f1xx_hal_adc.c ****   * @note   This function cannot be used in a particular setup: ADC configured 
1182:Drivers/STM32F1xx_HAL_Driver/Src/stm32f1xx_hal_adc.c ****   *         in DMA mode.
1183:Drivers/STM32F1xx_HAL_Driver/Src/stm32f1xx_hal_adc.c ****   *         In this case, DMA resets the flag EOC and polling cannot be
1184:Drivers/STM32F1xx_HAL_Driver/Src/stm32f1xx_hal_adc.c ****   *         performed on each conversion.
1185:Drivers/STM32F1xx_HAL_Driver/Src/stm32f1xx_hal_adc.c ****   * @note   On STM32F1 devices, limitation in case of sequencer enabled
1186:Drivers/STM32F1xx_HAL_Driver/Src/stm32f1xx_hal_adc.c ****   *         (several ranks selected): polling cannot be done on each 
1187:Drivers/STM32F1xx_HAL_Driver/Src/stm32f1xx_hal_adc.c ****   *         conversion inside the sequence. In this case, polling is replaced by
1188:Drivers/STM32F1xx_HAL_Driver/Src/stm32f1xx_hal_adc.c ****   *         wait for maximum conversion time.
1189:Drivers/STM32F1xx_HAL_Driver/Src/stm32f1xx_hal_adc.c ****   * @param  hadc: ADC handle
1190:Drivers/STM32F1xx_HAL_Driver/Src/stm32f1xx_hal_adc.c ****   * @param  Timeout: Timeout value in millisecond.
ARM GAS  /var/folders/y0/yl1wrqfd209ghqq3s8k8qc1m0000gn/T//cc8LbdIE.s 			page 23


1191:Drivers/STM32F1xx_HAL_Driver/Src/stm32f1xx_hal_adc.c ****   * @retval HAL status
1192:Drivers/STM32F1xx_HAL_Driver/Src/stm32f1xx_hal_adc.c ****   */
1193:Drivers/STM32F1xx_HAL_Driver/Src/stm32f1xx_hal_adc.c **** HAL_StatusTypeDef HAL_ADC_PollForConversion(ADC_HandleTypeDef* hadc, uint32_t Timeout)
1194:Drivers/STM32F1xx_HAL_Driver/Src/stm32f1xx_hal_adc.c **** {
  70              		.loc 1 1194 1 is_stmt 1 view -0
  71              		.cfi_startproc
  72              		@ args = 0, pretend = 0, frame = 8
  73              		@ frame_needed = 0, uses_anonymous_args = 0
  74              		.loc 1 1194 1 is_stmt 0 view .LVU7
  75 0000 F0B5     		push	{r4, r5, r6, r7, lr}
  76              	.LCFI0:
  77              		.cfi_def_cfa_offset 20
  78              		.cfi_offset 4, -20
  79              		.cfi_offset 5, -16
  80              		.cfi_offset 6, -12
  81              		.cfi_offset 7, -8
  82              		.cfi_offset 14, -4
  83 0002 83B0     		sub	sp, sp, #12
  84              	.LCFI1:
  85              		.cfi_def_cfa_offset 32
  86 0004 0546     		mov	r5, r0
  87 0006 0C46     		mov	r4, r1
1195:Drivers/STM32F1xx_HAL_Driver/Src/stm32f1xx_hal_adc.c ****   uint32_t tickstart = 0U;
  88              		.loc 1 1195 3 is_stmt 1 view .LVU8
  89              	.LVL3:
1196:Drivers/STM32F1xx_HAL_Driver/Src/stm32f1xx_hal_adc.c ****   
1197:Drivers/STM32F1xx_HAL_Driver/Src/stm32f1xx_hal_adc.c ****   /* Variables for polling in case of scan mode enabled and polling for each  */
1198:Drivers/STM32F1xx_HAL_Driver/Src/stm32f1xx_hal_adc.c ****   /* conversion.                                                              */
1199:Drivers/STM32F1xx_HAL_Driver/Src/stm32f1xx_hal_adc.c ****   __IO uint32_t Conversion_Timeout_CPU_cycles = 0U;
  90              		.loc 1 1199 3 view .LVU9
  91              		.loc 1 1199 17 is_stmt 0 view .LVU10
  92 0008 0023     		movs	r3, #0
  93 000a 0193     		str	r3, [sp, #4]
1200:Drivers/STM32F1xx_HAL_Driver/Src/stm32f1xx_hal_adc.c ****   uint32_t Conversion_Timeout_CPU_cycles_max = 0U;
  94              		.loc 1 1200 3 is_stmt 1 view .LVU11
  95              	.LVL4:
1201:Drivers/STM32F1xx_HAL_Driver/Src/stm32f1xx_hal_adc.c ****  
1202:Drivers/STM32F1xx_HAL_Driver/Src/stm32f1xx_hal_adc.c ****   /* Check the parameters */
1203:Drivers/STM32F1xx_HAL_Driver/Src/stm32f1xx_hal_adc.c ****   assert_param(IS_ADC_ALL_INSTANCE(hadc->Instance));
  96              		.loc 1 1203 3 view .LVU12
1204:Drivers/STM32F1xx_HAL_Driver/Src/stm32f1xx_hal_adc.c ****   
1205:Drivers/STM32F1xx_HAL_Driver/Src/stm32f1xx_hal_adc.c ****   /* Get tick count */
1206:Drivers/STM32F1xx_HAL_Driver/Src/stm32f1xx_hal_adc.c ****   tickstart = HAL_GetTick();
  97              		.loc 1 1206 3 view .LVU13
  98              		.loc 1 1206 15 is_stmt 0 view .LVU14
  99 000c FFF7FEFF 		bl	HAL_GetTick
 100              	.LVL5:
1207:Drivers/STM32F1xx_HAL_Driver/Src/stm32f1xx_hal_adc.c ****   
1208:Drivers/STM32F1xx_HAL_Driver/Src/stm32f1xx_hal_adc.c ****   /* Verification that ADC configuration is compliant with polling for        */
1209:Drivers/STM32F1xx_HAL_Driver/Src/stm32f1xx_hal_adc.c ****   /* each conversion:                                                         */
1210:Drivers/STM32F1xx_HAL_Driver/Src/stm32f1xx_hal_adc.c ****   /* Particular case is ADC configured in DMA mode                            */
1211:Drivers/STM32F1xx_HAL_Driver/Src/stm32f1xx_hal_adc.c ****   if (HAL_IS_BIT_SET(hadc->Instance->CR2, ADC_CR2_DMA))
 101              		.loc 1 1211 3 is_stmt 1 view .LVU15
 102              		.loc 1 1211 7 is_stmt 0 view .LVU16
 103 0010 2B68     		ldr	r3, [r5]
 104 0012 9A68     		ldr	r2, [r3, #8]
 105              		.loc 1 1211 6 view .LVU17
ARM GAS  /var/folders/y0/yl1wrqfd209ghqq3s8k8qc1m0000gn/T//cc8LbdIE.s 			page 24


 106 0014 12F4807F 		tst	r2, #256
 107 0018 23D1     		bne	.L28
 108 001a 0746     		mov	r7, r0
1212:Drivers/STM32F1xx_HAL_Driver/Src/stm32f1xx_hal_adc.c ****   {
1213:Drivers/STM32F1xx_HAL_Driver/Src/stm32f1xx_hal_adc.c ****     /* Update ADC state machine to error */
1214:Drivers/STM32F1xx_HAL_Driver/Src/stm32f1xx_hal_adc.c ****     SET_BIT(hadc->State, HAL_ADC_STATE_ERROR_CONFIG);
1215:Drivers/STM32F1xx_HAL_Driver/Src/stm32f1xx_hal_adc.c ****     
1216:Drivers/STM32F1xx_HAL_Driver/Src/stm32f1xx_hal_adc.c ****     /* Process unlocked */
1217:Drivers/STM32F1xx_HAL_Driver/Src/stm32f1xx_hal_adc.c ****     __HAL_UNLOCK(hadc);
1218:Drivers/STM32F1xx_HAL_Driver/Src/stm32f1xx_hal_adc.c ****     
1219:Drivers/STM32F1xx_HAL_Driver/Src/stm32f1xx_hal_adc.c ****     return HAL_ERROR;
1220:Drivers/STM32F1xx_HAL_Driver/Src/stm32f1xx_hal_adc.c ****   }
1221:Drivers/STM32F1xx_HAL_Driver/Src/stm32f1xx_hal_adc.c ****   
1222:Drivers/STM32F1xx_HAL_Driver/Src/stm32f1xx_hal_adc.c ****   /* Polling for end of conversion: differentiation if single/sequence        */
1223:Drivers/STM32F1xx_HAL_Driver/Src/stm32f1xx_hal_adc.c ****   /* conversion.                                                              */
1224:Drivers/STM32F1xx_HAL_Driver/Src/stm32f1xx_hal_adc.c ****   /*  - If single conversion for regular group (Scan mode disabled or enabled */
1225:Drivers/STM32F1xx_HAL_Driver/Src/stm32f1xx_hal_adc.c ****   /*    with NbrOfConversion =1), flag EOC is used to determine the           */
1226:Drivers/STM32F1xx_HAL_Driver/Src/stm32f1xx_hal_adc.c ****   /*    conversion completion.                                                */
1227:Drivers/STM32F1xx_HAL_Driver/Src/stm32f1xx_hal_adc.c ****   /*  - If sequence conversion for regular group (scan mode enabled and       */
1228:Drivers/STM32F1xx_HAL_Driver/Src/stm32f1xx_hal_adc.c ****   /*    NbrOfConversion >=2), flag EOC is set only at the end of the          */
1229:Drivers/STM32F1xx_HAL_Driver/Src/stm32f1xx_hal_adc.c ****   /*    sequence.                                                             */
1230:Drivers/STM32F1xx_HAL_Driver/Src/stm32f1xx_hal_adc.c ****   /*    To poll for each conversion, the maximum conversion time is computed  */
1231:Drivers/STM32F1xx_HAL_Driver/Src/stm32f1xx_hal_adc.c ****   /*    from ADC conversion time (selected sampling time + conversion time of */
1232:Drivers/STM32F1xx_HAL_Driver/Src/stm32f1xx_hal_adc.c ****   /*    12.5 ADC clock cycles) and APB2/ADC clock prescalers (depending on    */
1233:Drivers/STM32F1xx_HAL_Driver/Src/stm32f1xx_hal_adc.c ****   /*    settings, conversion time range can be from 28 to 32256 CPU cycles).  */
1234:Drivers/STM32F1xx_HAL_Driver/Src/stm32f1xx_hal_adc.c ****   /*    As flag EOC is not set after each conversion, no timeout status can   */
1235:Drivers/STM32F1xx_HAL_Driver/Src/stm32f1xx_hal_adc.c ****   /*    be set.                                                               */
1236:Drivers/STM32F1xx_HAL_Driver/Src/stm32f1xx_hal_adc.c ****   if (HAL_IS_BIT_CLR(hadc->Instance->CR1, ADC_CR1_SCAN) &&
 109              		.loc 1 1236 3 is_stmt 1 view .LVU18
 110              		.loc 1 1236 7 is_stmt 0 view .LVU19
 111 001c 5A68     		ldr	r2, [r3, #4]
 112              		.loc 1 1236 6 view .LVU20
 113 001e 12F4807F 		tst	r2, #256
 114 0022 03D1     		bne	.L6
1237:Drivers/STM32F1xx_HAL_Driver/Src/stm32f1xx_hal_adc.c ****       HAL_IS_BIT_CLR(hadc->Instance->SQR1, ADC_SQR1_L)    )
 115              		.loc 1 1237 7 view .LVU21
 116 0024 DB6A     		ldr	r3, [r3, #44]
1236:Drivers/STM32F1xx_HAL_Driver/Src/stm32f1xx_hal_adc.c ****       HAL_IS_BIT_CLR(hadc->Instance->SQR1, ADC_SQR1_L)    )
 117              		.loc 1 1236 57 discriminator 1 view .LVU22
 118 0026 13F4700F 		tst	r3, #15728640
 119 002a 29D0     		beq	.L8
 120              	.L6:
1238:Drivers/STM32F1xx_HAL_Driver/Src/stm32f1xx_hal_adc.c ****   {
1239:Drivers/STM32F1xx_HAL_Driver/Src/stm32f1xx_hal_adc.c ****     /* Wait until End of Conversion flag is raised */
1240:Drivers/STM32F1xx_HAL_Driver/Src/stm32f1xx_hal_adc.c ****     while(HAL_IS_BIT_CLR(hadc->Instance->SR, ADC_FLAG_EOC))
1241:Drivers/STM32F1xx_HAL_Driver/Src/stm32f1xx_hal_adc.c ****     {
1242:Drivers/STM32F1xx_HAL_Driver/Src/stm32f1xx_hal_adc.c ****       /* Check if timeout is disabled (set to infinite wait) */
1243:Drivers/STM32F1xx_HAL_Driver/Src/stm32f1xx_hal_adc.c ****       if(Timeout != HAL_MAX_DELAY)
1244:Drivers/STM32F1xx_HAL_Driver/Src/stm32f1xx_hal_adc.c ****       {
1245:Drivers/STM32F1xx_HAL_Driver/Src/stm32f1xx_hal_adc.c ****         if((Timeout == 0U) || ((HAL_GetTick() - tickstart ) > Timeout))
1246:Drivers/STM32F1xx_HAL_Driver/Src/stm32f1xx_hal_adc.c ****         {
1247:Drivers/STM32F1xx_HAL_Driver/Src/stm32f1xx_hal_adc.c ****           /* New check to avoid false timeout detection in case of preemption */
1248:Drivers/STM32F1xx_HAL_Driver/Src/stm32f1xx_hal_adc.c ****           if(HAL_IS_BIT_CLR(hadc->Instance->SR, ADC_FLAG_EOC))
1249:Drivers/STM32F1xx_HAL_Driver/Src/stm32f1xx_hal_adc.c ****           {
1250:Drivers/STM32F1xx_HAL_Driver/Src/stm32f1xx_hal_adc.c ****             /* Update ADC state machine to timeout */
1251:Drivers/STM32F1xx_HAL_Driver/Src/stm32f1xx_hal_adc.c ****             SET_BIT(hadc->State, HAL_ADC_STATE_TIMEOUT);
1252:Drivers/STM32F1xx_HAL_Driver/Src/stm32f1xx_hal_adc.c ****             
ARM GAS  /var/folders/y0/yl1wrqfd209ghqq3s8k8qc1m0000gn/T//cc8LbdIE.s 			page 25


1253:Drivers/STM32F1xx_HAL_Driver/Src/stm32f1xx_hal_adc.c ****             /* Process unlocked */
1254:Drivers/STM32F1xx_HAL_Driver/Src/stm32f1xx_hal_adc.c ****             __HAL_UNLOCK(hadc);
1255:Drivers/STM32F1xx_HAL_Driver/Src/stm32f1xx_hal_adc.c ****             
1256:Drivers/STM32F1xx_HAL_Driver/Src/stm32f1xx_hal_adc.c ****             return HAL_TIMEOUT;
1257:Drivers/STM32F1xx_HAL_Driver/Src/stm32f1xx_hal_adc.c ****           }
1258:Drivers/STM32F1xx_HAL_Driver/Src/stm32f1xx_hal_adc.c ****         }
1259:Drivers/STM32F1xx_HAL_Driver/Src/stm32f1xx_hal_adc.c ****       }
1260:Drivers/STM32F1xx_HAL_Driver/Src/stm32f1xx_hal_adc.c ****     }
1261:Drivers/STM32F1xx_HAL_Driver/Src/stm32f1xx_hal_adc.c ****   }
1262:Drivers/STM32F1xx_HAL_Driver/Src/stm32f1xx_hal_adc.c ****   else
1263:Drivers/STM32F1xx_HAL_Driver/Src/stm32f1xx_hal_adc.c ****   {
1264:Drivers/STM32F1xx_HAL_Driver/Src/stm32f1xx_hal_adc.c ****     /* Replace polling by wait for maximum conversion time */
1265:Drivers/STM32F1xx_HAL_Driver/Src/stm32f1xx_hal_adc.c ****     /*  - Computation of CPU clock cycles corresponding to ADC clock cycles   */
1266:Drivers/STM32F1xx_HAL_Driver/Src/stm32f1xx_hal_adc.c ****     /*    and ADC maximum conversion cycles on all channels.                  */
1267:Drivers/STM32F1xx_HAL_Driver/Src/stm32f1xx_hal_adc.c ****     /*  - Wait for the expected ADC clock cycles delay                        */
1268:Drivers/STM32F1xx_HAL_Driver/Src/stm32f1xx_hal_adc.c ****     Conversion_Timeout_CPU_cycles_max = ((SystemCoreClock
 121              		.loc 1 1268 5 is_stmt 1 view .LVU23
1269:Drivers/STM32F1xx_HAL_Driver/Src/stm32f1xx_hal_adc.c ****                                           / HAL_RCCEx_GetPeriphCLKFreq(RCC_PERIPHCLK_ADC))
 122              		.loc 1 1269 43 is_stmt 0 view .LVU24
 123 002c 504B     		ldr	r3, .L32
 124 002e 1E68     		ldr	r6, [r3]
 125              		.loc 1 1269 45 view .LVU25
 126 0030 0220     		movs	r0, #2
 127              	.LVL6:
 128              		.loc 1 1269 45 view .LVU26
 129 0032 FFF7FEFF 		bl	HAL_RCCEx_GetPeriphCLKFreq
 130              	.LVL7:
 131              		.loc 1 1269 43 discriminator 1 view .LVU27
 132 0036 B6FBF0F6 		udiv	r6, r6, r0
1270:Drivers/STM32F1xx_HAL_Driver/Src/stm32f1xx_hal_adc.c ****                                          * ADC_CONVCYCLES_MAX_RANGE(hadc)                 );
 133              		.loc 1 1270 44 view .LVU28
 134 003a 2B68     		ldr	r3, [r5]
 135 003c 1969     		ldr	r1, [r3, #16]
 136 003e 4D4A     		ldr	r2, .L32+4
 137 0040 1142     		tst	r1, r2
 138 0042 36D1     		bne	.L13
 139              		.loc 1 1270 44 discriminator 1 view .LVU29
 140 0044 D968     		ldr	r1, [r3, #12]
 141 0046 02F15C42 		add	r2, r2, #-603979776
 142 004a 1142     		tst	r1, r2
 143 004c 31D1     		bne	.L13
 144              		.loc 1 1270 44 discriminator 3 view .LVU30
 145 004e 1969     		ldr	r1, [r3, #16]
 146 0050 494A     		ldr	r2, .L32+8
 147 0052 1142     		tst	r1, r2
 148 0054 40D1     		bne	.L20
 149              		.loc 1 1270 44 discriminator 5 view .LVU31
 150 0056 DA68     		ldr	r2, [r3, #12]
 151 0058 484B     		ldr	r3, .L32+12
 152 005a 1A42     		tst	r2, r3
 153 005c 3ED0     		beq	.L21
 154              		.loc 1 1270 44 discriminator 8 view .LVU32
 155 005e 2923     		movs	r3, #41
 156 0060 41E0     		b	.L14
 157              	.LVL8:
 158              	.L28:
1214:Drivers/STM32F1xx_HAL_Driver/Src/stm32f1xx_hal_adc.c ****     
ARM GAS  /var/folders/y0/yl1wrqfd209ghqq3s8k8qc1m0000gn/T//cc8LbdIE.s 			page 26


 159              		.loc 1 1214 5 is_stmt 1 view .LVU33
 160 0062 AB6A     		ldr	r3, [r5, #40]
 161 0064 43F02003 		orr	r3, r3, #32
 162 0068 AB62     		str	r3, [r5, #40]
1217:Drivers/STM32F1xx_HAL_Driver/Src/stm32f1xx_hal_adc.c ****     
 163              		.loc 1 1217 5 view .LVU34
1217:Drivers/STM32F1xx_HAL_Driver/Src/stm32f1xx_hal_adc.c ****     
 164              		.loc 1 1217 5 view .LVU35
 165 006a 0023     		movs	r3, #0
 166 006c 85F82430 		strb	r3, [r5, #36]
1217:Drivers/STM32F1xx_HAL_Driver/Src/stm32f1xx_hal_adc.c ****     
 167              		.loc 1 1217 5 view .LVU36
1219:Drivers/STM32F1xx_HAL_Driver/Src/stm32f1xx_hal_adc.c ****   }
 168              		.loc 1 1219 5 view .LVU37
1219:Drivers/STM32F1xx_HAL_Driver/Src/stm32f1xx_hal_adc.c ****   }
 169              		.loc 1 1219 12 is_stmt 0 view .LVU38
 170 0070 0120     		movs	r0, #1
 171              	.LVL9:
 172              	.L5:
1271:Drivers/STM32F1xx_HAL_Driver/Src/stm32f1xx_hal_adc.c ****     
1272:Drivers/STM32F1xx_HAL_Driver/Src/stm32f1xx_hal_adc.c ****     while(Conversion_Timeout_CPU_cycles < Conversion_Timeout_CPU_cycles_max)
1273:Drivers/STM32F1xx_HAL_Driver/Src/stm32f1xx_hal_adc.c ****     {
1274:Drivers/STM32F1xx_HAL_Driver/Src/stm32f1xx_hal_adc.c ****       /* Check if timeout is disabled (set to infinite wait) */
1275:Drivers/STM32F1xx_HAL_Driver/Src/stm32f1xx_hal_adc.c ****       if(Timeout != HAL_MAX_DELAY)
1276:Drivers/STM32F1xx_HAL_Driver/Src/stm32f1xx_hal_adc.c ****       {
1277:Drivers/STM32F1xx_HAL_Driver/Src/stm32f1xx_hal_adc.c ****         if((Timeout == 0U) || ((HAL_GetTick() - tickstart) > Timeout))
1278:Drivers/STM32F1xx_HAL_Driver/Src/stm32f1xx_hal_adc.c ****         {
1279:Drivers/STM32F1xx_HAL_Driver/Src/stm32f1xx_hal_adc.c ****           /* New check to avoid false timeout detection in case of preemption */
1280:Drivers/STM32F1xx_HAL_Driver/Src/stm32f1xx_hal_adc.c ****           if(Conversion_Timeout_CPU_cycles < Conversion_Timeout_CPU_cycles_max)
1281:Drivers/STM32F1xx_HAL_Driver/Src/stm32f1xx_hal_adc.c ****           {
1282:Drivers/STM32F1xx_HAL_Driver/Src/stm32f1xx_hal_adc.c ****             /* Update ADC state machine to timeout */
1283:Drivers/STM32F1xx_HAL_Driver/Src/stm32f1xx_hal_adc.c ****             SET_BIT(hadc->State, HAL_ADC_STATE_TIMEOUT);
1284:Drivers/STM32F1xx_HAL_Driver/Src/stm32f1xx_hal_adc.c **** 
1285:Drivers/STM32F1xx_HAL_Driver/Src/stm32f1xx_hal_adc.c ****             /* Process unlocked */
1286:Drivers/STM32F1xx_HAL_Driver/Src/stm32f1xx_hal_adc.c ****             __HAL_UNLOCK(hadc);
1287:Drivers/STM32F1xx_HAL_Driver/Src/stm32f1xx_hal_adc.c **** 
1288:Drivers/STM32F1xx_HAL_Driver/Src/stm32f1xx_hal_adc.c ****             return HAL_TIMEOUT;
1289:Drivers/STM32F1xx_HAL_Driver/Src/stm32f1xx_hal_adc.c ****           }
1290:Drivers/STM32F1xx_HAL_Driver/Src/stm32f1xx_hal_adc.c ****         }
1291:Drivers/STM32F1xx_HAL_Driver/Src/stm32f1xx_hal_adc.c ****       }
1292:Drivers/STM32F1xx_HAL_Driver/Src/stm32f1xx_hal_adc.c ****       Conversion_Timeout_CPU_cycles ++;
1293:Drivers/STM32F1xx_HAL_Driver/Src/stm32f1xx_hal_adc.c ****     }
1294:Drivers/STM32F1xx_HAL_Driver/Src/stm32f1xx_hal_adc.c ****   }
1295:Drivers/STM32F1xx_HAL_Driver/Src/stm32f1xx_hal_adc.c ****   
1296:Drivers/STM32F1xx_HAL_Driver/Src/stm32f1xx_hal_adc.c ****   /* Clear regular group conversion flag */
1297:Drivers/STM32F1xx_HAL_Driver/Src/stm32f1xx_hal_adc.c ****   __HAL_ADC_CLEAR_FLAG(hadc, ADC_FLAG_STRT | ADC_FLAG_EOC);
1298:Drivers/STM32F1xx_HAL_Driver/Src/stm32f1xx_hal_adc.c ****   
1299:Drivers/STM32F1xx_HAL_Driver/Src/stm32f1xx_hal_adc.c ****   /* Update ADC state machine */
1300:Drivers/STM32F1xx_HAL_Driver/Src/stm32f1xx_hal_adc.c ****   SET_BIT(hadc->State, HAL_ADC_STATE_REG_EOC);
1301:Drivers/STM32F1xx_HAL_Driver/Src/stm32f1xx_hal_adc.c ****   
1302:Drivers/STM32F1xx_HAL_Driver/Src/stm32f1xx_hal_adc.c ****   /* Determine whether any further conversion upcoming on group regular       */
1303:Drivers/STM32F1xx_HAL_Driver/Src/stm32f1xx_hal_adc.c ****   /* by external trigger, continuous mode or scan sequence on going.          */
1304:Drivers/STM32F1xx_HAL_Driver/Src/stm32f1xx_hal_adc.c ****   /* Note: On STM32F1 devices, in case of sequencer enabled                   */
1305:Drivers/STM32F1xx_HAL_Driver/Src/stm32f1xx_hal_adc.c ****   /*       (several ranks selected), end of conversion flag is raised         */
1306:Drivers/STM32F1xx_HAL_Driver/Src/stm32f1xx_hal_adc.c ****   /*       at the end of the sequence.                                        */
1307:Drivers/STM32F1xx_HAL_Driver/Src/stm32f1xx_hal_adc.c ****   if(ADC_IS_SOFTWARE_START_REGULAR(hadc)        && 
1308:Drivers/STM32F1xx_HAL_Driver/Src/stm32f1xx_hal_adc.c ****      (hadc->Init.ContinuousConvMode == DISABLE)   )
ARM GAS  /var/folders/y0/yl1wrqfd209ghqq3s8k8qc1m0000gn/T//cc8LbdIE.s 			page 27


1309:Drivers/STM32F1xx_HAL_Driver/Src/stm32f1xx_hal_adc.c ****   {   
1310:Drivers/STM32F1xx_HAL_Driver/Src/stm32f1xx_hal_adc.c ****     /* Set ADC state */
1311:Drivers/STM32F1xx_HAL_Driver/Src/stm32f1xx_hal_adc.c ****     CLEAR_BIT(hadc->State, HAL_ADC_STATE_REG_BUSY);   
1312:Drivers/STM32F1xx_HAL_Driver/Src/stm32f1xx_hal_adc.c **** 
1313:Drivers/STM32F1xx_HAL_Driver/Src/stm32f1xx_hal_adc.c ****     if (HAL_IS_BIT_CLR(hadc->State, HAL_ADC_STATE_INJ_BUSY))
1314:Drivers/STM32F1xx_HAL_Driver/Src/stm32f1xx_hal_adc.c ****     { 
1315:Drivers/STM32F1xx_HAL_Driver/Src/stm32f1xx_hal_adc.c ****       SET_BIT(hadc->State, HAL_ADC_STATE_READY);
1316:Drivers/STM32F1xx_HAL_Driver/Src/stm32f1xx_hal_adc.c ****     }
1317:Drivers/STM32F1xx_HAL_Driver/Src/stm32f1xx_hal_adc.c ****   }
1318:Drivers/STM32F1xx_HAL_Driver/Src/stm32f1xx_hal_adc.c ****   
1319:Drivers/STM32F1xx_HAL_Driver/Src/stm32f1xx_hal_adc.c ****   /* Return ADC state */
1320:Drivers/STM32F1xx_HAL_Driver/Src/stm32f1xx_hal_adc.c ****   return HAL_OK;
1321:Drivers/STM32F1xx_HAL_Driver/Src/stm32f1xx_hal_adc.c **** }
 173              		.loc 1 1321 1 view .LVU39
 174 0072 03B0     		add	sp, sp, #12
 175              	.LCFI2:
 176              		.cfi_remember_state
 177              		.cfi_def_cfa_offset 20
 178              		@ sp needed
 179 0074 F0BD     		pop	{r4, r5, r6, r7, pc}
 180              	.LVL10:
 181              	.L9:
 182              	.LCFI3:
 183              		.cfi_restore_state
1248:Drivers/STM32F1xx_HAL_Driver/Src/stm32f1xx_hal_adc.c ****           {
 184              		.loc 1 1248 11 is_stmt 1 view .LVU40
1248:Drivers/STM32F1xx_HAL_Driver/Src/stm32f1xx_hal_adc.c ****           {
 185              		.loc 1 1248 14 is_stmt 0 view .LVU41
 186 0076 2B68     		ldr	r3, [r5]
 187 0078 1B68     		ldr	r3, [r3]
1248:Drivers/STM32F1xx_HAL_Driver/Src/stm32f1xx_hal_adc.c ****           {
 188              		.loc 1 1248 13 view .LVU42
 189 007a 13F0020F 		tst	r3, #2
 190 007e 0FD0     		beq	.L29
 191              	.L8:
1240:Drivers/STM32F1xx_HAL_Driver/Src/stm32f1xx_hal_adc.c ****     {
 192              		.loc 1 1240 11 is_stmt 1 view .LVU43
 193 0080 2B68     		ldr	r3, [r5]
 194 0082 1B68     		ldr	r3, [r3]
 195 0084 13F0020F 		tst	r3, #2
 196 0088 4FD1     		bne	.L12
1243:Drivers/STM32F1xx_HAL_Driver/Src/stm32f1xx_hal_adc.c ****       {
 197              		.loc 1 1243 7 view .LVU44
1243:Drivers/STM32F1xx_HAL_Driver/Src/stm32f1xx_hal_adc.c ****       {
 198              		.loc 1 1243 9 is_stmt 0 view .LVU45
 199 008a B4F1FF3F 		cmp	r4, #-1
 200 008e F7D0     		beq	.L8
1245:Drivers/STM32F1xx_HAL_Driver/Src/stm32f1xx_hal_adc.c ****         {
 201              		.loc 1 1245 9 is_stmt 1 view .LVU46
1245:Drivers/STM32F1xx_HAL_Driver/Src/stm32f1xx_hal_adc.c ****         {
 202              		.loc 1 1245 11 is_stmt 0 view .LVU47
 203 0090 002C     		cmp	r4, #0
 204 0092 F0D0     		beq	.L9
1245:Drivers/STM32F1xx_HAL_Driver/Src/stm32f1xx_hal_adc.c ****         {
 205              		.loc 1 1245 33 discriminator 1 view .LVU48
 206 0094 FFF7FEFF 		bl	HAL_GetTick
 207              	.LVL11:
ARM GAS  /var/folders/y0/yl1wrqfd209ghqq3s8k8qc1m0000gn/T//cc8LbdIE.s 			page 28


1245:Drivers/STM32F1xx_HAL_Driver/Src/stm32f1xx_hal_adc.c ****         {
 208              		.loc 1 1245 47 discriminator 2 view .LVU49
 209 0098 C31B     		subs	r3, r0, r7
1245:Drivers/STM32F1xx_HAL_Driver/Src/stm32f1xx_hal_adc.c ****         {
 210              		.loc 1 1245 28 discriminator 2 view .LVU50
 211 009a A342     		cmp	r3, r4
 212 009c F0D9     		bls	.L8
 213 009e EAE7     		b	.L9
 214              	.L29:
1251:Drivers/STM32F1xx_HAL_Driver/Src/stm32f1xx_hal_adc.c ****             
 215              		.loc 1 1251 13 is_stmt 1 view .LVU51
 216 00a0 AB6A     		ldr	r3, [r5, #40]
 217 00a2 43F00403 		orr	r3, r3, #4
 218 00a6 AB62     		str	r3, [r5, #40]
1254:Drivers/STM32F1xx_HAL_Driver/Src/stm32f1xx_hal_adc.c ****             
 219              		.loc 1 1254 13 view .LVU52
1254:Drivers/STM32F1xx_HAL_Driver/Src/stm32f1xx_hal_adc.c ****             
 220              		.loc 1 1254 13 view .LVU53
 221 00a8 0023     		movs	r3, #0
 222 00aa 85F82430 		strb	r3, [r5, #36]
1254:Drivers/STM32F1xx_HAL_Driver/Src/stm32f1xx_hal_adc.c ****             
 223              		.loc 1 1254 13 view .LVU54
1256:Drivers/STM32F1xx_HAL_Driver/Src/stm32f1xx_hal_adc.c ****           }
 224              		.loc 1 1256 13 view .LVU55
1256:Drivers/STM32F1xx_HAL_Driver/Src/stm32f1xx_hal_adc.c ****           }
 225              		.loc 1 1256 20 is_stmt 0 view .LVU56
 226 00ae 0320     		movs	r0, #3
 227 00b0 DFE7     		b	.L5
 228              	.L13:
1270:Drivers/STM32F1xx_HAL_Driver/Src/stm32f1xx_hal_adc.c ****     
 229              		.loc 1 1270 44 discriminator 4 view .LVU57
 230 00b2 1969     		ldr	r1, [r3, #16]
 231 00b4 304A     		ldr	r2, .L32+8
 232 00b6 1142     		tst	r1, r2
 233 00b8 04D1     		bne	.L15
1270:Drivers/STM32F1xx_HAL_Driver/Src/stm32f1xx_hal_adc.c ****     
 234              		.loc 1 1270 44 discriminator 9 view .LVU58
 235 00ba D968     		ldr	r1, [r3, #12]
 236 00bc 02F16E42 		add	r2, r2, #-301989888
 237 00c0 1142     		tst	r1, r2
 238 00c2 0DD0     		beq	.L22
 239              	.L15:
1270:Drivers/STM32F1xx_HAL_Driver/Src/stm32f1xx_hal_adc.c ****     
 240              		.loc 1 1270 44 discriminator 12 view .LVU59
 241 00c4 1969     		ldr	r1, [r3, #16]
 242 00c6 2E4A     		ldr	r2, .L32+16
 243 00c8 0A40     		ands	r2, r2, r1
 244 00ca 5AB9     		cbnz	r2, .L23
1270:Drivers/STM32F1xx_HAL_Driver/Src/stm32f1xx_hal_adc.c ****     
 245              		.loc 1 1270 44 discriminator 13 view .LVU60
 246 00cc DA68     		ldr	r2, [r3, #12]
 247 00ce 2C4B     		ldr	r3, .L32+16
 248 00d0 1340     		ands	r3, r3, r2
 249 00d2 5BB1     		cbz	r3, .L24
1270:Drivers/STM32F1xx_HAL_Driver/Src/stm32f1xx_hal_adc.c ****     
 250              		.loc 1 1270 44 discriminator 16 view .LVU61
 251 00d4 FC23     		movs	r3, #252
ARM GAS  /var/folders/y0/yl1wrqfd209ghqq3s8k8qc1m0000gn/T//cc8LbdIE.s 			page 29


 252 00d6 06E0     		b	.L14
 253              	.L20:
1270:Drivers/STM32F1xx_HAL_Driver/Src/stm32f1xx_hal_adc.c ****     
 254              		.loc 1 1270 44 discriminator 8 view .LVU62
 255 00d8 2923     		movs	r3, #41
 256 00da 04E0     		b	.L14
 257              	.L21:
1270:Drivers/STM32F1xx_HAL_Driver/Src/stm32f1xx_hal_adc.c ****     
 258              		.loc 1 1270 44 discriminator 7 view .LVU63
 259 00dc 1423     		movs	r3, #20
 260 00de 02E0     		b	.L14
 261              	.L22:
1270:Drivers/STM32F1xx_HAL_Driver/Src/stm32f1xx_hal_adc.c ****     
 262              		.loc 1 1270 44 discriminator 15 view .LVU64
 263 00e0 5423     		movs	r3, #84
 264 00e2 00E0     		b	.L14
 265              	.L23:
1270:Drivers/STM32F1xx_HAL_Driver/Src/stm32f1xx_hal_adc.c ****     
 266              		.loc 1 1270 44 discriminator 16 view .LVU65
 267 00e4 FC23     		movs	r3, #252
 268              	.L14:
1268:Drivers/STM32F1xx_HAL_Driver/Src/stm32f1xx_hal_adc.c ****                                           / HAL_RCCEx_GetPeriphCLKFreq(RCC_PERIPHCLK_ADC))
 269              		.loc 1 1268 39 view .LVU66
 270 00e6 03FB06F6 		mul	r6, r3, r6
 271              	.LVL12:
1272:Drivers/STM32F1xx_HAL_Driver/Src/stm32f1xx_hal_adc.c ****     {
 272              		.loc 1 1272 5 is_stmt 1 view .LVU67
1272:Drivers/STM32F1xx_HAL_Driver/Src/stm32f1xx_hal_adc.c ****     {
 273              		.loc 1 1272 10 is_stmt 0 view .LVU68
 274 00ea 07E0     		b	.L16
 275              	.LVL13:
 276              	.L24:
1270:Drivers/STM32F1xx_HAL_Driver/Src/stm32f1xx_hal_adc.c ****     
 277              		.loc 1 1270 44 discriminator 15 view .LVU69
 278 00ec 5423     		movs	r3, #84
 279 00ee FAE7     		b	.L14
 280              	.LVL14:
 281              	.L18:
1280:Drivers/STM32F1xx_HAL_Driver/Src/stm32f1xx_hal_adc.c ****           {
 282              		.loc 1 1280 11 is_stmt 1 view .LVU70
1280:Drivers/STM32F1xx_HAL_Driver/Src/stm32f1xx_hal_adc.c ****           {
 283              		.loc 1 1280 44 is_stmt 0 view .LVU71
 284 00f0 019B     		ldr	r3, [sp, #4]
1280:Drivers/STM32F1xx_HAL_Driver/Src/stm32f1xx_hal_adc.c ****           {
 285              		.loc 1 1280 13 view .LVU72
 286 00f2 B342     		cmp	r3, r6
 287 00f4 10D3     		bcc	.L30
 288              	.L17:
1292:Drivers/STM32F1xx_HAL_Driver/Src/stm32f1xx_hal_adc.c ****     }
 289              		.loc 1 1292 7 is_stmt 1 view .LVU73
1292:Drivers/STM32F1xx_HAL_Driver/Src/stm32f1xx_hal_adc.c ****     }
 290              		.loc 1 1292 37 is_stmt 0 view .LVU74
 291 00f6 019B     		ldr	r3, [sp, #4]
 292 00f8 0133     		adds	r3, r3, #1
 293 00fa 0193     		str	r3, [sp, #4]
 294              	.L16:
1272:Drivers/STM32F1xx_HAL_Driver/Src/stm32f1xx_hal_adc.c ****     {
ARM GAS  /var/folders/y0/yl1wrqfd209ghqq3s8k8qc1m0000gn/T//cc8LbdIE.s 			page 30


 295              		.loc 1 1272 41 is_stmt 1 view .LVU75
 296 00fc 019B     		ldr	r3, [sp, #4]
 297 00fe B342     		cmp	r3, r6
 298 0100 13D2     		bcs	.L12
1275:Drivers/STM32F1xx_HAL_Driver/Src/stm32f1xx_hal_adc.c ****       {
 299              		.loc 1 1275 7 view .LVU76
1275:Drivers/STM32F1xx_HAL_Driver/Src/stm32f1xx_hal_adc.c ****       {
 300              		.loc 1 1275 9 is_stmt 0 view .LVU77
 301 0102 B4F1FF3F 		cmp	r4, #-1
 302 0106 F6D0     		beq	.L17
1277:Drivers/STM32F1xx_HAL_Driver/Src/stm32f1xx_hal_adc.c ****         {
 303              		.loc 1 1277 9 is_stmt 1 view .LVU78
1277:Drivers/STM32F1xx_HAL_Driver/Src/stm32f1xx_hal_adc.c ****         {
 304              		.loc 1 1277 11 is_stmt 0 view .LVU79
 305 0108 002C     		cmp	r4, #0
 306 010a F1D0     		beq	.L18
1277:Drivers/STM32F1xx_HAL_Driver/Src/stm32f1xx_hal_adc.c ****         {
 307              		.loc 1 1277 33 discriminator 1 view .LVU80
 308 010c FFF7FEFF 		bl	HAL_GetTick
 309              	.LVL15:
1277:Drivers/STM32F1xx_HAL_Driver/Src/stm32f1xx_hal_adc.c ****         {
 310              		.loc 1 1277 47 discriminator 2 view .LVU81
 311 0110 C01B     		subs	r0, r0, r7
1277:Drivers/STM32F1xx_HAL_Driver/Src/stm32f1xx_hal_adc.c ****         {
 312              		.loc 1 1277 28 discriminator 2 view .LVU82
 313 0112 A042     		cmp	r0, r4
 314 0114 EFD9     		bls	.L17
 315 0116 EBE7     		b	.L18
 316              	.L30:
1283:Drivers/STM32F1xx_HAL_Driver/Src/stm32f1xx_hal_adc.c **** 
 317              		.loc 1 1283 13 is_stmt 1 view .LVU83
 318 0118 AB6A     		ldr	r3, [r5, #40]
 319 011a 43F00403 		orr	r3, r3, #4
 320 011e AB62     		str	r3, [r5, #40]
1286:Drivers/STM32F1xx_HAL_Driver/Src/stm32f1xx_hal_adc.c **** 
 321              		.loc 1 1286 13 view .LVU84
1286:Drivers/STM32F1xx_HAL_Driver/Src/stm32f1xx_hal_adc.c **** 
 322              		.loc 1 1286 13 view .LVU85
 323 0120 0023     		movs	r3, #0
 324 0122 85F82430 		strb	r3, [r5, #36]
1286:Drivers/STM32F1xx_HAL_Driver/Src/stm32f1xx_hal_adc.c **** 
 325              		.loc 1 1286 13 view .LVU86
1288:Drivers/STM32F1xx_HAL_Driver/Src/stm32f1xx_hal_adc.c ****           }
 326              		.loc 1 1288 13 view .LVU87
1288:Drivers/STM32F1xx_HAL_Driver/Src/stm32f1xx_hal_adc.c ****           }
 327              		.loc 1 1288 20 is_stmt 0 view .LVU88
 328 0126 0320     		movs	r0, #3
 329 0128 A3E7     		b	.L5
 330              	.LVL16:
 331              	.L12:
1297:Drivers/STM32F1xx_HAL_Driver/Src/stm32f1xx_hal_adc.c ****   
 332              		.loc 1 1297 3 is_stmt 1 view .LVU89
 333 012a 2B68     		ldr	r3, [r5]
 334 012c 6FF01202 		mvn	r2, #18
 335 0130 1A60     		str	r2, [r3]
1300:Drivers/STM32F1xx_HAL_Driver/Src/stm32f1xx_hal_adc.c ****   
 336              		.loc 1 1300 3 view .LVU90
ARM GAS  /var/folders/y0/yl1wrqfd209ghqq3s8k8qc1m0000gn/T//cc8LbdIE.s 			page 31


 337 0132 AB6A     		ldr	r3, [r5, #40]
 338 0134 43F40073 		orr	r3, r3, #512
 339 0138 AB62     		str	r3, [r5, #40]
1307:Drivers/STM32F1xx_HAL_Driver/Src/stm32f1xx_hal_adc.c ****      (hadc->Init.ContinuousConvMode == DISABLE)   )
 340              		.loc 1 1307 3 view .LVU91
1307:Drivers/STM32F1xx_HAL_Driver/Src/stm32f1xx_hal_adc.c ****      (hadc->Init.ContinuousConvMode == DISABLE)   )
 341              		.loc 1 1307 6 is_stmt 0 view .LVU92
 342 013a 2B68     		ldr	r3, [r5]
 343 013c 9B68     		ldr	r3, [r3, #8]
 344 013e 03F46023 		and	r3, r3, #917504
1307:Drivers/STM32F1xx_HAL_Driver/Src/stm32f1xx_hal_adc.c ****      (hadc->Init.ContinuousConvMode == DISABLE)   )
 345              		.loc 1 1307 5 view .LVU93
 346 0142 B3F5602F 		cmp	r3, #917504
 347 0146 01D0     		beq	.L31
1320:Drivers/STM32F1xx_HAL_Driver/Src/stm32f1xx_hal_adc.c **** }
 348              		.loc 1 1320 10 view .LVU94
 349 0148 0020     		movs	r0, #0
 350 014a 92E7     		b	.L5
 351              	.L31:
1308:Drivers/STM32F1xx_HAL_Driver/Src/stm32f1xx_hal_adc.c ****   {   
 352              		.loc 1 1308 17 view .LVU95
 353 014c 287B     		ldrb	r0, [r5, #12]	@ zero_extendqisi2
1307:Drivers/STM32F1xx_HAL_Driver/Src/stm32f1xx_hal_adc.c ****      (hadc->Init.ContinuousConvMode == DISABLE)   )
 354              		.loc 1 1307 49 discriminator 1 view .LVU96
 355 014e 60B9     		cbnz	r0, .L26
1311:Drivers/STM32F1xx_HAL_Driver/Src/stm32f1xx_hal_adc.c **** 
 356              		.loc 1 1311 5 is_stmt 1 view .LVU97
 357 0150 AB6A     		ldr	r3, [r5, #40]
 358 0152 23F48073 		bic	r3, r3, #256
 359 0156 AB62     		str	r3, [r5, #40]
1313:Drivers/STM32F1xx_HAL_Driver/Src/stm32f1xx_hal_adc.c ****     { 
 360              		.loc 1 1313 5 view .LVU98
1313:Drivers/STM32F1xx_HAL_Driver/Src/stm32f1xx_hal_adc.c ****     { 
 361              		.loc 1 1313 9 is_stmt 0 view .LVU99
 362 0158 AB6A     		ldr	r3, [r5, #40]
1313:Drivers/STM32F1xx_HAL_Driver/Src/stm32f1xx_hal_adc.c ****     { 
 363              		.loc 1 1313 8 view .LVU100
 364 015a 13F4805F 		tst	r3, #4096
 365 015e 88D1     		bne	.L5
1315:Drivers/STM32F1xx_HAL_Driver/Src/stm32f1xx_hal_adc.c ****     }
 366              		.loc 1 1315 7 is_stmt 1 view .LVU101
 367 0160 AB6A     		ldr	r3, [r5, #40]
 368 0162 43F00103 		orr	r3, r3, #1
 369 0166 AB62     		str	r3, [r5, #40]
 370 0168 83E7     		b	.L5
 371              	.L26:
1320:Drivers/STM32F1xx_HAL_Driver/Src/stm32f1xx_hal_adc.c **** }
 372              		.loc 1 1320 10 is_stmt 0 view .LVU102
 373 016a 0020     		movs	r0, #0
 374 016c 81E7     		b	.L5
 375              	.L33:
 376 016e 00BF     		.align	2
 377              	.L32:
 378 0170 00000000 		.word	SystemCoreClock
 379 0174 24499224 		.word	613566756
 380 0178 92244912 		.word	306783378
 381 017c 92244900 		.word	4793490
ARM GAS  /var/folders/y0/yl1wrqfd209ghqq3s8k8qc1m0000gn/T//cc8LbdIE.s 			page 32


 382 0180 49922400 		.word	2396745
 383              		.cfi_endproc
 384              	.LFE71:
 386              		.section	.text.HAL_ADC_PollForEvent,"ax",%progbits
 387              		.align	1
 388              		.global	HAL_ADC_PollForEvent
 389              		.syntax unified
 390              		.thumb
 391              		.thumb_func
 393              	HAL_ADC_PollForEvent:
 394              	.LVL17:
 395              	.LFB72:
1322:Drivers/STM32F1xx_HAL_Driver/Src/stm32f1xx_hal_adc.c **** 
1323:Drivers/STM32F1xx_HAL_Driver/Src/stm32f1xx_hal_adc.c **** /**
1324:Drivers/STM32F1xx_HAL_Driver/Src/stm32f1xx_hal_adc.c ****   * @brief  Poll for conversion event.
1325:Drivers/STM32F1xx_HAL_Driver/Src/stm32f1xx_hal_adc.c ****   * @param  hadc: ADC handle
1326:Drivers/STM32F1xx_HAL_Driver/Src/stm32f1xx_hal_adc.c ****   * @param  EventType: the ADC event type.
1327:Drivers/STM32F1xx_HAL_Driver/Src/stm32f1xx_hal_adc.c ****   *          This parameter can be one of the following values:
1328:Drivers/STM32F1xx_HAL_Driver/Src/stm32f1xx_hal_adc.c ****   *            @arg ADC_AWD_EVENT: ADC Analog watchdog event.
1329:Drivers/STM32F1xx_HAL_Driver/Src/stm32f1xx_hal_adc.c ****   * @param  Timeout: Timeout value in millisecond.
1330:Drivers/STM32F1xx_HAL_Driver/Src/stm32f1xx_hal_adc.c ****   * @retval HAL status
1331:Drivers/STM32F1xx_HAL_Driver/Src/stm32f1xx_hal_adc.c ****   */
1332:Drivers/STM32F1xx_HAL_Driver/Src/stm32f1xx_hal_adc.c **** HAL_StatusTypeDef HAL_ADC_PollForEvent(ADC_HandleTypeDef* hadc, uint32_t EventType, uint32_t Timeou
1333:Drivers/STM32F1xx_HAL_Driver/Src/stm32f1xx_hal_adc.c **** {
 396              		.loc 1 1333 1 is_stmt 1 view -0
 397              		.cfi_startproc
 398              		@ args = 0, pretend = 0, frame = 0
 399              		@ frame_needed = 0, uses_anonymous_args = 0
 400              		.loc 1 1333 1 is_stmt 0 view .LVU104
 401 0000 F8B5     		push	{r3, r4, r5, r6, r7, lr}
 402              	.LCFI4:
 403              		.cfi_def_cfa_offset 24
 404              		.cfi_offset 3, -24
 405              		.cfi_offset 4, -20
 406              		.cfi_offset 5, -16
 407              		.cfi_offset 6, -12
 408              		.cfi_offset 7, -8
 409              		.cfi_offset 14, -4
 410 0002 0446     		mov	r4, r0
 411 0004 0D46     		mov	r5, r1
 412 0006 1646     		mov	r6, r2
1334:Drivers/STM32F1xx_HAL_Driver/Src/stm32f1xx_hal_adc.c ****   uint32_t tickstart = 0U; 
 413              		.loc 1 1334 3 is_stmt 1 view .LVU105
 414              	.LVL18:
1335:Drivers/STM32F1xx_HAL_Driver/Src/stm32f1xx_hal_adc.c **** 
1336:Drivers/STM32F1xx_HAL_Driver/Src/stm32f1xx_hal_adc.c ****   /* Check the parameters */
1337:Drivers/STM32F1xx_HAL_Driver/Src/stm32f1xx_hal_adc.c ****   assert_param(IS_ADC_ALL_INSTANCE(hadc->Instance));
 415              		.loc 1 1337 3 view .LVU106
1338:Drivers/STM32F1xx_HAL_Driver/Src/stm32f1xx_hal_adc.c ****   assert_param(IS_ADC_EVENT_TYPE(EventType));
 416              		.loc 1 1338 3 view .LVU107
1339:Drivers/STM32F1xx_HAL_Driver/Src/stm32f1xx_hal_adc.c ****   
1340:Drivers/STM32F1xx_HAL_Driver/Src/stm32f1xx_hal_adc.c ****   /* Get tick count */
1341:Drivers/STM32F1xx_HAL_Driver/Src/stm32f1xx_hal_adc.c ****   tickstart = HAL_GetTick();
 417              		.loc 1 1341 3 view .LVU108
 418              		.loc 1 1341 15 is_stmt 0 view .LVU109
 419 0008 FFF7FEFF 		bl	HAL_GetTick
 420              	.LVL19:
ARM GAS  /var/folders/y0/yl1wrqfd209ghqq3s8k8qc1m0000gn/T//cc8LbdIE.s 			page 33


 421              		.loc 1 1341 15 view .LVU110
 422 000c 0746     		mov	r7, r0
 423              	.LVL20:
1342:Drivers/STM32F1xx_HAL_Driver/Src/stm32f1xx_hal_adc.c ****   
1343:Drivers/STM32F1xx_HAL_Driver/Src/stm32f1xx_hal_adc.c ****   /* Check selected event flag */
1344:Drivers/STM32F1xx_HAL_Driver/Src/stm32f1xx_hal_adc.c ****   while(__HAL_ADC_GET_FLAG(hadc, EventType) == RESET)
 424              		.loc 1 1344 3 is_stmt 1 view .LVU111
 425              	.L36:
 426              		.loc 1 1344 45 view .LVU112
 427              		.loc 1 1344 9 is_stmt 0 view .LVU113
 428 000e 2268     		ldr	r2, [r4]
 429 0010 1368     		ldr	r3, [r2]
 430              		.loc 1 1344 45 view .LVU114
 431 0012 35EA0303 		bics	r3, r5, r3
 432 0016 17D0     		beq	.L42
1345:Drivers/STM32F1xx_HAL_Driver/Src/stm32f1xx_hal_adc.c ****   {
1346:Drivers/STM32F1xx_HAL_Driver/Src/stm32f1xx_hal_adc.c ****     /* Check if timeout is disabled (set to infinite wait) */
1347:Drivers/STM32F1xx_HAL_Driver/Src/stm32f1xx_hal_adc.c ****     if(Timeout != HAL_MAX_DELAY)
 433              		.loc 1 1347 5 is_stmt 1 view .LVU115
 434              		.loc 1 1347 7 is_stmt 0 view .LVU116
 435 0018 B6F1FF3F 		cmp	r6, #-1
 436 001c F7D0     		beq	.L36
1348:Drivers/STM32F1xx_HAL_Driver/Src/stm32f1xx_hal_adc.c ****     {
1349:Drivers/STM32F1xx_HAL_Driver/Src/stm32f1xx_hal_adc.c ****       if((Timeout == 0U) || ((HAL_GetTick() - tickstart ) > Timeout))
 437              		.loc 1 1349 7 is_stmt 1 view .LVU117
 438              		.loc 1 1349 9 is_stmt 0 view .LVU118
 439 001e 6EB9     		cbnz	r6, .L43
 440              	.L37:
1350:Drivers/STM32F1xx_HAL_Driver/Src/stm32f1xx_hal_adc.c ****       {
1351:Drivers/STM32F1xx_HAL_Driver/Src/stm32f1xx_hal_adc.c ****         /* New check to avoid false timeout detection in case of preemption */
1352:Drivers/STM32F1xx_HAL_Driver/Src/stm32f1xx_hal_adc.c ****         if(__HAL_ADC_GET_FLAG(hadc, EventType) == RESET)
 441              		.loc 1 1352 9 is_stmt 1 view .LVU119
 442              		.loc 1 1352 12 is_stmt 0 view .LVU120
 443 0020 2368     		ldr	r3, [r4]
 444 0022 1B68     		ldr	r3, [r3]
 445              		.loc 1 1352 11 view .LVU121
 446 0024 35EA0303 		bics	r3, r5, r3
 447 0028 F1D0     		beq	.L36
1353:Drivers/STM32F1xx_HAL_Driver/Src/stm32f1xx_hal_adc.c ****         {
1354:Drivers/STM32F1xx_HAL_Driver/Src/stm32f1xx_hal_adc.c ****           /* Update ADC state machine to timeout */
1355:Drivers/STM32F1xx_HAL_Driver/Src/stm32f1xx_hal_adc.c ****           SET_BIT(hadc->State, HAL_ADC_STATE_TIMEOUT);
 448              		.loc 1 1355 11 is_stmt 1 view .LVU122
 449 002a A36A     		ldr	r3, [r4, #40]
 450 002c 43F00403 		orr	r3, r3, #4
 451 0030 A362     		str	r3, [r4, #40]
1356:Drivers/STM32F1xx_HAL_Driver/Src/stm32f1xx_hal_adc.c **** 
1357:Drivers/STM32F1xx_HAL_Driver/Src/stm32f1xx_hal_adc.c ****           /* Process unlocked */
1358:Drivers/STM32F1xx_HAL_Driver/Src/stm32f1xx_hal_adc.c ****           __HAL_UNLOCK(hadc);
 452              		.loc 1 1358 11 view .LVU123
 453              		.loc 1 1358 11 view .LVU124
 454 0032 0023     		movs	r3, #0
 455 0034 84F82430 		strb	r3, [r4, #36]
 456              		.loc 1 1358 11 view .LVU125
1359:Drivers/STM32F1xx_HAL_Driver/Src/stm32f1xx_hal_adc.c **** 
1360:Drivers/STM32F1xx_HAL_Driver/Src/stm32f1xx_hal_adc.c ****           return HAL_TIMEOUT;
 457              		.loc 1 1360 11 view .LVU126
 458              		.loc 1 1360 18 is_stmt 0 view .LVU127
ARM GAS  /var/folders/y0/yl1wrqfd209ghqq3s8k8qc1m0000gn/T//cc8LbdIE.s 			page 34


 459 0038 0320     		movs	r0, #3
 460 003a 0DE0     		b	.L39
 461              	.L43:
1349:Drivers/STM32F1xx_HAL_Driver/Src/stm32f1xx_hal_adc.c ****       {
 462              		.loc 1 1349 31 discriminator 1 view .LVU128
 463 003c FFF7FEFF 		bl	HAL_GetTick
 464              	.LVL21:
1349:Drivers/STM32F1xx_HAL_Driver/Src/stm32f1xx_hal_adc.c ****       {
 465              		.loc 1 1349 45 discriminator 2 view .LVU129
 466 0040 C01B     		subs	r0, r0, r7
1349:Drivers/STM32F1xx_HAL_Driver/Src/stm32f1xx_hal_adc.c ****       {
 467              		.loc 1 1349 26 discriminator 2 view .LVU130
 468 0042 B042     		cmp	r0, r6
 469 0044 E3D9     		bls	.L36
 470 0046 EBE7     		b	.L37
 471              	.L42:
1361:Drivers/STM32F1xx_HAL_Driver/Src/stm32f1xx_hal_adc.c ****         }
1362:Drivers/STM32F1xx_HAL_Driver/Src/stm32f1xx_hal_adc.c ****       }
1363:Drivers/STM32F1xx_HAL_Driver/Src/stm32f1xx_hal_adc.c ****     }
1364:Drivers/STM32F1xx_HAL_Driver/Src/stm32f1xx_hal_adc.c ****   }
1365:Drivers/STM32F1xx_HAL_Driver/Src/stm32f1xx_hal_adc.c ****   
1366:Drivers/STM32F1xx_HAL_Driver/Src/stm32f1xx_hal_adc.c ****   /* Analog watchdog (level out of window) event */
1367:Drivers/STM32F1xx_HAL_Driver/Src/stm32f1xx_hal_adc.c ****   /* Set ADC state */
1368:Drivers/STM32F1xx_HAL_Driver/Src/stm32f1xx_hal_adc.c ****   SET_BIT(hadc->State, HAL_ADC_STATE_AWD1);
 472              		.loc 1 1368 3 is_stmt 1 view .LVU131
 473 0048 A36A     		ldr	r3, [r4, #40]
 474 004a 43F48033 		orr	r3, r3, #65536
 475 004e A362     		str	r3, [r4, #40]
1369:Drivers/STM32F1xx_HAL_Driver/Src/stm32f1xx_hal_adc.c ****     
1370:Drivers/STM32F1xx_HAL_Driver/Src/stm32f1xx_hal_adc.c ****   /* Clear ADC analog watchdog flag */
1371:Drivers/STM32F1xx_HAL_Driver/Src/stm32f1xx_hal_adc.c ****   __HAL_ADC_CLEAR_FLAG(hadc, ADC_FLAG_AWD);
 476              		.loc 1 1371 3 view .LVU132
 477 0050 6FF00103 		mvn	r3, #1
 478 0054 1360     		str	r3, [r2]
1372:Drivers/STM32F1xx_HAL_Driver/Src/stm32f1xx_hal_adc.c ****   
1373:Drivers/STM32F1xx_HAL_Driver/Src/stm32f1xx_hal_adc.c ****   /* Return ADC state */
1374:Drivers/STM32F1xx_HAL_Driver/Src/stm32f1xx_hal_adc.c ****   return HAL_OK;
 479              		.loc 1 1374 3 view .LVU133
 480              		.loc 1 1374 10 is_stmt 0 view .LVU134
 481 0056 0020     		movs	r0, #0
 482              	.L39:
1375:Drivers/STM32F1xx_HAL_Driver/Src/stm32f1xx_hal_adc.c **** }
 483              		.loc 1 1375 1 view .LVU135
 484 0058 F8BD     		pop	{r3, r4, r5, r6, r7, pc}
 485              		.loc 1 1375 1 view .LVU136
 486              		.cfi_endproc
 487              	.LFE72:
 489              		.section	.text.HAL_ADC_GetValue,"ax",%progbits
 490              		.align	1
 491              		.global	HAL_ADC_GetValue
 492              		.syntax unified
 493              		.thumb
 494              		.thumb_func
 496              	HAL_ADC_GetValue:
 497              	.LVL22:
 498              	.LFB77:
1376:Drivers/STM32F1xx_HAL_Driver/Src/stm32f1xx_hal_adc.c **** 
ARM GAS  /var/folders/y0/yl1wrqfd209ghqq3s8k8qc1m0000gn/T//cc8LbdIE.s 			page 35


1377:Drivers/STM32F1xx_HAL_Driver/Src/stm32f1xx_hal_adc.c **** /**
1378:Drivers/STM32F1xx_HAL_Driver/Src/stm32f1xx_hal_adc.c ****   * @brief  Enables ADC, starts conversion of regular group with interruption.
1379:Drivers/STM32F1xx_HAL_Driver/Src/stm32f1xx_hal_adc.c ****   *         Interruptions enabled in this function:
1380:Drivers/STM32F1xx_HAL_Driver/Src/stm32f1xx_hal_adc.c ****   *          - EOC (end of conversion of regular group)
1381:Drivers/STM32F1xx_HAL_Driver/Src/stm32f1xx_hal_adc.c ****   *         Each of these interruptions has its dedicated callback function.
1382:Drivers/STM32F1xx_HAL_Driver/Src/stm32f1xx_hal_adc.c ****   * @param  hadc: ADC handle
1383:Drivers/STM32F1xx_HAL_Driver/Src/stm32f1xx_hal_adc.c ****   * @retval HAL status
1384:Drivers/STM32F1xx_HAL_Driver/Src/stm32f1xx_hal_adc.c ****   */
1385:Drivers/STM32F1xx_HAL_Driver/Src/stm32f1xx_hal_adc.c **** HAL_StatusTypeDef HAL_ADC_Start_IT(ADC_HandleTypeDef* hadc)
1386:Drivers/STM32F1xx_HAL_Driver/Src/stm32f1xx_hal_adc.c **** {
1387:Drivers/STM32F1xx_HAL_Driver/Src/stm32f1xx_hal_adc.c ****   HAL_StatusTypeDef tmp_hal_status = HAL_OK;
1388:Drivers/STM32F1xx_HAL_Driver/Src/stm32f1xx_hal_adc.c ****   
1389:Drivers/STM32F1xx_HAL_Driver/Src/stm32f1xx_hal_adc.c ****   /* Check the parameters */
1390:Drivers/STM32F1xx_HAL_Driver/Src/stm32f1xx_hal_adc.c ****   assert_param(IS_ADC_ALL_INSTANCE(hadc->Instance));
1391:Drivers/STM32F1xx_HAL_Driver/Src/stm32f1xx_hal_adc.c ****   
1392:Drivers/STM32F1xx_HAL_Driver/Src/stm32f1xx_hal_adc.c ****   /* Process locked */
1393:Drivers/STM32F1xx_HAL_Driver/Src/stm32f1xx_hal_adc.c ****   __HAL_LOCK(hadc);
1394:Drivers/STM32F1xx_HAL_Driver/Src/stm32f1xx_hal_adc.c ****     
1395:Drivers/STM32F1xx_HAL_Driver/Src/stm32f1xx_hal_adc.c ****   /* Enable the ADC peripheral */
1396:Drivers/STM32F1xx_HAL_Driver/Src/stm32f1xx_hal_adc.c ****   tmp_hal_status = ADC_Enable(hadc);
1397:Drivers/STM32F1xx_HAL_Driver/Src/stm32f1xx_hal_adc.c ****   
1398:Drivers/STM32F1xx_HAL_Driver/Src/stm32f1xx_hal_adc.c ****   /* Start conversion if ADC is effectively enabled */
1399:Drivers/STM32F1xx_HAL_Driver/Src/stm32f1xx_hal_adc.c ****   if (tmp_hal_status == HAL_OK)
1400:Drivers/STM32F1xx_HAL_Driver/Src/stm32f1xx_hal_adc.c ****   {
1401:Drivers/STM32F1xx_HAL_Driver/Src/stm32f1xx_hal_adc.c ****     /* Set ADC state                                                          */
1402:Drivers/STM32F1xx_HAL_Driver/Src/stm32f1xx_hal_adc.c ****     /* - Clear state bitfield related to regular group conversion results     */
1403:Drivers/STM32F1xx_HAL_Driver/Src/stm32f1xx_hal_adc.c ****     /* - Set state bitfield related to regular operation                      */
1404:Drivers/STM32F1xx_HAL_Driver/Src/stm32f1xx_hal_adc.c ****     ADC_STATE_CLR_SET(hadc->State,
1405:Drivers/STM32F1xx_HAL_Driver/Src/stm32f1xx_hal_adc.c ****                       HAL_ADC_STATE_READY | HAL_ADC_STATE_REG_EOC | HAL_ADC_STATE_REG_OVR | HAL_ADC
1406:Drivers/STM32F1xx_HAL_Driver/Src/stm32f1xx_hal_adc.c ****                       HAL_ADC_STATE_REG_BUSY);
1407:Drivers/STM32F1xx_HAL_Driver/Src/stm32f1xx_hal_adc.c ****     
1408:Drivers/STM32F1xx_HAL_Driver/Src/stm32f1xx_hal_adc.c ****     /* Set group injected state (from auto-injection) and multimode state     */
1409:Drivers/STM32F1xx_HAL_Driver/Src/stm32f1xx_hal_adc.c ****     /* for all cases of multimode: independent mode, multimode ADC master     */
1410:Drivers/STM32F1xx_HAL_Driver/Src/stm32f1xx_hal_adc.c ****     /* or multimode ADC slave (for devices with several ADCs):                */
1411:Drivers/STM32F1xx_HAL_Driver/Src/stm32f1xx_hal_adc.c ****     if (ADC_NONMULTIMODE_OR_MULTIMODEMASTER(hadc))
1412:Drivers/STM32F1xx_HAL_Driver/Src/stm32f1xx_hal_adc.c ****     {
1413:Drivers/STM32F1xx_HAL_Driver/Src/stm32f1xx_hal_adc.c ****       /* Set ADC state (ADC independent or master) */
1414:Drivers/STM32F1xx_HAL_Driver/Src/stm32f1xx_hal_adc.c ****       CLEAR_BIT(hadc->State, HAL_ADC_STATE_MULTIMODE_SLAVE);
1415:Drivers/STM32F1xx_HAL_Driver/Src/stm32f1xx_hal_adc.c ****       
1416:Drivers/STM32F1xx_HAL_Driver/Src/stm32f1xx_hal_adc.c ****       /* If conversions on group regular are also triggering group injected,  */
1417:Drivers/STM32F1xx_HAL_Driver/Src/stm32f1xx_hal_adc.c ****       /* update ADC state.                                                    */
1418:Drivers/STM32F1xx_HAL_Driver/Src/stm32f1xx_hal_adc.c ****       if (READ_BIT(hadc->Instance->CR1, ADC_CR1_JAUTO) != RESET)
1419:Drivers/STM32F1xx_HAL_Driver/Src/stm32f1xx_hal_adc.c ****       {
1420:Drivers/STM32F1xx_HAL_Driver/Src/stm32f1xx_hal_adc.c ****         ADC_STATE_CLR_SET(hadc->State, HAL_ADC_STATE_INJ_EOC, HAL_ADC_STATE_INJ_BUSY);  
1421:Drivers/STM32F1xx_HAL_Driver/Src/stm32f1xx_hal_adc.c ****       }
1422:Drivers/STM32F1xx_HAL_Driver/Src/stm32f1xx_hal_adc.c ****     }
1423:Drivers/STM32F1xx_HAL_Driver/Src/stm32f1xx_hal_adc.c ****     else
1424:Drivers/STM32F1xx_HAL_Driver/Src/stm32f1xx_hal_adc.c ****     {
1425:Drivers/STM32F1xx_HAL_Driver/Src/stm32f1xx_hal_adc.c ****       /* Set ADC state (ADC slave) */
1426:Drivers/STM32F1xx_HAL_Driver/Src/stm32f1xx_hal_adc.c ****       SET_BIT(hadc->State, HAL_ADC_STATE_MULTIMODE_SLAVE);
1427:Drivers/STM32F1xx_HAL_Driver/Src/stm32f1xx_hal_adc.c ****       
1428:Drivers/STM32F1xx_HAL_Driver/Src/stm32f1xx_hal_adc.c ****       /* If conversions on group regular are also triggering group injected,  */
1429:Drivers/STM32F1xx_HAL_Driver/Src/stm32f1xx_hal_adc.c ****       /* update ADC state.                                                    */
1430:Drivers/STM32F1xx_HAL_Driver/Src/stm32f1xx_hal_adc.c ****       if (ADC_MULTIMODE_AUTO_INJECTED(hadc))
1431:Drivers/STM32F1xx_HAL_Driver/Src/stm32f1xx_hal_adc.c ****       {
1432:Drivers/STM32F1xx_HAL_Driver/Src/stm32f1xx_hal_adc.c ****         ADC_STATE_CLR_SET(hadc->State, HAL_ADC_STATE_INJ_EOC, HAL_ADC_STATE_INJ_BUSY);
1433:Drivers/STM32F1xx_HAL_Driver/Src/stm32f1xx_hal_adc.c ****       }
ARM GAS  /var/folders/y0/yl1wrqfd209ghqq3s8k8qc1m0000gn/T//cc8LbdIE.s 			page 36


1434:Drivers/STM32F1xx_HAL_Driver/Src/stm32f1xx_hal_adc.c ****     }
1435:Drivers/STM32F1xx_HAL_Driver/Src/stm32f1xx_hal_adc.c ****     
1436:Drivers/STM32F1xx_HAL_Driver/Src/stm32f1xx_hal_adc.c ****     /* State machine update: Check if an injected conversion is ongoing */
1437:Drivers/STM32F1xx_HAL_Driver/Src/stm32f1xx_hal_adc.c ****     if (HAL_IS_BIT_SET(hadc->State, HAL_ADC_STATE_INJ_BUSY))
1438:Drivers/STM32F1xx_HAL_Driver/Src/stm32f1xx_hal_adc.c ****     {
1439:Drivers/STM32F1xx_HAL_Driver/Src/stm32f1xx_hal_adc.c ****       /* Reset ADC error code fields related to conversions on group regular */
1440:Drivers/STM32F1xx_HAL_Driver/Src/stm32f1xx_hal_adc.c ****       CLEAR_BIT(hadc->ErrorCode, (HAL_ADC_ERROR_OVR | HAL_ADC_ERROR_DMA));         
1441:Drivers/STM32F1xx_HAL_Driver/Src/stm32f1xx_hal_adc.c ****     }
1442:Drivers/STM32F1xx_HAL_Driver/Src/stm32f1xx_hal_adc.c ****     else
1443:Drivers/STM32F1xx_HAL_Driver/Src/stm32f1xx_hal_adc.c ****     {
1444:Drivers/STM32F1xx_HAL_Driver/Src/stm32f1xx_hal_adc.c ****       /* Reset ADC all error code fields */
1445:Drivers/STM32F1xx_HAL_Driver/Src/stm32f1xx_hal_adc.c ****       ADC_CLEAR_ERRORCODE(hadc);
1446:Drivers/STM32F1xx_HAL_Driver/Src/stm32f1xx_hal_adc.c ****     }
1447:Drivers/STM32F1xx_HAL_Driver/Src/stm32f1xx_hal_adc.c ****     
1448:Drivers/STM32F1xx_HAL_Driver/Src/stm32f1xx_hal_adc.c ****     /* Process unlocked */
1449:Drivers/STM32F1xx_HAL_Driver/Src/stm32f1xx_hal_adc.c ****     /* Unlock before starting ADC conversions: in case of potential           */
1450:Drivers/STM32F1xx_HAL_Driver/Src/stm32f1xx_hal_adc.c ****     /* interruption, to let the process to ADC IRQ Handler.                   */
1451:Drivers/STM32F1xx_HAL_Driver/Src/stm32f1xx_hal_adc.c ****     __HAL_UNLOCK(hadc);
1452:Drivers/STM32F1xx_HAL_Driver/Src/stm32f1xx_hal_adc.c ****     
1453:Drivers/STM32F1xx_HAL_Driver/Src/stm32f1xx_hal_adc.c ****     /* Clear regular group conversion flag and overrun flag */
1454:Drivers/STM32F1xx_HAL_Driver/Src/stm32f1xx_hal_adc.c ****     /* (To ensure of no unknown state from potential previous ADC operations) */
1455:Drivers/STM32F1xx_HAL_Driver/Src/stm32f1xx_hal_adc.c ****     __HAL_ADC_CLEAR_FLAG(hadc, ADC_FLAG_EOC);
1456:Drivers/STM32F1xx_HAL_Driver/Src/stm32f1xx_hal_adc.c ****     
1457:Drivers/STM32F1xx_HAL_Driver/Src/stm32f1xx_hal_adc.c ****     /* Enable end of conversion interrupt for regular group */
1458:Drivers/STM32F1xx_HAL_Driver/Src/stm32f1xx_hal_adc.c ****     __HAL_ADC_ENABLE_IT(hadc, ADC_IT_EOC);
1459:Drivers/STM32F1xx_HAL_Driver/Src/stm32f1xx_hal_adc.c ****     
1460:Drivers/STM32F1xx_HAL_Driver/Src/stm32f1xx_hal_adc.c ****     /* Enable conversion of regular group.                                    */
1461:Drivers/STM32F1xx_HAL_Driver/Src/stm32f1xx_hal_adc.c ****     /* If software start has been selected, conversion starts immediately.    */
1462:Drivers/STM32F1xx_HAL_Driver/Src/stm32f1xx_hal_adc.c ****     /* If external trigger has been selected, conversion will start at next   */
1463:Drivers/STM32F1xx_HAL_Driver/Src/stm32f1xx_hal_adc.c ****     /* trigger event.                                                         */
1464:Drivers/STM32F1xx_HAL_Driver/Src/stm32f1xx_hal_adc.c ****     /* Case of multimode enabled:                                             */ 
1465:Drivers/STM32F1xx_HAL_Driver/Src/stm32f1xx_hal_adc.c ****     /*  - if ADC is slave, ADC is enabled only (conversion is not started).   */
1466:Drivers/STM32F1xx_HAL_Driver/Src/stm32f1xx_hal_adc.c ****     /*  - if ADC is master, ADC is enabled and conversion is started.         */
1467:Drivers/STM32F1xx_HAL_Driver/Src/stm32f1xx_hal_adc.c ****     if (ADC_IS_SOFTWARE_START_REGULAR(hadc)      &&
1468:Drivers/STM32F1xx_HAL_Driver/Src/stm32f1xx_hal_adc.c ****         ADC_NONMULTIMODE_OR_MULTIMODEMASTER(hadc)  )
1469:Drivers/STM32F1xx_HAL_Driver/Src/stm32f1xx_hal_adc.c ****     {
1470:Drivers/STM32F1xx_HAL_Driver/Src/stm32f1xx_hal_adc.c ****       /* Start ADC conversion on regular group with SW start */
1471:Drivers/STM32F1xx_HAL_Driver/Src/stm32f1xx_hal_adc.c ****       SET_BIT(hadc->Instance->CR2, (ADC_CR2_SWSTART | ADC_CR2_EXTTRIG));
1472:Drivers/STM32F1xx_HAL_Driver/Src/stm32f1xx_hal_adc.c ****     }
1473:Drivers/STM32F1xx_HAL_Driver/Src/stm32f1xx_hal_adc.c ****     else
1474:Drivers/STM32F1xx_HAL_Driver/Src/stm32f1xx_hal_adc.c ****     {
1475:Drivers/STM32F1xx_HAL_Driver/Src/stm32f1xx_hal_adc.c ****       /* Start ADC conversion on regular group with external trigger */
1476:Drivers/STM32F1xx_HAL_Driver/Src/stm32f1xx_hal_adc.c ****       SET_BIT(hadc->Instance->CR2, ADC_CR2_EXTTRIG);
1477:Drivers/STM32F1xx_HAL_Driver/Src/stm32f1xx_hal_adc.c ****     }
1478:Drivers/STM32F1xx_HAL_Driver/Src/stm32f1xx_hal_adc.c ****   }
1479:Drivers/STM32F1xx_HAL_Driver/Src/stm32f1xx_hal_adc.c ****   else
1480:Drivers/STM32F1xx_HAL_Driver/Src/stm32f1xx_hal_adc.c ****   {
1481:Drivers/STM32F1xx_HAL_Driver/Src/stm32f1xx_hal_adc.c ****     /* Process unlocked */
1482:Drivers/STM32F1xx_HAL_Driver/Src/stm32f1xx_hal_adc.c ****     __HAL_UNLOCK(hadc);
1483:Drivers/STM32F1xx_HAL_Driver/Src/stm32f1xx_hal_adc.c ****   }
1484:Drivers/STM32F1xx_HAL_Driver/Src/stm32f1xx_hal_adc.c ****   
1485:Drivers/STM32F1xx_HAL_Driver/Src/stm32f1xx_hal_adc.c ****   /* Return function status */
1486:Drivers/STM32F1xx_HAL_Driver/Src/stm32f1xx_hal_adc.c ****   return tmp_hal_status;
1487:Drivers/STM32F1xx_HAL_Driver/Src/stm32f1xx_hal_adc.c **** }
1488:Drivers/STM32F1xx_HAL_Driver/Src/stm32f1xx_hal_adc.c **** 
1489:Drivers/STM32F1xx_HAL_Driver/Src/stm32f1xx_hal_adc.c **** /**
1490:Drivers/STM32F1xx_HAL_Driver/Src/stm32f1xx_hal_adc.c ****   * @brief  Stop ADC conversion of regular group (and injected group in 
ARM GAS  /var/folders/y0/yl1wrqfd209ghqq3s8k8qc1m0000gn/T//cc8LbdIE.s 			page 37


1491:Drivers/STM32F1xx_HAL_Driver/Src/stm32f1xx_hal_adc.c ****   *         case of auto_injection mode), disable interrution of 
1492:Drivers/STM32F1xx_HAL_Driver/Src/stm32f1xx_hal_adc.c ****   *         end-of-conversion, disable ADC peripheral.
1493:Drivers/STM32F1xx_HAL_Driver/Src/stm32f1xx_hal_adc.c ****   * @param  hadc: ADC handle
1494:Drivers/STM32F1xx_HAL_Driver/Src/stm32f1xx_hal_adc.c ****   * @retval None
1495:Drivers/STM32F1xx_HAL_Driver/Src/stm32f1xx_hal_adc.c ****   */
1496:Drivers/STM32F1xx_HAL_Driver/Src/stm32f1xx_hal_adc.c **** HAL_StatusTypeDef HAL_ADC_Stop_IT(ADC_HandleTypeDef* hadc)
1497:Drivers/STM32F1xx_HAL_Driver/Src/stm32f1xx_hal_adc.c **** {
1498:Drivers/STM32F1xx_HAL_Driver/Src/stm32f1xx_hal_adc.c ****   HAL_StatusTypeDef tmp_hal_status = HAL_OK;
1499:Drivers/STM32F1xx_HAL_Driver/Src/stm32f1xx_hal_adc.c ****   
1500:Drivers/STM32F1xx_HAL_Driver/Src/stm32f1xx_hal_adc.c ****   /* Check the parameters */
1501:Drivers/STM32F1xx_HAL_Driver/Src/stm32f1xx_hal_adc.c ****   assert_param(IS_ADC_ALL_INSTANCE(hadc->Instance));
1502:Drivers/STM32F1xx_HAL_Driver/Src/stm32f1xx_hal_adc.c ****      
1503:Drivers/STM32F1xx_HAL_Driver/Src/stm32f1xx_hal_adc.c ****   /* Process locked */
1504:Drivers/STM32F1xx_HAL_Driver/Src/stm32f1xx_hal_adc.c ****   __HAL_LOCK(hadc);
1505:Drivers/STM32F1xx_HAL_Driver/Src/stm32f1xx_hal_adc.c ****   
1506:Drivers/STM32F1xx_HAL_Driver/Src/stm32f1xx_hal_adc.c ****   /* Stop potential conversion on going, on regular and injected groups */
1507:Drivers/STM32F1xx_HAL_Driver/Src/stm32f1xx_hal_adc.c ****   /* Disable ADC peripheral */
1508:Drivers/STM32F1xx_HAL_Driver/Src/stm32f1xx_hal_adc.c ****   tmp_hal_status = ADC_ConversionStop_Disable(hadc);
1509:Drivers/STM32F1xx_HAL_Driver/Src/stm32f1xx_hal_adc.c ****   
1510:Drivers/STM32F1xx_HAL_Driver/Src/stm32f1xx_hal_adc.c ****   /* Check if ADC is effectively disabled */
1511:Drivers/STM32F1xx_HAL_Driver/Src/stm32f1xx_hal_adc.c ****   if (tmp_hal_status == HAL_OK)
1512:Drivers/STM32F1xx_HAL_Driver/Src/stm32f1xx_hal_adc.c ****   {
1513:Drivers/STM32F1xx_HAL_Driver/Src/stm32f1xx_hal_adc.c ****     /* Disable ADC end of conversion interrupt for regular group */
1514:Drivers/STM32F1xx_HAL_Driver/Src/stm32f1xx_hal_adc.c ****     __HAL_ADC_DISABLE_IT(hadc, ADC_IT_EOC);
1515:Drivers/STM32F1xx_HAL_Driver/Src/stm32f1xx_hal_adc.c ****     
1516:Drivers/STM32F1xx_HAL_Driver/Src/stm32f1xx_hal_adc.c ****     /* Set ADC state */
1517:Drivers/STM32F1xx_HAL_Driver/Src/stm32f1xx_hal_adc.c ****     ADC_STATE_CLR_SET(hadc->State,
1518:Drivers/STM32F1xx_HAL_Driver/Src/stm32f1xx_hal_adc.c ****                       HAL_ADC_STATE_REG_BUSY | HAL_ADC_STATE_INJ_BUSY,
1519:Drivers/STM32F1xx_HAL_Driver/Src/stm32f1xx_hal_adc.c ****                       HAL_ADC_STATE_READY);
1520:Drivers/STM32F1xx_HAL_Driver/Src/stm32f1xx_hal_adc.c ****   }
1521:Drivers/STM32F1xx_HAL_Driver/Src/stm32f1xx_hal_adc.c ****   
1522:Drivers/STM32F1xx_HAL_Driver/Src/stm32f1xx_hal_adc.c ****   /* Process unlocked */
1523:Drivers/STM32F1xx_HAL_Driver/Src/stm32f1xx_hal_adc.c ****   __HAL_UNLOCK(hadc);
1524:Drivers/STM32F1xx_HAL_Driver/Src/stm32f1xx_hal_adc.c ****   
1525:Drivers/STM32F1xx_HAL_Driver/Src/stm32f1xx_hal_adc.c ****   /* Return function status */
1526:Drivers/STM32F1xx_HAL_Driver/Src/stm32f1xx_hal_adc.c ****   return tmp_hal_status;
1527:Drivers/STM32F1xx_HAL_Driver/Src/stm32f1xx_hal_adc.c **** }
1528:Drivers/STM32F1xx_HAL_Driver/Src/stm32f1xx_hal_adc.c **** 
1529:Drivers/STM32F1xx_HAL_Driver/Src/stm32f1xx_hal_adc.c **** /**
1530:Drivers/STM32F1xx_HAL_Driver/Src/stm32f1xx_hal_adc.c ****   * @brief  Enables ADC, starts conversion of regular group and transfers result
1531:Drivers/STM32F1xx_HAL_Driver/Src/stm32f1xx_hal_adc.c ****   *         through DMA.
1532:Drivers/STM32F1xx_HAL_Driver/Src/stm32f1xx_hal_adc.c ****   *         Interruptions enabled in this function:
1533:Drivers/STM32F1xx_HAL_Driver/Src/stm32f1xx_hal_adc.c ****   *          - DMA transfer complete
1534:Drivers/STM32F1xx_HAL_Driver/Src/stm32f1xx_hal_adc.c ****   *          - DMA half transfer
1535:Drivers/STM32F1xx_HAL_Driver/Src/stm32f1xx_hal_adc.c ****   *         Each of these interruptions has its dedicated callback function.
1536:Drivers/STM32F1xx_HAL_Driver/Src/stm32f1xx_hal_adc.c ****   * @note   For devices with several ADCs: This function is for single-ADC mode 
1537:Drivers/STM32F1xx_HAL_Driver/Src/stm32f1xx_hal_adc.c ****   *         only. For multimode, use the dedicated MultimodeStart function.
1538:Drivers/STM32F1xx_HAL_Driver/Src/stm32f1xx_hal_adc.c ****   * @note   On STM32F1 devices, only ADC1 and ADC3 (ADC availability depending
1539:Drivers/STM32F1xx_HAL_Driver/Src/stm32f1xx_hal_adc.c ****   *         on devices) have DMA capability.
1540:Drivers/STM32F1xx_HAL_Driver/Src/stm32f1xx_hal_adc.c ****   *         ADC2 converted data can be transferred in dual ADC mode using DMA
1541:Drivers/STM32F1xx_HAL_Driver/Src/stm32f1xx_hal_adc.c ****   *         of ADC1 (ADC master in multimode).
1542:Drivers/STM32F1xx_HAL_Driver/Src/stm32f1xx_hal_adc.c ****   *         In case of using ADC1 with DMA on a device featuring 2 ADC
1543:Drivers/STM32F1xx_HAL_Driver/Src/stm32f1xx_hal_adc.c ****   *         instances: ADC1 conversion register DR contains ADC1 conversion 
1544:Drivers/STM32F1xx_HAL_Driver/Src/stm32f1xx_hal_adc.c ****   *         result (ADC1 register DR bits 0 to 11) and, additionally, ADC2 last
1545:Drivers/STM32F1xx_HAL_Driver/Src/stm32f1xx_hal_adc.c ****   *         conversion result (ADC1 register DR bits 16 to 27). Therefore, to
1546:Drivers/STM32F1xx_HAL_Driver/Src/stm32f1xx_hal_adc.c ****   *         have DMA transferring the conversion results of ADC1 only, DMA must
1547:Drivers/STM32F1xx_HAL_Driver/Src/stm32f1xx_hal_adc.c ****   *         be configured to transfer size: half word.
ARM GAS  /var/folders/y0/yl1wrqfd209ghqq3s8k8qc1m0000gn/T//cc8LbdIE.s 			page 38


1548:Drivers/STM32F1xx_HAL_Driver/Src/stm32f1xx_hal_adc.c ****   * @param  hadc: ADC handle
1549:Drivers/STM32F1xx_HAL_Driver/Src/stm32f1xx_hal_adc.c ****   * @param  pData: The destination Buffer address.
1550:Drivers/STM32F1xx_HAL_Driver/Src/stm32f1xx_hal_adc.c ****   * @param  Length: The length of data to be transferred from ADC peripheral to memory.
1551:Drivers/STM32F1xx_HAL_Driver/Src/stm32f1xx_hal_adc.c ****   * @retval None
1552:Drivers/STM32F1xx_HAL_Driver/Src/stm32f1xx_hal_adc.c ****   */
1553:Drivers/STM32F1xx_HAL_Driver/Src/stm32f1xx_hal_adc.c **** HAL_StatusTypeDef HAL_ADC_Start_DMA(ADC_HandleTypeDef* hadc, uint32_t* pData, uint32_t Length)
1554:Drivers/STM32F1xx_HAL_Driver/Src/stm32f1xx_hal_adc.c **** {
1555:Drivers/STM32F1xx_HAL_Driver/Src/stm32f1xx_hal_adc.c ****   HAL_StatusTypeDef tmp_hal_status = HAL_OK;
1556:Drivers/STM32F1xx_HAL_Driver/Src/stm32f1xx_hal_adc.c ****   
1557:Drivers/STM32F1xx_HAL_Driver/Src/stm32f1xx_hal_adc.c ****   /* Check the parameters */
1558:Drivers/STM32F1xx_HAL_Driver/Src/stm32f1xx_hal_adc.c ****   assert_param(IS_ADC_DMA_CAPABILITY_INSTANCE(hadc->Instance));
1559:Drivers/STM32F1xx_HAL_Driver/Src/stm32f1xx_hal_adc.c ****     
1560:Drivers/STM32F1xx_HAL_Driver/Src/stm32f1xx_hal_adc.c ****   /* Verification if multimode is disabled (for devices with several ADC)     */
1561:Drivers/STM32F1xx_HAL_Driver/Src/stm32f1xx_hal_adc.c ****   /* If multimode is enabled, dedicated function multimode conversion         */
1562:Drivers/STM32F1xx_HAL_Driver/Src/stm32f1xx_hal_adc.c ****   /* start DMA must be used.                                                  */
1563:Drivers/STM32F1xx_HAL_Driver/Src/stm32f1xx_hal_adc.c ****   if(ADC_MULTIMODE_IS_ENABLE(hadc) == RESET)
1564:Drivers/STM32F1xx_HAL_Driver/Src/stm32f1xx_hal_adc.c ****   {
1565:Drivers/STM32F1xx_HAL_Driver/Src/stm32f1xx_hal_adc.c ****     /* Process locked */
1566:Drivers/STM32F1xx_HAL_Driver/Src/stm32f1xx_hal_adc.c ****     __HAL_LOCK(hadc);
1567:Drivers/STM32F1xx_HAL_Driver/Src/stm32f1xx_hal_adc.c ****     
1568:Drivers/STM32F1xx_HAL_Driver/Src/stm32f1xx_hal_adc.c ****     /* Enable the ADC peripheral */
1569:Drivers/STM32F1xx_HAL_Driver/Src/stm32f1xx_hal_adc.c ****     tmp_hal_status = ADC_Enable(hadc);
1570:Drivers/STM32F1xx_HAL_Driver/Src/stm32f1xx_hal_adc.c ****     
1571:Drivers/STM32F1xx_HAL_Driver/Src/stm32f1xx_hal_adc.c ****     /* Start conversion if ADC is effectively enabled */
1572:Drivers/STM32F1xx_HAL_Driver/Src/stm32f1xx_hal_adc.c ****     if (tmp_hal_status == HAL_OK)
1573:Drivers/STM32F1xx_HAL_Driver/Src/stm32f1xx_hal_adc.c ****     {
1574:Drivers/STM32F1xx_HAL_Driver/Src/stm32f1xx_hal_adc.c ****       /* Set ADC state                                                        */
1575:Drivers/STM32F1xx_HAL_Driver/Src/stm32f1xx_hal_adc.c ****       /* - Clear state bitfield related to regular group conversion results   */
1576:Drivers/STM32F1xx_HAL_Driver/Src/stm32f1xx_hal_adc.c ****       /* - Set state bitfield related to regular operation                    */
1577:Drivers/STM32F1xx_HAL_Driver/Src/stm32f1xx_hal_adc.c ****       ADC_STATE_CLR_SET(hadc->State,
1578:Drivers/STM32F1xx_HAL_Driver/Src/stm32f1xx_hal_adc.c ****                         HAL_ADC_STATE_READY | HAL_ADC_STATE_REG_EOC | HAL_ADC_STATE_REG_OVR | HAL_A
1579:Drivers/STM32F1xx_HAL_Driver/Src/stm32f1xx_hal_adc.c ****                         HAL_ADC_STATE_REG_BUSY);
1580:Drivers/STM32F1xx_HAL_Driver/Src/stm32f1xx_hal_adc.c ****     
1581:Drivers/STM32F1xx_HAL_Driver/Src/stm32f1xx_hal_adc.c ****     /* Set group injected state (from auto-injection) and multimode state     */
1582:Drivers/STM32F1xx_HAL_Driver/Src/stm32f1xx_hal_adc.c ****     /* for all cases of multimode: independent mode, multimode ADC master     */
1583:Drivers/STM32F1xx_HAL_Driver/Src/stm32f1xx_hal_adc.c ****     /* or multimode ADC slave (for devices with several ADCs):                */
1584:Drivers/STM32F1xx_HAL_Driver/Src/stm32f1xx_hal_adc.c ****     if (ADC_NONMULTIMODE_OR_MULTIMODEMASTER(hadc))
1585:Drivers/STM32F1xx_HAL_Driver/Src/stm32f1xx_hal_adc.c ****     {
1586:Drivers/STM32F1xx_HAL_Driver/Src/stm32f1xx_hal_adc.c ****       /* Set ADC state (ADC independent or master) */
1587:Drivers/STM32F1xx_HAL_Driver/Src/stm32f1xx_hal_adc.c ****       CLEAR_BIT(hadc->State, HAL_ADC_STATE_MULTIMODE_SLAVE);
1588:Drivers/STM32F1xx_HAL_Driver/Src/stm32f1xx_hal_adc.c ****       
1589:Drivers/STM32F1xx_HAL_Driver/Src/stm32f1xx_hal_adc.c ****       /* If conversions on group regular are also triggering group injected,  */
1590:Drivers/STM32F1xx_HAL_Driver/Src/stm32f1xx_hal_adc.c ****       /* update ADC state.                                                    */
1591:Drivers/STM32F1xx_HAL_Driver/Src/stm32f1xx_hal_adc.c ****       if (READ_BIT(hadc->Instance->CR1, ADC_CR1_JAUTO) != RESET)
1592:Drivers/STM32F1xx_HAL_Driver/Src/stm32f1xx_hal_adc.c ****       {
1593:Drivers/STM32F1xx_HAL_Driver/Src/stm32f1xx_hal_adc.c ****         ADC_STATE_CLR_SET(hadc->State, HAL_ADC_STATE_INJ_EOC, HAL_ADC_STATE_INJ_BUSY);  
1594:Drivers/STM32F1xx_HAL_Driver/Src/stm32f1xx_hal_adc.c ****       }
1595:Drivers/STM32F1xx_HAL_Driver/Src/stm32f1xx_hal_adc.c ****     }
1596:Drivers/STM32F1xx_HAL_Driver/Src/stm32f1xx_hal_adc.c ****     else
1597:Drivers/STM32F1xx_HAL_Driver/Src/stm32f1xx_hal_adc.c ****     {
1598:Drivers/STM32F1xx_HAL_Driver/Src/stm32f1xx_hal_adc.c ****       /* Set ADC state (ADC slave) */
1599:Drivers/STM32F1xx_HAL_Driver/Src/stm32f1xx_hal_adc.c ****       SET_BIT(hadc->State, HAL_ADC_STATE_MULTIMODE_SLAVE);
1600:Drivers/STM32F1xx_HAL_Driver/Src/stm32f1xx_hal_adc.c ****       
1601:Drivers/STM32F1xx_HAL_Driver/Src/stm32f1xx_hal_adc.c ****       /* If conversions on group regular are also triggering group injected,  */
1602:Drivers/STM32F1xx_HAL_Driver/Src/stm32f1xx_hal_adc.c ****       /* update ADC state.                                                    */
1603:Drivers/STM32F1xx_HAL_Driver/Src/stm32f1xx_hal_adc.c ****       if (ADC_MULTIMODE_AUTO_INJECTED(hadc))
1604:Drivers/STM32F1xx_HAL_Driver/Src/stm32f1xx_hal_adc.c ****       {
ARM GAS  /var/folders/y0/yl1wrqfd209ghqq3s8k8qc1m0000gn/T//cc8LbdIE.s 			page 39


1605:Drivers/STM32F1xx_HAL_Driver/Src/stm32f1xx_hal_adc.c ****         ADC_STATE_CLR_SET(hadc->State, HAL_ADC_STATE_INJ_EOC, HAL_ADC_STATE_INJ_BUSY);
1606:Drivers/STM32F1xx_HAL_Driver/Src/stm32f1xx_hal_adc.c ****       }
1607:Drivers/STM32F1xx_HAL_Driver/Src/stm32f1xx_hal_adc.c ****     }
1608:Drivers/STM32F1xx_HAL_Driver/Src/stm32f1xx_hal_adc.c ****       
1609:Drivers/STM32F1xx_HAL_Driver/Src/stm32f1xx_hal_adc.c ****       /* State machine update: Check if an injected conversion is ongoing */
1610:Drivers/STM32F1xx_HAL_Driver/Src/stm32f1xx_hal_adc.c ****       if (HAL_IS_BIT_SET(hadc->State, HAL_ADC_STATE_INJ_BUSY))
1611:Drivers/STM32F1xx_HAL_Driver/Src/stm32f1xx_hal_adc.c ****       {
1612:Drivers/STM32F1xx_HAL_Driver/Src/stm32f1xx_hal_adc.c ****         /* Reset ADC error code fields related to conversions on group regular */
1613:Drivers/STM32F1xx_HAL_Driver/Src/stm32f1xx_hal_adc.c ****         CLEAR_BIT(hadc->ErrorCode, (HAL_ADC_ERROR_OVR | HAL_ADC_ERROR_DMA));         
1614:Drivers/STM32F1xx_HAL_Driver/Src/stm32f1xx_hal_adc.c ****       }
1615:Drivers/STM32F1xx_HAL_Driver/Src/stm32f1xx_hal_adc.c ****       else
1616:Drivers/STM32F1xx_HAL_Driver/Src/stm32f1xx_hal_adc.c ****       {
1617:Drivers/STM32F1xx_HAL_Driver/Src/stm32f1xx_hal_adc.c ****         /* Reset ADC all error code fields */
1618:Drivers/STM32F1xx_HAL_Driver/Src/stm32f1xx_hal_adc.c ****         ADC_CLEAR_ERRORCODE(hadc);
1619:Drivers/STM32F1xx_HAL_Driver/Src/stm32f1xx_hal_adc.c ****       }
1620:Drivers/STM32F1xx_HAL_Driver/Src/stm32f1xx_hal_adc.c ****       
1621:Drivers/STM32F1xx_HAL_Driver/Src/stm32f1xx_hal_adc.c ****       /* Process unlocked */
1622:Drivers/STM32F1xx_HAL_Driver/Src/stm32f1xx_hal_adc.c ****       /* Unlock before starting ADC conversions: in case of potential         */
1623:Drivers/STM32F1xx_HAL_Driver/Src/stm32f1xx_hal_adc.c ****       /* interruption, to let the process to ADC IRQ Handler.                 */
1624:Drivers/STM32F1xx_HAL_Driver/Src/stm32f1xx_hal_adc.c ****       __HAL_UNLOCK(hadc);
1625:Drivers/STM32F1xx_HAL_Driver/Src/stm32f1xx_hal_adc.c ****       
1626:Drivers/STM32F1xx_HAL_Driver/Src/stm32f1xx_hal_adc.c ****       /* Set the DMA transfer complete callback */
1627:Drivers/STM32F1xx_HAL_Driver/Src/stm32f1xx_hal_adc.c ****       hadc->DMA_Handle->XferCpltCallback = ADC_DMAConvCplt;
1628:Drivers/STM32F1xx_HAL_Driver/Src/stm32f1xx_hal_adc.c **** 
1629:Drivers/STM32F1xx_HAL_Driver/Src/stm32f1xx_hal_adc.c ****       /* Set the DMA half transfer complete callback */
1630:Drivers/STM32F1xx_HAL_Driver/Src/stm32f1xx_hal_adc.c ****       hadc->DMA_Handle->XferHalfCpltCallback = ADC_DMAHalfConvCplt;
1631:Drivers/STM32F1xx_HAL_Driver/Src/stm32f1xx_hal_adc.c ****       
1632:Drivers/STM32F1xx_HAL_Driver/Src/stm32f1xx_hal_adc.c ****       /* Set the DMA error callback */
1633:Drivers/STM32F1xx_HAL_Driver/Src/stm32f1xx_hal_adc.c ****       hadc->DMA_Handle->XferErrorCallback = ADC_DMAError;
1634:Drivers/STM32F1xx_HAL_Driver/Src/stm32f1xx_hal_adc.c **** 
1635:Drivers/STM32F1xx_HAL_Driver/Src/stm32f1xx_hal_adc.c ****       
1636:Drivers/STM32F1xx_HAL_Driver/Src/stm32f1xx_hal_adc.c ****       /* Manage ADC and DMA start: ADC overrun interruption, DMA start, ADC   */
1637:Drivers/STM32F1xx_HAL_Driver/Src/stm32f1xx_hal_adc.c ****       /* start (in case of SW start):                                         */
1638:Drivers/STM32F1xx_HAL_Driver/Src/stm32f1xx_hal_adc.c ****       
1639:Drivers/STM32F1xx_HAL_Driver/Src/stm32f1xx_hal_adc.c ****       /* Clear regular group conversion flag and overrun flag */
1640:Drivers/STM32F1xx_HAL_Driver/Src/stm32f1xx_hal_adc.c ****       /* (To ensure of no unknown state from potential previous ADC           */
1641:Drivers/STM32F1xx_HAL_Driver/Src/stm32f1xx_hal_adc.c ****       /* operations)                                                          */
1642:Drivers/STM32F1xx_HAL_Driver/Src/stm32f1xx_hal_adc.c ****       __HAL_ADC_CLEAR_FLAG(hadc, ADC_FLAG_EOC);
1643:Drivers/STM32F1xx_HAL_Driver/Src/stm32f1xx_hal_adc.c ****       
1644:Drivers/STM32F1xx_HAL_Driver/Src/stm32f1xx_hal_adc.c ****       /* Enable ADC DMA mode */
1645:Drivers/STM32F1xx_HAL_Driver/Src/stm32f1xx_hal_adc.c ****       SET_BIT(hadc->Instance->CR2, ADC_CR2_DMA);
1646:Drivers/STM32F1xx_HAL_Driver/Src/stm32f1xx_hal_adc.c ****       
1647:Drivers/STM32F1xx_HAL_Driver/Src/stm32f1xx_hal_adc.c ****       /* Start the DMA channel */
1648:Drivers/STM32F1xx_HAL_Driver/Src/stm32f1xx_hal_adc.c ****       HAL_DMA_Start_IT(hadc->DMA_Handle, (uint32_t)&hadc->Instance->DR, (uint32_t)pData, Length);
1649:Drivers/STM32F1xx_HAL_Driver/Src/stm32f1xx_hal_adc.c ****       
1650:Drivers/STM32F1xx_HAL_Driver/Src/stm32f1xx_hal_adc.c ****       /* Enable conversion of regular group.                                  */
1651:Drivers/STM32F1xx_HAL_Driver/Src/stm32f1xx_hal_adc.c ****       /* If software start has been selected, conversion starts immediately.  */
1652:Drivers/STM32F1xx_HAL_Driver/Src/stm32f1xx_hal_adc.c ****       /* If external trigger has been selected, conversion will start at next */
1653:Drivers/STM32F1xx_HAL_Driver/Src/stm32f1xx_hal_adc.c ****       /* trigger event.                                                       */
1654:Drivers/STM32F1xx_HAL_Driver/Src/stm32f1xx_hal_adc.c ****       if (ADC_IS_SOFTWARE_START_REGULAR(hadc))
1655:Drivers/STM32F1xx_HAL_Driver/Src/stm32f1xx_hal_adc.c ****       {
1656:Drivers/STM32F1xx_HAL_Driver/Src/stm32f1xx_hal_adc.c ****         /* Start ADC conversion on regular group with SW start */
1657:Drivers/STM32F1xx_HAL_Driver/Src/stm32f1xx_hal_adc.c ****         SET_BIT(hadc->Instance->CR2, (ADC_CR2_SWSTART | ADC_CR2_EXTTRIG));
1658:Drivers/STM32F1xx_HAL_Driver/Src/stm32f1xx_hal_adc.c ****       }
1659:Drivers/STM32F1xx_HAL_Driver/Src/stm32f1xx_hal_adc.c ****       else
1660:Drivers/STM32F1xx_HAL_Driver/Src/stm32f1xx_hal_adc.c ****       {
1661:Drivers/STM32F1xx_HAL_Driver/Src/stm32f1xx_hal_adc.c ****         /* Start ADC conversion on regular group with external trigger */
ARM GAS  /var/folders/y0/yl1wrqfd209ghqq3s8k8qc1m0000gn/T//cc8LbdIE.s 			page 40


1662:Drivers/STM32F1xx_HAL_Driver/Src/stm32f1xx_hal_adc.c ****         SET_BIT(hadc->Instance->CR2, ADC_CR2_EXTTRIG);
1663:Drivers/STM32F1xx_HAL_Driver/Src/stm32f1xx_hal_adc.c ****       }
1664:Drivers/STM32F1xx_HAL_Driver/Src/stm32f1xx_hal_adc.c ****     }
1665:Drivers/STM32F1xx_HAL_Driver/Src/stm32f1xx_hal_adc.c ****     else
1666:Drivers/STM32F1xx_HAL_Driver/Src/stm32f1xx_hal_adc.c ****     {
1667:Drivers/STM32F1xx_HAL_Driver/Src/stm32f1xx_hal_adc.c ****       /* Process unlocked */
1668:Drivers/STM32F1xx_HAL_Driver/Src/stm32f1xx_hal_adc.c ****       __HAL_UNLOCK(hadc);
1669:Drivers/STM32F1xx_HAL_Driver/Src/stm32f1xx_hal_adc.c ****     }
1670:Drivers/STM32F1xx_HAL_Driver/Src/stm32f1xx_hal_adc.c ****   }
1671:Drivers/STM32F1xx_HAL_Driver/Src/stm32f1xx_hal_adc.c ****   else
1672:Drivers/STM32F1xx_HAL_Driver/Src/stm32f1xx_hal_adc.c ****   {
1673:Drivers/STM32F1xx_HAL_Driver/Src/stm32f1xx_hal_adc.c ****     tmp_hal_status = HAL_ERROR;
1674:Drivers/STM32F1xx_HAL_Driver/Src/stm32f1xx_hal_adc.c ****   }
1675:Drivers/STM32F1xx_HAL_Driver/Src/stm32f1xx_hal_adc.c ****   
1676:Drivers/STM32F1xx_HAL_Driver/Src/stm32f1xx_hal_adc.c ****   /* Return function status */
1677:Drivers/STM32F1xx_HAL_Driver/Src/stm32f1xx_hal_adc.c ****   return tmp_hal_status;
1678:Drivers/STM32F1xx_HAL_Driver/Src/stm32f1xx_hal_adc.c **** }
1679:Drivers/STM32F1xx_HAL_Driver/Src/stm32f1xx_hal_adc.c **** 
1680:Drivers/STM32F1xx_HAL_Driver/Src/stm32f1xx_hal_adc.c **** /**
1681:Drivers/STM32F1xx_HAL_Driver/Src/stm32f1xx_hal_adc.c ****   * @brief  Stop ADC conversion of regular group (and injected group in 
1682:Drivers/STM32F1xx_HAL_Driver/Src/stm32f1xx_hal_adc.c ****   *         case of auto_injection mode), disable ADC DMA transfer, disable 
1683:Drivers/STM32F1xx_HAL_Driver/Src/stm32f1xx_hal_adc.c ****   *         ADC peripheral.
1684:Drivers/STM32F1xx_HAL_Driver/Src/stm32f1xx_hal_adc.c ****   * @note:  ADC peripheral disable is forcing stop of potential 
1685:Drivers/STM32F1xx_HAL_Driver/Src/stm32f1xx_hal_adc.c ****   *         conversion on injected group. If injected group is under use, it
1686:Drivers/STM32F1xx_HAL_Driver/Src/stm32f1xx_hal_adc.c ****   *         should be preliminarily stopped using HAL_ADCEx_InjectedStop function.
1687:Drivers/STM32F1xx_HAL_Driver/Src/stm32f1xx_hal_adc.c ****   * @note   For devices with several ADCs: This function is for single-ADC mode 
1688:Drivers/STM32F1xx_HAL_Driver/Src/stm32f1xx_hal_adc.c ****   *         only. For multimode, use the dedicated MultimodeStop function.
1689:Drivers/STM32F1xx_HAL_Driver/Src/stm32f1xx_hal_adc.c ****   * @note   On STM32F1 devices, only ADC1 and ADC3 (ADC availability depending
1690:Drivers/STM32F1xx_HAL_Driver/Src/stm32f1xx_hal_adc.c ****   *         on devices) have DMA capability.
1691:Drivers/STM32F1xx_HAL_Driver/Src/stm32f1xx_hal_adc.c ****   * @param  hadc: ADC handle
1692:Drivers/STM32F1xx_HAL_Driver/Src/stm32f1xx_hal_adc.c ****   * @retval HAL status.
1693:Drivers/STM32F1xx_HAL_Driver/Src/stm32f1xx_hal_adc.c ****   */
1694:Drivers/STM32F1xx_HAL_Driver/Src/stm32f1xx_hal_adc.c **** HAL_StatusTypeDef HAL_ADC_Stop_DMA(ADC_HandleTypeDef* hadc)
1695:Drivers/STM32F1xx_HAL_Driver/Src/stm32f1xx_hal_adc.c **** {
1696:Drivers/STM32F1xx_HAL_Driver/Src/stm32f1xx_hal_adc.c ****   HAL_StatusTypeDef tmp_hal_status = HAL_OK;
1697:Drivers/STM32F1xx_HAL_Driver/Src/stm32f1xx_hal_adc.c ****   
1698:Drivers/STM32F1xx_HAL_Driver/Src/stm32f1xx_hal_adc.c ****   /* Check the parameters */
1699:Drivers/STM32F1xx_HAL_Driver/Src/stm32f1xx_hal_adc.c ****   assert_param(IS_ADC_DMA_CAPABILITY_INSTANCE(hadc->Instance));
1700:Drivers/STM32F1xx_HAL_Driver/Src/stm32f1xx_hal_adc.c ****      
1701:Drivers/STM32F1xx_HAL_Driver/Src/stm32f1xx_hal_adc.c ****   /* Process locked */
1702:Drivers/STM32F1xx_HAL_Driver/Src/stm32f1xx_hal_adc.c ****   __HAL_LOCK(hadc);
1703:Drivers/STM32F1xx_HAL_Driver/Src/stm32f1xx_hal_adc.c ****   
1704:Drivers/STM32F1xx_HAL_Driver/Src/stm32f1xx_hal_adc.c ****   /* Stop potential conversion on going, on regular and injected groups */
1705:Drivers/STM32F1xx_HAL_Driver/Src/stm32f1xx_hal_adc.c ****   /* Disable ADC peripheral */
1706:Drivers/STM32F1xx_HAL_Driver/Src/stm32f1xx_hal_adc.c ****   tmp_hal_status = ADC_ConversionStop_Disable(hadc);
1707:Drivers/STM32F1xx_HAL_Driver/Src/stm32f1xx_hal_adc.c ****   
1708:Drivers/STM32F1xx_HAL_Driver/Src/stm32f1xx_hal_adc.c ****   /* Check if ADC is effectively disabled */
1709:Drivers/STM32F1xx_HAL_Driver/Src/stm32f1xx_hal_adc.c ****   if (tmp_hal_status == HAL_OK)
1710:Drivers/STM32F1xx_HAL_Driver/Src/stm32f1xx_hal_adc.c ****   {
1711:Drivers/STM32F1xx_HAL_Driver/Src/stm32f1xx_hal_adc.c ****     /* Disable ADC DMA mode */
1712:Drivers/STM32F1xx_HAL_Driver/Src/stm32f1xx_hal_adc.c ****     CLEAR_BIT(hadc->Instance->CR2, ADC_CR2_DMA);
1713:Drivers/STM32F1xx_HAL_Driver/Src/stm32f1xx_hal_adc.c ****     
1714:Drivers/STM32F1xx_HAL_Driver/Src/stm32f1xx_hal_adc.c ****     /* Disable the DMA channel (in case of DMA in circular mode or stop while */
1715:Drivers/STM32F1xx_HAL_Driver/Src/stm32f1xx_hal_adc.c ****     /* DMA transfer is on going)                                              */
1716:Drivers/STM32F1xx_HAL_Driver/Src/stm32f1xx_hal_adc.c ****     if (hadc->DMA_Handle->State == HAL_DMA_STATE_BUSY)
1717:Drivers/STM32F1xx_HAL_Driver/Src/stm32f1xx_hal_adc.c ****     {
1718:Drivers/STM32F1xx_HAL_Driver/Src/stm32f1xx_hal_adc.c ****       tmp_hal_status = HAL_DMA_Abort(hadc->DMA_Handle);
ARM GAS  /var/folders/y0/yl1wrqfd209ghqq3s8k8qc1m0000gn/T//cc8LbdIE.s 			page 41


1719:Drivers/STM32F1xx_HAL_Driver/Src/stm32f1xx_hal_adc.c ****       
1720:Drivers/STM32F1xx_HAL_Driver/Src/stm32f1xx_hal_adc.c ****       /* Check if DMA channel effectively disabled */
1721:Drivers/STM32F1xx_HAL_Driver/Src/stm32f1xx_hal_adc.c ****       if (tmp_hal_status == HAL_OK)
1722:Drivers/STM32F1xx_HAL_Driver/Src/stm32f1xx_hal_adc.c ****       {
1723:Drivers/STM32F1xx_HAL_Driver/Src/stm32f1xx_hal_adc.c ****         /* Set ADC state */
1724:Drivers/STM32F1xx_HAL_Driver/Src/stm32f1xx_hal_adc.c ****         ADC_STATE_CLR_SET(hadc->State,
1725:Drivers/STM32F1xx_HAL_Driver/Src/stm32f1xx_hal_adc.c ****                           HAL_ADC_STATE_REG_BUSY | HAL_ADC_STATE_INJ_BUSY,
1726:Drivers/STM32F1xx_HAL_Driver/Src/stm32f1xx_hal_adc.c ****                           HAL_ADC_STATE_READY);
1727:Drivers/STM32F1xx_HAL_Driver/Src/stm32f1xx_hal_adc.c ****       }
1728:Drivers/STM32F1xx_HAL_Driver/Src/stm32f1xx_hal_adc.c ****       else
1729:Drivers/STM32F1xx_HAL_Driver/Src/stm32f1xx_hal_adc.c ****       {
1730:Drivers/STM32F1xx_HAL_Driver/Src/stm32f1xx_hal_adc.c ****         /* Update ADC state machine to error */
1731:Drivers/STM32F1xx_HAL_Driver/Src/stm32f1xx_hal_adc.c ****         SET_BIT(hadc->State, HAL_ADC_STATE_ERROR_DMA);
1732:Drivers/STM32F1xx_HAL_Driver/Src/stm32f1xx_hal_adc.c ****       }
1733:Drivers/STM32F1xx_HAL_Driver/Src/stm32f1xx_hal_adc.c ****     }
1734:Drivers/STM32F1xx_HAL_Driver/Src/stm32f1xx_hal_adc.c ****   }
1735:Drivers/STM32F1xx_HAL_Driver/Src/stm32f1xx_hal_adc.c ****   
1736:Drivers/STM32F1xx_HAL_Driver/Src/stm32f1xx_hal_adc.c ****   /* Process unlocked */
1737:Drivers/STM32F1xx_HAL_Driver/Src/stm32f1xx_hal_adc.c ****   __HAL_UNLOCK(hadc);
1738:Drivers/STM32F1xx_HAL_Driver/Src/stm32f1xx_hal_adc.c ****     
1739:Drivers/STM32F1xx_HAL_Driver/Src/stm32f1xx_hal_adc.c ****   /* Return function status */
1740:Drivers/STM32F1xx_HAL_Driver/Src/stm32f1xx_hal_adc.c ****   return tmp_hal_status;
1741:Drivers/STM32F1xx_HAL_Driver/Src/stm32f1xx_hal_adc.c **** }
1742:Drivers/STM32F1xx_HAL_Driver/Src/stm32f1xx_hal_adc.c **** 
1743:Drivers/STM32F1xx_HAL_Driver/Src/stm32f1xx_hal_adc.c **** /**
1744:Drivers/STM32F1xx_HAL_Driver/Src/stm32f1xx_hal_adc.c ****   * @brief  Get ADC regular group conversion result.
1745:Drivers/STM32F1xx_HAL_Driver/Src/stm32f1xx_hal_adc.c ****   * @note   Reading register DR automatically clears ADC flag EOC
1746:Drivers/STM32F1xx_HAL_Driver/Src/stm32f1xx_hal_adc.c ****   *         (ADC group regular end of unitary conversion).
1747:Drivers/STM32F1xx_HAL_Driver/Src/stm32f1xx_hal_adc.c ****   * @note   This function does not clear ADC flag EOS 
1748:Drivers/STM32F1xx_HAL_Driver/Src/stm32f1xx_hal_adc.c ****   *         (ADC group regular end of sequence conversion).
1749:Drivers/STM32F1xx_HAL_Driver/Src/stm32f1xx_hal_adc.c ****   *         Occurrence of flag EOS rising:
1750:Drivers/STM32F1xx_HAL_Driver/Src/stm32f1xx_hal_adc.c ****   *          - If sequencer is composed of 1 rank, flag EOS is equivalent
1751:Drivers/STM32F1xx_HAL_Driver/Src/stm32f1xx_hal_adc.c ****   *            to flag EOC.
1752:Drivers/STM32F1xx_HAL_Driver/Src/stm32f1xx_hal_adc.c ****   *          - If sequencer is composed of several ranks, during the scan
1753:Drivers/STM32F1xx_HAL_Driver/Src/stm32f1xx_hal_adc.c ****   *            sequence flag EOC only is raised, at the end of the scan sequence
1754:Drivers/STM32F1xx_HAL_Driver/Src/stm32f1xx_hal_adc.c ****   *            both flags EOC and EOS are raised.
1755:Drivers/STM32F1xx_HAL_Driver/Src/stm32f1xx_hal_adc.c ****   *         To clear this flag, either use function: 
1756:Drivers/STM32F1xx_HAL_Driver/Src/stm32f1xx_hal_adc.c ****   *         in programming model IT: @ref HAL_ADC_IRQHandler(), in programming
1757:Drivers/STM32F1xx_HAL_Driver/Src/stm32f1xx_hal_adc.c ****   *         model polling: @ref HAL_ADC_PollForConversion() 
1758:Drivers/STM32F1xx_HAL_Driver/Src/stm32f1xx_hal_adc.c ****   *         or @ref __HAL_ADC_CLEAR_FLAG(&hadc, ADC_FLAG_EOS).
1759:Drivers/STM32F1xx_HAL_Driver/Src/stm32f1xx_hal_adc.c ****   * @param  hadc: ADC handle
1760:Drivers/STM32F1xx_HAL_Driver/Src/stm32f1xx_hal_adc.c ****   * @retval ADC group regular conversion data
1761:Drivers/STM32F1xx_HAL_Driver/Src/stm32f1xx_hal_adc.c ****   */
1762:Drivers/STM32F1xx_HAL_Driver/Src/stm32f1xx_hal_adc.c **** uint32_t HAL_ADC_GetValue(ADC_HandleTypeDef* hadc)
1763:Drivers/STM32F1xx_HAL_Driver/Src/stm32f1xx_hal_adc.c **** {
 499              		.loc 1 1763 1 is_stmt 1 view -0
 500              		.cfi_startproc
 501              		@ args = 0, pretend = 0, frame = 0
 502              		@ frame_needed = 0, uses_anonymous_args = 0
 503              		@ link register save eliminated.
1764:Drivers/STM32F1xx_HAL_Driver/Src/stm32f1xx_hal_adc.c ****   /* Check the parameters */
1765:Drivers/STM32F1xx_HAL_Driver/Src/stm32f1xx_hal_adc.c ****   assert_param(IS_ADC_ALL_INSTANCE(hadc->Instance));
 504              		.loc 1 1765 3 view .LVU138
1766:Drivers/STM32F1xx_HAL_Driver/Src/stm32f1xx_hal_adc.c **** 
1767:Drivers/STM32F1xx_HAL_Driver/Src/stm32f1xx_hal_adc.c ****   /* Note: EOC flag is not cleared here by software because automatically     */
1768:Drivers/STM32F1xx_HAL_Driver/Src/stm32f1xx_hal_adc.c ****   /*       cleared by hardware when reading register DR.                      */
1769:Drivers/STM32F1xx_HAL_Driver/Src/stm32f1xx_hal_adc.c ****   
ARM GAS  /var/folders/y0/yl1wrqfd209ghqq3s8k8qc1m0000gn/T//cc8LbdIE.s 			page 42


1770:Drivers/STM32F1xx_HAL_Driver/Src/stm32f1xx_hal_adc.c ****   /* Return ADC converted value */ 
1771:Drivers/STM32F1xx_HAL_Driver/Src/stm32f1xx_hal_adc.c ****   return hadc->Instance->DR;
 505              		.loc 1 1771 3 view .LVU139
 506              		.loc 1 1771 14 is_stmt 0 view .LVU140
 507 0000 0368     		ldr	r3, [r0]
 508              		.loc 1 1771 24 view .LVU141
 509 0002 D86C     		ldr	r0, [r3, #76]
 510              	.LVL23:
1772:Drivers/STM32F1xx_HAL_Driver/Src/stm32f1xx_hal_adc.c **** }
 511              		.loc 1 1772 1 view .LVU142
 512 0004 7047     		bx	lr
 513              		.cfi_endproc
 514              	.LFE77:
 516              		.section	.text.HAL_ADC_ConvCpltCallback,"ax",%progbits
 517              		.align	1
 518              		.weak	HAL_ADC_ConvCpltCallback
 519              		.syntax unified
 520              		.thumb
 521              		.thumb_func
 523              	HAL_ADC_ConvCpltCallback:
 524              	.LVL24:
 525              	.LFB79:
1773:Drivers/STM32F1xx_HAL_Driver/Src/stm32f1xx_hal_adc.c **** 
1774:Drivers/STM32F1xx_HAL_Driver/Src/stm32f1xx_hal_adc.c **** /**
1775:Drivers/STM32F1xx_HAL_Driver/Src/stm32f1xx_hal_adc.c ****   * @brief  Handles ADC interrupt request  
1776:Drivers/STM32F1xx_HAL_Driver/Src/stm32f1xx_hal_adc.c ****   * @param  hadc: ADC handle
1777:Drivers/STM32F1xx_HAL_Driver/Src/stm32f1xx_hal_adc.c ****   * @retval None
1778:Drivers/STM32F1xx_HAL_Driver/Src/stm32f1xx_hal_adc.c ****   */
1779:Drivers/STM32F1xx_HAL_Driver/Src/stm32f1xx_hal_adc.c **** void HAL_ADC_IRQHandler(ADC_HandleTypeDef* hadc)
1780:Drivers/STM32F1xx_HAL_Driver/Src/stm32f1xx_hal_adc.c **** {
1781:Drivers/STM32F1xx_HAL_Driver/Src/stm32f1xx_hal_adc.c ****   uint32_t tmp_sr = hadc->Instance->SR;
1782:Drivers/STM32F1xx_HAL_Driver/Src/stm32f1xx_hal_adc.c ****   uint32_t tmp_cr1 = hadc->Instance->CR1;
1783:Drivers/STM32F1xx_HAL_Driver/Src/stm32f1xx_hal_adc.c **** 
1784:Drivers/STM32F1xx_HAL_Driver/Src/stm32f1xx_hal_adc.c ****   /* Check the parameters */
1785:Drivers/STM32F1xx_HAL_Driver/Src/stm32f1xx_hal_adc.c ****   assert_param(IS_ADC_ALL_INSTANCE(hadc->Instance));
1786:Drivers/STM32F1xx_HAL_Driver/Src/stm32f1xx_hal_adc.c ****   assert_param(IS_FUNCTIONAL_STATE(hadc->Init.ContinuousConvMode));
1787:Drivers/STM32F1xx_HAL_Driver/Src/stm32f1xx_hal_adc.c ****   assert_param(IS_ADC_REGULAR_NB_CONV(hadc->Init.NbrOfConversion));
1788:Drivers/STM32F1xx_HAL_Driver/Src/stm32f1xx_hal_adc.c ****   
1789:Drivers/STM32F1xx_HAL_Driver/Src/stm32f1xx_hal_adc.c ****   
1790:Drivers/STM32F1xx_HAL_Driver/Src/stm32f1xx_hal_adc.c ****   /* ========== Check End of Conversion flag for regular group ========== */
1791:Drivers/STM32F1xx_HAL_Driver/Src/stm32f1xx_hal_adc.c ****   if((tmp_cr1 & ADC_IT_EOC) == ADC_IT_EOC)
1792:Drivers/STM32F1xx_HAL_Driver/Src/stm32f1xx_hal_adc.c ****   {
1793:Drivers/STM32F1xx_HAL_Driver/Src/stm32f1xx_hal_adc.c ****     if((tmp_sr & ADC_FLAG_EOC) == ADC_FLAG_EOC)
1794:Drivers/STM32F1xx_HAL_Driver/Src/stm32f1xx_hal_adc.c ****     {
1795:Drivers/STM32F1xx_HAL_Driver/Src/stm32f1xx_hal_adc.c ****       /* Update state machine on conversion status if not in error state */
1796:Drivers/STM32F1xx_HAL_Driver/Src/stm32f1xx_hal_adc.c ****       if (HAL_IS_BIT_CLR(hadc->State, HAL_ADC_STATE_ERROR_INTERNAL))
1797:Drivers/STM32F1xx_HAL_Driver/Src/stm32f1xx_hal_adc.c ****       {
1798:Drivers/STM32F1xx_HAL_Driver/Src/stm32f1xx_hal_adc.c ****         /* Set ADC state */
1799:Drivers/STM32F1xx_HAL_Driver/Src/stm32f1xx_hal_adc.c ****         SET_BIT(hadc->State, HAL_ADC_STATE_REG_EOC); 
1800:Drivers/STM32F1xx_HAL_Driver/Src/stm32f1xx_hal_adc.c ****       }
1801:Drivers/STM32F1xx_HAL_Driver/Src/stm32f1xx_hal_adc.c ****       
1802:Drivers/STM32F1xx_HAL_Driver/Src/stm32f1xx_hal_adc.c ****       /* Determine whether any further conversion upcoming on group regular   */
1803:Drivers/STM32F1xx_HAL_Driver/Src/stm32f1xx_hal_adc.c ****       /* by external trigger, continuous mode or scan sequence on going.      */
1804:Drivers/STM32F1xx_HAL_Driver/Src/stm32f1xx_hal_adc.c ****       /* Note: On STM32F1 devices, in case of sequencer enabled               */
1805:Drivers/STM32F1xx_HAL_Driver/Src/stm32f1xx_hal_adc.c ****       /*       (several ranks selected), end of conversion flag is raised     */
1806:Drivers/STM32F1xx_HAL_Driver/Src/stm32f1xx_hal_adc.c ****       /*       at the end of the sequence.                                    */
1807:Drivers/STM32F1xx_HAL_Driver/Src/stm32f1xx_hal_adc.c ****       if(ADC_IS_SOFTWARE_START_REGULAR(hadc)        && 
ARM GAS  /var/folders/y0/yl1wrqfd209ghqq3s8k8qc1m0000gn/T//cc8LbdIE.s 			page 43


1808:Drivers/STM32F1xx_HAL_Driver/Src/stm32f1xx_hal_adc.c ****          (hadc->Init.ContinuousConvMode == DISABLE)   )
1809:Drivers/STM32F1xx_HAL_Driver/Src/stm32f1xx_hal_adc.c ****       {
1810:Drivers/STM32F1xx_HAL_Driver/Src/stm32f1xx_hal_adc.c ****         /* Disable ADC end of conversion interrupt on group regular */
1811:Drivers/STM32F1xx_HAL_Driver/Src/stm32f1xx_hal_adc.c ****         __HAL_ADC_DISABLE_IT(hadc, ADC_IT_EOC);
1812:Drivers/STM32F1xx_HAL_Driver/Src/stm32f1xx_hal_adc.c ****         
1813:Drivers/STM32F1xx_HAL_Driver/Src/stm32f1xx_hal_adc.c ****         /* Set ADC state */
1814:Drivers/STM32F1xx_HAL_Driver/Src/stm32f1xx_hal_adc.c ****         CLEAR_BIT(hadc->State, HAL_ADC_STATE_REG_BUSY);   
1815:Drivers/STM32F1xx_HAL_Driver/Src/stm32f1xx_hal_adc.c ****         
1816:Drivers/STM32F1xx_HAL_Driver/Src/stm32f1xx_hal_adc.c ****         if (HAL_IS_BIT_CLR(hadc->State, HAL_ADC_STATE_INJ_BUSY))
1817:Drivers/STM32F1xx_HAL_Driver/Src/stm32f1xx_hal_adc.c ****         {
1818:Drivers/STM32F1xx_HAL_Driver/Src/stm32f1xx_hal_adc.c ****           SET_BIT(hadc->State, HAL_ADC_STATE_READY);
1819:Drivers/STM32F1xx_HAL_Driver/Src/stm32f1xx_hal_adc.c ****         }
1820:Drivers/STM32F1xx_HAL_Driver/Src/stm32f1xx_hal_adc.c ****       }
1821:Drivers/STM32F1xx_HAL_Driver/Src/stm32f1xx_hal_adc.c **** 
1822:Drivers/STM32F1xx_HAL_Driver/Src/stm32f1xx_hal_adc.c ****       /* Conversion complete callback */
1823:Drivers/STM32F1xx_HAL_Driver/Src/stm32f1xx_hal_adc.c **** #if (USE_HAL_ADC_REGISTER_CALLBACKS == 1)
1824:Drivers/STM32F1xx_HAL_Driver/Src/stm32f1xx_hal_adc.c ****       hadc->ConvCpltCallback(hadc);
1825:Drivers/STM32F1xx_HAL_Driver/Src/stm32f1xx_hal_adc.c **** #else
1826:Drivers/STM32F1xx_HAL_Driver/Src/stm32f1xx_hal_adc.c ****       HAL_ADC_ConvCpltCallback(hadc);
1827:Drivers/STM32F1xx_HAL_Driver/Src/stm32f1xx_hal_adc.c **** #endif /* USE_HAL_ADC_REGISTER_CALLBACKS */
1828:Drivers/STM32F1xx_HAL_Driver/Src/stm32f1xx_hal_adc.c ****       
1829:Drivers/STM32F1xx_HAL_Driver/Src/stm32f1xx_hal_adc.c ****       /* Clear regular group conversion flag */
1830:Drivers/STM32F1xx_HAL_Driver/Src/stm32f1xx_hal_adc.c ****       __HAL_ADC_CLEAR_FLAG(hadc, ADC_FLAG_STRT | ADC_FLAG_EOC);
1831:Drivers/STM32F1xx_HAL_Driver/Src/stm32f1xx_hal_adc.c ****     }
1832:Drivers/STM32F1xx_HAL_Driver/Src/stm32f1xx_hal_adc.c ****   }
1833:Drivers/STM32F1xx_HAL_Driver/Src/stm32f1xx_hal_adc.c ****   
1834:Drivers/STM32F1xx_HAL_Driver/Src/stm32f1xx_hal_adc.c ****   /* ========== Check End of Conversion flag for injected group ========== */
1835:Drivers/STM32F1xx_HAL_Driver/Src/stm32f1xx_hal_adc.c ****   if((tmp_cr1 & ADC_IT_JEOC) == ADC_IT_JEOC)
1836:Drivers/STM32F1xx_HAL_Driver/Src/stm32f1xx_hal_adc.c ****   {
1837:Drivers/STM32F1xx_HAL_Driver/Src/stm32f1xx_hal_adc.c ****     if((tmp_sr & ADC_FLAG_JEOC) == ADC_FLAG_JEOC)
1838:Drivers/STM32F1xx_HAL_Driver/Src/stm32f1xx_hal_adc.c ****     {
1839:Drivers/STM32F1xx_HAL_Driver/Src/stm32f1xx_hal_adc.c ****       /* Update state machine on conversion status if not in error state */
1840:Drivers/STM32F1xx_HAL_Driver/Src/stm32f1xx_hal_adc.c ****       if (HAL_IS_BIT_CLR(hadc->State, HAL_ADC_STATE_ERROR_INTERNAL))
1841:Drivers/STM32F1xx_HAL_Driver/Src/stm32f1xx_hal_adc.c ****       {
1842:Drivers/STM32F1xx_HAL_Driver/Src/stm32f1xx_hal_adc.c ****         /* Set ADC state */
1843:Drivers/STM32F1xx_HAL_Driver/Src/stm32f1xx_hal_adc.c ****         SET_BIT(hadc->State, HAL_ADC_STATE_INJ_EOC);
1844:Drivers/STM32F1xx_HAL_Driver/Src/stm32f1xx_hal_adc.c ****       }
1845:Drivers/STM32F1xx_HAL_Driver/Src/stm32f1xx_hal_adc.c **** 
1846:Drivers/STM32F1xx_HAL_Driver/Src/stm32f1xx_hal_adc.c ****       /* Determine whether any further conversion upcoming on group injected  */
1847:Drivers/STM32F1xx_HAL_Driver/Src/stm32f1xx_hal_adc.c ****       /* by external trigger, scan sequence on going or by automatic injected */
1848:Drivers/STM32F1xx_HAL_Driver/Src/stm32f1xx_hal_adc.c ****       /* conversion from group regular (same conditions as group regular      */
1849:Drivers/STM32F1xx_HAL_Driver/Src/stm32f1xx_hal_adc.c ****       /* interruption disabling above).                                       */
1850:Drivers/STM32F1xx_HAL_Driver/Src/stm32f1xx_hal_adc.c ****       /* Note: On STM32F1 devices, in case of sequencer enabled               */
1851:Drivers/STM32F1xx_HAL_Driver/Src/stm32f1xx_hal_adc.c ****       /*       (several ranks selected), end of conversion flag is raised     */
1852:Drivers/STM32F1xx_HAL_Driver/Src/stm32f1xx_hal_adc.c ****       /*       at the end of the sequence.                                    */
1853:Drivers/STM32F1xx_HAL_Driver/Src/stm32f1xx_hal_adc.c ****       if(ADC_IS_SOFTWARE_START_INJECTED(hadc)                     || 
1854:Drivers/STM32F1xx_HAL_Driver/Src/stm32f1xx_hal_adc.c ****          (HAL_IS_BIT_CLR(hadc->Instance->CR1, ADC_CR1_JAUTO) &&     
1855:Drivers/STM32F1xx_HAL_Driver/Src/stm32f1xx_hal_adc.c ****          (ADC_IS_SOFTWARE_START_REGULAR(hadc)        &&
1856:Drivers/STM32F1xx_HAL_Driver/Src/stm32f1xx_hal_adc.c ****           (hadc->Init.ContinuousConvMode == DISABLE)   )        )   )
1857:Drivers/STM32F1xx_HAL_Driver/Src/stm32f1xx_hal_adc.c ****       {
1858:Drivers/STM32F1xx_HAL_Driver/Src/stm32f1xx_hal_adc.c ****         /* Disable ADC end of conversion interrupt on group injected */
1859:Drivers/STM32F1xx_HAL_Driver/Src/stm32f1xx_hal_adc.c ****         __HAL_ADC_DISABLE_IT(hadc, ADC_IT_JEOC);
1860:Drivers/STM32F1xx_HAL_Driver/Src/stm32f1xx_hal_adc.c ****         
1861:Drivers/STM32F1xx_HAL_Driver/Src/stm32f1xx_hal_adc.c ****         /* Set ADC state */
1862:Drivers/STM32F1xx_HAL_Driver/Src/stm32f1xx_hal_adc.c ****         CLEAR_BIT(hadc->State, HAL_ADC_STATE_INJ_BUSY);   
1863:Drivers/STM32F1xx_HAL_Driver/Src/stm32f1xx_hal_adc.c **** 
1864:Drivers/STM32F1xx_HAL_Driver/Src/stm32f1xx_hal_adc.c ****         if (HAL_IS_BIT_CLR(hadc->State, HAL_ADC_STATE_REG_BUSY))
ARM GAS  /var/folders/y0/yl1wrqfd209ghqq3s8k8qc1m0000gn/T//cc8LbdIE.s 			page 44


1865:Drivers/STM32F1xx_HAL_Driver/Src/stm32f1xx_hal_adc.c ****         { 
1866:Drivers/STM32F1xx_HAL_Driver/Src/stm32f1xx_hal_adc.c ****           SET_BIT(hadc->State, HAL_ADC_STATE_READY);
1867:Drivers/STM32F1xx_HAL_Driver/Src/stm32f1xx_hal_adc.c ****         }
1868:Drivers/STM32F1xx_HAL_Driver/Src/stm32f1xx_hal_adc.c ****       }
1869:Drivers/STM32F1xx_HAL_Driver/Src/stm32f1xx_hal_adc.c **** 
1870:Drivers/STM32F1xx_HAL_Driver/Src/stm32f1xx_hal_adc.c ****       /* Conversion complete callback */ 
1871:Drivers/STM32F1xx_HAL_Driver/Src/stm32f1xx_hal_adc.c **** #if (USE_HAL_ADC_REGISTER_CALLBACKS == 1)
1872:Drivers/STM32F1xx_HAL_Driver/Src/stm32f1xx_hal_adc.c ****       hadc->InjectedConvCpltCallback(hadc);
1873:Drivers/STM32F1xx_HAL_Driver/Src/stm32f1xx_hal_adc.c **** #else
1874:Drivers/STM32F1xx_HAL_Driver/Src/stm32f1xx_hal_adc.c ****       HAL_ADCEx_InjectedConvCpltCallback(hadc);
1875:Drivers/STM32F1xx_HAL_Driver/Src/stm32f1xx_hal_adc.c **** #endif /* USE_HAL_ADC_REGISTER_CALLBACKS */
1876:Drivers/STM32F1xx_HAL_Driver/Src/stm32f1xx_hal_adc.c ****       
1877:Drivers/STM32F1xx_HAL_Driver/Src/stm32f1xx_hal_adc.c ****       /* Clear injected group conversion flag */
1878:Drivers/STM32F1xx_HAL_Driver/Src/stm32f1xx_hal_adc.c ****       __HAL_ADC_CLEAR_FLAG(hadc, (ADC_FLAG_JSTRT | ADC_FLAG_JEOC));
1879:Drivers/STM32F1xx_HAL_Driver/Src/stm32f1xx_hal_adc.c ****     }
1880:Drivers/STM32F1xx_HAL_Driver/Src/stm32f1xx_hal_adc.c ****   }
1881:Drivers/STM32F1xx_HAL_Driver/Src/stm32f1xx_hal_adc.c ****    
1882:Drivers/STM32F1xx_HAL_Driver/Src/stm32f1xx_hal_adc.c ****   /* ========== Check Analog watchdog flags ========== */
1883:Drivers/STM32F1xx_HAL_Driver/Src/stm32f1xx_hal_adc.c ****   if((tmp_cr1 & ADC_IT_AWD) == ADC_IT_AWD)
1884:Drivers/STM32F1xx_HAL_Driver/Src/stm32f1xx_hal_adc.c ****   {
1885:Drivers/STM32F1xx_HAL_Driver/Src/stm32f1xx_hal_adc.c ****     if((tmp_sr & ADC_FLAG_AWD) == ADC_FLAG_AWD)
1886:Drivers/STM32F1xx_HAL_Driver/Src/stm32f1xx_hal_adc.c ****     {
1887:Drivers/STM32F1xx_HAL_Driver/Src/stm32f1xx_hal_adc.c ****       /* Set ADC state */
1888:Drivers/STM32F1xx_HAL_Driver/Src/stm32f1xx_hal_adc.c ****       SET_BIT(hadc->State, HAL_ADC_STATE_AWD1);
1889:Drivers/STM32F1xx_HAL_Driver/Src/stm32f1xx_hal_adc.c ****       
1890:Drivers/STM32F1xx_HAL_Driver/Src/stm32f1xx_hal_adc.c ****       /* Level out of window callback */ 
1891:Drivers/STM32F1xx_HAL_Driver/Src/stm32f1xx_hal_adc.c **** #if (USE_HAL_ADC_REGISTER_CALLBACKS == 1)
1892:Drivers/STM32F1xx_HAL_Driver/Src/stm32f1xx_hal_adc.c ****       hadc->LevelOutOfWindowCallback(hadc);
1893:Drivers/STM32F1xx_HAL_Driver/Src/stm32f1xx_hal_adc.c **** #else
1894:Drivers/STM32F1xx_HAL_Driver/Src/stm32f1xx_hal_adc.c ****       HAL_ADC_LevelOutOfWindowCallback(hadc);
1895:Drivers/STM32F1xx_HAL_Driver/Src/stm32f1xx_hal_adc.c **** #endif /* USE_HAL_ADC_REGISTER_CALLBACKS */
1896:Drivers/STM32F1xx_HAL_Driver/Src/stm32f1xx_hal_adc.c ****       
1897:Drivers/STM32F1xx_HAL_Driver/Src/stm32f1xx_hal_adc.c ****       /* Clear the ADC analog watchdog flag */
1898:Drivers/STM32F1xx_HAL_Driver/Src/stm32f1xx_hal_adc.c ****       __HAL_ADC_CLEAR_FLAG(hadc, ADC_FLAG_AWD);
1899:Drivers/STM32F1xx_HAL_Driver/Src/stm32f1xx_hal_adc.c ****     }
1900:Drivers/STM32F1xx_HAL_Driver/Src/stm32f1xx_hal_adc.c ****   }
1901:Drivers/STM32F1xx_HAL_Driver/Src/stm32f1xx_hal_adc.c ****   
1902:Drivers/STM32F1xx_HAL_Driver/Src/stm32f1xx_hal_adc.c **** }
1903:Drivers/STM32F1xx_HAL_Driver/Src/stm32f1xx_hal_adc.c **** 
1904:Drivers/STM32F1xx_HAL_Driver/Src/stm32f1xx_hal_adc.c **** /**
1905:Drivers/STM32F1xx_HAL_Driver/Src/stm32f1xx_hal_adc.c ****   * @brief  Conversion complete callback in non blocking mode 
1906:Drivers/STM32F1xx_HAL_Driver/Src/stm32f1xx_hal_adc.c ****   * @param  hadc: ADC handle
1907:Drivers/STM32F1xx_HAL_Driver/Src/stm32f1xx_hal_adc.c ****   * @retval None
1908:Drivers/STM32F1xx_HAL_Driver/Src/stm32f1xx_hal_adc.c ****   */
1909:Drivers/STM32F1xx_HAL_Driver/Src/stm32f1xx_hal_adc.c **** __weak void HAL_ADC_ConvCpltCallback(ADC_HandleTypeDef* hadc)
1910:Drivers/STM32F1xx_HAL_Driver/Src/stm32f1xx_hal_adc.c **** {
 526              		.loc 1 1910 1 is_stmt 1 view -0
 527              		.cfi_startproc
 528              		@ args = 0, pretend = 0, frame = 0
 529              		@ frame_needed = 0, uses_anonymous_args = 0
 530              		@ link register save eliminated.
1911:Drivers/STM32F1xx_HAL_Driver/Src/stm32f1xx_hal_adc.c ****   /* Prevent unused argument(s) compilation warning */
1912:Drivers/STM32F1xx_HAL_Driver/Src/stm32f1xx_hal_adc.c ****   UNUSED(hadc);
 531              		.loc 1 1912 3 view .LVU144
1913:Drivers/STM32F1xx_HAL_Driver/Src/stm32f1xx_hal_adc.c ****   /* NOTE : This function should not be modified. When the callback is needed,
1914:Drivers/STM32F1xx_HAL_Driver/Src/stm32f1xx_hal_adc.c ****             function HAL_ADC_ConvCpltCallback must be implemented in the user file.
1915:Drivers/STM32F1xx_HAL_Driver/Src/stm32f1xx_hal_adc.c ****    */
ARM GAS  /var/folders/y0/yl1wrqfd209ghqq3s8k8qc1m0000gn/T//cc8LbdIE.s 			page 45


1916:Drivers/STM32F1xx_HAL_Driver/Src/stm32f1xx_hal_adc.c **** }
 532              		.loc 1 1916 1 is_stmt 0 view .LVU145
 533 0000 7047     		bx	lr
 534              		.cfi_endproc
 535              	.LFE79:
 537              		.section	.text.ADC_DMAConvCplt,"ax",%progbits
 538              		.align	1
 539              		.global	ADC_DMAConvCplt
 540              		.syntax unified
 541              		.thumb
 542              		.thumb_func
 544              	ADC_DMAConvCplt:
 545              	.LVL25:
 546              	.LFB89:
1917:Drivers/STM32F1xx_HAL_Driver/Src/stm32f1xx_hal_adc.c **** 
1918:Drivers/STM32F1xx_HAL_Driver/Src/stm32f1xx_hal_adc.c **** /**
1919:Drivers/STM32F1xx_HAL_Driver/Src/stm32f1xx_hal_adc.c ****   * @brief  Conversion DMA half-transfer callback in non blocking mode 
1920:Drivers/STM32F1xx_HAL_Driver/Src/stm32f1xx_hal_adc.c ****   * @param  hadc: ADC handle
1921:Drivers/STM32F1xx_HAL_Driver/Src/stm32f1xx_hal_adc.c ****   * @retval None
1922:Drivers/STM32F1xx_HAL_Driver/Src/stm32f1xx_hal_adc.c ****   */
1923:Drivers/STM32F1xx_HAL_Driver/Src/stm32f1xx_hal_adc.c **** __weak void HAL_ADC_ConvHalfCpltCallback(ADC_HandleTypeDef* hadc)
1924:Drivers/STM32F1xx_HAL_Driver/Src/stm32f1xx_hal_adc.c **** {
1925:Drivers/STM32F1xx_HAL_Driver/Src/stm32f1xx_hal_adc.c ****   /* Prevent unused argument(s) compilation warning */
1926:Drivers/STM32F1xx_HAL_Driver/Src/stm32f1xx_hal_adc.c ****   UNUSED(hadc);
1927:Drivers/STM32F1xx_HAL_Driver/Src/stm32f1xx_hal_adc.c ****   /* NOTE : This function should not be modified. When the callback is needed,
1928:Drivers/STM32F1xx_HAL_Driver/Src/stm32f1xx_hal_adc.c ****             function HAL_ADC_ConvHalfCpltCallback must be implemented in the user file.
1929:Drivers/STM32F1xx_HAL_Driver/Src/stm32f1xx_hal_adc.c ****   */
1930:Drivers/STM32F1xx_HAL_Driver/Src/stm32f1xx_hal_adc.c **** }
1931:Drivers/STM32F1xx_HAL_Driver/Src/stm32f1xx_hal_adc.c **** 
1932:Drivers/STM32F1xx_HAL_Driver/Src/stm32f1xx_hal_adc.c **** /**
1933:Drivers/STM32F1xx_HAL_Driver/Src/stm32f1xx_hal_adc.c ****   * @brief  Analog watchdog callback in non blocking mode. 
1934:Drivers/STM32F1xx_HAL_Driver/Src/stm32f1xx_hal_adc.c ****   * @param  hadc: ADC handle
1935:Drivers/STM32F1xx_HAL_Driver/Src/stm32f1xx_hal_adc.c ****   * @retval None
1936:Drivers/STM32F1xx_HAL_Driver/Src/stm32f1xx_hal_adc.c ****   */
1937:Drivers/STM32F1xx_HAL_Driver/Src/stm32f1xx_hal_adc.c **** __weak void HAL_ADC_LevelOutOfWindowCallback(ADC_HandleTypeDef* hadc)
1938:Drivers/STM32F1xx_HAL_Driver/Src/stm32f1xx_hal_adc.c **** {
1939:Drivers/STM32F1xx_HAL_Driver/Src/stm32f1xx_hal_adc.c ****   /* Prevent unused argument(s) compilation warning */
1940:Drivers/STM32F1xx_HAL_Driver/Src/stm32f1xx_hal_adc.c ****   UNUSED(hadc);
1941:Drivers/STM32F1xx_HAL_Driver/Src/stm32f1xx_hal_adc.c ****   /* NOTE : This function should not be modified. When the callback is needed,
1942:Drivers/STM32F1xx_HAL_Driver/Src/stm32f1xx_hal_adc.c ****             function HAL_ADC_LevelOutOfWindowCallback must be implemented in the user file.
1943:Drivers/STM32F1xx_HAL_Driver/Src/stm32f1xx_hal_adc.c ****   */
1944:Drivers/STM32F1xx_HAL_Driver/Src/stm32f1xx_hal_adc.c **** }
1945:Drivers/STM32F1xx_HAL_Driver/Src/stm32f1xx_hal_adc.c **** 
1946:Drivers/STM32F1xx_HAL_Driver/Src/stm32f1xx_hal_adc.c **** /**
1947:Drivers/STM32F1xx_HAL_Driver/Src/stm32f1xx_hal_adc.c ****   * @brief  ADC error callback in non blocking mode
1948:Drivers/STM32F1xx_HAL_Driver/Src/stm32f1xx_hal_adc.c ****   *        (ADC conversion with interruption or transfer by DMA)
1949:Drivers/STM32F1xx_HAL_Driver/Src/stm32f1xx_hal_adc.c ****   * @param  hadc: ADC handle
1950:Drivers/STM32F1xx_HAL_Driver/Src/stm32f1xx_hal_adc.c ****   * @retval None
1951:Drivers/STM32F1xx_HAL_Driver/Src/stm32f1xx_hal_adc.c ****   */
1952:Drivers/STM32F1xx_HAL_Driver/Src/stm32f1xx_hal_adc.c **** __weak void HAL_ADC_ErrorCallback(ADC_HandleTypeDef *hadc)
1953:Drivers/STM32F1xx_HAL_Driver/Src/stm32f1xx_hal_adc.c **** {
1954:Drivers/STM32F1xx_HAL_Driver/Src/stm32f1xx_hal_adc.c ****   /* Prevent unused argument(s) compilation warning */
1955:Drivers/STM32F1xx_HAL_Driver/Src/stm32f1xx_hal_adc.c ****   UNUSED(hadc);
1956:Drivers/STM32F1xx_HAL_Driver/Src/stm32f1xx_hal_adc.c ****   /* NOTE : This function should not be modified. When the callback is needed,
1957:Drivers/STM32F1xx_HAL_Driver/Src/stm32f1xx_hal_adc.c ****             function HAL_ADC_ErrorCallback must be implemented in the user file.
1958:Drivers/STM32F1xx_HAL_Driver/Src/stm32f1xx_hal_adc.c ****   */
1959:Drivers/STM32F1xx_HAL_Driver/Src/stm32f1xx_hal_adc.c **** }
ARM GAS  /var/folders/y0/yl1wrqfd209ghqq3s8k8qc1m0000gn/T//cc8LbdIE.s 			page 46


1960:Drivers/STM32F1xx_HAL_Driver/Src/stm32f1xx_hal_adc.c **** 
1961:Drivers/STM32F1xx_HAL_Driver/Src/stm32f1xx_hal_adc.c **** 
1962:Drivers/STM32F1xx_HAL_Driver/Src/stm32f1xx_hal_adc.c **** /**
1963:Drivers/STM32F1xx_HAL_Driver/Src/stm32f1xx_hal_adc.c ****   * @}
1964:Drivers/STM32F1xx_HAL_Driver/Src/stm32f1xx_hal_adc.c ****   */
1965:Drivers/STM32F1xx_HAL_Driver/Src/stm32f1xx_hal_adc.c **** 
1966:Drivers/STM32F1xx_HAL_Driver/Src/stm32f1xx_hal_adc.c **** /** @defgroup ADC_Exported_Functions_Group3 Peripheral Control functions
1967:Drivers/STM32F1xx_HAL_Driver/Src/stm32f1xx_hal_adc.c ****  *  @brief    Peripheral Control functions
1968:Drivers/STM32F1xx_HAL_Driver/Src/stm32f1xx_hal_adc.c ****  *
1969:Drivers/STM32F1xx_HAL_Driver/Src/stm32f1xx_hal_adc.c **** @verbatim   
1970:Drivers/STM32F1xx_HAL_Driver/Src/stm32f1xx_hal_adc.c ****  ===============================================================================
1971:Drivers/STM32F1xx_HAL_Driver/Src/stm32f1xx_hal_adc.c ****              ##### Peripheral Control functions #####
1972:Drivers/STM32F1xx_HAL_Driver/Src/stm32f1xx_hal_adc.c ****  ===============================================================================  
1973:Drivers/STM32F1xx_HAL_Driver/Src/stm32f1xx_hal_adc.c ****     [..]  This section provides functions allowing to:
1974:Drivers/STM32F1xx_HAL_Driver/Src/stm32f1xx_hal_adc.c ****       (+) Configure channels on regular group
1975:Drivers/STM32F1xx_HAL_Driver/Src/stm32f1xx_hal_adc.c ****       (+) Configure the analog watchdog
1976:Drivers/STM32F1xx_HAL_Driver/Src/stm32f1xx_hal_adc.c ****       
1977:Drivers/STM32F1xx_HAL_Driver/Src/stm32f1xx_hal_adc.c **** @endverbatim
1978:Drivers/STM32F1xx_HAL_Driver/Src/stm32f1xx_hal_adc.c ****   * @{
1979:Drivers/STM32F1xx_HAL_Driver/Src/stm32f1xx_hal_adc.c ****   */
1980:Drivers/STM32F1xx_HAL_Driver/Src/stm32f1xx_hal_adc.c **** 
1981:Drivers/STM32F1xx_HAL_Driver/Src/stm32f1xx_hal_adc.c **** /**
1982:Drivers/STM32F1xx_HAL_Driver/Src/stm32f1xx_hal_adc.c ****   * @brief  Configures the the selected channel to be linked to the regular
1983:Drivers/STM32F1xx_HAL_Driver/Src/stm32f1xx_hal_adc.c ****   *         group.
1984:Drivers/STM32F1xx_HAL_Driver/Src/stm32f1xx_hal_adc.c ****   * @note   In case of usage of internal measurement channels:
1985:Drivers/STM32F1xx_HAL_Driver/Src/stm32f1xx_hal_adc.c ****   *         Vbat/VrefInt/TempSensor.
1986:Drivers/STM32F1xx_HAL_Driver/Src/stm32f1xx_hal_adc.c ****   *         These internal paths can be be disabled using function 
1987:Drivers/STM32F1xx_HAL_Driver/Src/stm32f1xx_hal_adc.c ****   *         HAL_ADC_DeInit().
1988:Drivers/STM32F1xx_HAL_Driver/Src/stm32f1xx_hal_adc.c ****   * @note   Possibility to update parameters on the fly:
1989:Drivers/STM32F1xx_HAL_Driver/Src/stm32f1xx_hal_adc.c ****   *         This function initializes channel into regular group, following  
1990:Drivers/STM32F1xx_HAL_Driver/Src/stm32f1xx_hal_adc.c ****   *         calls to this function can be used to reconfigure some parameters 
1991:Drivers/STM32F1xx_HAL_Driver/Src/stm32f1xx_hal_adc.c ****   *         of structure "ADC_ChannelConfTypeDef" on the fly, without resetting 
1992:Drivers/STM32F1xx_HAL_Driver/Src/stm32f1xx_hal_adc.c ****   *         the ADC.
1993:Drivers/STM32F1xx_HAL_Driver/Src/stm32f1xx_hal_adc.c ****   *         The setting of these parameters is conditioned to ADC state.
1994:Drivers/STM32F1xx_HAL_Driver/Src/stm32f1xx_hal_adc.c ****   *         For parameters constraints, see comments of structure 
1995:Drivers/STM32F1xx_HAL_Driver/Src/stm32f1xx_hal_adc.c ****   *         "ADC_ChannelConfTypeDef".
1996:Drivers/STM32F1xx_HAL_Driver/Src/stm32f1xx_hal_adc.c ****   * @param  hadc: ADC handle
1997:Drivers/STM32F1xx_HAL_Driver/Src/stm32f1xx_hal_adc.c ****   * @param  sConfig: Structure of ADC channel for regular group.
1998:Drivers/STM32F1xx_HAL_Driver/Src/stm32f1xx_hal_adc.c ****   * @retval HAL status
1999:Drivers/STM32F1xx_HAL_Driver/Src/stm32f1xx_hal_adc.c ****   */
2000:Drivers/STM32F1xx_HAL_Driver/Src/stm32f1xx_hal_adc.c **** HAL_StatusTypeDef HAL_ADC_ConfigChannel(ADC_HandleTypeDef* hadc, ADC_ChannelConfTypeDef* sConfig)
2001:Drivers/STM32F1xx_HAL_Driver/Src/stm32f1xx_hal_adc.c **** { 
2002:Drivers/STM32F1xx_HAL_Driver/Src/stm32f1xx_hal_adc.c ****   HAL_StatusTypeDef tmp_hal_status = HAL_OK;
2003:Drivers/STM32F1xx_HAL_Driver/Src/stm32f1xx_hal_adc.c ****   __IO uint32_t wait_loop_index = 0U;
2004:Drivers/STM32F1xx_HAL_Driver/Src/stm32f1xx_hal_adc.c ****   
2005:Drivers/STM32F1xx_HAL_Driver/Src/stm32f1xx_hal_adc.c ****   /* Check the parameters */
2006:Drivers/STM32F1xx_HAL_Driver/Src/stm32f1xx_hal_adc.c ****   assert_param(IS_ADC_ALL_INSTANCE(hadc->Instance));
2007:Drivers/STM32F1xx_HAL_Driver/Src/stm32f1xx_hal_adc.c ****   assert_param(IS_ADC_CHANNEL(sConfig->Channel));
2008:Drivers/STM32F1xx_HAL_Driver/Src/stm32f1xx_hal_adc.c ****   assert_param(IS_ADC_REGULAR_RANK(sConfig->Rank));
2009:Drivers/STM32F1xx_HAL_Driver/Src/stm32f1xx_hal_adc.c ****   assert_param(IS_ADC_SAMPLE_TIME(sConfig->SamplingTime));
2010:Drivers/STM32F1xx_HAL_Driver/Src/stm32f1xx_hal_adc.c ****   
2011:Drivers/STM32F1xx_HAL_Driver/Src/stm32f1xx_hal_adc.c ****   /* Process locked */
2012:Drivers/STM32F1xx_HAL_Driver/Src/stm32f1xx_hal_adc.c ****   __HAL_LOCK(hadc);
2013:Drivers/STM32F1xx_HAL_Driver/Src/stm32f1xx_hal_adc.c ****   
2014:Drivers/STM32F1xx_HAL_Driver/Src/stm32f1xx_hal_adc.c ****   
2015:Drivers/STM32F1xx_HAL_Driver/Src/stm32f1xx_hal_adc.c ****   /* Regular sequence configuration */
2016:Drivers/STM32F1xx_HAL_Driver/Src/stm32f1xx_hal_adc.c ****   /* For Rank 1 to 6 */
ARM GAS  /var/folders/y0/yl1wrqfd209ghqq3s8k8qc1m0000gn/T//cc8LbdIE.s 			page 47


2017:Drivers/STM32F1xx_HAL_Driver/Src/stm32f1xx_hal_adc.c ****   if (sConfig->Rank < 7U)
2018:Drivers/STM32F1xx_HAL_Driver/Src/stm32f1xx_hal_adc.c ****   {
2019:Drivers/STM32F1xx_HAL_Driver/Src/stm32f1xx_hal_adc.c ****     MODIFY_REG(hadc->Instance->SQR3                        ,
2020:Drivers/STM32F1xx_HAL_Driver/Src/stm32f1xx_hal_adc.c ****                ADC_SQR3_RK(ADC_SQR3_SQ1, sConfig->Rank)    ,
2021:Drivers/STM32F1xx_HAL_Driver/Src/stm32f1xx_hal_adc.c ****                ADC_SQR3_RK(sConfig->Channel, sConfig->Rank) );
2022:Drivers/STM32F1xx_HAL_Driver/Src/stm32f1xx_hal_adc.c ****   }
2023:Drivers/STM32F1xx_HAL_Driver/Src/stm32f1xx_hal_adc.c ****   /* For Rank 7 to 12 */
2024:Drivers/STM32F1xx_HAL_Driver/Src/stm32f1xx_hal_adc.c ****   else if (sConfig->Rank < 13U)
2025:Drivers/STM32F1xx_HAL_Driver/Src/stm32f1xx_hal_adc.c ****   {
2026:Drivers/STM32F1xx_HAL_Driver/Src/stm32f1xx_hal_adc.c ****     MODIFY_REG(hadc->Instance->SQR2                        ,
2027:Drivers/STM32F1xx_HAL_Driver/Src/stm32f1xx_hal_adc.c ****                ADC_SQR2_RK(ADC_SQR2_SQ7, sConfig->Rank)    ,
2028:Drivers/STM32F1xx_HAL_Driver/Src/stm32f1xx_hal_adc.c ****                ADC_SQR2_RK(sConfig->Channel, sConfig->Rank) );
2029:Drivers/STM32F1xx_HAL_Driver/Src/stm32f1xx_hal_adc.c ****   }
2030:Drivers/STM32F1xx_HAL_Driver/Src/stm32f1xx_hal_adc.c ****   /* For Rank 13 to 16 */
2031:Drivers/STM32F1xx_HAL_Driver/Src/stm32f1xx_hal_adc.c ****   else
2032:Drivers/STM32F1xx_HAL_Driver/Src/stm32f1xx_hal_adc.c ****   {
2033:Drivers/STM32F1xx_HAL_Driver/Src/stm32f1xx_hal_adc.c ****     MODIFY_REG(hadc->Instance->SQR1                        ,
2034:Drivers/STM32F1xx_HAL_Driver/Src/stm32f1xx_hal_adc.c ****                ADC_SQR1_RK(ADC_SQR1_SQ13, sConfig->Rank)   ,
2035:Drivers/STM32F1xx_HAL_Driver/Src/stm32f1xx_hal_adc.c ****                ADC_SQR1_RK(sConfig->Channel, sConfig->Rank) );
2036:Drivers/STM32F1xx_HAL_Driver/Src/stm32f1xx_hal_adc.c ****   }
2037:Drivers/STM32F1xx_HAL_Driver/Src/stm32f1xx_hal_adc.c ****   
2038:Drivers/STM32F1xx_HAL_Driver/Src/stm32f1xx_hal_adc.c ****   
2039:Drivers/STM32F1xx_HAL_Driver/Src/stm32f1xx_hal_adc.c ****   /* Channel sampling time configuration */
2040:Drivers/STM32F1xx_HAL_Driver/Src/stm32f1xx_hal_adc.c ****   /* For channels 10 to 17 */
2041:Drivers/STM32F1xx_HAL_Driver/Src/stm32f1xx_hal_adc.c ****   if (sConfig->Channel >= ADC_CHANNEL_10)
2042:Drivers/STM32F1xx_HAL_Driver/Src/stm32f1xx_hal_adc.c ****   {
2043:Drivers/STM32F1xx_HAL_Driver/Src/stm32f1xx_hal_adc.c ****     MODIFY_REG(hadc->Instance->SMPR1                             ,
2044:Drivers/STM32F1xx_HAL_Driver/Src/stm32f1xx_hal_adc.c ****                ADC_SMPR1(ADC_SMPR1_SMP10, sConfig->Channel)      ,
2045:Drivers/STM32F1xx_HAL_Driver/Src/stm32f1xx_hal_adc.c ****                ADC_SMPR1(sConfig->SamplingTime, sConfig->Channel) );
2046:Drivers/STM32F1xx_HAL_Driver/Src/stm32f1xx_hal_adc.c ****   }
2047:Drivers/STM32F1xx_HAL_Driver/Src/stm32f1xx_hal_adc.c ****   else /* For channels 0 to 9 */
2048:Drivers/STM32F1xx_HAL_Driver/Src/stm32f1xx_hal_adc.c ****   {
2049:Drivers/STM32F1xx_HAL_Driver/Src/stm32f1xx_hal_adc.c ****     MODIFY_REG(hadc->Instance->SMPR2                             ,
2050:Drivers/STM32F1xx_HAL_Driver/Src/stm32f1xx_hal_adc.c ****                ADC_SMPR2(ADC_SMPR2_SMP0, sConfig->Channel)       ,
2051:Drivers/STM32F1xx_HAL_Driver/Src/stm32f1xx_hal_adc.c ****                ADC_SMPR2(sConfig->SamplingTime, sConfig->Channel) );
2052:Drivers/STM32F1xx_HAL_Driver/Src/stm32f1xx_hal_adc.c ****   }
2053:Drivers/STM32F1xx_HAL_Driver/Src/stm32f1xx_hal_adc.c ****   
2054:Drivers/STM32F1xx_HAL_Driver/Src/stm32f1xx_hal_adc.c ****   /* If ADC1 Channel_16 or Channel_17 is selected, enable Temperature sensor  */
2055:Drivers/STM32F1xx_HAL_Driver/Src/stm32f1xx_hal_adc.c ****   /* and VREFINT measurement path.                                            */
2056:Drivers/STM32F1xx_HAL_Driver/Src/stm32f1xx_hal_adc.c ****   if ((sConfig->Channel == ADC_CHANNEL_TEMPSENSOR) ||
2057:Drivers/STM32F1xx_HAL_Driver/Src/stm32f1xx_hal_adc.c ****       (sConfig->Channel == ADC_CHANNEL_VREFINT)      )
2058:Drivers/STM32F1xx_HAL_Driver/Src/stm32f1xx_hal_adc.c ****   {
2059:Drivers/STM32F1xx_HAL_Driver/Src/stm32f1xx_hal_adc.c ****     /* For STM32F1 devices with several ADC: Only ADC1 can access internal    */
2060:Drivers/STM32F1xx_HAL_Driver/Src/stm32f1xx_hal_adc.c ****     /* measurement channels (VrefInt/TempSensor). If these channels are       */
2061:Drivers/STM32F1xx_HAL_Driver/Src/stm32f1xx_hal_adc.c ****     /* intended to be set on other ADC instances, an error is reported.       */
2062:Drivers/STM32F1xx_HAL_Driver/Src/stm32f1xx_hal_adc.c ****     if (hadc->Instance == ADC1)
2063:Drivers/STM32F1xx_HAL_Driver/Src/stm32f1xx_hal_adc.c ****     {
2064:Drivers/STM32F1xx_HAL_Driver/Src/stm32f1xx_hal_adc.c ****       if (READ_BIT(hadc->Instance->CR2, ADC_CR2_TSVREFE) == RESET)
2065:Drivers/STM32F1xx_HAL_Driver/Src/stm32f1xx_hal_adc.c ****       {
2066:Drivers/STM32F1xx_HAL_Driver/Src/stm32f1xx_hal_adc.c ****         SET_BIT(hadc->Instance->CR2, ADC_CR2_TSVREFE);
2067:Drivers/STM32F1xx_HAL_Driver/Src/stm32f1xx_hal_adc.c ****         
2068:Drivers/STM32F1xx_HAL_Driver/Src/stm32f1xx_hal_adc.c ****         if (sConfig->Channel == ADC_CHANNEL_TEMPSENSOR)
2069:Drivers/STM32F1xx_HAL_Driver/Src/stm32f1xx_hal_adc.c ****         {
2070:Drivers/STM32F1xx_HAL_Driver/Src/stm32f1xx_hal_adc.c ****           /* Delay for temperature sensor stabilization time */
2071:Drivers/STM32F1xx_HAL_Driver/Src/stm32f1xx_hal_adc.c ****           /* Compute number of CPU cycles to wait for */
2072:Drivers/STM32F1xx_HAL_Driver/Src/stm32f1xx_hal_adc.c ****           wait_loop_index = (ADC_TEMPSENSOR_DELAY_US * (SystemCoreClock / 1000000U));
2073:Drivers/STM32F1xx_HAL_Driver/Src/stm32f1xx_hal_adc.c ****           while(wait_loop_index != 0U)
ARM GAS  /var/folders/y0/yl1wrqfd209ghqq3s8k8qc1m0000gn/T//cc8LbdIE.s 			page 48


2074:Drivers/STM32F1xx_HAL_Driver/Src/stm32f1xx_hal_adc.c ****           {
2075:Drivers/STM32F1xx_HAL_Driver/Src/stm32f1xx_hal_adc.c ****             wait_loop_index--;
2076:Drivers/STM32F1xx_HAL_Driver/Src/stm32f1xx_hal_adc.c ****           }
2077:Drivers/STM32F1xx_HAL_Driver/Src/stm32f1xx_hal_adc.c ****         }
2078:Drivers/STM32F1xx_HAL_Driver/Src/stm32f1xx_hal_adc.c ****       }
2079:Drivers/STM32F1xx_HAL_Driver/Src/stm32f1xx_hal_adc.c ****     }
2080:Drivers/STM32F1xx_HAL_Driver/Src/stm32f1xx_hal_adc.c ****     else
2081:Drivers/STM32F1xx_HAL_Driver/Src/stm32f1xx_hal_adc.c ****     {
2082:Drivers/STM32F1xx_HAL_Driver/Src/stm32f1xx_hal_adc.c ****       /* Update ADC state machine to error */
2083:Drivers/STM32F1xx_HAL_Driver/Src/stm32f1xx_hal_adc.c ****       SET_BIT(hadc->State, HAL_ADC_STATE_ERROR_CONFIG);
2084:Drivers/STM32F1xx_HAL_Driver/Src/stm32f1xx_hal_adc.c ****       
2085:Drivers/STM32F1xx_HAL_Driver/Src/stm32f1xx_hal_adc.c ****       tmp_hal_status = HAL_ERROR;
2086:Drivers/STM32F1xx_HAL_Driver/Src/stm32f1xx_hal_adc.c ****     }
2087:Drivers/STM32F1xx_HAL_Driver/Src/stm32f1xx_hal_adc.c ****   }
2088:Drivers/STM32F1xx_HAL_Driver/Src/stm32f1xx_hal_adc.c ****   
2089:Drivers/STM32F1xx_HAL_Driver/Src/stm32f1xx_hal_adc.c ****   /* Process unlocked */
2090:Drivers/STM32F1xx_HAL_Driver/Src/stm32f1xx_hal_adc.c ****   __HAL_UNLOCK(hadc);
2091:Drivers/STM32F1xx_HAL_Driver/Src/stm32f1xx_hal_adc.c ****   
2092:Drivers/STM32F1xx_HAL_Driver/Src/stm32f1xx_hal_adc.c ****   /* Return function status */
2093:Drivers/STM32F1xx_HAL_Driver/Src/stm32f1xx_hal_adc.c ****   return tmp_hal_status;
2094:Drivers/STM32F1xx_HAL_Driver/Src/stm32f1xx_hal_adc.c **** }
2095:Drivers/STM32F1xx_HAL_Driver/Src/stm32f1xx_hal_adc.c **** 
2096:Drivers/STM32F1xx_HAL_Driver/Src/stm32f1xx_hal_adc.c **** /**
2097:Drivers/STM32F1xx_HAL_Driver/Src/stm32f1xx_hal_adc.c ****   * @brief  Configures the analog watchdog.
2098:Drivers/STM32F1xx_HAL_Driver/Src/stm32f1xx_hal_adc.c ****   * @note   Analog watchdog thresholds can be modified while ADC conversion
2099:Drivers/STM32F1xx_HAL_Driver/Src/stm32f1xx_hal_adc.c ****   *         is on going.
2100:Drivers/STM32F1xx_HAL_Driver/Src/stm32f1xx_hal_adc.c ****   *         In this case, some constraints must be taken into account:
2101:Drivers/STM32F1xx_HAL_Driver/Src/stm32f1xx_hal_adc.c ****   *         the programmed threshold values are effective from the next
2102:Drivers/STM32F1xx_HAL_Driver/Src/stm32f1xx_hal_adc.c ****   *         ADC EOC (end of unitary conversion).
2103:Drivers/STM32F1xx_HAL_Driver/Src/stm32f1xx_hal_adc.c ****   *         Considering that registers write delay may happen due to
2104:Drivers/STM32F1xx_HAL_Driver/Src/stm32f1xx_hal_adc.c ****   *         bus activity, this might cause an uncertainty on the
2105:Drivers/STM32F1xx_HAL_Driver/Src/stm32f1xx_hal_adc.c ****   *         effective timing of the new programmed threshold values.
2106:Drivers/STM32F1xx_HAL_Driver/Src/stm32f1xx_hal_adc.c ****   * @param  hadc: ADC handle
2107:Drivers/STM32F1xx_HAL_Driver/Src/stm32f1xx_hal_adc.c ****   * @param  AnalogWDGConfig: Structure of ADC analog watchdog configuration
2108:Drivers/STM32F1xx_HAL_Driver/Src/stm32f1xx_hal_adc.c ****   * @retval HAL status
2109:Drivers/STM32F1xx_HAL_Driver/Src/stm32f1xx_hal_adc.c ****   */
2110:Drivers/STM32F1xx_HAL_Driver/Src/stm32f1xx_hal_adc.c **** HAL_StatusTypeDef HAL_ADC_AnalogWDGConfig(ADC_HandleTypeDef* hadc, ADC_AnalogWDGConfTypeDef* Analog
2111:Drivers/STM32F1xx_HAL_Driver/Src/stm32f1xx_hal_adc.c **** {
2112:Drivers/STM32F1xx_HAL_Driver/Src/stm32f1xx_hal_adc.c ****   /* Check the parameters */
2113:Drivers/STM32F1xx_HAL_Driver/Src/stm32f1xx_hal_adc.c ****   assert_param(IS_ADC_ALL_INSTANCE(hadc->Instance));
2114:Drivers/STM32F1xx_HAL_Driver/Src/stm32f1xx_hal_adc.c ****   assert_param(IS_ADC_ANALOG_WATCHDOG_MODE(AnalogWDGConfig->WatchdogMode));
2115:Drivers/STM32F1xx_HAL_Driver/Src/stm32f1xx_hal_adc.c ****   assert_param(IS_FUNCTIONAL_STATE(AnalogWDGConfig->ITMode));
2116:Drivers/STM32F1xx_HAL_Driver/Src/stm32f1xx_hal_adc.c ****   assert_param(IS_ADC_RANGE(AnalogWDGConfig->HighThreshold));
2117:Drivers/STM32F1xx_HAL_Driver/Src/stm32f1xx_hal_adc.c ****   assert_param(IS_ADC_RANGE(AnalogWDGConfig->LowThreshold));
2118:Drivers/STM32F1xx_HAL_Driver/Src/stm32f1xx_hal_adc.c ****   
2119:Drivers/STM32F1xx_HAL_Driver/Src/stm32f1xx_hal_adc.c ****   if((AnalogWDGConfig->WatchdogMode == ADC_ANALOGWATCHDOG_SINGLE_REG)     ||
2120:Drivers/STM32F1xx_HAL_Driver/Src/stm32f1xx_hal_adc.c ****      (AnalogWDGConfig->WatchdogMode == ADC_ANALOGWATCHDOG_SINGLE_INJEC)   ||
2121:Drivers/STM32F1xx_HAL_Driver/Src/stm32f1xx_hal_adc.c ****      (AnalogWDGConfig->WatchdogMode == ADC_ANALOGWATCHDOG_SINGLE_REGINJEC)  )
2122:Drivers/STM32F1xx_HAL_Driver/Src/stm32f1xx_hal_adc.c ****   {
2123:Drivers/STM32F1xx_HAL_Driver/Src/stm32f1xx_hal_adc.c ****     assert_param(IS_ADC_CHANNEL(AnalogWDGConfig->Channel));
2124:Drivers/STM32F1xx_HAL_Driver/Src/stm32f1xx_hal_adc.c ****   }
2125:Drivers/STM32F1xx_HAL_Driver/Src/stm32f1xx_hal_adc.c ****   
2126:Drivers/STM32F1xx_HAL_Driver/Src/stm32f1xx_hal_adc.c ****   /* Process locked */
2127:Drivers/STM32F1xx_HAL_Driver/Src/stm32f1xx_hal_adc.c ****   __HAL_LOCK(hadc);
2128:Drivers/STM32F1xx_HAL_Driver/Src/stm32f1xx_hal_adc.c ****   
2129:Drivers/STM32F1xx_HAL_Driver/Src/stm32f1xx_hal_adc.c ****   /* Analog watchdog configuration */
2130:Drivers/STM32F1xx_HAL_Driver/Src/stm32f1xx_hal_adc.c **** 
ARM GAS  /var/folders/y0/yl1wrqfd209ghqq3s8k8qc1m0000gn/T//cc8LbdIE.s 			page 49


2131:Drivers/STM32F1xx_HAL_Driver/Src/stm32f1xx_hal_adc.c ****   /* Configure ADC Analog watchdog interrupt */
2132:Drivers/STM32F1xx_HAL_Driver/Src/stm32f1xx_hal_adc.c ****   if(AnalogWDGConfig->ITMode == ENABLE)
2133:Drivers/STM32F1xx_HAL_Driver/Src/stm32f1xx_hal_adc.c ****   {
2134:Drivers/STM32F1xx_HAL_Driver/Src/stm32f1xx_hal_adc.c ****     /* Enable the ADC Analog watchdog interrupt */
2135:Drivers/STM32F1xx_HAL_Driver/Src/stm32f1xx_hal_adc.c ****     __HAL_ADC_ENABLE_IT(hadc, ADC_IT_AWD);
2136:Drivers/STM32F1xx_HAL_Driver/Src/stm32f1xx_hal_adc.c ****   }
2137:Drivers/STM32F1xx_HAL_Driver/Src/stm32f1xx_hal_adc.c ****   else
2138:Drivers/STM32F1xx_HAL_Driver/Src/stm32f1xx_hal_adc.c ****   {
2139:Drivers/STM32F1xx_HAL_Driver/Src/stm32f1xx_hal_adc.c ****     /* Disable the ADC Analog watchdog interrupt */
2140:Drivers/STM32F1xx_HAL_Driver/Src/stm32f1xx_hal_adc.c ****     __HAL_ADC_DISABLE_IT(hadc, ADC_IT_AWD);
2141:Drivers/STM32F1xx_HAL_Driver/Src/stm32f1xx_hal_adc.c ****   }
2142:Drivers/STM32F1xx_HAL_Driver/Src/stm32f1xx_hal_adc.c ****   
2143:Drivers/STM32F1xx_HAL_Driver/Src/stm32f1xx_hal_adc.c ****   /* Configuration of analog watchdog:                                        */
2144:Drivers/STM32F1xx_HAL_Driver/Src/stm32f1xx_hal_adc.c ****   /*  - Set the analog watchdog enable mode: regular and/or injected groups,  */
2145:Drivers/STM32F1xx_HAL_Driver/Src/stm32f1xx_hal_adc.c ****   /*    one or all channels.                                                  */
2146:Drivers/STM32F1xx_HAL_Driver/Src/stm32f1xx_hal_adc.c ****   /*  - Set the Analog watchdog channel (is not used if watchdog              */
2147:Drivers/STM32F1xx_HAL_Driver/Src/stm32f1xx_hal_adc.c ****   /*    mode "all channels": ADC_CFGR_AWD1SGL=0).                             */
2148:Drivers/STM32F1xx_HAL_Driver/Src/stm32f1xx_hal_adc.c ****   MODIFY_REG(hadc->Instance->CR1            ,
2149:Drivers/STM32F1xx_HAL_Driver/Src/stm32f1xx_hal_adc.c ****              ADC_CR1_AWDSGL |
2150:Drivers/STM32F1xx_HAL_Driver/Src/stm32f1xx_hal_adc.c ****              ADC_CR1_JAWDEN |
2151:Drivers/STM32F1xx_HAL_Driver/Src/stm32f1xx_hal_adc.c ****              ADC_CR1_AWDEN  |
2152:Drivers/STM32F1xx_HAL_Driver/Src/stm32f1xx_hal_adc.c ****              ADC_CR1_AWDCH                  ,
2153:Drivers/STM32F1xx_HAL_Driver/Src/stm32f1xx_hal_adc.c ****              AnalogWDGConfig->WatchdogMode |
2154:Drivers/STM32F1xx_HAL_Driver/Src/stm32f1xx_hal_adc.c ****              AnalogWDGConfig->Channel        );
2155:Drivers/STM32F1xx_HAL_Driver/Src/stm32f1xx_hal_adc.c ****   
2156:Drivers/STM32F1xx_HAL_Driver/Src/stm32f1xx_hal_adc.c ****   /* Set the high threshold */
2157:Drivers/STM32F1xx_HAL_Driver/Src/stm32f1xx_hal_adc.c ****   WRITE_REG(hadc->Instance->HTR, AnalogWDGConfig->HighThreshold);
2158:Drivers/STM32F1xx_HAL_Driver/Src/stm32f1xx_hal_adc.c ****   
2159:Drivers/STM32F1xx_HAL_Driver/Src/stm32f1xx_hal_adc.c ****   /* Set the low threshold */
2160:Drivers/STM32F1xx_HAL_Driver/Src/stm32f1xx_hal_adc.c ****   WRITE_REG(hadc->Instance->LTR, AnalogWDGConfig->LowThreshold);
2161:Drivers/STM32F1xx_HAL_Driver/Src/stm32f1xx_hal_adc.c **** 
2162:Drivers/STM32F1xx_HAL_Driver/Src/stm32f1xx_hal_adc.c ****   /* Process unlocked */
2163:Drivers/STM32F1xx_HAL_Driver/Src/stm32f1xx_hal_adc.c ****   __HAL_UNLOCK(hadc);
2164:Drivers/STM32F1xx_HAL_Driver/Src/stm32f1xx_hal_adc.c ****   
2165:Drivers/STM32F1xx_HAL_Driver/Src/stm32f1xx_hal_adc.c ****   /* Return function status */
2166:Drivers/STM32F1xx_HAL_Driver/Src/stm32f1xx_hal_adc.c ****   return HAL_OK;
2167:Drivers/STM32F1xx_HAL_Driver/Src/stm32f1xx_hal_adc.c **** }
2168:Drivers/STM32F1xx_HAL_Driver/Src/stm32f1xx_hal_adc.c **** 
2169:Drivers/STM32F1xx_HAL_Driver/Src/stm32f1xx_hal_adc.c **** 
2170:Drivers/STM32F1xx_HAL_Driver/Src/stm32f1xx_hal_adc.c **** /**
2171:Drivers/STM32F1xx_HAL_Driver/Src/stm32f1xx_hal_adc.c ****   * @}
2172:Drivers/STM32F1xx_HAL_Driver/Src/stm32f1xx_hal_adc.c ****   */
2173:Drivers/STM32F1xx_HAL_Driver/Src/stm32f1xx_hal_adc.c **** 
2174:Drivers/STM32F1xx_HAL_Driver/Src/stm32f1xx_hal_adc.c **** 
2175:Drivers/STM32F1xx_HAL_Driver/Src/stm32f1xx_hal_adc.c **** /** @defgroup ADC_Exported_Functions_Group4 Peripheral State functions
2176:Drivers/STM32F1xx_HAL_Driver/Src/stm32f1xx_hal_adc.c ****  *  @brief    Peripheral State functions
2177:Drivers/STM32F1xx_HAL_Driver/Src/stm32f1xx_hal_adc.c ****  *
2178:Drivers/STM32F1xx_HAL_Driver/Src/stm32f1xx_hal_adc.c **** @verbatim
2179:Drivers/STM32F1xx_HAL_Driver/Src/stm32f1xx_hal_adc.c ****  ===============================================================================
2180:Drivers/STM32F1xx_HAL_Driver/Src/stm32f1xx_hal_adc.c ****             ##### Peripheral State and Errors functions #####
2181:Drivers/STM32F1xx_HAL_Driver/Src/stm32f1xx_hal_adc.c ****  ===============================================================================  
2182:Drivers/STM32F1xx_HAL_Driver/Src/stm32f1xx_hal_adc.c ****     [..]
2183:Drivers/STM32F1xx_HAL_Driver/Src/stm32f1xx_hal_adc.c ****     This subsection provides functions to get in run-time the status of the  
2184:Drivers/STM32F1xx_HAL_Driver/Src/stm32f1xx_hal_adc.c ****     peripheral.
2185:Drivers/STM32F1xx_HAL_Driver/Src/stm32f1xx_hal_adc.c ****       (+) Check the ADC state
2186:Drivers/STM32F1xx_HAL_Driver/Src/stm32f1xx_hal_adc.c ****       (+) Check the ADC error code
2187:Drivers/STM32F1xx_HAL_Driver/Src/stm32f1xx_hal_adc.c **** 
ARM GAS  /var/folders/y0/yl1wrqfd209ghqq3s8k8qc1m0000gn/T//cc8LbdIE.s 			page 50


2188:Drivers/STM32F1xx_HAL_Driver/Src/stm32f1xx_hal_adc.c **** @endverbatim
2189:Drivers/STM32F1xx_HAL_Driver/Src/stm32f1xx_hal_adc.c ****   * @{
2190:Drivers/STM32F1xx_HAL_Driver/Src/stm32f1xx_hal_adc.c ****   */
2191:Drivers/STM32F1xx_HAL_Driver/Src/stm32f1xx_hal_adc.c **** 
2192:Drivers/STM32F1xx_HAL_Driver/Src/stm32f1xx_hal_adc.c **** /**
2193:Drivers/STM32F1xx_HAL_Driver/Src/stm32f1xx_hal_adc.c ****   * @brief  return the ADC state
2194:Drivers/STM32F1xx_HAL_Driver/Src/stm32f1xx_hal_adc.c ****   * @param  hadc: ADC handle
2195:Drivers/STM32F1xx_HAL_Driver/Src/stm32f1xx_hal_adc.c ****   * @retval HAL state
2196:Drivers/STM32F1xx_HAL_Driver/Src/stm32f1xx_hal_adc.c ****   */
2197:Drivers/STM32F1xx_HAL_Driver/Src/stm32f1xx_hal_adc.c **** uint32_t HAL_ADC_GetState(ADC_HandleTypeDef* hadc)
2198:Drivers/STM32F1xx_HAL_Driver/Src/stm32f1xx_hal_adc.c **** {
2199:Drivers/STM32F1xx_HAL_Driver/Src/stm32f1xx_hal_adc.c ****   /* Return ADC state */
2200:Drivers/STM32F1xx_HAL_Driver/Src/stm32f1xx_hal_adc.c ****   return hadc->State;
2201:Drivers/STM32F1xx_HAL_Driver/Src/stm32f1xx_hal_adc.c **** }
2202:Drivers/STM32F1xx_HAL_Driver/Src/stm32f1xx_hal_adc.c **** 
2203:Drivers/STM32F1xx_HAL_Driver/Src/stm32f1xx_hal_adc.c **** /**
2204:Drivers/STM32F1xx_HAL_Driver/Src/stm32f1xx_hal_adc.c ****   * @brief  Return the ADC error code
2205:Drivers/STM32F1xx_HAL_Driver/Src/stm32f1xx_hal_adc.c ****   * @param  hadc: ADC handle
2206:Drivers/STM32F1xx_HAL_Driver/Src/stm32f1xx_hal_adc.c ****   * @retval ADC Error Code
2207:Drivers/STM32F1xx_HAL_Driver/Src/stm32f1xx_hal_adc.c ****   */
2208:Drivers/STM32F1xx_HAL_Driver/Src/stm32f1xx_hal_adc.c **** uint32_t HAL_ADC_GetError(ADC_HandleTypeDef *hadc)
2209:Drivers/STM32F1xx_HAL_Driver/Src/stm32f1xx_hal_adc.c **** {
2210:Drivers/STM32F1xx_HAL_Driver/Src/stm32f1xx_hal_adc.c ****   return hadc->ErrorCode;
2211:Drivers/STM32F1xx_HAL_Driver/Src/stm32f1xx_hal_adc.c **** }
2212:Drivers/STM32F1xx_HAL_Driver/Src/stm32f1xx_hal_adc.c **** 
2213:Drivers/STM32F1xx_HAL_Driver/Src/stm32f1xx_hal_adc.c **** /**
2214:Drivers/STM32F1xx_HAL_Driver/Src/stm32f1xx_hal_adc.c ****   * @}
2215:Drivers/STM32F1xx_HAL_Driver/Src/stm32f1xx_hal_adc.c ****   */
2216:Drivers/STM32F1xx_HAL_Driver/Src/stm32f1xx_hal_adc.c **** 
2217:Drivers/STM32F1xx_HAL_Driver/Src/stm32f1xx_hal_adc.c **** /**
2218:Drivers/STM32F1xx_HAL_Driver/Src/stm32f1xx_hal_adc.c ****   * @}
2219:Drivers/STM32F1xx_HAL_Driver/Src/stm32f1xx_hal_adc.c ****   */
2220:Drivers/STM32F1xx_HAL_Driver/Src/stm32f1xx_hal_adc.c **** 
2221:Drivers/STM32F1xx_HAL_Driver/Src/stm32f1xx_hal_adc.c **** /** @defgroup ADC_Private_Functions ADC Private Functions
2222:Drivers/STM32F1xx_HAL_Driver/Src/stm32f1xx_hal_adc.c ****   * @{
2223:Drivers/STM32F1xx_HAL_Driver/Src/stm32f1xx_hal_adc.c ****   */
2224:Drivers/STM32F1xx_HAL_Driver/Src/stm32f1xx_hal_adc.c **** 
2225:Drivers/STM32F1xx_HAL_Driver/Src/stm32f1xx_hal_adc.c **** /**
2226:Drivers/STM32F1xx_HAL_Driver/Src/stm32f1xx_hal_adc.c ****   * @brief  Enable the selected ADC.
2227:Drivers/STM32F1xx_HAL_Driver/Src/stm32f1xx_hal_adc.c ****   * @note   Prerequisite condition to use this function: ADC must be disabled
2228:Drivers/STM32F1xx_HAL_Driver/Src/stm32f1xx_hal_adc.c ****   *         and voltage regulator must be enabled (done into HAL_ADC_Init()).
2229:Drivers/STM32F1xx_HAL_Driver/Src/stm32f1xx_hal_adc.c ****   * @param  hadc: ADC handle
2230:Drivers/STM32F1xx_HAL_Driver/Src/stm32f1xx_hal_adc.c ****   * @retval HAL status.
2231:Drivers/STM32F1xx_HAL_Driver/Src/stm32f1xx_hal_adc.c ****   */
2232:Drivers/STM32F1xx_HAL_Driver/Src/stm32f1xx_hal_adc.c **** HAL_StatusTypeDef ADC_Enable(ADC_HandleTypeDef* hadc)
2233:Drivers/STM32F1xx_HAL_Driver/Src/stm32f1xx_hal_adc.c **** {
2234:Drivers/STM32F1xx_HAL_Driver/Src/stm32f1xx_hal_adc.c ****   uint32_t tickstart = 0U;
2235:Drivers/STM32F1xx_HAL_Driver/Src/stm32f1xx_hal_adc.c ****   __IO uint32_t wait_loop_index = 0U;
2236:Drivers/STM32F1xx_HAL_Driver/Src/stm32f1xx_hal_adc.c ****   
2237:Drivers/STM32F1xx_HAL_Driver/Src/stm32f1xx_hal_adc.c ****   /* ADC enable and wait for ADC ready (in case of ADC is disabled or         */
2238:Drivers/STM32F1xx_HAL_Driver/Src/stm32f1xx_hal_adc.c ****   /* enabling phase not yet completed: flag ADC ready not yet set).           */
2239:Drivers/STM32F1xx_HAL_Driver/Src/stm32f1xx_hal_adc.c ****   /* Timeout implemented to not be stuck if ADC cannot be enabled (possible   */
2240:Drivers/STM32F1xx_HAL_Driver/Src/stm32f1xx_hal_adc.c ****   /* causes: ADC clock not running, ...).                                     */
2241:Drivers/STM32F1xx_HAL_Driver/Src/stm32f1xx_hal_adc.c ****   if (ADC_IS_ENABLE(hadc) == RESET)
2242:Drivers/STM32F1xx_HAL_Driver/Src/stm32f1xx_hal_adc.c ****   {
2243:Drivers/STM32F1xx_HAL_Driver/Src/stm32f1xx_hal_adc.c ****     /* Enable the Peripheral */
2244:Drivers/STM32F1xx_HAL_Driver/Src/stm32f1xx_hal_adc.c ****     __HAL_ADC_ENABLE(hadc);
ARM GAS  /var/folders/y0/yl1wrqfd209ghqq3s8k8qc1m0000gn/T//cc8LbdIE.s 			page 51


2245:Drivers/STM32F1xx_HAL_Driver/Src/stm32f1xx_hal_adc.c ****     
2246:Drivers/STM32F1xx_HAL_Driver/Src/stm32f1xx_hal_adc.c ****     /* Delay for ADC stabilization time */
2247:Drivers/STM32F1xx_HAL_Driver/Src/stm32f1xx_hal_adc.c ****     /* Compute number of CPU cycles to wait for */
2248:Drivers/STM32F1xx_HAL_Driver/Src/stm32f1xx_hal_adc.c ****     wait_loop_index = (ADC_STAB_DELAY_US * (SystemCoreClock / 1000000U));
2249:Drivers/STM32F1xx_HAL_Driver/Src/stm32f1xx_hal_adc.c ****     while(wait_loop_index != 0U)
2250:Drivers/STM32F1xx_HAL_Driver/Src/stm32f1xx_hal_adc.c ****     {
2251:Drivers/STM32F1xx_HAL_Driver/Src/stm32f1xx_hal_adc.c ****       wait_loop_index--;
2252:Drivers/STM32F1xx_HAL_Driver/Src/stm32f1xx_hal_adc.c ****     }
2253:Drivers/STM32F1xx_HAL_Driver/Src/stm32f1xx_hal_adc.c ****     
2254:Drivers/STM32F1xx_HAL_Driver/Src/stm32f1xx_hal_adc.c ****     /* Get tick count */
2255:Drivers/STM32F1xx_HAL_Driver/Src/stm32f1xx_hal_adc.c ****     tickstart = HAL_GetTick();
2256:Drivers/STM32F1xx_HAL_Driver/Src/stm32f1xx_hal_adc.c **** 
2257:Drivers/STM32F1xx_HAL_Driver/Src/stm32f1xx_hal_adc.c ****     /* Wait for ADC effectively enabled */
2258:Drivers/STM32F1xx_HAL_Driver/Src/stm32f1xx_hal_adc.c ****     while(ADC_IS_ENABLE(hadc) == RESET)
2259:Drivers/STM32F1xx_HAL_Driver/Src/stm32f1xx_hal_adc.c ****     {
2260:Drivers/STM32F1xx_HAL_Driver/Src/stm32f1xx_hal_adc.c ****       if((HAL_GetTick() - tickstart) > ADC_ENABLE_TIMEOUT)
2261:Drivers/STM32F1xx_HAL_Driver/Src/stm32f1xx_hal_adc.c ****       {
2262:Drivers/STM32F1xx_HAL_Driver/Src/stm32f1xx_hal_adc.c ****         /* New check to avoid false timeout detection in case of preemption */
2263:Drivers/STM32F1xx_HAL_Driver/Src/stm32f1xx_hal_adc.c ****         if(ADC_IS_ENABLE(hadc) == RESET)
2264:Drivers/STM32F1xx_HAL_Driver/Src/stm32f1xx_hal_adc.c ****         {
2265:Drivers/STM32F1xx_HAL_Driver/Src/stm32f1xx_hal_adc.c ****           /* Update ADC state machine to error */
2266:Drivers/STM32F1xx_HAL_Driver/Src/stm32f1xx_hal_adc.c ****           SET_BIT(hadc->State, HAL_ADC_STATE_ERROR_INTERNAL);
2267:Drivers/STM32F1xx_HAL_Driver/Src/stm32f1xx_hal_adc.c **** 
2268:Drivers/STM32F1xx_HAL_Driver/Src/stm32f1xx_hal_adc.c ****           /* Set ADC error code to ADC IP internal error */
2269:Drivers/STM32F1xx_HAL_Driver/Src/stm32f1xx_hal_adc.c ****           SET_BIT(hadc->ErrorCode, HAL_ADC_ERROR_INTERNAL);
2270:Drivers/STM32F1xx_HAL_Driver/Src/stm32f1xx_hal_adc.c **** 
2271:Drivers/STM32F1xx_HAL_Driver/Src/stm32f1xx_hal_adc.c ****           /* Process unlocked */
2272:Drivers/STM32F1xx_HAL_Driver/Src/stm32f1xx_hal_adc.c ****           __HAL_UNLOCK(hadc);
2273:Drivers/STM32F1xx_HAL_Driver/Src/stm32f1xx_hal_adc.c **** 
2274:Drivers/STM32F1xx_HAL_Driver/Src/stm32f1xx_hal_adc.c ****           return HAL_ERROR;
2275:Drivers/STM32F1xx_HAL_Driver/Src/stm32f1xx_hal_adc.c ****         }
2276:Drivers/STM32F1xx_HAL_Driver/Src/stm32f1xx_hal_adc.c ****       }
2277:Drivers/STM32F1xx_HAL_Driver/Src/stm32f1xx_hal_adc.c ****     }
2278:Drivers/STM32F1xx_HAL_Driver/Src/stm32f1xx_hal_adc.c ****   }
2279:Drivers/STM32F1xx_HAL_Driver/Src/stm32f1xx_hal_adc.c ****    
2280:Drivers/STM32F1xx_HAL_Driver/Src/stm32f1xx_hal_adc.c ****   /* Return HAL status */
2281:Drivers/STM32F1xx_HAL_Driver/Src/stm32f1xx_hal_adc.c ****   return HAL_OK;
2282:Drivers/STM32F1xx_HAL_Driver/Src/stm32f1xx_hal_adc.c **** }
2283:Drivers/STM32F1xx_HAL_Driver/Src/stm32f1xx_hal_adc.c **** 
2284:Drivers/STM32F1xx_HAL_Driver/Src/stm32f1xx_hal_adc.c **** /**
2285:Drivers/STM32F1xx_HAL_Driver/Src/stm32f1xx_hal_adc.c ****   * @brief  Stop ADC conversion and disable the selected ADC
2286:Drivers/STM32F1xx_HAL_Driver/Src/stm32f1xx_hal_adc.c ****   * @note   Prerequisite condition to use this function: ADC conversions must be
2287:Drivers/STM32F1xx_HAL_Driver/Src/stm32f1xx_hal_adc.c ****   *         stopped to disable the ADC.
2288:Drivers/STM32F1xx_HAL_Driver/Src/stm32f1xx_hal_adc.c ****   * @param  hadc: ADC handle
2289:Drivers/STM32F1xx_HAL_Driver/Src/stm32f1xx_hal_adc.c ****   * @retval HAL status.
2290:Drivers/STM32F1xx_HAL_Driver/Src/stm32f1xx_hal_adc.c ****   */
2291:Drivers/STM32F1xx_HAL_Driver/Src/stm32f1xx_hal_adc.c **** HAL_StatusTypeDef ADC_ConversionStop_Disable(ADC_HandleTypeDef* hadc)
2292:Drivers/STM32F1xx_HAL_Driver/Src/stm32f1xx_hal_adc.c **** {
2293:Drivers/STM32F1xx_HAL_Driver/Src/stm32f1xx_hal_adc.c ****   uint32_t tickstart = 0U;
2294:Drivers/STM32F1xx_HAL_Driver/Src/stm32f1xx_hal_adc.c ****   
2295:Drivers/STM32F1xx_HAL_Driver/Src/stm32f1xx_hal_adc.c ****   /* Verification if ADC is not already disabled */
2296:Drivers/STM32F1xx_HAL_Driver/Src/stm32f1xx_hal_adc.c ****   if (ADC_IS_ENABLE(hadc) != RESET)
2297:Drivers/STM32F1xx_HAL_Driver/Src/stm32f1xx_hal_adc.c ****   {
2298:Drivers/STM32F1xx_HAL_Driver/Src/stm32f1xx_hal_adc.c ****     /* Disable the ADC peripheral */
2299:Drivers/STM32F1xx_HAL_Driver/Src/stm32f1xx_hal_adc.c ****     __HAL_ADC_DISABLE(hadc);
2300:Drivers/STM32F1xx_HAL_Driver/Src/stm32f1xx_hal_adc.c ****      
2301:Drivers/STM32F1xx_HAL_Driver/Src/stm32f1xx_hal_adc.c ****     /* Get tick count */
ARM GAS  /var/folders/y0/yl1wrqfd209ghqq3s8k8qc1m0000gn/T//cc8LbdIE.s 			page 52


2302:Drivers/STM32F1xx_HAL_Driver/Src/stm32f1xx_hal_adc.c ****     tickstart = HAL_GetTick();
2303:Drivers/STM32F1xx_HAL_Driver/Src/stm32f1xx_hal_adc.c ****     
2304:Drivers/STM32F1xx_HAL_Driver/Src/stm32f1xx_hal_adc.c ****     /* Wait for ADC effectively disabled */
2305:Drivers/STM32F1xx_HAL_Driver/Src/stm32f1xx_hal_adc.c ****     while(ADC_IS_ENABLE(hadc) != RESET)
2306:Drivers/STM32F1xx_HAL_Driver/Src/stm32f1xx_hal_adc.c ****     {
2307:Drivers/STM32F1xx_HAL_Driver/Src/stm32f1xx_hal_adc.c ****       if((HAL_GetTick() - tickstart) > ADC_DISABLE_TIMEOUT)
2308:Drivers/STM32F1xx_HAL_Driver/Src/stm32f1xx_hal_adc.c ****       {
2309:Drivers/STM32F1xx_HAL_Driver/Src/stm32f1xx_hal_adc.c ****         /* New check to avoid false timeout detection in case of preemption */
2310:Drivers/STM32F1xx_HAL_Driver/Src/stm32f1xx_hal_adc.c ****         if(ADC_IS_ENABLE(hadc) != RESET)
2311:Drivers/STM32F1xx_HAL_Driver/Src/stm32f1xx_hal_adc.c ****         {
2312:Drivers/STM32F1xx_HAL_Driver/Src/stm32f1xx_hal_adc.c ****           /* Update ADC state machine to error */
2313:Drivers/STM32F1xx_HAL_Driver/Src/stm32f1xx_hal_adc.c ****           SET_BIT(hadc->State, HAL_ADC_STATE_ERROR_INTERNAL);
2314:Drivers/STM32F1xx_HAL_Driver/Src/stm32f1xx_hal_adc.c **** 
2315:Drivers/STM32F1xx_HAL_Driver/Src/stm32f1xx_hal_adc.c ****           /* Set ADC error code to ADC IP internal error */
2316:Drivers/STM32F1xx_HAL_Driver/Src/stm32f1xx_hal_adc.c ****           SET_BIT(hadc->ErrorCode, HAL_ADC_ERROR_INTERNAL);
2317:Drivers/STM32F1xx_HAL_Driver/Src/stm32f1xx_hal_adc.c **** 
2318:Drivers/STM32F1xx_HAL_Driver/Src/stm32f1xx_hal_adc.c ****           return HAL_ERROR;
2319:Drivers/STM32F1xx_HAL_Driver/Src/stm32f1xx_hal_adc.c ****         }
2320:Drivers/STM32F1xx_HAL_Driver/Src/stm32f1xx_hal_adc.c ****       }
2321:Drivers/STM32F1xx_HAL_Driver/Src/stm32f1xx_hal_adc.c ****     }
2322:Drivers/STM32F1xx_HAL_Driver/Src/stm32f1xx_hal_adc.c ****   }
2323:Drivers/STM32F1xx_HAL_Driver/Src/stm32f1xx_hal_adc.c ****   
2324:Drivers/STM32F1xx_HAL_Driver/Src/stm32f1xx_hal_adc.c ****   /* Return HAL status */
2325:Drivers/STM32F1xx_HAL_Driver/Src/stm32f1xx_hal_adc.c ****   return HAL_OK;
2326:Drivers/STM32F1xx_HAL_Driver/Src/stm32f1xx_hal_adc.c **** }
2327:Drivers/STM32F1xx_HAL_Driver/Src/stm32f1xx_hal_adc.c **** 
2328:Drivers/STM32F1xx_HAL_Driver/Src/stm32f1xx_hal_adc.c **** /**
2329:Drivers/STM32F1xx_HAL_Driver/Src/stm32f1xx_hal_adc.c ****   * @brief  DMA transfer complete callback. 
2330:Drivers/STM32F1xx_HAL_Driver/Src/stm32f1xx_hal_adc.c ****   * @param  hdma: pointer to DMA handle.
2331:Drivers/STM32F1xx_HAL_Driver/Src/stm32f1xx_hal_adc.c ****   * @retval None
2332:Drivers/STM32F1xx_HAL_Driver/Src/stm32f1xx_hal_adc.c ****   */
2333:Drivers/STM32F1xx_HAL_Driver/Src/stm32f1xx_hal_adc.c **** void ADC_DMAConvCplt(DMA_HandleTypeDef *hdma)
2334:Drivers/STM32F1xx_HAL_Driver/Src/stm32f1xx_hal_adc.c **** {
 547              		.loc 1 2334 1 is_stmt 1 view -0
 548              		.cfi_startproc
 549              		@ args = 0, pretend = 0, frame = 0
 550              		@ frame_needed = 0, uses_anonymous_args = 0
 551              		.loc 1 2334 1 is_stmt 0 view .LVU147
 552 0000 08B5     		push	{r3, lr}
 553              	.LCFI5:
 554              		.cfi_def_cfa_offset 8
 555              		.cfi_offset 3, -8
 556              		.cfi_offset 14, -4
2335:Drivers/STM32F1xx_HAL_Driver/Src/stm32f1xx_hal_adc.c ****   /* Retrieve ADC handle corresponding to current DMA handle */
2336:Drivers/STM32F1xx_HAL_Driver/Src/stm32f1xx_hal_adc.c ****   ADC_HandleTypeDef* hadc = ( ADC_HandleTypeDef* )((DMA_HandleTypeDef* )hdma)->Parent;
 557              		.loc 1 2336 3 is_stmt 1 view .LVU148
 558              		.loc 1 2336 22 is_stmt 0 view .LVU149
 559 0002 436A     		ldr	r3, [r0, #36]
 560              	.LVL26:
2337:Drivers/STM32F1xx_HAL_Driver/Src/stm32f1xx_hal_adc.c ****  
2338:Drivers/STM32F1xx_HAL_Driver/Src/stm32f1xx_hal_adc.c ****   /* Update state machine on conversion status if not in error state */
2339:Drivers/STM32F1xx_HAL_Driver/Src/stm32f1xx_hal_adc.c ****   if (HAL_IS_BIT_CLR(hadc->State, HAL_ADC_STATE_ERROR_INTERNAL | HAL_ADC_STATE_ERROR_DMA))
 561              		.loc 1 2339 3 is_stmt 1 view .LVU150
 562              		.loc 1 2339 7 is_stmt 0 view .LVU151
 563 0004 9A6A     		ldr	r2, [r3, #40]
 564              		.loc 1 2339 6 view .LVU152
 565 0006 12F0500F 		tst	r2, #80
ARM GAS  /var/folders/y0/yl1wrqfd209ghqq3s8k8qc1m0000gn/T//cc8LbdIE.s 			page 53


 566 000a 1ED1     		bne	.L47
2340:Drivers/STM32F1xx_HAL_Driver/Src/stm32f1xx_hal_adc.c ****   {
2341:Drivers/STM32F1xx_HAL_Driver/Src/stm32f1xx_hal_adc.c ****     /* Update ADC state machine */
2342:Drivers/STM32F1xx_HAL_Driver/Src/stm32f1xx_hal_adc.c ****     SET_BIT(hadc->State, HAL_ADC_STATE_REG_EOC);
 567              		.loc 1 2342 5 is_stmt 1 view .LVU153
 568 000c 9A6A     		ldr	r2, [r3, #40]
 569 000e 42F40072 		orr	r2, r2, #512
 570 0012 9A62     		str	r2, [r3, #40]
2343:Drivers/STM32F1xx_HAL_Driver/Src/stm32f1xx_hal_adc.c ****     
2344:Drivers/STM32F1xx_HAL_Driver/Src/stm32f1xx_hal_adc.c ****     /* Determine whether any further conversion upcoming on group regular     */
2345:Drivers/STM32F1xx_HAL_Driver/Src/stm32f1xx_hal_adc.c ****     /* by external trigger, continuous mode or scan sequence on going.        */
2346:Drivers/STM32F1xx_HAL_Driver/Src/stm32f1xx_hal_adc.c ****     /* Note: On STM32F1 devices, in case of sequencer enabled                 */
2347:Drivers/STM32F1xx_HAL_Driver/Src/stm32f1xx_hal_adc.c ****     /*       (several ranks selected), end of conversion flag is raised       */
2348:Drivers/STM32F1xx_HAL_Driver/Src/stm32f1xx_hal_adc.c ****     /*       at the end of the sequence.                                      */
2349:Drivers/STM32F1xx_HAL_Driver/Src/stm32f1xx_hal_adc.c ****     if(ADC_IS_SOFTWARE_START_REGULAR(hadc)        && 
 571              		.loc 1 2349 5 view .LVU154
 572              		.loc 1 2349 8 is_stmt 0 view .LVU155
 573 0014 1A68     		ldr	r2, [r3]
 574 0016 9268     		ldr	r2, [r2, #8]
 575 0018 02F46022 		and	r2, r2, #917504
 576              		.loc 1 2349 7 view .LVU156
 577 001c B2F5602F 		cmp	r2, #917504
 578 0020 03D0     		beq	.L51
 579              	.L48:
2350:Drivers/STM32F1xx_HAL_Driver/Src/stm32f1xx_hal_adc.c ****        (hadc->Init.ContinuousConvMode == DISABLE)   )
2351:Drivers/STM32F1xx_HAL_Driver/Src/stm32f1xx_hal_adc.c ****     {
2352:Drivers/STM32F1xx_HAL_Driver/Src/stm32f1xx_hal_adc.c ****       /* Set ADC state */
2353:Drivers/STM32F1xx_HAL_Driver/Src/stm32f1xx_hal_adc.c ****       CLEAR_BIT(hadc->State, HAL_ADC_STATE_REG_BUSY);   
2354:Drivers/STM32F1xx_HAL_Driver/Src/stm32f1xx_hal_adc.c ****       
2355:Drivers/STM32F1xx_HAL_Driver/Src/stm32f1xx_hal_adc.c ****       if (HAL_IS_BIT_CLR(hadc->State, HAL_ADC_STATE_INJ_BUSY))
2356:Drivers/STM32F1xx_HAL_Driver/Src/stm32f1xx_hal_adc.c ****       {
2357:Drivers/STM32F1xx_HAL_Driver/Src/stm32f1xx_hal_adc.c ****         SET_BIT(hadc->State, HAL_ADC_STATE_READY);
2358:Drivers/STM32F1xx_HAL_Driver/Src/stm32f1xx_hal_adc.c ****       }
2359:Drivers/STM32F1xx_HAL_Driver/Src/stm32f1xx_hal_adc.c ****     }
2360:Drivers/STM32F1xx_HAL_Driver/Src/stm32f1xx_hal_adc.c ****     
2361:Drivers/STM32F1xx_HAL_Driver/Src/stm32f1xx_hal_adc.c ****     /* Conversion complete callback */
2362:Drivers/STM32F1xx_HAL_Driver/Src/stm32f1xx_hal_adc.c **** #if (USE_HAL_ADC_REGISTER_CALLBACKS == 1)
2363:Drivers/STM32F1xx_HAL_Driver/Src/stm32f1xx_hal_adc.c ****     hadc->ConvCpltCallback(hadc);
2364:Drivers/STM32F1xx_HAL_Driver/Src/stm32f1xx_hal_adc.c **** #else
2365:Drivers/STM32F1xx_HAL_Driver/Src/stm32f1xx_hal_adc.c ****     HAL_ADC_ConvCpltCallback(hadc);
 580              		.loc 1 2365 5 is_stmt 1 view .LVU157
 581 0022 1846     		mov	r0, r3
 582              	.LVL27:
 583              		.loc 1 2365 5 is_stmt 0 view .LVU158
 584 0024 FFF7FEFF 		bl	HAL_ADC_ConvCpltCallback
 585              	.LVL28:
 586              	.L46:
2366:Drivers/STM32F1xx_HAL_Driver/Src/stm32f1xx_hal_adc.c **** #endif /* USE_HAL_ADC_REGISTER_CALLBACKS */
2367:Drivers/STM32F1xx_HAL_Driver/Src/stm32f1xx_hal_adc.c ****   }
2368:Drivers/STM32F1xx_HAL_Driver/Src/stm32f1xx_hal_adc.c ****   else
2369:Drivers/STM32F1xx_HAL_Driver/Src/stm32f1xx_hal_adc.c ****   {
2370:Drivers/STM32F1xx_HAL_Driver/Src/stm32f1xx_hal_adc.c ****     /* Call DMA error callback */
2371:Drivers/STM32F1xx_HAL_Driver/Src/stm32f1xx_hal_adc.c ****     hadc->DMA_Handle->XferErrorCallback(hdma);
2372:Drivers/STM32F1xx_HAL_Driver/Src/stm32f1xx_hal_adc.c ****   }
2373:Drivers/STM32F1xx_HAL_Driver/Src/stm32f1xx_hal_adc.c **** }
 587              		.loc 1 2373 1 view .LVU159
 588 0028 08BD     		pop	{r3, pc}
ARM GAS  /var/folders/y0/yl1wrqfd209ghqq3s8k8qc1m0000gn/T//cc8LbdIE.s 			page 54


 589              	.LVL29:
 590              	.L51:
2350:Drivers/STM32F1xx_HAL_Driver/Src/stm32f1xx_hal_adc.c ****        (hadc->Init.ContinuousConvMode == DISABLE)   )
 591              		.loc 1 2350 19 view .LVU160
 592 002a 1A7B     		ldrb	r2, [r3, #12]	@ zero_extendqisi2
2349:Drivers/STM32F1xx_HAL_Driver/Src/stm32f1xx_hal_adc.c ****        (hadc->Init.ContinuousConvMode == DISABLE)   )
 593              		.loc 1 2349 51 discriminator 1 view .LVU161
 594 002c 002A     		cmp	r2, #0
 595 002e F8D1     		bne	.L48
2353:Drivers/STM32F1xx_HAL_Driver/Src/stm32f1xx_hal_adc.c ****       
 596              		.loc 1 2353 7 is_stmt 1 view .LVU162
 597 0030 9A6A     		ldr	r2, [r3, #40]
 598 0032 22F48072 		bic	r2, r2, #256
 599 0036 9A62     		str	r2, [r3, #40]
2355:Drivers/STM32F1xx_HAL_Driver/Src/stm32f1xx_hal_adc.c ****       {
 600              		.loc 1 2355 7 view .LVU163
2355:Drivers/STM32F1xx_HAL_Driver/Src/stm32f1xx_hal_adc.c ****       {
 601              		.loc 1 2355 11 is_stmt 0 view .LVU164
 602 0038 9A6A     		ldr	r2, [r3, #40]
2355:Drivers/STM32F1xx_HAL_Driver/Src/stm32f1xx_hal_adc.c ****       {
 603              		.loc 1 2355 10 view .LVU165
 604 003a 12F4805F 		tst	r2, #4096
 605 003e F0D1     		bne	.L48
2357:Drivers/STM32F1xx_HAL_Driver/Src/stm32f1xx_hal_adc.c ****       }
 606              		.loc 1 2357 9 is_stmt 1 view .LVU166
 607 0040 9A6A     		ldr	r2, [r3, #40]
 608 0042 42F00102 		orr	r2, r2, #1
 609 0046 9A62     		str	r2, [r3, #40]
 610 0048 EBE7     		b	.L48
 611              	.L47:
2371:Drivers/STM32F1xx_HAL_Driver/Src/stm32f1xx_hal_adc.c ****   }
 612              		.loc 1 2371 5 view .LVU167
2371:Drivers/STM32F1xx_HAL_Driver/Src/stm32f1xx_hal_adc.c ****   }
 613              		.loc 1 2371 9 is_stmt 0 view .LVU168
 614 004a 1B6A     		ldr	r3, [r3, #32]
 615              	.LVL30:
2371:Drivers/STM32F1xx_HAL_Driver/Src/stm32f1xx_hal_adc.c ****   }
 616              		.loc 1 2371 21 view .LVU169
 617 004c 1B6B     		ldr	r3, [r3, #48]
2371:Drivers/STM32F1xx_HAL_Driver/Src/stm32f1xx_hal_adc.c ****   }
 618              		.loc 1 2371 5 view .LVU170
 619 004e 9847     		blx	r3
 620              	.LVL31:
 621              		.loc 1 2373 1 view .LVU171
 622 0050 EAE7     		b	.L46
 623              		.cfi_endproc
 624              	.LFE89:
 626              		.section	.text.HAL_ADC_ConvHalfCpltCallback,"ax",%progbits
 627              		.align	1
 628              		.weak	HAL_ADC_ConvHalfCpltCallback
 629              		.syntax unified
 630              		.thumb
 631              		.thumb_func
 633              	HAL_ADC_ConvHalfCpltCallback:
 634              	.LVL32:
 635              	.LFB80:
1924:Drivers/STM32F1xx_HAL_Driver/Src/stm32f1xx_hal_adc.c ****   /* Prevent unused argument(s) compilation warning */
ARM GAS  /var/folders/y0/yl1wrqfd209ghqq3s8k8qc1m0000gn/T//cc8LbdIE.s 			page 55


 636              		.loc 1 1924 1 is_stmt 1 view -0
 637              		.cfi_startproc
 638              		@ args = 0, pretend = 0, frame = 0
 639              		@ frame_needed = 0, uses_anonymous_args = 0
 640              		@ link register save eliminated.
1926:Drivers/STM32F1xx_HAL_Driver/Src/stm32f1xx_hal_adc.c ****   /* NOTE : This function should not be modified. When the callback is needed,
 641              		.loc 1 1926 3 view .LVU173
1930:Drivers/STM32F1xx_HAL_Driver/Src/stm32f1xx_hal_adc.c **** 
 642              		.loc 1 1930 1 is_stmt 0 view .LVU174
 643 0000 7047     		bx	lr
 644              		.cfi_endproc
 645              	.LFE80:
 647              		.section	.text.ADC_DMAHalfConvCplt,"ax",%progbits
 648              		.align	1
 649              		.global	ADC_DMAHalfConvCplt
 650              		.syntax unified
 651              		.thumb
 652              		.thumb_func
 654              	ADC_DMAHalfConvCplt:
 655              	.LVL33:
 656              	.LFB90:
2374:Drivers/STM32F1xx_HAL_Driver/Src/stm32f1xx_hal_adc.c **** 
2375:Drivers/STM32F1xx_HAL_Driver/Src/stm32f1xx_hal_adc.c **** /**
2376:Drivers/STM32F1xx_HAL_Driver/Src/stm32f1xx_hal_adc.c ****   * @brief  DMA half transfer complete callback. 
2377:Drivers/STM32F1xx_HAL_Driver/Src/stm32f1xx_hal_adc.c ****   * @param  hdma: pointer to DMA handle.
2378:Drivers/STM32F1xx_HAL_Driver/Src/stm32f1xx_hal_adc.c ****   * @retval None
2379:Drivers/STM32F1xx_HAL_Driver/Src/stm32f1xx_hal_adc.c ****   */
2380:Drivers/STM32F1xx_HAL_Driver/Src/stm32f1xx_hal_adc.c **** void ADC_DMAHalfConvCplt(DMA_HandleTypeDef *hdma)   
2381:Drivers/STM32F1xx_HAL_Driver/Src/stm32f1xx_hal_adc.c **** {
 657              		.loc 1 2381 1 is_stmt 1 view -0
 658              		.cfi_startproc
 659              		@ args = 0, pretend = 0, frame = 0
 660              		@ frame_needed = 0, uses_anonymous_args = 0
 661              		.loc 1 2381 1 is_stmt 0 view .LVU176
 662 0000 08B5     		push	{r3, lr}
 663              	.LCFI6:
 664              		.cfi_def_cfa_offset 8
 665              		.cfi_offset 3, -8
 666              		.cfi_offset 14, -4
2382:Drivers/STM32F1xx_HAL_Driver/Src/stm32f1xx_hal_adc.c ****   /* Retrieve ADC handle corresponding to current DMA handle */
2383:Drivers/STM32F1xx_HAL_Driver/Src/stm32f1xx_hal_adc.c ****   ADC_HandleTypeDef* hadc = ( ADC_HandleTypeDef* )((DMA_HandleTypeDef* )hdma)->Parent;
 667              		.loc 1 2383 3 is_stmt 1 view .LVU177
 668              	.LVL34:
2384:Drivers/STM32F1xx_HAL_Driver/Src/stm32f1xx_hal_adc.c ****   
2385:Drivers/STM32F1xx_HAL_Driver/Src/stm32f1xx_hal_adc.c ****   /* Half conversion callback */
2386:Drivers/STM32F1xx_HAL_Driver/Src/stm32f1xx_hal_adc.c **** #if (USE_HAL_ADC_REGISTER_CALLBACKS == 1)
2387:Drivers/STM32F1xx_HAL_Driver/Src/stm32f1xx_hal_adc.c ****     hadc->ConvHalfCpltCallback(hadc);
2388:Drivers/STM32F1xx_HAL_Driver/Src/stm32f1xx_hal_adc.c **** #else
2389:Drivers/STM32F1xx_HAL_Driver/Src/stm32f1xx_hal_adc.c ****   HAL_ADC_ConvHalfCpltCallback(hadc);
 669              		.loc 1 2389 3 view .LVU178
 670 0002 406A     		ldr	r0, [r0, #36]
 671              	.LVL35:
 672              		.loc 1 2389 3 is_stmt 0 view .LVU179
 673 0004 FFF7FEFF 		bl	HAL_ADC_ConvHalfCpltCallback
 674              	.LVL36:
2390:Drivers/STM32F1xx_HAL_Driver/Src/stm32f1xx_hal_adc.c **** #endif /* USE_HAL_ADC_REGISTER_CALLBACKS */
2391:Drivers/STM32F1xx_HAL_Driver/Src/stm32f1xx_hal_adc.c **** }
ARM GAS  /var/folders/y0/yl1wrqfd209ghqq3s8k8qc1m0000gn/T//cc8LbdIE.s 			page 56


 675              		.loc 1 2391 1 view .LVU180
 676 0008 08BD     		pop	{r3, pc}
 677              		.cfi_endproc
 678              	.LFE90:
 680              		.section	.text.HAL_ADC_LevelOutOfWindowCallback,"ax",%progbits
 681              		.align	1
 682              		.weak	HAL_ADC_LevelOutOfWindowCallback
 683              		.syntax unified
 684              		.thumb
 685              		.thumb_func
 687              	HAL_ADC_LevelOutOfWindowCallback:
 688              	.LVL37:
 689              	.LFB81:
1938:Drivers/STM32F1xx_HAL_Driver/Src/stm32f1xx_hal_adc.c ****   /* Prevent unused argument(s) compilation warning */
 690              		.loc 1 1938 1 is_stmt 1 view -0
 691              		.cfi_startproc
 692              		@ args = 0, pretend = 0, frame = 0
 693              		@ frame_needed = 0, uses_anonymous_args = 0
 694              		@ link register save eliminated.
1940:Drivers/STM32F1xx_HAL_Driver/Src/stm32f1xx_hal_adc.c ****   /* NOTE : This function should not be modified. When the callback is needed,
 695              		.loc 1 1940 3 view .LVU182
1944:Drivers/STM32F1xx_HAL_Driver/Src/stm32f1xx_hal_adc.c **** 
 696              		.loc 1 1944 1 is_stmt 0 view .LVU183
 697 0000 7047     		bx	lr
 698              		.cfi_endproc
 699              	.LFE81:
 701              		.section	.text.HAL_ADC_IRQHandler,"ax",%progbits
 702              		.align	1
 703              		.global	HAL_ADC_IRQHandler
 704              		.syntax unified
 705              		.thumb
 706              		.thumb_func
 708              	HAL_ADC_IRQHandler:
 709              	.LVL38:
 710              	.LFB78:
1780:Drivers/STM32F1xx_HAL_Driver/Src/stm32f1xx_hal_adc.c ****   uint32_t tmp_sr = hadc->Instance->SR;
 711              		.loc 1 1780 1 is_stmt 1 view -0
 712              		.cfi_startproc
 713              		@ args = 0, pretend = 0, frame = 0
 714              		@ frame_needed = 0, uses_anonymous_args = 0
1780:Drivers/STM32F1xx_HAL_Driver/Src/stm32f1xx_hal_adc.c ****   uint32_t tmp_sr = hadc->Instance->SR;
 715              		.loc 1 1780 1 is_stmt 0 view .LVU185
 716 0000 70B5     		push	{r4, r5, r6, lr}
 717              	.LCFI7:
 718              		.cfi_def_cfa_offset 16
 719              		.cfi_offset 4, -16
 720              		.cfi_offset 5, -12
 721              		.cfi_offset 6, -8
 722              		.cfi_offset 14, -4
 723 0002 0446     		mov	r4, r0
1781:Drivers/STM32F1xx_HAL_Driver/Src/stm32f1xx_hal_adc.c ****   uint32_t tmp_cr1 = hadc->Instance->CR1;
 724              		.loc 1 1781 3 is_stmt 1 view .LVU186
1781:Drivers/STM32F1xx_HAL_Driver/Src/stm32f1xx_hal_adc.c ****   uint32_t tmp_cr1 = hadc->Instance->CR1;
 725              		.loc 1 1781 25 is_stmt 0 view .LVU187
 726 0004 0368     		ldr	r3, [r0]
1781:Drivers/STM32F1xx_HAL_Driver/Src/stm32f1xx_hal_adc.c ****   uint32_t tmp_cr1 = hadc->Instance->CR1;
 727              		.loc 1 1781 12 view .LVU188
ARM GAS  /var/folders/y0/yl1wrqfd209ghqq3s8k8qc1m0000gn/T//cc8LbdIE.s 			page 57


 728 0006 1E68     		ldr	r6, [r3]
 729              	.LVL39:
1782:Drivers/STM32F1xx_HAL_Driver/Src/stm32f1xx_hal_adc.c **** 
 730              		.loc 1 1782 3 is_stmt 1 view .LVU189
1782:Drivers/STM32F1xx_HAL_Driver/Src/stm32f1xx_hal_adc.c **** 
 731              		.loc 1 1782 12 is_stmt 0 view .LVU190
 732 0008 5D68     		ldr	r5, [r3, #4]
 733              	.LVL40:
1785:Drivers/STM32F1xx_HAL_Driver/Src/stm32f1xx_hal_adc.c ****   assert_param(IS_FUNCTIONAL_STATE(hadc->Init.ContinuousConvMode));
 734              		.loc 1 1785 3 is_stmt 1 view .LVU191
1786:Drivers/STM32F1xx_HAL_Driver/Src/stm32f1xx_hal_adc.c ****   assert_param(IS_ADC_REGULAR_NB_CONV(hadc->Init.NbrOfConversion));
 735              		.loc 1 1786 3 view .LVU192
1787:Drivers/STM32F1xx_HAL_Driver/Src/stm32f1xx_hal_adc.c ****   
 736              		.loc 1 1787 3 view .LVU193
1791:Drivers/STM32F1xx_HAL_Driver/Src/stm32f1xx_hal_adc.c ****   {
 737              		.loc 1 1791 3 view .LVU194
1791:Drivers/STM32F1xx_HAL_Driver/Src/stm32f1xx_hal_adc.c ****   {
 738              		.loc 1 1791 5 is_stmt 0 view .LVU195
 739 000a 15F0200F 		tst	r5, #32
 740 000e 17D0     		beq	.L57
1793:Drivers/STM32F1xx_HAL_Driver/Src/stm32f1xx_hal_adc.c ****     {
 741              		.loc 1 1793 5 is_stmt 1 view .LVU196
1793:Drivers/STM32F1xx_HAL_Driver/Src/stm32f1xx_hal_adc.c ****     {
 742              		.loc 1 1793 7 is_stmt 0 view .LVU197
 743 0010 16F0020F 		tst	r6, #2
 744 0014 14D0     		beq	.L57
1796:Drivers/STM32F1xx_HAL_Driver/Src/stm32f1xx_hal_adc.c ****       {
 745              		.loc 1 1796 7 is_stmt 1 view .LVU198
1796:Drivers/STM32F1xx_HAL_Driver/Src/stm32f1xx_hal_adc.c ****       {
 746              		.loc 1 1796 11 is_stmt 0 view .LVU199
 747 0016 826A     		ldr	r2, [r0, #40]
1796:Drivers/STM32F1xx_HAL_Driver/Src/stm32f1xx_hal_adc.c ****       {
 748              		.loc 1 1796 10 view .LVU200
 749 0018 12F0100F 		tst	r2, #16
 750 001c 03D1     		bne	.L58
1799:Drivers/STM32F1xx_HAL_Driver/Src/stm32f1xx_hal_adc.c ****       }
 751              		.loc 1 1799 9 is_stmt 1 view .LVU201
 752 001e 826A     		ldr	r2, [r0, #40]
 753 0020 42F40072 		orr	r2, r2, #512
 754 0024 8262     		str	r2, [r0, #40]
 755              	.L58:
1807:Drivers/STM32F1xx_HAL_Driver/Src/stm32f1xx_hal_adc.c ****          (hadc->Init.ContinuousConvMode == DISABLE)   )
 756              		.loc 1 1807 7 view .LVU202
1807:Drivers/STM32F1xx_HAL_Driver/Src/stm32f1xx_hal_adc.c ****          (hadc->Init.ContinuousConvMode == DISABLE)   )
 757              		.loc 1 1807 10 is_stmt 0 view .LVU203
 758 0026 9A68     		ldr	r2, [r3, #8]
 759 0028 02F46022 		and	r2, r2, #917504
1807:Drivers/STM32F1xx_HAL_Driver/Src/stm32f1xx_hal_adc.c ****          (hadc->Init.ContinuousConvMode == DISABLE)   )
 760              		.loc 1 1807 9 view .LVU204
 761 002c B2F5602F 		cmp	r2, #917504
 762 0030 33D0     		beq	.L66
 763              	.L59:
1826:Drivers/STM32F1xx_HAL_Driver/Src/stm32f1xx_hal_adc.c **** #endif /* USE_HAL_ADC_REGISTER_CALLBACKS */
 764              		.loc 1 1826 7 is_stmt 1 view .LVU205
 765 0032 2046     		mov	r0, r4
 766              	.LVL41:
1826:Drivers/STM32F1xx_HAL_Driver/Src/stm32f1xx_hal_adc.c **** #endif /* USE_HAL_ADC_REGISTER_CALLBACKS */
ARM GAS  /var/folders/y0/yl1wrqfd209ghqq3s8k8qc1m0000gn/T//cc8LbdIE.s 			page 58


 767              		.loc 1 1826 7 is_stmt 0 view .LVU206
 768 0034 FFF7FEFF 		bl	HAL_ADC_ConvCpltCallback
 769              	.LVL42:
1830:Drivers/STM32F1xx_HAL_Driver/Src/stm32f1xx_hal_adc.c ****     }
 770              		.loc 1 1830 7 is_stmt 1 view .LVU207
 771 0038 2368     		ldr	r3, [r4]
 772 003a 6FF01202 		mvn	r2, #18
 773 003e 1A60     		str	r2, [r3]
 774              	.L57:
1835:Drivers/STM32F1xx_HAL_Driver/Src/stm32f1xx_hal_adc.c ****   {
 775              		.loc 1 1835 3 view .LVU208
1835:Drivers/STM32F1xx_HAL_Driver/Src/stm32f1xx_hal_adc.c ****   {
 776              		.loc 1 1835 5 is_stmt 0 view .LVU209
 777 0040 15F0800F 		tst	r5, #128
 778 0044 22D0     		beq	.L60
1837:Drivers/STM32F1xx_HAL_Driver/Src/stm32f1xx_hal_adc.c ****     {
 779              		.loc 1 1837 5 is_stmt 1 view .LVU210
1837:Drivers/STM32F1xx_HAL_Driver/Src/stm32f1xx_hal_adc.c ****     {
 780              		.loc 1 1837 7 is_stmt 0 view .LVU211
 781 0046 16F0040F 		tst	r6, #4
 782 004a 1FD0     		beq	.L60
1840:Drivers/STM32F1xx_HAL_Driver/Src/stm32f1xx_hal_adc.c ****       {
 783              		.loc 1 1840 7 is_stmt 1 view .LVU212
1840:Drivers/STM32F1xx_HAL_Driver/Src/stm32f1xx_hal_adc.c ****       {
 784              		.loc 1 1840 11 is_stmt 0 view .LVU213
 785 004c A36A     		ldr	r3, [r4, #40]
1840:Drivers/STM32F1xx_HAL_Driver/Src/stm32f1xx_hal_adc.c ****       {
 786              		.loc 1 1840 10 view .LVU214
 787 004e 13F0100F 		tst	r3, #16
 788 0052 03D1     		bne	.L61
1843:Drivers/STM32F1xx_HAL_Driver/Src/stm32f1xx_hal_adc.c ****       }
 789              		.loc 1 1843 9 is_stmt 1 view .LVU215
 790 0054 A36A     		ldr	r3, [r4, #40]
 791 0056 43F40053 		orr	r3, r3, #8192
 792 005a A362     		str	r3, [r4, #40]
 793              	.L61:
1853:Drivers/STM32F1xx_HAL_Driver/Src/stm32f1xx_hal_adc.c ****          (HAL_IS_BIT_CLR(hadc->Instance->CR1, ADC_CR1_JAUTO) &&     
 794              		.loc 1 1853 7 view .LVU216
1853:Drivers/STM32F1xx_HAL_Driver/Src/stm32f1xx_hal_adc.c ****          (HAL_IS_BIT_CLR(hadc->Instance->CR1, ADC_CR1_JAUTO) &&     
 795              		.loc 1 1853 10 is_stmt 0 view .LVU217
 796 005c 2268     		ldr	r2, [r4]
 797 005e 9368     		ldr	r3, [r2, #8]
 798 0060 03F4E043 		and	r3, r3, #28672
1853:Drivers/STM32F1xx_HAL_Driver/Src/stm32f1xx_hal_adc.c ****          (HAL_IS_BIT_CLR(hadc->Instance->CR1, ADC_CR1_JAUTO) &&     
 799              		.loc 1 1853 9 view .LVU218
 800 0064 B3F5E04F 		cmp	r3, #28672
 801 0068 2ED0     		beq	.L62
1854:Drivers/STM32F1xx_HAL_Driver/Src/stm32f1xx_hal_adc.c ****          (ADC_IS_SOFTWARE_START_REGULAR(hadc)        &&
 802              		.loc 1 1854 11 view .LVU219
 803 006a 5368     		ldr	r3, [r2, #4]
1853:Drivers/STM32F1xx_HAL_Driver/Src/stm32f1xx_hal_adc.c ****          (HAL_IS_BIT_CLR(hadc->Instance->CR1, ADC_CR1_JAUTO) &&     
 804              		.loc 1 1853 67 discriminator 1 view .LVU220
 805 006c 13F4806F 		tst	r3, #1024
 806 0070 05D1     		bne	.L63
1855:Drivers/STM32F1xx_HAL_Driver/Src/stm32f1xx_hal_adc.c ****           (hadc->Init.ContinuousConvMode == DISABLE)   )        )   )
 807              		.loc 1 1855 11 view .LVU221
 808 0072 9368     		ldr	r3, [r2, #8]
ARM GAS  /var/folders/y0/yl1wrqfd209ghqq3s8k8qc1m0000gn/T//cc8LbdIE.s 			page 59


 809 0074 03F46023 		and	r3, r3, #917504
1854:Drivers/STM32F1xx_HAL_Driver/Src/stm32f1xx_hal_adc.c ****          (ADC_IS_SOFTWARE_START_REGULAR(hadc)        &&
 810              		.loc 1 1854 62 view .LVU222
 811 0078 B3F5602F 		cmp	r3, #917504
 812 007c 21D0     		beq	.L67
 813              	.L63:
1874:Drivers/STM32F1xx_HAL_Driver/Src/stm32f1xx_hal_adc.c **** #endif /* USE_HAL_ADC_REGISTER_CALLBACKS */
 814              		.loc 1 1874 7 is_stmt 1 view .LVU223
 815 007e 2046     		mov	r0, r4
 816 0080 FFF7FEFF 		bl	HAL_ADCEx_InjectedConvCpltCallback
 817              	.LVL43:
1878:Drivers/STM32F1xx_HAL_Driver/Src/stm32f1xx_hal_adc.c ****     }
 818              		.loc 1 1878 7 view .LVU224
 819 0084 2368     		ldr	r3, [r4]
 820 0086 6FF00C02 		mvn	r2, #12
 821 008a 1A60     		str	r2, [r3]
 822              	.L60:
1883:Drivers/STM32F1xx_HAL_Driver/Src/stm32f1xx_hal_adc.c ****   {
 823              		.loc 1 1883 3 view .LVU225
1883:Drivers/STM32F1xx_HAL_Driver/Src/stm32f1xx_hal_adc.c ****   {
 824              		.loc 1 1883 5 is_stmt 0 view .LVU226
 825 008c 15F0400F 		tst	r5, #64
 826 0090 02D0     		beq	.L56
1885:Drivers/STM32F1xx_HAL_Driver/Src/stm32f1xx_hal_adc.c ****     {
 827              		.loc 1 1885 5 is_stmt 1 view .LVU227
1885:Drivers/STM32F1xx_HAL_Driver/Src/stm32f1xx_hal_adc.c ****     {
 828              		.loc 1 1885 7 is_stmt 0 view .LVU228
 829 0092 16F0010F 		tst	r6, #1
 830 0096 28D1     		bne	.L68
 831              	.L56:
1902:Drivers/STM32F1xx_HAL_Driver/Src/stm32f1xx_hal_adc.c **** 
 832              		.loc 1 1902 1 view .LVU229
 833 0098 70BD     		pop	{r4, r5, r6, pc}
 834              	.LVL44:
 835              	.L66:
1808:Drivers/STM32F1xx_HAL_Driver/Src/stm32f1xx_hal_adc.c ****       {
 836              		.loc 1 1808 21 view .LVU230
 837 009a 227B     		ldrb	r2, [r4, #12]	@ zero_extendqisi2
1807:Drivers/STM32F1xx_HAL_Driver/Src/stm32f1xx_hal_adc.c ****          (hadc->Init.ContinuousConvMode == DISABLE)   )
 838              		.loc 1 1807 53 discriminator 1 view .LVU231
 839 009c 002A     		cmp	r2, #0
 840 009e C8D1     		bne	.L59
1811:Drivers/STM32F1xx_HAL_Driver/Src/stm32f1xx_hal_adc.c ****         
 841              		.loc 1 1811 9 is_stmt 1 view .LVU232
 842 00a0 5A68     		ldr	r2, [r3, #4]
 843 00a2 22F02002 		bic	r2, r2, #32
 844 00a6 5A60     		str	r2, [r3, #4]
1814:Drivers/STM32F1xx_HAL_Driver/Src/stm32f1xx_hal_adc.c ****         
 845              		.loc 1 1814 9 view .LVU233
 846 00a8 A36A     		ldr	r3, [r4, #40]
 847 00aa 23F48073 		bic	r3, r3, #256
 848 00ae A362     		str	r3, [r4, #40]
1816:Drivers/STM32F1xx_HAL_Driver/Src/stm32f1xx_hal_adc.c ****         {
 849              		.loc 1 1816 9 view .LVU234
1816:Drivers/STM32F1xx_HAL_Driver/Src/stm32f1xx_hal_adc.c ****         {
 850              		.loc 1 1816 13 is_stmt 0 view .LVU235
 851 00b0 A36A     		ldr	r3, [r4, #40]
ARM GAS  /var/folders/y0/yl1wrqfd209ghqq3s8k8qc1m0000gn/T//cc8LbdIE.s 			page 60


1816:Drivers/STM32F1xx_HAL_Driver/Src/stm32f1xx_hal_adc.c ****         {
 852              		.loc 1 1816 12 view .LVU236
 853 00b2 13F4805F 		tst	r3, #4096
 854 00b6 BCD1     		bne	.L59
1818:Drivers/STM32F1xx_HAL_Driver/Src/stm32f1xx_hal_adc.c ****         }
 855              		.loc 1 1818 11 is_stmt 1 view .LVU237
 856 00b8 A36A     		ldr	r3, [r4, #40]
 857 00ba 43F00103 		orr	r3, r3, #1
 858 00be A362     		str	r3, [r4, #40]
 859 00c0 B7E7     		b	.L59
 860              	.LVL45:
 861              	.L67:
1856:Drivers/STM32F1xx_HAL_Driver/Src/stm32f1xx_hal_adc.c ****       {
 862              		.loc 1 1856 22 is_stmt 0 view .LVU238
 863 00c2 237B     		ldrb	r3, [r4, #12]	@ zero_extendqisi2
1855:Drivers/STM32F1xx_HAL_Driver/Src/stm32f1xx_hal_adc.c ****           (hadc->Init.ContinuousConvMode == DISABLE)   )        )   )
 864              		.loc 1 1855 54 view .LVU239
 865 00c4 002B     		cmp	r3, #0
 866 00c6 DAD1     		bne	.L63
 867              	.L62:
1859:Drivers/STM32F1xx_HAL_Driver/Src/stm32f1xx_hal_adc.c ****         
 868              		.loc 1 1859 9 is_stmt 1 view .LVU240
 869 00c8 5368     		ldr	r3, [r2, #4]
 870 00ca 23F08003 		bic	r3, r3, #128
 871 00ce 5360     		str	r3, [r2, #4]
1862:Drivers/STM32F1xx_HAL_Driver/Src/stm32f1xx_hal_adc.c **** 
 872              		.loc 1 1862 9 view .LVU241
 873 00d0 A36A     		ldr	r3, [r4, #40]
 874 00d2 23F48053 		bic	r3, r3, #4096
 875 00d6 A362     		str	r3, [r4, #40]
1864:Drivers/STM32F1xx_HAL_Driver/Src/stm32f1xx_hal_adc.c ****         { 
 876              		.loc 1 1864 9 view .LVU242
1864:Drivers/STM32F1xx_HAL_Driver/Src/stm32f1xx_hal_adc.c ****         { 
 877              		.loc 1 1864 13 is_stmt 0 view .LVU243
 878 00d8 A36A     		ldr	r3, [r4, #40]
1864:Drivers/STM32F1xx_HAL_Driver/Src/stm32f1xx_hal_adc.c ****         { 
 879              		.loc 1 1864 12 view .LVU244
 880 00da 13F4807F 		tst	r3, #256
 881 00de CED1     		bne	.L63
1866:Drivers/STM32F1xx_HAL_Driver/Src/stm32f1xx_hal_adc.c ****         }
 882              		.loc 1 1866 11 is_stmt 1 view .LVU245
 883 00e0 A36A     		ldr	r3, [r4, #40]
 884 00e2 43F00103 		orr	r3, r3, #1
 885 00e6 A362     		str	r3, [r4, #40]
 886 00e8 C9E7     		b	.L63
 887              	.L68:
1888:Drivers/STM32F1xx_HAL_Driver/Src/stm32f1xx_hal_adc.c ****       
 888              		.loc 1 1888 7 view .LVU246
 889 00ea A36A     		ldr	r3, [r4, #40]
 890 00ec 43F48033 		orr	r3, r3, #65536
 891 00f0 A362     		str	r3, [r4, #40]
1894:Drivers/STM32F1xx_HAL_Driver/Src/stm32f1xx_hal_adc.c **** #endif /* USE_HAL_ADC_REGISTER_CALLBACKS */
 892              		.loc 1 1894 7 view .LVU247
 893 00f2 2046     		mov	r0, r4
 894 00f4 FFF7FEFF 		bl	HAL_ADC_LevelOutOfWindowCallback
 895              	.LVL46:
1898:Drivers/STM32F1xx_HAL_Driver/Src/stm32f1xx_hal_adc.c ****     }
ARM GAS  /var/folders/y0/yl1wrqfd209ghqq3s8k8qc1m0000gn/T//cc8LbdIE.s 			page 61


 896              		.loc 1 1898 7 view .LVU248
 897 00f8 2368     		ldr	r3, [r4]
 898 00fa 6FF00102 		mvn	r2, #1
 899 00fe 1A60     		str	r2, [r3]
1902:Drivers/STM32F1xx_HAL_Driver/Src/stm32f1xx_hal_adc.c **** 
 900              		.loc 1 1902 1 is_stmt 0 view .LVU249
 901 0100 CAE7     		b	.L56
 902              		.cfi_endproc
 903              	.LFE78:
 905              		.section	.text.HAL_ADC_ErrorCallback,"ax",%progbits
 906              		.align	1
 907              		.weak	HAL_ADC_ErrorCallback
 908              		.syntax unified
 909              		.thumb
 910              		.thumb_func
 912              	HAL_ADC_ErrorCallback:
 913              	.LVL47:
 914              	.LFB82:
1953:Drivers/STM32F1xx_HAL_Driver/Src/stm32f1xx_hal_adc.c ****   /* Prevent unused argument(s) compilation warning */
 915              		.loc 1 1953 1 is_stmt 1 view -0
 916              		.cfi_startproc
 917              		@ args = 0, pretend = 0, frame = 0
 918              		@ frame_needed = 0, uses_anonymous_args = 0
 919              		@ link register save eliminated.
1955:Drivers/STM32F1xx_HAL_Driver/Src/stm32f1xx_hal_adc.c ****   /* NOTE : This function should not be modified. When the callback is needed,
 920              		.loc 1 1955 3 view .LVU251
1959:Drivers/STM32F1xx_HAL_Driver/Src/stm32f1xx_hal_adc.c **** 
 921              		.loc 1 1959 1 is_stmt 0 view .LVU252
 922 0000 7047     		bx	lr
 923              		.cfi_endproc
 924              	.LFE82:
 926              		.section	.text.ADC_DMAError,"ax",%progbits
 927              		.align	1
 928              		.global	ADC_DMAError
 929              		.syntax unified
 930              		.thumb
 931              		.thumb_func
 933              	ADC_DMAError:
 934              	.LVL48:
 935              	.LFB91:
2392:Drivers/STM32F1xx_HAL_Driver/Src/stm32f1xx_hal_adc.c **** 
2393:Drivers/STM32F1xx_HAL_Driver/Src/stm32f1xx_hal_adc.c **** /**
2394:Drivers/STM32F1xx_HAL_Driver/Src/stm32f1xx_hal_adc.c ****   * @brief  DMA error callback 
2395:Drivers/STM32F1xx_HAL_Driver/Src/stm32f1xx_hal_adc.c ****   * @param  hdma: pointer to DMA handle.
2396:Drivers/STM32F1xx_HAL_Driver/Src/stm32f1xx_hal_adc.c ****   * @retval None
2397:Drivers/STM32F1xx_HAL_Driver/Src/stm32f1xx_hal_adc.c ****   */
2398:Drivers/STM32F1xx_HAL_Driver/Src/stm32f1xx_hal_adc.c **** void ADC_DMAError(DMA_HandleTypeDef *hdma)   
2399:Drivers/STM32F1xx_HAL_Driver/Src/stm32f1xx_hal_adc.c **** {
 936              		.loc 1 2399 1 is_stmt 1 view -0
 937              		.cfi_startproc
 938              		@ args = 0, pretend = 0, frame = 0
 939              		@ frame_needed = 0, uses_anonymous_args = 0
 940              		.loc 1 2399 1 is_stmt 0 view .LVU254
 941 0000 08B5     		push	{r3, lr}
 942              	.LCFI8:
 943              		.cfi_def_cfa_offset 8
 944              		.cfi_offset 3, -8
ARM GAS  /var/folders/y0/yl1wrqfd209ghqq3s8k8qc1m0000gn/T//cc8LbdIE.s 			page 62


 945              		.cfi_offset 14, -4
2400:Drivers/STM32F1xx_HAL_Driver/Src/stm32f1xx_hal_adc.c ****   /* Retrieve ADC handle corresponding to current DMA handle */
2401:Drivers/STM32F1xx_HAL_Driver/Src/stm32f1xx_hal_adc.c ****   ADC_HandleTypeDef* hadc = ( ADC_HandleTypeDef* )((DMA_HandleTypeDef* )hdma)->Parent;
 946              		.loc 1 2401 3 is_stmt 1 view .LVU255
 947              		.loc 1 2401 22 is_stmt 0 view .LVU256
 948 0002 406A     		ldr	r0, [r0, #36]
 949              	.LVL49:
2402:Drivers/STM32F1xx_HAL_Driver/Src/stm32f1xx_hal_adc.c ****   
2403:Drivers/STM32F1xx_HAL_Driver/Src/stm32f1xx_hal_adc.c ****   /* Set ADC state */
2404:Drivers/STM32F1xx_HAL_Driver/Src/stm32f1xx_hal_adc.c ****   SET_BIT(hadc->State, HAL_ADC_STATE_ERROR_DMA);
 950              		.loc 1 2404 3 is_stmt 1 view .LVU257
 951 0004 836A     		ldr	r3, [r0, #40]
 952 0006 43F04003 		orr	r3, r3, #64
 953 000a 8362     		str	r3, [r0, #40]
2405:Drivers/STM32F1xx_HAL_Driver/Src/stm32f1xx_hal_adc.c ****   
2406:Drivers/STM32F1xx_HAL_Driver/Src/stm32f1xx_hal_adc.c ****   /* Set ADC error code to DMA error */
2407:Drivers/STM32F1xx_HAL_Driver/Src/stm32f1xx_hal_adc.c ****   SET_BIT(hadc->ErrorCode, HAL_ADC_ERROR_DMA);
 954              		.loc 1 2407 3 view .LVU258
 955 000c C36A     		ldr	r3, [r0, #44]
 956 000e 43F00403 		orr	r3, r3, #4
 957 0012 C362     		str	r3, [r0, #44]
2408:Drivers/STM32F1xx_HAL_Driver/Src/stm32f1xx_hal_adc.c ****   
2409:Drivers/STM32F1xx_HAL_Driver/Src/stm32f1xx_hal_adc.c ****   /* Error callback */
2410:Drivers/STM32F1xx_HAL_Driver/Src/stm32f1xx_hal_adc.c **** #if (USE_HAL_ADC_REGISTER_CALLBACKS == 1)
2411:Drivers/STM32F1xx_HAL_Driver/Src/stm32f1xx_hal_adc.c ****   hadc->ErrorCallback(hadc);
2412:Drivers/STM32F1xx_HAL_Driver/Src/stm32f1xx_hal_adc.c **** #else
2413:Drivers/STM32F1xx_HAL_Driver/Src/stm32f1xx_hal_adc.c ****   HAL_ADC_ErrorCallback(hadc);
 958              		.loc 1 2413 3 view .LVU259
 959 0014 FFF7FEFF 		bl	HAL_ADC_ErrorCallback
 960              	.LVL50:
2414:Drivers/STM32F1xx_HAL_Driver/Src/stm32f1xx_hal_adc.c **** #endif /* USE_HAL_ADC_REGISTER_CALLBACKS */
2415:Drivers/STM32F1xx_HAL_Driver/Src/stm32f1xx_hal_adc.c **** }
 961              		.loc 1 2415 1 is_stmt 0 view .LVU260
 962 0018 08BD     		pop	{r3, pc}
 963              		.cfi_endproc
 964              	.LFE91:
 966              		.section	.text.HAL_ADC_ConfigChannel,"ax",%progbits
 967              		.align	1
 968              		.global	HAL_ADC_ConfigChannel
 969              		.syntax unified
 970              		.thumb
 971              		.thumb_func
 973              	HAL_ADC_ConfigChannel:
 974              	.LVL51:
 975              	.LFB83:
2001:Drivers/STM32F1xx_HAL_Driver/Src/stm32f1xx_hal_adc.c ****   HAL_StatusTypeDef tmp_hal_status = HAL_OK;
 976              		.loc 1 2001 1 is_stmt 1 view -0
 977              		.cfi_startproc
 978              		@ args = 0, pretend = 0, frame = 8
 979              		@ frame_needed = 0, uses_anonymous_args = 0
2001:Drivers/STM32F1xx_HAL_Driver/Src/stm32f1xx_hal_adc.c ****   HAL_StatusTypeDef tmp_hal_status = HAL_OK;
 980              		.loc 1 2001 1 is_stmt 0 view .LVU262
 981 0000 00B5     		push	{lr}
 982              	.LCFI9:
 983              		.cfi_def_cfa_offset 4
 984              		.cfi_offset 14, -4
 985 0002 83B0     		sub	sp, sp, #12
ARM GAS  /var/folders/y0/yl1wrqfd209ghqq3s8k8qc1m0000gn/T//cc8LbdIE.s 			page 63


 986              	.LCFI10:
 987              		.cfi_def_cfa_offset 16
2002:Drivers/STM32F1xx_HAL_Driver/Src/stm32f1xx_hal_adc.c ****   __IO uint32_t wait_loop_index = 0U;
 988              		.loc 1 2002 3 is_stmt 1 view .LVU263
 989              	.LVL52:
2003:Drivers/STM32F1xx_HAL_Driver/Src/stm32f1xx_hal_adc.c ****   
 990              		.loc 1 2003 3 view .LVU264
2003:Drivers/STM32F1xx_HAL_Driver/Src/stm32f1xx_hal_adc.c ****   
 991              		.loc 1 2003 17 is_stmt 0 view .LVU265
 992 0004 0022     		movs	r2, #0
 993 0006 0192     		str	r2, [sp, #4]
2006:Drivers/STM32F1xx_HAL_Driver/Src/stm32f1xx_hal_adc.c ****   assert_param(IS_ADC_CHANNEL(sConfig->Channel));
 994              		.loc 1 2006 3 is_stmt 1 view .LVU266
2007:Drivers/STM32F1xx_HAL_Driver/Src/stm32f1xx_hal_adc.c ****   assert_param(IS_ADC_REGULAR_RANK(sConfig->Rank));
 995              		.loc 1 2007 3 view .LVU267
2008:Drivers/STM32F1xx_HAL_Driver/Src/stm32f1xx_hal_adc.c ****   assert_param(IS_ADC_SAMPLE_TIME(sConfig->SamplingTime));
 996              		.loc 1 2008 3 view .LVU268
2009:Drivers/STM32F1xx_HAL_Driver/Src/stm32f1xx_hal_adc.c ****   
 997              		.loc 1 2009 3 view .LVU269
2012:Drivers/STM32F1xx_HAL_Driver/Src/stm32f1xx_hal_adc.c ****   
 998              		.loc 1 2012 3 view .LVU270
2012:Drivers/STM32F1xx_HAL_Driver/Src/stm32f1xx_hal_adc.c ****   
 999              		.loc 1 2012 3 view .LVU271
 1000 0008 90F82420 		ldrb	r2, [r0, #36]	@ zero_extendqisi2
 1001 000c 012A     		cmp	r2, #1
 1002 000e 00F0A880 		beq	.L83
 1003 0012 0346     		mov	r3, r0
2012:Drivers/STM32F1xx_HAL_Driver/Src/stm32f1xx_hal_adc.c ****   
 1004              		.loc 1 2012 3 discriminator 2 view .LVU272
 1005 0014 0122     		movs	r2, #1
 1006 0016 80F82420 		strb	r2, [r0, #36]
2012:Drivers/STM32F1xx_HAL_Driver/Src/stm32f1xx_hal_adc.c ****   
 1007              		.loc 1 2012 3 view .LVU273
2017:Drivers/STM32F1xx_HAL_Driver/Src/stm32f1xx_hal_adc.c ****   {
 1008              		.loc 1 2017 3 view .LVU274
2017:Drivers/STM32F1xx_HAL_Driver/Src/stm32f1xx_hal_adc.c ****   {
 1009              		.loc 1 2017 14 is_stmt 0 view .LVU275
 1010 001a 4A68     		ldr	r2, [r1, #4]
2017:Drivers/STM32F1xx_HAL_Driver/Src/stm32f1xx_hal_adc.c ****   {
 1011              		.loc 1 2017 6 view .LVU276
 1012 001c 062A     		cmp	r2, #6
 1013 001e 34D8     		bhi	.L74
2019:Drivers/STM32F1xx_HAL_Driver/Src/stm32f1xx_hal_adc.c ****                ADC_SQR3_RK(ADC_SQR3_SQ1, sConfig->Rank)    ,
 1014              		.loc 1 2019 5 is_stmt 1 view .LVU277
 1015 0020 D0F800E0 		ldr	lr, [r0]
 1016 0024 DEF83400 		ldr	r0, [lr, #52]
 1017              	.LVL53:
2019:Drivers/STM32F1xx_HAL_Driver/Src/stm32f1xx_hal_adc.c ****                ADC_SQR3_RK(ADC_SQR3_SQ1, sConfig->Rank)    ,
 1018              		.loc 1 2019 5 is_stmt 0 view .LVU278
 1019 0028 013A     		subs	r2, r2, #1
 1020 002a 02EB8202 		add	r2, r2, r2, lsl #2
 1021 002e 4FF01F0C 		mov	ip, #31
 1022 0032 0CFA02FC 		lsl	ip, ip, r2
 1023 0036 20EA0C00 		bic	r0, r0, ip
 1024 003a D1F800C0 		ldr	ip, [r1]
 1025 003e 0CFA02F2 		lsl	r2, ip, r2
 1026 0042 0243     		orrs	r2, r2, r0
ARM GAS  /var/folders/y0/yl1wrqfd209ghqq3s8k8qc1m0000gn/T//cc8LbdIE.s 			page 64


 1027 0044 CEF83420 		str	r2, [lr, #52]
 1028              	.L75:
2041:Drivers/STM32F1xx_HAL_Driver/Src/stm32f1xx_hal_adc.c ****   {
 1029              		.loc 1 2041 3 is_stmt 1 view .LVU279
2041:Drivers/STM32F1xx_HAL_Driver/Src/stm32f1xx_hal_adc.c ****   {
 1030              		.loc 1 2041 14 is_stmt 0 view .LVU280
 1031 0048 0A68     		ldr	r2, [r1]
2041:Drivers/STM32F1xx_HAL_Driver/Src/stm32f1xx_hal_adc.c ****   {
 1032              		.loc 1 2041 6 view .LVU281
 1033 004a 092A     		cmp	r2, #9
 1034 004c 49D9     		bls	.L77
2043:Drivers/STM32F1xx_HAL_Driver/Src/stm32f1xx_hal_adc.c ****                ADC_SMPR1(ADC_SMPR1_SMP10, sConfig->Channel)      ,
 1035              		.loc 1 2043 5 is_stmt 1 view .LVU282
 1036 004e D3F800E0 		ldr	lr, [r3]
 1037 0052 DEF80C00 		ldr	r0, [lr, #12]
 1038 0056 0A3A     		subs	r2, r2, #10
 1039 0058 02EB4202 		add	r2, r2, r2, lsl #1
 1040 005c 4FF0070C 		mov	ip, #7
 1041 0060 0CFA02FC 		lsl	ip, ip, r2
 1042 0064 20EA0C00 		bic	r0, r0, ip
 1043 0068 D1F808C0 		ldr	ip, [r1, #8]
 1044 006c 0CFA02F2 		lsl	r2, ip, r2
 1045 0070 0243     		orrs	r2, r2, r0
 1046 0072 CEF80C20 		str	r2, [lr, #12]
 1047              	.L78:
2056:Drivers/STM32F1xx_HAL_Driver/Src/stm32f1xx_hal_adc.c ****       (sConfig->Channel == ADC_CHANNEL_VREFINT)      )
 1048              		.loc 1 2056 3 view .LVU283
2056:Drivers/STM32F1xx_HAL_Driver/Src/stm32f1xx_hal_adc.c ****       (sConfig->Channel == ADC_CHANNEL_VREFINT)      )
 1049              		.loc 1 2056 15 is_stmt 0 view .LVU284
 1050 0076 0A68     		ldr	r2, [r1]
2056:Drivers/STM32F1xx_HAL_Driver/Src/stm32f1xx_hal_adc.c ****       (sConfig->Channel == ADC_CHANNEL_VREFINT)      )
 1051              		.loc 1 2056 52 view .LVU285
 1052 0078 103A     		subs	r2, r2, #16
2056:Drivers/STM32F1xx_HAL_Driver/Src/stm32f1xx_hal_adc.c ****       (sConfig->Channel == ADC_CHANNEL_VREFINT)      )
 1053              		.loc 1 2056 6 view .LVU286
 1054 007a 012A     		cmp	r2, #1
 1055 007c 45D9     		bls	.L88
2002:Drivers/STM32F1xx_HAL_Driver/Src/stm32f1xx_hal_adc.c ****   __IO uint32_t wait_loop_index = 0U;
 1056              		.loc 1 2002 21 view .LVU287
 1057 007e 0020     		movs	r0, #0
 1058              	.LVL54:
 1059              	.L79:
2090:Drivers/STM32F1xx_HAL_Driver/Src/stm32f1xx_hal_adc.c ****   
 1060              		.loc 1 2090 3 is_stmt 1 view .LVU288
2090:Drivers/STM32F1xx_HAL_Driver/Src/stm32f1xx_hal_adc.c ****   
 1061              		.loc 1 2090 3 view .LVU289
 1062 0080 0022     		movs	r2, #0
 1063 0082 83F82420 		strb	r2, [r3, #36]
2090:Drivers/STM32F1xx_HAL_Driver/Src/stm32f1xx_hal_adc.c ****   
 1064              		.loc 1 2090 3 view .LVU290
2093:Drivers/STM32F1xx_HAL_Driver/Src/stm32f1xx_hal_adc.c **** }
 1065              		.loc 1 2093 3 view .LVU291
 1066              	.LVL55:
 1067              	.L73:
2094:Drivers/STM32F1xx_HAL_Driver/Src/stm32f1xx_hal_adc.c **** 
 1068              		.loc 1 2094 1 is_stmt 0 view .LVU292
 1069 0086 03B0     		add	sp, sp, #12
ARM GAS  /var/folders/y0/yl1wrqfd209ghqq3s8k8qc1m0000gn/T//cc8LbdIE.s 			page 65


 1070              	.LCFI11:
 1071              		.cfi_remember_state
 1072              		.cfi_def_cfa_offset 4
 1073              		@ sp needed
 1074 0088 00BD     		pop	{pc}
 1075              	.LVL56:
 1076              	.L74:
 1077              	.LCFI12:
 1078              		.cfi_restore_state
2024:Drivers/STM32F1xx_HAL_Driver/Src/stm32f1xx_hal_adc.c ****   {
 1079              		.loc 1 2024 8 is_stmt 1 view .LVU293
2024:Drivers/STM32F1xx_HAL_Driver/Src/stm32f1xx_hal_adc.c ****   {
 1080              		.loc 1 2024 11 is_stmt 0 view .LVU294
 1081 008a 0C2A     		cmp	r2, #12
 1082 008c 14D8     		bhi	.L76
2026:Drivers/STM32F1xx_HAL_Driver/Src/stm32f1xx_hal_adc.c ****                ADC_SQR2_RK(ADC_SQR2_SQ7, sConfig->Rank)    ,
 1083              		.loc 1 2026 5 is_stmt 1 view .LVU295
 1084 008e D0F800E0 		ldr	lr, [r0]
 1085 0092 DEF83000 		ldr	r0, [lr, #48]
 1086              	.LVL57:
2026:Drivers/STM32F1xx_HAL_Driver/Src/stm32f1xx_hal_adc.c ****                ADC_SQR2_RK(ADC_SQR2_SQ7, sConfig->Rank)    ,
 1087              		.loc 1 2026 5 is_stmt 0 view .LVU296
 1088 0096 073A     		subs	r2, r2, #7
 1089 0098 02EB8202 		add	r2, r2, r2, lsl #2
 1090 009c 4FF01F0C 		mov	ip, #31
 1091 00a0 0CFA02FC 		lsl	ip, ip, r2
 1092 00a4 20EA0C00 		bic	r0, r0, ip
 1093 00a8 D1F800C0 		ldr	ip, [r1]
 1094 00ac 0CFA02F2 		lsl	r2, ip, r2
 1095 00b0 0243     		orrs	r2, r2, r0
 1096 00b2 CEF83020 		str	r2, [lr, #48]
 1097 00b6 C7E7     		b	.L75
 1098              	.LVL58:
 1099              	.L76:
2033:Drivers/STM32F1xx_HAL_Driver/Src/stm32f1xx_hal_adc.c ****                ADC_SQR1_RK(ADC_SQR1_SQ13, sConfig->Rank)   ,
 1100              		.loc 1 2033 5 is_stmt 1 view .LVU297
 1101 00b8 D0F800E0 		ldr	lr, [r0]
 1102 00bc DEF82C00 		ldr	r0, [lr, #44]
 1103              	.LVL59:
2033:Drivers/STM32F1xx_HAL_Driver/Src/stm32f1xx_hal_adc.c ****                ADC_SQR1_RK(ADC_SQR1_SQ13, sConfig->Rank)   ,
 1104              		.loc 1 2033 5 is_stmt 0 view .LVU298
 1105 00c0 0D3A     		subs	r2, r2, #13
 1106 00c2 02EB8202 		add	r2, r2, r2, lsl #2
 1107 00c6 4FF01F0C 		mov	ip, #31
 1108 00ca 0CFA02FC 		lsl	ip, ip, r2
 1109 00ce 20EA0C00 		bic	r0, r0, ip
 1110 00d2 D1F800C0 		ldr	ip, [r1]
 1111 00d6 0CFA02F2 		lsl	r2, ip, r2
 1112 00da 0243     		orrs	r2, r2, r0
 1113 00dc CEF82C20 		str	r2, [lr, #44]
 1114 00e0 B2E7     		b	.L75
 1115              	.L77:
2049:Drivers/STM32F1xx_HAL_Driver/Src/stm32f1xx_hal_adc.c ****                ADC_SMPR2(ADC_SMPR2_SMP0, sConfig->Channel)       ,
 1116              		.loc 1 2049 5 is_stmt 1 view .LVU299
 1117 00e2 D3F800E0 		ldr	lr, [r3]
 1118 00e6 DEF81000 		ldr	r0, [lr, #16]
 1119 00ea 02EB4202 		add	r2, r2, r2, lsl #1
ARM GAS  /var/folders/y0/yl1wrqfd209ghqq3s8k8qc1m0000gn/T//cc8LbdIE.s 			page 66


 1120 00ee 4FF0070C 		mov	ip, #7
 1121 00f2 0CFA02FC 		lsl	ip, ip, r2
 1122 00f6 20EA0C00 		bic	r0, r0, ip
 1123 00fa D1F808C0 		ldr	ip, [r1, #8]
 1124 00fe 0CFA02F2 		lsl	r2, ip, r2
 1125 0102 0243     		orrs	r2, r2, r0
 1126 0104 CEF81020 		str	r2, [lr, #16]
 1127 0108 B5E7     		b	.L78
 1128              	.L88:
2062:Drivers/STM32F1xx_HAL_Driver/Src/stm32f1xx_hal_adc.c ****     {
 1129              		.loc 1 2062 5 view .LVU300
2062:Drivers/STM32F1xx_HAL_Driver/Src/stm32f1xx_hal_adc.c ****     {
 1130              		.loc 1 2062 13 is_stmt 0 view .LVU301
 1131 010a 1A68     		ldr	r2, [r3]
2062:Drivers/STM32F1xx_HAL_Driver/Src/stm32f1xx_hal_adc.c ****     {
 1132              		.loc 1 2062 8 view .LVU302
 1133 010c 1648     		ldr	r0, .L91
 1134 010e 8242     		cmp	r2, r0
 1135 0110 05D0     		beq	.L89
2083:Drivers/STM32F1xx_HAL_Driver/Src/stm32f1xx_hal_adc.c ****       
 1136              		.loc 1 2083 7 is_stmt 1 view .LVU303
 1137 0112 9A6A     		ldr	r2, [r3, #40]
 1138 0114 42F02002 		orr	r2, r2, #32
 1139 0118 9A62     		str	r2, [r3, #40]
2085:Drivers/STM32F1xx_HAL_Driver/Src/stm32f1xx_hal_adc.c ****     }
 1140              		.loc 1 2085 7 view .LVU304
 1141              	.LVL60:
2085:Drivers/STM32F1xx_HAL_Driver/Src/stm32f1xx_hal_adc.c ****     }
 1142              		.loc 1 2085 22 is_stmt 0 view .LVU305
 1143 011a 0120     		movs	r0, #1
 1144 011c B0E7     		b	.L79
 1145              	.LVL61:
 1146              	.L89:
2064:Drivers/STM32F1xx_HAL_Driver/Src/stm32f1xx_hal_adc.c ****       {
 1147              		.loc 1 2064 7 is_stmt 1 view .LVU306
2064:Drivers/STM32F1xx_HAL_Driver/Src/stm32f1xx_hal_adc.c ****       {
 1148              		.loc 1 2064 11 is_stmt 0 view .LVU307
 1149 011e 9068     		ldr	r0, [r2, #8]
2064:Drivers/STM32F1xx_HAL_Driver/Src/stm32f1xx_hal_adc.c ****       {
 1150              		.loc 1 2064 10 view .LVU308
 1151 0120 10F4000F 		tst	r0, #8388608
 1152 0124 1BD1     		bne	.L85
2066:Drivers/STM32F1xx_HAL_Driver/Src/stm32f1xx_hal_adc.c ****         
 1153              		.loc 1 2066 9 is_stmt 1 view .LVU309
 1154 0126 9068     		ldr	r0, [r2, #8]
 1155 0128 40F40000 		orr	r0, r0, #8388608
 1156 012c 9060     		str	r0, [r2, #8]
2068:Drivers/STM32F1xx_HAL_Driver/Src/stm32f1xx_hal_adc.c ****         {
 1157              		.loc 1 2068 9 view .LVU310
2068:Drivers/STM32F1xx_HAL_Driver/Src/stm32f1xx_hal_adc.c ****         {
 1158              		.loc 1 2068 20 is_stmt 0 view .LVU311
 1159 012e 0A68     		ldr	r2, [r1]
2068:Drivers/STM32F1xx_HAL_Driver/Src/stm32f1xx_hal_adc.c ****         {
 1160              		.loc 1 2068 12 view .LVU312
 1161 0130 102A     		cmp	r2, #16
 1162 0132 01D0     		beq	.L90
2002:Drivers/STM32F1xx_HAL_Driver/Src/stm32f1xx_hal_adc.c ****   __IO uint32_t wait_loop_index = 0U;
ARM GAS  /var/folders/y0/yl1wrqfd209ghqq3s8k8qc1m0000gn/T//cc8LbdIE.s 			page 67


 1163              		.loc 1 2002 21 view .LVU313
 1164 0134 0020     		movs	r0, #0
 1165 0136 A3E7     		b	.L79
 1166              	.L90:
2072:Drivers/STM32F1xx_HAL_Driver/Src/stm32f1xx_hal_adc.c ****           while(wait_loop_index != 0U)
 1167              		.loc 1 2072 11 is_stmt 1 view .LVU314
2072:Drivers/STM32F1xx_HAL_Driver/Src/stm32f1xx_hal_adc.c ****           while(wait_loop_index != 0U)
 1168              		.loc 1 2072 73 is_stmt 0 view .LVU315
 1169 0138 0C4A     		ldr	r2, .L91+4
 1170 013a 1268     		ldr	r2, [r2]
 1171 013c 0C49     		ldr	r1, .L91+8
 1172              	.LVL62:
2072:Drivers/STM32F1xx_HAL_Driver/Src/stm32f1xx_hal_adc.c ****           while(wait_loop_index != 0U)
 1173              		.loc 1 2072 73 view .LVU316
 1174 013e A1FB0212 		umull	r1, r2, r1, r2
 1175 0142 920C     		lsrs	r2, r2, #18
2072:Drivers/STM32F1xx_HAL_Driver/Src/stm32f1xx_hal_adc.c ****           while(wait_loop_index != 0U)
 1176              		.loc 1 2072 54 view .LVU317
 1177 0144 02EB8202 		add	r2, r2, r2, lsl #2
 1178 0148 5200     		lsls	r2, r2, #1
2072:Drivers/STM32F1xx_HAL_Driver/Src/stm32f1xx_hal_adc.c ****           while(wait_loop_index != 0U)
 1179              		.loc 1 2072 27 view .LVU318
 1180 014a 0192     		str	r2, [sp, #4]
2073:Drivers/STM32F1xx_HAL_Driver/Src/stm32f1xx_hal_adc.c ****           {
 1181              		.loc 1 2073 11 is_stmt 1 view .LVU319
2073:Drivers/STM32F1xx_HAL_Driver/Src/stm32f1xx_hal_adc.c ****           {
 1182              		.loc 1 2073 16 is_stmt 0 view .LVU320
 1183 014c 02E0     		b	.L81
 1184              	.L82:
2075:Drivers/STM32F1xx_HAL_Driver/Src/stm32f1xx_hal_adc.c ****           }
 1185              		.loc 1 2075 13 is_stmt 1 view .LVU321
2075:Drivers/STM32F1xx_HAL_Driver/Src/stm32f1xx_hal_adc.c ****           }
 1186              		.loc 1 2075 28 is_stmt 0 view .LVU322
 1187 014e 019A     		ldr	r2, [sp, #4]
 1188 0150 013A     		subs	r2, r2, #1
 1189 0152 0192     		str	r2, [sp, #4]
 1190              	.L81:
2073:Drivers/STM32F1xx_HAL_Driver/Src/stm32f1xx_hal_adc.c ****           {
 1191              		.loc 1 2073 33 is_stmt 1 view .LVU323
 1192 0154 019A     		ldr	r2, [sp, #4]
 1193 0156 002A     		cmp	r2, #0
 1194 0158 F9D1     		bne	.L82
2002:Drivers/STM32F1xx_HAL_Driver/Src/stm32f1xx_hal_adc.c ****   __IO uint32_t wait_loop_index = 0U;
 1195              		.loc 1 2002 21 is_stmt 0 view .LVU324
 1196 015a 1046     		mov	r0, r2
 1197 015c 90E7     		b	.L79
 1198              	.LVL63:
 1199              	.L85:
2002:Drivers/STM32F1xx_HAL_Driver/Src/stm32f1xx_hal_adc.c ****   __IO uint32_t wait_loop_index = 0U;
 1200              		.loc 1 2002 21 view .LVU325
 1201 015e 0020     		movs	r0, #0
 1202 0160 8EE7     		b	.L79
 1203              	.LVL64:
 1204              	.L83:
2012:Drivers/STM32F1xx_HAL_Driver/Src/stm32f1xx_hal_adc.c ****   
 1205              		.loc 1 2012 3 discriminator 1 view .LVU326
 1206 0162 0220     		movs	r0, #2
ARM GAS  /var/folders/y0/yl1wrqfd209ghqq3s8k8qc1m0000gn/T//cc8LbdIE.s 			page 68


 1207              	.LVL65:
2012:Drivers/STM32F1xx_HAL_Driver/Src/stm32f1xx_hal_adc.c ****   
 1208              		.loc 1 2012 3 discriminator 1 view .LVU327
 1209 0164 8FE7     		b	.L73
 1210              	.L92:
 1211 0166 00BF     		.align	2
 1212              	.L91:
 1213 0168 00240140 		.word	1073816576
 1214 016c 00000000 		.word	SystemCoreClock
 1215 0170 83DE1B43 		.word	1125899907
 1216              		.cfi_endproc
 1217              	.LFE83:
 1219              		.section	.text.HAL_ADC_AnalogWDGConfig,"ax",%progbits
 1220              		.align	1
 1221              		.global	HAL_ADC_AnalogWDGConfig
 1222              		.syntax unified
 1223              		.thumb
 1224              		.thumb_func
 1226              	HAL_ADC_AnalogWDGConfig:
 1227              	.LVL66:
 1228              	.LFB84:
2111:Drivers/STM32F1xx_HAL_Driver/Src/stm32f1xx_hal_adc.c ****   /* Check the parameters */
 1229              		.loc 1 2111 1 is_stmt 1 view -0
 1230              		.cfi_startproc
 1231              		@ args = 0, pretend = 0, frame = 0
 1232              		@ frame_needed = 0, uses_anonymous_args = 0
 1233              		@ link register save eliminated.
2113:Drivers/STM32F1xx_HAL_Driver/Src/stm32f1xx_hal_adc.c ****   assert_param(IS_ADC_ANALOG_WATCHDOG_MODE(AnalogWDGConfig->WatchdogMode));
 1234              		.loc 1 2113 3 view .LVU329
2114:Drivers/STM32F1xx_HAL_Driver/Src/stm32f1xx_hal_adc.c ****   assert_param(IS_FUNCTIONAL_STATE(AnalogWDGConfig->ITMode));
 1235              		.loc 1 2114 3 view .LVU330
2115:Drivers/STM32F1xx_HAL_Driver/Src/stm32f1xx_hal_adc.c ****   assert_param(IS_ADC_RANGE(AnalogWDGConfig->HighThreshold));
 1236              		.loc 1 2115 3 view .LVU331
2116:Drivers/STM32F1xx_HAL_Driver/Src/stm32f1xx_hal_adc.c ****   assert_param(IS_ADC_RANGE(AnalogWDGConfig->LowThreshold));
 1237              		.loc 1 2116 3 view .LVU332
2117:Drivers/STM32F1xx_HAL_Driver/Src/stm32f1xx_hal_adc.c ****   
 1238              		.loc 1 2117 3 view .LVU333
2119:Drivers/STM32F1xx_HAL_Driver/Src/stm32f1xx_hal_adc.c ****      (AnalogWDGConfig->WatchdogMode == ADC_ANALOGWATCHDOG_SINGLE_INJEC)   ||
 1239              		.loc 1 2119 3 view .LVU334
2123:Drivers/STM32F1xx_HAL_Driver/Src/stm32f1xx_hal_adc.c ****   }
 1240              		.loc 1 2123 5 view .LVU335
2127:Drivers/STM32F1xx_HAL_Driver/Src/stm32f1xx_hal_adc.c ****   
 1241              		.loc 1 2127 3 view .LVU336
2127:Drivers/STM32F1xx_HAL_Driver/Src/stm32f1xx_hal_adc.c ****   
 1242              		.loc 1 2127 3 view .LVU337
 1243 0000 90F82420 		ldrb	r2, [r0, #36]	@ zero_extendqisi2
 1244 0004 012A     		cmp	r2, #1
 1245 0006 29D0     		beq	.L97
2111:Drivers/STM32F1xx_HAL_Driver/Src/stm32f1xx_hal_adc.c ****   /* Check the parameters */
 1246              		.loc 1 2111 1 is_stmt 0 view .LVU338
 1247 0008 10B4     		push	{r4}
 1248              	.LCFI13:
 1249              		.cfi_def_cfa_offset 4
 1250              		.cfi_offset 4, -4
 1251 000a 0346     		mov	r3, r0
2127:Drivers/STM32F1xx_HAL_Driver/Src/stm32f1xx_hal_adc.c ****   
 1252              		.loc 1 2127 3 is_stmt 1 discriminator 2 view .LVU339
ARM GAS  /var/folders/y0/yl1wrqfd209ghqq3s8k8qc1m0000gn/T//cc8LbdIE.s 			page 69


 1253 000c 0122     		movs	r2, #1
 1254 000e 80F82420 		strb	r2, [r0, #36]
2127:Drivers/STM32F1xx_HAL_Driver/Src/stm32f1xx_hal_adc.c ****   
 1255              		.loc 1 2127 3 view .LVU340
2132:Drivers/STM32F1xx_HAL_Driver/Src/stm32f1xx_hal_adc.c ****   {
 1256              		.loc 1 2132 3 view .LVU341
2132:Drivers/STM32F1xx_HAL_Driver/Src/stm32f1xx_hal_adc.c ****   {
 1257              		.loc 1 2132 21 is_stmt 0 view .LVU342
 1258 0012 0A7A     		ldrb	r2, [r1, #8]	@ zero_extendqisi2
2132:Drivers/STM32F1xx_HAL_Driver/Src/stm32f1xx_hal_adc.c ****   {
 1259              		.loc 1 2132 5 view .LVU343
 1260 0014 012A     		cmp	r2, #1
 1261 0016 1BD0     		beq	.L102
2140:Drivers/STM32F1xx_HAL_Driver/Src/stm32f1xx_hal_adc.c ****   }
 1262              		.loc 1 2140 5 is_stmt 1 view .LVU344
 1263 0018 0068     		ldr	r0, [r0]
 1264              	.LVL67:
2140:Drivers/STM32F1xx_HAL_Driver/Src/stm32f1xx_hal_adc.c ****   }
 1265              		.loc 1 2140 5 is_stmt 0 view .LVU345
 1266 001a 4268     		ldr	r2, [r0, #4]
 1267 001c 22F04002 		bic	r2, r2, #64
 1268 0020 4260     		str	r2, [r0, #4]
 1269              	.L96:
2148:Drivers/STM32F1xx_HAL_Driver/Src/stm32f1xx_hal_adc.c ****              ADC_CR1_AWDSGL |
 1270              		.loc 1 2148 3 is_stmt 1 view .LVU346
 1271 0022 D3F800C0 		ldr	ip, [r3]
 1272 0026 DCF80400 		ldr	r0, [ip, #4]
 1273 002a 0D4A     		ldr	r2, .L103
 1274 002c 0240     		ands	r2, r2, r0
 1275 002e 0868     		ldr	r0, [r1]
 1276 0030 4C68     		ldr	r4, [r1, #4]
 1277 0032 2043     		orrs	r0, r0, r4
 1278 0034 0243     		orrs	r2, r2, r0
 1279 0036 CCF80420 		str	r2, [ip, #4]
2157:Drivers/STM32F1xx_HAL_Driver/Src/stm32f1xx_hal_adc.c ****   
 1280              		.loc 1 2157 3 view .LVU347
 1281 003a 1A68     		ldr	r2, [r3]
 1282 003c C868     		ldr	r0, [r1, #12]
 1283 003e 5062     		str	r0, [r2, #36]
2160:Drivers/STM32F1xx_HAL_Driver/Src/stm32f1xx_hal_adc.c **** 
 1284              		.loc 1 2160 3 view .LVU348
 1285 0040 1A68     		ldr	r2, [r3]
 1286 0042 0969     		ldr	r1, [r1, #16]
 1287              	.LVL68:
2160:Drivers/STM32F1xx_HAL_Driver/Src/stm32f1xx_hal_adc.c **** 
 1288              		.loc 1 2160 3 is_stmt 0 view .LVU349
 1289 0044 9162     		str	r1, [r2, #40]
2163:Drivers/STM32F1xx_HAL_Driver/Src/stm32f1xx_hal_adc.c ****   
 1290              		.loc 1 2163 3 is_stmt 1 view .LVU350
2163:Drivers/STM32F1xx_HAL_Driver/Src/stm32f1xx_hal_adc.c ****   
 1291              		.loc 1 2163 3 view .LVU351
 1292 0046 0020     		movs	r0, #0
 1293 0048 83F82400 		strb	r0, [r3, #36]
2163:Drivers/STM32F1xx_HAL_Driver/Src/stm32f1xx_hal_adc.c ****   
 1294              		.loc 1 2163 3 view .LVU352
2166:Drivers/STM32F1xx_HAL_Driver/Src/stm32f1xx_hal_adc.c **** }
 1295              		.loc 1 2166 3 view .LVU353
ARM GAS  /var/folders/y0/yl1wrqfd209ghqq3s8k8qc1m0000gn/T//cc8LbdIE.s 			page 70


2167:Drivers/STM32F1xx_HAL_Driver/Src/stm32f1xx_hal_adc.c **** 
 1296              		.loc 1 2167 1 is_stmt 0 view .LVU354
 1297 004c 10BC     		pop	{r4}
 1298              	.LCFI14:
 1299              		.cfi_remember_state
 1300              		.cfi_restore 4
 1301              		.cfi_def_cfa_offset 0
 1302 004e 7047     		bx	lr
 1303              	.LVL69:
 1304              	.L102:
 1305              	.LCFI15:
 1306              		.cfi_restore_state
2135:Drivers/STM32F1xx_HAL_Driver/Src/stm32f1xx_hal_adc.c ****   }
 1307              		.loc 1 2135 5 is_stmt 1 view .LVU355
 1308 0050 0068     		ldr	r0, [r0]
 1309              	.LVL70:
2135:Drivers/STM32F1xx_HAL_Driver/Src/stm32f1xx_hal_adc.c ****   }
 1310              		.loc 1 2135 5 is_stmt 0 view .LVU356
 1311 0052 4268     		ldr	r2, [r0, #4]
 1312 0054 42F04002 		orr	r2, r2, #64
 1313 0058 4260     		str	r2, [r0, #4]
 1314 005a E2E7     		b	.L96
 1315              	.LVL71:
 1316              	.L97:
 1317              	.LCFI16:
 1318              		.cfi_def_cfa_offset 0
 1319              		.cfi_restore 4
2127:Drivers/STM32F1xx_HAL_Driver/Src/stm32f1xx_hal_adc.c ****   
 1320              		.loc 1 2127 3 discriminator 1 view .LVU357
 1321 005c 0220     		movs	r0, #2
 1322              	.LVL72:
2167:Drivers/STM32F1xx_HAL_Driver/Src/stm32f1xx_hal_adc.c **** 
 1323              		.loc 1 2167 1 view .LVU358
 1324 005e 7047     		bx	lr
 1325              	.L104:
 1326              		.align	2
 1327              	.L103:
 1328 0060 E0FD3FFF 		.word	-12583456
 1329              		.cfi_endproc
 1330              	.LFE84:
 1332              		.section	.text.HAL_ADC_GetState,"ax",%progbits
 1333              		.align	1
 1334              		.global	HAL_ADC_GetState
 1335              		.syntax unified
 1336              		.thumb
 1337              		.thumb_func
 1339              	HAL_ADC_GetState:
 1340              	.LVL73:
 1341              	.LFB85:
2198:Drivers/STM32F1xx_HAL_Driver/Src/stm32f1xx_hal_adc.c ****   /* Return ADC state */
 1342              		.loc 1 2198 1 is_stmt 1 view -0
 1343              		.cfi_startproc
 1344              		@ args = 0, pretend = 0, frame = 0
 1345              		@ frame_needed = 0, uses_anonymous_args = 0
 1346              		@ link register save eliminated.
2200:Drivers/STM32F1xx_HAL_Driver/Src/stm32f1xx_hal_adc.c **** }
 1347              		.loc 1 2200 3 view .LVU360
ARM GAS  /var/folders/y0/yl1wrqfd209ghqq3s8k8qc1m0000gn/T//cc8LbdIE.s 			page 71


2200:Drivers/STM32F1xx_HAL_Driver/Src/stm32f1xx_hal_adc.c **** }
 1348              		.loc 1 2200 14 is_stmt 0 view .LVU361
 1349 0000 806A     		ldr	r0, [r0, #40]
 1350              	.LVL74:
2201:Drivers/STM32F1xx_HAL_Driver/Src/stm32f1xx_hal_adc.c **** 
 1351              		.loc 1 2201 1 view .LVU362
 1352 0002 7047     		bx	lr
 1353              		.cfi_endproc
 1354              	.LFE85:
 1356              		.section	.text.HAL_ADC_GetError,"ax",%progbits
 1357              		.align	1
 1358              		.global	HAL_ADC_GetError
 1359              		.syntax unified
 1360              		.thumb
 1361              		.thumb_func
 1363              	HAL_ADC_GetError:
 1364              	.LVL75:
 1365              	.LFB86:
2209:Drivers/STM32F1xx_HAL_Driver/Src/stm32f1xx_hal_adc.c ****   return hadc->ErrorCode;
 1366              		.loc 1 2209 1 is_stmt 1 view -0
 1367              		.cfi_startproc
 1368              		@ args = 0, pretend = 0, frame = 0
 1369              		@ frame_needed = 0, uses_anonymous_args = 0
 1370              		@ link register save eliminated.
2210:Drivers/STM32F1xx_HAL_Driver/Src/stm32f1xx_hal_adc.c **** }
 1371              		.loc 1 2210 3 view .LVU364
2210:Drivers/STM32F1xx_HAL_Driver/Src/stm32f1xx_hal_adc.c **** }
 1372              		.loc 1 2210 14 is_stmt 0 view .LVU365
 1373 0000 C06A     		ldr	r0, [r0, #44]
 1374              	.LVL76:
2211:Drivers/STM32F1xx_HAL_Driver/Src/stm32f1xx_hal_adc.c **** 
 1375              		.loc 1 2211 1 view .LVU366
 1376 0002 7047     		bx	lr
 1377              		.cfi_endproc
 1378              	.LFE86:
 1380              		.section	.text.ADC_Enable,"ax",%progbits
 1381              		.align	1
 1382              		.global	ADC_Enable
 1383              		.syntax unified
 1384              		.thumb
 1385              		.thumb_func
 1387              	ADC_Enable:
 1388              	.LVL77:
 1389              	.LFB87:
2233:Drivers/STM32F1xx_HAL_Driver/Src/stm32f1xx_hal_adc.c ****   uint32_t tickstart = 0U;
 1390              		.loc 1 2233 1 is_stmt 1 view -0
 1391              		.cfi_startproc
 1392              		@ args = 0, pretend = 0, frame = 8
 1393              		@ frame_needed = 0, uses_anonymous_args = 0
2233:Drivers/STM32F1xx_HAL_Driver/Src/stm32f1xx_hal_adc.c ****   uint32_t tickstart = 0U;
 1394              		.loc 1 2233 1 is_stmt 0 view .LVU368
 1395 0000 30B5     		push	{r4, r5, lr}
 1396              	.LCFI17:
 1397              		.cfi_def_cfa_offset 12
 1398              		.cfi_offset 4, -12
 1399              		.cfi_offset 5, -8
 1400              		.cfi_offset 14, -4
ARM GAS  /var/folders/y0/yl1wrqfd209ghqq3s8k8qc1m0000gn/T//cc8LbdIE.s 			page 72


 1401 0002 83B0     		sub	sp, sp, #12
 1402              	.LCFI18:
 1403              		.cfi_def_cfa_offset 24
2234:Drivers/STM32F1xx_HAL_Driver/Src/stm32f1xx_hal_adc.c ****   __IO uint32_t wait_loop_index = 0U;
 1404              		.loc 1 2234 3 is_stmt 1 view .LVU369
 1405              	.LVL78:
2235:Drivers/STM32F1xx_HAL_Driver/Src/stm32f1xx_hal_adc.c ****   
 1406              		.loc 1 2235 3 view .LVU370
2235:Drivers/STM32F1xx_HAL_Driver/Src/stm32f1xx_hal_adc.c ****   
 1407              		.loc 1 2235 17 is_stmt 0 view .LVU371
 1408 0004 0023     		movs	r3, #0
 1409 0006 0193     		str	r3, [sp, #4]
2241:Drivers/STM32F1xx_HAL_Driver/Src/stm32f1xx_hal_adc.c ****   {
 1410              		.loc 1 2241 3 is_stmt 1 view .LVU372
2241:Drivers/STM32F1xx_HAL_Driver/Src/stm32f1xx_hal_adc.c ****   {
 1411              		.loc 1 2241 7 is_stmt 0 view .LVU373
 1412 0008 0368     		ldr	r3, [r0]
 1413 000a 9A68     		ldr	r2, [r3, #8]
2241:Drivers/STM32F1xx_HAL_Driver/Src/stm32f1xx_hal_adc.c ****   {
 1414              		.loc 1 2241 6 view .LVU374
 1415 000c 12F0010F 		tst	r2, #1
 1416 0010 33D1     		bne	.L113
 1417 0012 0446     		mov	r4, r0
2244:Drivers/STM32F1xx_HAL_Driver/Src/stm32f1xx_hal_adc.c ****     
 1418              		.loc 1 2244 5 is_stmt 1 view .LVU375
 1419 0014 9A68     		ldr	r2, [r3, #8]
 1420 0016 42F00102 		orr	r2, r2, #1
 1421 001a 9A60     		str	r2, [r3, #8]
2248:Drivers/STM32F1xx_HAL_Driver/Src/stm32f1xx_hal_adc.c ****     while(wait_loop_index != 0U)
 1422              		.loc 1 2248 5 view .LVU376
2248:Drivers/STM32F1xx_HAL_Driver/Src/stm32f1xx_hal_adc.c ****     while(wait_loop_index != 0U)
 1423              		.loc 1 2248 42 is_stmt 0 view .LVU377
 1424 001c 184B     		ldr	r3, .L116
 1425 001e 1B68     		ldr	r3, [r3]
 1426 0020 184A     		ldr	r2, .L116+4
 1427 0022 A2FB0323 		umull	r2, r3, r2, r3
 1428 0026 9B0C     		lsrs	r3, r3, #18
2248:Drivers/STM32F1xx_HAL_Driver/Src/stm32f1xx_hal_adc.c ****     while(wait_loop_index != 0U)
 1429              		.loc 1 2248 21 view .LVU378
 1430 0028 0193     		str	r3, [sp, #4]
2249:Drivers/STM32F1xx_HAL_Driver/Src/stm32f1xx_hal_adc.c ****     {
 1431              		.loc 1 2249 5 is_stmt 1 view .LVU379
2249:Drivers/STM32F1xx_HAL_Driver/Src/stm32f1xx_hal_adc.c ****     {
 1432              		.loc 1 2249 10 is_stmt 0 view .LVU380
 1433 002a 02E0     		b	.L109
 1434              	.L110:
2251:Drivers/STM32F1xx_HAL_Driver/Src/stm32f1xx_hal_adc.c ****     }
 1435              		.loc 1 2251 7 is_stmt 1 view .LVU381
2251:Drivers/STM32F1xx_HAL_Driver/Src/stm32f1xx_hal_adc.c ****     }
 1436              		.loc 1 2251 22 is_stmt 0 view .LVU382
 1437 002c 019B     		ldr	r3, [sp, #4]
 1438 002e 013B     		subs	r3, r3, #1
 1439 0030 0193     		str	r3, [sp, #4]
 1440              	.L109:
2249:Drivers/STM32F1xx_HAL_Driver/Src/stm32f1xx_hal_adc.c ****     {
 1441              		.loc 1 2249 27 is_stmt 1 view .LVU383
 1442 0032 019B     		ldr	r3, [sp, #4]
ARM GAS  /var/folders/y0/yl1wrqfd209ghqq3s8k8qc1m0000gn/T//cc8LbdIE.s 			page 73


 1443 0034 002B     		cmp	r3, #0
 1444 0036 F9D1     		bne	.L110
2255:Drivers/STM32F1xx_HAL_Driver/Src/stm32f1xx_hal_adc.c **** 
 1445              		.loc 1 2255 5 view .LVU384
2255:Drivers/STM32F1xx_HAL_Driver/Src/stm32f1xx_hal_adc.c **** 
 1446              		.loc 1 2255 17 is_stmt 0 view .LVU385
 1447 0038 FFF7FEFF 		bl	HAL_GetTick
 1448              	.LVL79:
2255:Drivers/STM32F1xx_HAL_Driver/Src/stm32f1xx_hal_adc.c **** 
 1449              		.loc 1 2255 17 view .LVU386
 1450 003c 0546     		mov	r5, r0
 1451              	.LVL80:
2258:Drivers/STM32F1xx_HAL_Driver/Src/stm32f1xx_hal_adc.c ****     {
 1452              		.loc 1 2258 5 is_stmt 1 view .LVU387
 1453              	.L111:
2258:Drivers/STM32F1xx_HAL_Driver/Src/stm32f1xx_hal_adc.c ****     {
 1454              		.loc 1 2258 31 view .LVU388
2258:Drivers/STM32F1xx_HAL_Driver/Src/stm32f1xx_hal_adc.c ****     {
 1455              		.loc 1 2258 11 is_stmt 0 view .LVU389
 1456 003e 2368     		ldr	r3, [r4]
 1457 0040 9B68     		ldr	r3, [r3, #8]
2258:Drivers/STM32F1xx_HAL_Driver/Src/stm32f1xx_hal_adc.c ****     {
 1458              		.loc 1 2258 31 view .LVU390
 1459 0042 13F0010F 		tst	r3, #1
 1460 0046 16D1     		bne	.L115
2260:Drivers/STM32F1xx_HAL_Driver/Src/stm32f1xx_hal_adc.c ****       {
 1461              		.loc 1 2260 7 is_stmt 1 view .LVU391
2260:Drivers/STM32F1xx_HAL_Driver/Src/stm32f1xx_hal_adc.c ****       {
 1462              		.loc 1 2260 11 is_stmt 0 view .LVU392
 1463 0048 FFF7FEFF 		bl	HAL_GetTick
 1464              	.LVL81:
2260:Drivers/STM32F1xx_HAL_Driver/Src/stm32f1xx_hal_adc.c ****       {
 1465              		.loc 1 2260 25 discriminator 1 view .LVU393
 1466 004c 431B     		subs	r3, r0, r5
2260:Drivers/STM32F1xx_HAL_Driver/Src/stm32f1xx_hal_adc.c ****       {
 1467              		.loc 1 2260 9 discriminator 1 view .LVU394
 1468 004e 022B     		cmp	r3, #2
 1469 0050 F5D9     		bls	.L111
2263:Drivers/STM32F1xx_HAL_Driver/Src/stm32f1xx_hal_adc.c ****         {
 1470              		.loc 1 2263 9 is_stmt 1 view .LVU395
2263:Drivers/STM32F1xx_HAL_Driver/Src/stm32f1xx_hal_adc.c ****         {
 1471              		.loc 1 2263 12 is_stmt 0 view .LVU396
 1472 0052 2368     		ldr	r3, [r4]
 1473 0054 9B68     		ldr	r3, [r3, #8]
2263:Drivers/STM32F1xx_HAL_Driver/Src/stm32f1xx_hal_adc.c ****         {
 1474              		.loc 1 2263 11 view .LVU397
 1475 0056 13F0010F 		tst	r3, #1
 1476 005a F0D1     		bne	.L111
2266:Drivers/STM32F1xx_HAL_Driver/Src/stm32f1xx_hal_adc.c **** 
 1477              		.loc 1 2266 11 is_stmt 1 view .LVU398
 1478 005c A36A     		ldr	r3, [r4, #40]
 1479 005e 43F01003 		orr	r3, r3, #16
 1480 0062 A362     		str	r3, [r4, #40]
2269:Drivers/STM32F1xx_HAL_Driver/Src/stm32f1xx_hal_adc.c **** 
 1481              		.loc 1 2269 11 view .LVU399
 1482 0064 E36A     		ldr	r3, [r4, #44]
 1483 0066 43F00103 		orr	r3, r3, #1
ARM GAS  /var/folders/y0/yl1wrqfd209ghqq3s8k8qc1m0000gn/T//cc8LbdIE.s 			page 74


 1484 006a E362     		str	r3, [r4, #44]
2272:Drivers/STM32F1xx_HAL_Driver/Src/stm32f1xx_hal_adc.c **** 
 1485              		.loc 1 2272 11 view .LVU400
2272:Drivers/STM32F1xx_HAL_Driver/Src/stm32f1xx_hal_adc.c **** 
 1486              		.loc 1 2272 11 view .LVU401
 1487 006c 0023     		movs	r3, #0
 1488 006e 84F82430 		strb	r3, [r4, #36]
2272:Drivers/STM32F1xx_HAL_Driver/Src/stm32f1xx_hal_adc.c **** 
 1489              		.loc 1 2272 11 view .LVU402
2274:Drivers/STM32F1xx_HAL_Driver/Src/stm32f1xx_hal_adc.c ****         }
 1490              		.loc 1 2274 11 view .LVU403
2274:Drivers/STM32F1xx_HAL_Driver/Src/stm32f1xx_hal_adc.c ****         }
 1491              		.loc 1 2274 18 is_stmt 0 view .LVU404
 1492 0072 0120     		movs	r0, #1
 1493 0074 02E0     		b	.L108
 1494              	.L115:
2281:Drivers/STM32F1xx_HAL_Driver/Src/stm32f1xx_hal_adc.c **** }
 1495              		.loc 1 2281 10 view .LVU405
 1496 0076 0020     		movs	r0, #0
 1497 0078 00E0     		b	.L108
 1498              	.LVL82:
 1499              	.L113:
2281:Drivers/STM32F1xx_HAL_Driver/Src/stm32f1xx_hal_adc.c **** }
 1500              		.loc 1 2281 10 view .LVU406
 1501 007a 0020     		movs	r0, #0
 1502              	.LVL83:
 1503              	.L108:
2282:Drivers/STM32F1xx_HAL_Driver/Src/stm32f1xx_hal_adc.c **** 
 1504              		.loc 1 2282 1 view .LVU407
 1505 007c 03B0     		add	sp, sp, #12
 1506              	.LCFI19:
 1507              		.cfi_def_cfa_offset 12
 1508              		@ sp needed
 1509 007e 30BD     		pop	{r4, r5, pc}
 1510              	.L117:
 1511              		.align	2
 1512              	.L116:
 1513 0080 00000000 		.word	SystemCoreClock
 1514 0084 83DE1B43 		.word	1125899907
 1515              		.cfi_endproc
 1516              	.LFE87:
 1518              		.section	.text.HAL_ADC_Start,"ax",%progbits
 1519              		.align	1
 1520              		.global	HAL_ADC_Start
 1521              		.syntax unified
 1522              		.thumb
 1523              		.thumb_func
 1525              	HAL_ADC_Start:
 1526              	.LVL84:
 1527              	.LFB69:
1037:Drivers/STM32F1xx_HAL_Driver/Src/stm32f1xx_hal_adc.c ****   HAL_StatusTypeDef tmp_hal_status = HAL_OK;
 1528              		.loc 1 1037 1 is_stmt 1 view -0
 1529              		.cfi_startproc
 1530              		@ args = 0, pretend = 0, frame = 0
 1531              		@ frame_needed = 0, uses_anonymous_args = 0
1038:Drivers/STM32F1xx_HAL_Driver/Src/stm32f1xx_hal_adc.c ****   
 1532              		.loc 1 1038 3 view .LVU409
ARM GAS  /var/folders/y0/yl1wrqfd209ghqq3s8k8qc1m0000gn/T//cc8LbdIE.s 			page 75


1041:Drivers/STM32F1xx_HAL_Driver/Src/stm32f1xx_hal_adc.c ****   
 1533              		.loc 1 1041 3 view .LVU410
1044:Drivers/STM32F1xx_HAL_Driver/Src/stm32f1xx_hal_adc.c ****    
 1534              		.loc 1 1044 3 view .LVU411
1044:Drivers/STM32F1xx_HAL_Driver/Src/stm32f1xx_hal_adc.c ****    
 1535              		.loc 1 1044 3 view .LVU412
 1536 0000 90F82430 		ldrb	r3, [r0, #36]	@ zero_extendqisi2
 1537 0004 012B     		cmp	r3, #1
 1538 0006 68D0     		beq	.L128
1037:Drivers/STM32F1xx_HAL_Driver/Src/stm32f1xx_hal_adc.c ****   HAL_StatusTypeDef tmp_hal_status = HAL_OK;
 1539              		.loc 1 1037 1 is_stmt 0 view .LVU413
 1540 0008 10B5     		push	{r4, lr}
 1541              	.LCFI20:
 1542              		.cfi_def_cfa_offset 8
 1543              		.cfi_offset 4, -8
 1544              		.cfi_offset 14, -4
 1545 000a 0446     		mov	r4, r0
1044:Drivers/STM32F1xx_HAL_Driver/Src/stm32f1xx_hal_adc.c ****    
 1546              		.loc 1 1044 3 is_stmt 1 discriminator 2 view .LVU414
 1547 000c 0123     		movs	r3, #1
 1548 000e 80F82430 		strb	r3, [r0, #36]
1044:Drivers/STM32F1xx_HAL_Driver/Src/stm32f1xx_hal_adc.c ****    
 1549              		.loc 1 1044 3 view .LVU415
1047:Drivers/STM32F1xx_HAL_Driver/Src/stm32f1xx_hal_adc.c ****   
 1550              		.loc 1 1047 3 view .LVU416
1047:Drivers/STM32F1xx_HAL_Driver/Src/stm32f1xx_hal_adc.c ****   
 1551              		.loc 1 1047 20 is_stmt 0 view .LVU417
 1552 0012 FFF7FEFF 		bl	ADC_Enable
 1553              	.LVL85:
1050:Drivers/STM32F1xx_HAL_Driver/Src/stm32f1xx_hal_adc.c ****   {
 1554              		.loc 1 1050 3 is_stmt 1 view .LVU418
1050:Drivers/STM32F1xx_HAL_Driver/Src/stm32f1xx_hal_adc.c ****   {
 1555              		.loc 1 1050 6 is_stmt 0 view .LVU419
 1556 0016 0028     		cmp	r0, #0
 1557 0018 5BD1     		bne	.L120
1055:Drivers/STM32F1xx_HAL_Driver/Src/stm32f1xx_hal_adc.c ****                       HAL_ADC_STATE_READY | HAL_ADC_STATE_REG_EOC,
 1558              		.loc 1 1055 5 is_stmt 1 view .LVU420
 1559 001a A36A     		ldr	r3, [r4, #40]
 1560 001c 23F44073 		bic	r3, r3, #768
 1561 0020 23F00103 		bic	r3, r3, #1
 1562 0024 43F48073 		orr	r3, r3, #256
 1563 0028 A362     		str	r3, [r4, #40]
1062:Drivers/STM32F1xx_HAL_Driver/Src/stm32f1xx_hal_adc.c ****     {
 1564              		.loc 1 1062 5 view .LVU421
1062:Drivers/STM32F1xx_HAL_Driver/Src/stm32f1xx_hal_adc.c ****     {
 1565              		.loc 1 1062 9 is_stmt 0 view .LVU422
 1566 002a 2368     		ldr	r3, [r4]
1062:Drivers/STM32F1xx_HAL_Driver/Src/stm32f1xx_hal_adc.c ****     {
 1567              		.loc 1 1062 8 view .LVU423
 1568 002c 2C4A     		ldr	r2, .L136
 1569 002e 9342     		cmp	r3, r2
 1570 0030 27D0     		beq	.L133
 1571              	.L121:
1065:Drivers/STM32F1xx_HAL_Driver/Src/stm32f1xx_hal_adc.c ****       
 1572              		.loc 1 1065 7 is_stmt 1 view .LVU424
 1573 0032 A26A     		ldr	r2, [r4, #40]
 1574 0034 22F48012 		bic	r2, r2, #1048576
ARM GAS  /var/folders/y0/yl1wrqfd209ghqq3s8k8qc1m0000gn/T//cc8LbdIE.s 			page 76


 1575 0038 A262     		str	r2, [r4, #40]
1069:Drivers/STM32F1xx_HAL_Driver/Src/stm32f1xx_hal_adc.c ****       {
 1576              		.loc 1 1069 7 view .LVU425
1069:Drivers/STM32F1xx_HAL_Driver/Src/stm32f1xx_hal_adc.c ****       {
 1577              		.loc 1 1069 11 is_stmt 0 view .LVU426
 1578 003a 5A68     		ldr	r2, [r3, #4]
1069:Drivers/STM32F1xx_HAL_Driver/Src/stm32f1xx_hal_adc.c ****       {
 1579              		.loc 1 1069 10 view .LVU427
 1580 003c 12F4806F 		tst	r2, #1024
 1581 0040 05D0     		beq	.L123
1071:Drivers/STM32F1xx_HAL_Driver/Src/stm32f1xx_hal_adc.c ****       }
 1582              		.loc 1 1071 9 is_stmt 1 view .LVU428
 1583 0042 A26A     		ldr	r2, [r4, #40]
 1584 0044 22F44052 		bic	r2, r2, #12288
 1585 0048 42F48052 		orr	r2, r2, #4096
 1586 004c A262     		str	r2, [r4, #40]
 1587              	.L123:
1088:Drivers/STM32F1xx_HAL_Driver/Src/stm32f1xx_hal_adc.c ****     {
 1588              		.loc 1 1088 5 view .LVU429
1088:Drivers/STM32F1xx_HAL_Driver/Src/stm32f1xx_hal_adc.c ****     {
 1589              		.loc 1 1088 9 is_stmt 0 view .LVU430
 1590 004e A26A     		ldr	r2, [r4, #40]
1088:Drivers/STM32F1xx_HAL_Driver/Src/stm32f1xx_hal_adc.c ****     {
 1591              		.loc 1 1088 8 view .LVU431
 1592 0050 12F4805F 		tst	r2, #4096
 1593 0054 2BD0     		beq	.L124
1091:Drivers/STM32F1xx_HAL_Driver/Src/stm32f1xx_hal_adc.c ****     }
 1594              		.loc 1 1091 7 is_stmt 1 view .LVU432
 1595 0056 E26A     		ldr	r2, [r4, #44]
 1596 0058 22F00602 		bic	r2, r2, #6
 1597 005c E262     		str	r2, [r4, #44]
 1598              	.L125:
1102:Drivers/STM32F1xx_HAL_Driver/Src/stm32f1xx_hal_adc.c ****   
 1599              		.loc 1 1102 5 view .LVU433
1102:Drivers/STM32F1xx_HAL_Driver/Src/stm32f1xx_hal_adc.c ****   
 1600              		.loc 1 1102 5 view .LVU434
 1601 005e 0022     		movs	r2, #0
 1602 0060 84F82420 		strb	r2, [r4, #36]
1102:Drivers/STM32F1xx_HAL_Driver/Src/stm32f1xx_hal_adc.c ****   
 1603              		.loc 1 1102 5 view .LVU435
1106:Drivers/STM32F1xx_HAL_Driver/Src/stm32f1xx_hal_adc.c ****     
 1604              		.loc 1 1106 5 view .LVU436
 1605 0064 6FF00202 		mvn	r2, #2
 1606 0068 1A60     		str	r2, [r3]
1118:Drivers/STM32F1xx_HAL_Driver/Src/stm32f1xx_hal_adc.c ****         ADC_NONMULTIMODE_OR_MULTIMODEMASTER(hadc)  )
 1607              		.loc 1 1118 5 view .LVU437
1118:Drivers/STM32F1xx_HAL_Driver/Src/stm32f1xx_hal_adc.c ****         ADC_NONMULTIMODE_OR_MULTIMODEMASTER(hadc)  )
 1608              		.loc 1 1118 9 is_stmt 0 view .LVU438
 1609 006a 2368     		ldr	r3, [r4]
 1610 006c 9A68     		ldr	r2, [r3, #8]
 1611 006e 02F46022 		and	r2, r2, #917504
1118:Drivers/STM32F1xx_HAL_Driver/Src/stm32f1xx_hal_adc.c ****         ADC_NONMULTIMODE_OR_MULTIMODEMASTER(hadc)  )
 1612              		.loc 1 1118 8 view .LVU439
 1613 0072 B2F5602F 		cmp	r2, #917504
 1614 0076 1DD0     		beq	.L134
 1615              	.L126:
1127:Drivers/STM32F1xx_HAL_Driver/Src/stm32f1xx_hal_adc.c ****     }
ARM GAS  /var/folders/y0/yl1wrqfd209ghqq3s8k8qc1m0000gn/T//cc8LbdIE.s 			page 77


 1616              		.loc 1 1127 7 is_stmt 1 view .LVU440
 1617 0078 9A68     		ldr	r2, [r3, #8]
 1618 007a 42F48012 		orr	r2, r2, #1048576
 1619 007e 9A60     		str	r2, [r3, #8]
 1620 0080 2AE0     		b	.L119
 1621              	.L133:
1062:Drivers/STM32F1xx_HAL_Driver/Src/stm32f1xx_hal_adc.c ****     {
 1622              		.loc 1 1062 9 is_stmt 0 discriminator 1 view .LVU441
 1623 0082 A2F58062 		sub	r2, r2, #1024
 1624 0086 5268     		ldr	r2, [r2, #4]
 1625 0088 12F4702F 		tst	r2, #983040
 1626 008c D1D0     		beq	.L121
1077:Drivers/STM32F1xx_HAL_Driver/Src/stm32f1xx_hal_adc.c ****       
 1627              		.loc 1 1077 7 is_stmt 1 view .LVU442
 1628 008e A26A     		ldr	r2, [r4, #40]
 1629 0090 42F48012 		orr	r2, r2, #1048576
 1630 0094 A262     		str	r2, [r4, #40]
1081:Drivers/STM32F1xx_HAL_Driver/Src/stm32f1xx_hal_adc.c ****       {
 1631              		.loc 1 1081 7 view .LVU443
1081:Drivers/STM32F1xx_HAL_Driver/Src/stm32f1xx_hal_adc.c ****       {
 1632              		.loc 1 1081 11 is_stmt 0 discriminator 3 view .LVU444
 1633 0096 134A     		ldr	r2, .L136+4
 1634 0098 5268     		ldr	r2, [r2, #4]
 1635 009a 12F4806F 		tst	r2, #1024
 1636 009e D6D0     		beq	.L123
1083:Drivers/STM32F1xx_HAL_Driver/Src/stm32f1xx_hal_adc.c ****       }
 1637              		.loc 1 1083 9 is_stmt 1 view .LVU445
 1638 00a0 A26A     		ldr	r2, [r4, #40]
 1639 00a2 22F44052 		bic	r2, r2, #12288
 1640 00a6 42F48052 		orr	r2, r2, #4096
 1641 00aa A262     		str	r2, [r4, #40]
 1642 00ac CFE7     		b	.L123
 1643              	.L124:
1096:Drivers/STM32F1xx_HAL_Driver/Src/stm32f1xx_hal_adc.c ****     }
 1644              		.loc 1 1096 7 view .LVU446
 1645 00ae 0022     		movs	r2, #0
 1646 00b0 E262     		str	r2, [r4, #44]
 1647 00b2 D4E7     		b	.L125
 1648              	.L134:
1118:Drivers/STM32F1xx_HAL_Driver/Src/stm32f1xx_hal_adc.c ****         ADC_NONMULTIMODE_OR_MULTIMODEMASTER(hadc)  )
 1649              		.loc 1 1118 50 is_stmt 0 discriminator 1 view .LVU447
 1650 00b4 0A4A     		ldr	r2, .L136
 1651 00b6 9342     		cmp	r3, r2
 1652 00b8 04D0     		beq	.L135
 1653              	.L127:
1122:Drivers/STM32F1xx_HAL_Driver/Src/stm32f1xx_hal_adc.c ****     }
 1654              		.loc 1 1122 7 is_stmt 1 view .LVU448
 1655 00ba 9A68     		ldr	r2, [r3, #8]
 1656 00bc 42F4A002 		orr	r2, r2, #5242880
 1657 00c0 9A60     		str	r2, [r3, #8]
 1658 00c2 09E0     		b	.L119
 1659              	.L135:
1119:Drivers/STM32F1xx_HAL_Driver/Src/stm32f1xx_hal_adc.c ****     {
 1660              		.loc 1 1119 9 is_stmt 0 view .LVU449
 1661 00c4 A2F58062 		sub	r2, r2, #1024
 1662 00c8 5268     		ldr	r2, [r2, #4]
1118:Drivers/STM32F1xx_HAL_Driver/Src/stm32f1xx_hal_adc.c ****         ADC_NONMULTIMODE_OR_MULTIMODEMASTER(hadc)  )
ARM GAS  /var/folders/y0/yl1wrqfd209ghqq3s8k8qc1m0000gn/T//cc8LbdIE.s 			page 78


 1663              		.loc 1 1118 50 discriminator 2 view .LVU450
 1664 00ca 12F4702F 		tst	r2, #983040
 1665 00ce D3D1     		bne	.L126
 1666 00d0 F3E7     		b	.L127
 1667              	.L120:
1133:Drivers/STM32F1xx_HAL_Driver/Src/stm32f1xx_hal_adc.c ****   }
 1668              		.loc 1 1133 5 is_stmt 1 view .LVU451
1133:Drivers/STM32F1xx_HAL_Driver/Src/stm32f1xx_hal_adc.c ****   }
 1669              		.loc 1 1133 5 view .LVU452
 1670 00d2 0023     		movs	r3, #0
 1671 00d4 84F82430 		strb	r3, [r4, #36]
 1672              	.L119:
1138:Drivers/STM32F1xx_HAL_Driver/Src/stm32f1xx_hal_adc.c **** 
 1673              		.loc 1 1138 1 is_stmt 0 view .LVU453
 1674 00d8 10BD     		pop	{r4, pc}
 1675              	.LVL86:
 1676              	.L128:
 1677              	.LCFI21:
 1678              		.cfi_def_cfa_offset 0
 1679              		.cfi_restore 4
 1680              		.cfi_restore 14
1044:Drivers/STM32F1xx_HAL_Driver/Src/stm32f1xx_hal_adc.c ****    
 1681              		.loc 1 1044 3 discriminator 1 view .LVU454
 1682 00da 0220     		movs	r0, #2
 1683              	.LVL87:
1138:Drivers/STM32F1xx_HAL_Driver/Src/stm32f1xx_hal_adc.c **** 
 1684              		.loc 1 1138 1 view .LVU455
 1685 00dc 7047     		bx	lr
 1686              	.L137:
 1687 00de 00BF     		.align	2
 1688              	.L136:
 1689 00e0 00280140 		.word	1073817600
 1690 00e4 00240140 		.word	1073816576
 1691              		.cfi_endproc
 1692              	.LFE69:
 1694              		.section	.text.HAL_ADC_Start_IT,"ax",%progbits
 1695              		.align	1
 1696              		.global	HAL_ADC_Start_IT
 1697              		.syntax unified
 1698              		.thumb
 1699              		.thumb_func
 1701              	HAL_ADC_Start_IT:
 1702              	.LVL88:
 1703              	.LFB73:
1386:Drivers/STM32F1xx_HAL_Driver/Src/stm32f1xx_hal_adc.c ****   HAL_StatusTypeDef tmp_hal_status = HAL_OK;
 1704              		.loc 1 1386 1 is_stmt 1 view -0
 1705              		.cfi_startproc
 1706              		@ args = 0, pretend = 0, frame = 0
 1707              		@ frame_needed = 0, uses_anonymous_args = 0
1387:Drivers/STM32F1xx_HAL_Driver/Src/stm32f1xx_hal_adc.c ****   
 1708              		.loc 1 1387 3 view .LVU457
1390:Drivers/STM32F1xx_HAL_Driver/Src/stm32f1xx_hal_adc.c ****   
 1709              		.loc 1 1390 3 view .LVU458
1393:Drivers/STM32F1xx_HAL_Driver/Src/stm32f1xx_hal_adc.c ****     
 1710              		.loc 1 1393 3 view .LVU459
1393:Drivers/STM32F1xx_HAL_Driver/Src/stm32f1xx_hal_adc.c ****     
 1711              		.loc 1 1393 3 view .LVU460
ARM GAS  /var/folders/y0/yl1wrqfd209ghqq3s8k8qc1m0000gn/T//cc8LbdIE.s 			page 79


 1712 0000 90F82430 		ldrb	r3, [r0, #36]	@ zero_extendqisi2
 1713 0004 012B     		cmp	r3, #1
 1714 0006 6DD0     		beq	.L148
1386:Drivers/STM32F1xx_HAL_Driver/Src/stm32f1xx_hal_adc.c ****   HAL_StatusTypeDef tmp_hal_status = HAL_OK;
 1715              		.loc 1 1386 1 is_stmt 0 view .LVU461
 1716 0008 10B5     		push	{r4, lr}
 1717              	.LCFI22:
 1718              		.cfi_def_cfa_offset 8
 1719              		.cfi_offset 4, -8
 1720              		.cfi_offset 14, -4
 1721 000a 0446     		mov	r4, r0
1393:Drivers/STM32F1xx_HAL_Driver/Src/stm32f1xx_hal_adc.c ****     
 1722              		.loc 1 1393 3 is_stmt 1 discriminator 2 view .LVU462
 1723 000c 0123     		movs	r3, #1
 1724 000e 80F82430 		strb	r3, [r0, #36]
1393:Drivers/STM32F1xx_HAL_Driver/Src/stm32f1xx_hal_adc.c ****     
 1725              		.loc 1 1393 3 view .LVU463
1396:Drivers/STM32F1xx_HAL_Driver/Src/stm32f1xx_hal_adc.c ****   
 1726              		.loc 1 1396 3 view .LVU464
1396:Drivers/STM32F1xx_HAL_Driver/Src/stm32f1xx_hal_adc.c ****   
 1727              		.loc 1 1396 20 is_stmt 0 view .LVU465
 1728 0012 FFF7FEFF 		bl	ADC_Enable
 1729              	.LVL89:
1399:Drivers/STM32F1xx_HAL_Driver/Src/stm32f1xx_hal_adc.c ****   {
 1730              		.loc 1 1399 3 is_stmt 1 view .LVU466
1399:Drivers/STM32F1xx_HAL_Driver/Src/stm32f1xx_hal_adc.c ****   {
 1731              		.loc 1 1399 6 is_stmt 0 view .LVU467
 1732 0016 0028     		cmp	r0, #0
 1733 0018 60D1     		bne	.L140
1404:Drivers/STM32F1xx_HAL_Driver/Src/stm32f1xx_hal_adc.c ****                       HAL_ADC_STATE_READY | HAL_ADC_STATE_REG_EOC | HAL_ADC_STATE_REG_OVR | HAL_ADC
 1734              		.loc 1 1404 5 is_stmt 1 view .LVU468
 1735 001a A36A     		ldr	r3, [r4, #40]
 1736 001c 23F47063 		bic	r3, r3, #3840
 1737 0020 23F00103 		bic	r3, r3, #1
 1738 0024 43F48073 		orr	r3, r3, #256
 1739 0028 A362     		str	r3, [r4, #40]
1411:Drivers/STM32F1xx_HAL_Driver/Src/stm32f1xx_hal_adc.c ****     {
 1740              		.loc 1 1411 5 view .LVU469
1411:Drivers/STM32F1xx_HAL_Driver/Src/stm32f1xx_hal_adc.c ****     {
 1741              		.loc 1 1411 9 is_stmt 0 view .LVU470
 1742 002a 2368     		ldr	r3, [r4]
1411:Drivers/STM32F1xx_HAL_Driver/Src/stm32f1xx_hal_adc.c ****     {
 1743              		.loc 1 1411 8 view .LVU471
 1744 002c 2E4A     		ldr	r2, .L156
 1745 002e 9342     		cmp	r3, r2
 1746 0030 2CD0     		beq	.L153
 1747              	.L141:
1414:Drivers/STM32F1xx_HAL_Driver/Src/stm32f1xx_hal_adc.c ****       
 1748              		.loc 1 1414 7 is_stmt 1 view .LVU472
 1749 0032 A26A     		ldr	r2, [r4, #40]
 1750 0034 22F48012 		bic	r2, r2, #1048576
 1751 0038 A262     		str	r2, [r4, #40]
1418:Drivers/STM32F1xx_HAL_Driver/Src/stm32f1xx_hal_adc.c ****       {
 1752              		.loc 1 1418 7 view .LVU473
1418:Drivers/STM32F1xx_HAL_Driver/Src/stm32f1xx_hal_adc.c ****       {
 1753              		.loc 1 1418 11 is_stmt 0 view .LVU474
 1754 003a 5A68     		ldr	r2, [r3, #4]
ARM GAS  /var/folders/y0/yl1wrqfd209ghqq3s8k8qc1m0000gn/T//cc8LbdIE.s 			page 80


1418:Drivers/STM32F1xx_HAL_Driver/Src/stm32f1xx_hal_adc.c ****       {
 1755              		.loc 1 1418 10 view .LVU475
 1756 003c 12F4806F 		tst	r2, #1024
 1757 0040 05D0     		beq	.L143
1420:Drivers/STM32F1xx_HAL_Driver/Src/stm32f1xx_hal_adc.c ****       }
 1758              		.loc 1 1420 9 is_stmt 1 view .LVU476
 1759 0042 A26A     		ldr	r2, [r4, #40]
 1760 0044 22F44052 		bic	r2, r2, #12288
 1761 0048 42F48052 		orr	r2, r2, #4096
 1762 004c A262     		str	r2, [r4, #40]
 1763              	.L143:
1437:Drivers/STM32F1xx_HAL_Driver/Src/stm32f1xx_hal_adc.c ****     {
 1764              		.loc 1 1437 5 view .LVU477
1437:Drivers/STM32F1xx_HAL_Driver/Src/stm32f1xx_hal_adc.c ****     {
 1765              		.loc 1 1437 9 is_stmt 0 view .LVU478
 1766 004e A26A     		ldr	r2, [r4, #40]
1437:Drivers/STM32F1xx_HAL_Driver/Src/stm32f1xx_hal_adc.c ****     {
 1767              		.loc 1 1437 8 view .LVU479
 1768 0050 12F4805F 		tst	r2, #4096
 1769 0054 30D0     		beq	.L144
1440:Drivers/STM32F1xx_HAL_Driver/Src/stm32f1xx_hal_adc.c ****     }
 1770              		.loc 1 1440 7 is_stmt 1 view .LVU480
 1771 0056 E26A     		ldr	r2, [r4, #44]
 1772 0058 22F00602 		bic	r2, r2, #6
 1773 005c E262     		str	r2, [r4, #44]
 1774              	.L145:
1451:Drivers/STM32F1xx_HAL_Driver/Src/stm32f1xx_hal_adc.c ****     
 1775              		.loc 1 1451 5 view .LVU481
1451:Drivers/STM32F1xx_HAL_Driver/Src/stm32f1xx_hal_adc.c ****     
 1776              		.loc 1 1451 5 view .LVU482
 1777 005e 0022     		movs	r2, #0
 1778 0060 84F82420 		strb	r2, [r4, #36]
1451:Drivers/STM32F1xx_HAL_Driver/Src/stm32f1xx_hal_adc.c ****     
 1779              		.loc 1 1451 5 view .LVU483
1455:Drivers/STM32F1xx_HAL_Driver/Src/stm32f1xx_hal_adc.c ****     
 1780              		.loc 1 1455 5 view .LVU484
 1781 0064 6FF00202 		mvn	r2, #2
 1782 0068 1A60     		str	r2, [r3]
1458:Drivers/STM32F1xx_HAL_Driver/Src/stm32f1xx_hal_adc.c ****     
 1783              		.loc 1 1458 5 view .LVU485
 1784 006a 2268     		ldr	r2, [r4]
 1785 006c 5368     		ldr	r3, [r2, #4]
 1786 006e 43F02003 		orr	r3, r3, #32
 1787 0072 5360     		str	r3, [r2, #4]
1467:Drivers/STM32F1xx_HAL_Driver/Src/stm32f1xx_hal_adc.c ****         ADC_NONMULTIMODE_OR_MULTIMODEMASTER(hadc)  )
 1788              		.loc 1 1467 5 view .LVU486
1467:Drivers/STM32F1xx_HAL_Driver/Src/stm32f1xx_hal_adc.c ****         ADC_NONMULTIMODE_OR_MULTIMODEMASTER(hadc)  )
 1789              		.loc 1 1467 9 is_stmt 0 view .LVU487
 1790 0074 2368     		ldr	r3, [r4]
 1791 0076 9A68     		ldr	r2, [r3, #8]
 1792 0078 02F46022 		and	r2, r2, #917504
1467:Drivers/STM32F1xx_HAL_Driver/Src/stm32f1xx_hal_adc.c ****         ADC_NONMULTIMODE_OR_MULTIMODEMASTER(hadc)  )
 1793              		.loc 1 1467 8 view .LVU488
 1794 007c B2F5602F 		cmp	r2, #917504
 1795 0080 1DD0     		beq	.L154
 1796              	.L146:
1476:Drivers/STM32F1xx_HAL_Driver/Src/stm32f1xx_hal_adc.c ****     }
ARM GAS  /var/folders/y0/yl1wrqfd209ghqq3s8k8qc1m0000gn/T//cc8LbdIE.s 			page 81


 1797              		.loc 1 1476 7 is_stmt 1 view .LVU489
 1798 0082 9A68     		ldr	r2, [r3, #8]
 1799 0084 42F48012 		orr	r2, r2, #1048576
 1800 0088 9A60     		str	r2, [r3, #8]
 1801 008a 2AE0     		b	.L139
 1802              	.L153:
1411:Drivers/STM32F1xx_HAL_Driver/Src/stm32f1xx_hal_adc.c ****     {
 1803              		.loc 1 1411 9 is_stmt 0 discriminator 1 view .LVU490
 1804 008c A2F58062 		sub	r2, r2, #1024
 1805 0090 5268     		ldr	r2, [r2, #4]
 1806 0092 12F4702F 		tst	r2, #983040
 1807 0096 CCD0     		beq	.L141
1426:Drivers/STM32F1xx_HAL_Driver/Src/stm32f1xx_hal_adc.c ****       
 1808              		.loc 1 1426 7 is_stmt 1 view .LVU491
 1809 0098 A26A     		ldr	r2, [r4, #40]
 1810 009a 42F48012 		orr	r2, r2, #1048576
 1811 009e A262     		str	r2, [r4, #40]
1430:Drivers/STM32F1xx_HAL_Driver/Src/stm32f1xx_hal_adc.c ****       {
 1812              		.loc 1 1430 7 view .LVU492
1430:Drivers/STM32F1xx_HAL_Driver/Src/stm32f1xx_hal_adc.c ****       {
 1813              		.loc 1 1430 11 is_stmt 0 discriminator 3 view .LVU493
 1814 00a0 124A     		ldr	r2, .L156+4
 1815 00a2 5268     		ldr	r2, [r2, #4]
 1816 00a4 12F4806F 		tst	r2, #1024
 1817 00a8 D1D0     		beq	.L143
1432:Drivers/STM32F1xx_HAL_Driver/Src/stm32f1xx_hal_adc.c ****       }
 1818              		.loc 1 1432 9 is_stmt 1 view .LVU494
 1819 00aa A26A     		ldr	r2, [r4, #40]
 1820 00ac 22F44052 		bic	r2, r2, #12288
 1821 00b0 42F48052 		orr	r2, r2, #4096
 1822 00b4 A262     		str	r2, [r4, #40]
 1823 00b6 CAE7     		b	.L143
 1824              	.L144:
1445:Drivers/STM32F1xx_HAL_Driver/Src/stm32f1xx_hal_adc.c ****     }
 1825              		.loc 1 1445 7 view .LVU495
 1826 00b8 0022     		movs	r2, #0
 1827 00ba E262     		str	r2, [r4, #44]
 1828 00bc CFE7     		b	.L145
 1829              	.L154:
1467:Drivers/STM32F1xx_HAL_Driver/Src/stm32f1xx_hal_adc.c ****         ADC_NONMULTIMODE_OR_MULTIMODEMASTER(hadc)  )
 1830              		.loc 1 1467 50 is_stmt 0 discriminator 1 view .LVU496
 1831 00be 0A4A     		ldr	r2, .L156
 1832 00c0 9342     		cmp	r3, r2
 1833 00c2 04D0     		beq	.L155
 1834              	.L147:
1471:Drivers/STM32F1xx_HAL_Driver/Src/stm32f1xx_hal_adc.c ****     }
 1835              		.loc 1 1471 7 is_stmt 1 view .LVU497
 1836 00c4 9A68     		ldr	r2, [r3, #8]
 1837 00c6 42F4A002 		orr	r2, r2, #5242880
 1838 00ca 9A60     		str	r2, [r3, #8]
 1839 00cc 09E0     		b	.L139
 1840              	.L155:
1468:Drivers/STM32F1xx_HAL_Driver/Src/stm32f1xx_hal_adc.c ****     {
 1841              		.loc 1 1468 9 is_stmt 0 view .LVU498
 1842 00ce A2F58062 		sub	r2, r2, #1024
 1843 00d2 5268     		ldr	r2, [r2, #4]
1467:Drivers/STM32F1xx_HAL_Driver/Src/stm32f1xx_hal_adc.c ****         ADC_NONMULTIMODE_OR_MULTIMODEMASTER(hadc)  )
ARM GAS  /var/folders/y0/yl1wrqfd209ghqq3s8k8qc1m0000gn/T//cc8LbdIE.s 			page 82


 1844              		.loc 1 1467 50 discriminator 2 view .LVU499
 1845 00d4 12F4702F 		tst	r2, #983040
 1846 00d8 D3D1     		bne	.L146
 1847 00da F3E7     		b	.L147
 1848              	.L140:
1482:Drivers/STM32F1xx_HAL_Driver/Src/stm32f1xx_hal_adc.c ****   }
 1849              		.loc 1 1482 5 is_stmt 1 view .LVU500
1482:Drivers/STM32F1xx_HAL_Driver/Src/stm32f1xx_hal_adc.c ****   }
 1850              		.loc 1 1482 5 view .LVU501
 1851 00dc 0023     		movs	r3, #0
 1852 00de 84F82430 		strb	r3, [r4, #36]
 1853              	.L139:
1487:Drivers/STM32F1xx_HAL_Driver/Src/stm32f1xx_hal_adc.c **** 
 1854              		.loc 1 1487 1 is_stmt 0 view .LVU502
 1855 00e2 10BD     		pop	{r4, pc}
 1856              	.LVL90:
 1857              	.L148:
 1858              	.LCFI23:
 1859              		.cfi_def_cfa_offset 0
 1860              		.cfi_restore 4
 1861              		.cfi_restore 14
1393:Drivers/STM32F1xx_HAL_Driver/Src/stm32f1xx_hal_adc.c ****     
 1862              		.loc 1 1393 3 discriminator 1 view .LVU503
 1863 00e4 0220     		movs	r0, #2
 1864              	.LVL91:
1487:Drivers/STM32F1xx_HAL_Driver/Src/stm32f1xx_hal_adc.c **** 
 1865              		.loc 1 1487 1 view .LVU504
 1866 00e6 7047     		bx	lr
 1867              	.L157:
 1868              		.align	2
 1869              	.L156:
 1870 00e8 00280140 		.word	1073817600
 1871 00ec 00240140 		.word	1073816576
 1872              		.cfi_endproc
 1873              	.LFE73:
 1875              		.section	.text.HAL_ADC_Start_DMA,"ax",%progbits
 1876              		.align	1
 1877              		.global	HAL_ADC_Start_DMA
 1878              		.syntax unified
 1879              		.thumb
 1880              		.thumb_func
 1882              	HAL_ADC_Start_DMA:
 1883              	.LVL92:
 1884              	.LFB75:
1554:Drivers/STM32F1xx_HAL_Driver/Src/stm32f1xx_hal_adc.c ****   HAL_StatusTypeDef tmp_hal_status = HAL_OK;
 1885              		.loc 1 1554 1 is_stmt 1 view -0
 1886              		.cfi_startproc
 1887              		@ args = 0, pretend = 0, frame = 0
 1888              		@ frame_needed = 0, uses_anonymous_args = 0
1554:Drivers/STM32F1xx_HAL_Driver/Src/stm32f1xx_hal_adc.c ****   HAL_StatusTypeDef tmp_hal_status = HAL_OK;
 1889              		.loc 1 1554 1 is_stmt 0 view .LVU506
 1890 0000 F8B5     		push	{r3, r4, r5, r6, r7, lr}
 1891              	.LCFI24:
 1892              		.cfi_def_cfa_offset 24
 1893              		.cfi_offset 3, -24
 1894              		.cfi_offset 4, -20
 1895              		.cfi_offset 5, -16
ARM GAS  /var/folders/y0/yl1wrqfd209ghqq3s8k8qc1m0000gn/T//cc8LbdIE.s 			page 83


 1896              		.cfi_offset 6, -12
 1897              		.cfi_offset 7, -8
 1898              		.cfi_offset 14, -4
 1899 0002 0446     		mov	r4, r0
 1900 0004 0E46     		mov	r6, r1
 1901 0006 1746     		mov	r7, r2
1555:Drivers/STM32F1xx_HAL_Driver/Src/stm32f1xx_hal_adc.c ****   
 1902              		.loc 1 1555 3 is_stmt 1 view .LVU507
 1903              	.LVL93:
1558:Drivers/STM32F1xx_HAL_Driver/Src/stm32f1xx_hal_adc.c ****     
 1904              		.loc 1 1558 3 view .LVU508
1563:Drivers/STM32F1xx_HAL_Driver/Src/stm32f1xx_hal_adc.c ****   {
 1905              		.loc 1 1563 3 view .LVU509
1563:Drivers/STM32F1xx_HAL_Driver/Src/stm32f1xx_hal_adc.c ****   {
 1906              		.loc 1 1563 6 is_stmt 0 view .LVU510
 1907 0008 0168     		ldr	r1, [r0]
 1908              	.LVL94:
1563:Drivers/STM32F1xx_HAL_Driver/Src/stm32f1xx_hal_adc.c ****   {
 1909              		.loc 1 1563 5 view .LVU511
 1910 000a 4548     		ldr	r0, .L174
 1911              	.LVL95:
1563:Drivers/STM32F1xx_HAL_Driver/Src/stm32f1xx_hal_adc.c ****   {
 1912              		.loc 1 1563 5 view .LVU512
 1913 000c 8142     		cmp	r1, r0
 1914 000e 59D0     		beq	.L159
1563:Drivers/STM32F1xx_HAL_Driver/Src/stm32f1xx_hal_adc.c ****   {
 1915              		.loc 1 1563 6 discriminator 1 view .LVU513
 1916 0010 444B     		ldr	r3, .L174+4
 1917 0012 9942     		cmp	r1, r3
 1918 0014 56D0     		beq	.L159
 1919              	.L160:
1566:Drivers/STM32F1xx_HAL_Driver/Src/stm32f1xx_hal_adc.c ****     
 1920              		.loc 1 1566 5 is_stmt 1 view .LVU514
1566:Drivers/STM32F1xx_HAL_Driver/Src/stm32f1xx_hal_adc.c ****     
 1921              		.loc 1 1566 5 view .LVU515
 1922 0016 94F82430 		ldrb	r3, [r4, #36]	@ zero_extendqisi2
 1923 001a 012B     		cmp	r3, #1
 1924 001c 7DD0     		beq	.L170
1566:Drivers/STM32F1xx_HAL_Driver/Src/stm32f1xx_hal_adc.c ****     
 1925              		.loc 1 1566 5 discriminator 2 view .LVU516
 1926 001e 0123     		movs	r3, #1
 1927 0020 84F82430 		strb	r3, [r4, #36]
1566:Drivers/STM32F1xx_HAL_Driver/Src/stm32f1xx_hal_adc.c ****     
 1928              		.loc 1 1566 5 view .LVU517
1569:Drivers/STM32F1xx_HAL_Driver/Src/stm32f1xx_hal_adc.c ****     
 1929              		.loc 1 1569 5 view .LVU518
1569:Drivers/STM32F1xx_HAL_Driver/Src/stm32f1xx_hal_adc.c ****     
 1930              		.loc 1 1569 22 is_stmt 0 view .LVU519
 1931 0024 2046     		mov	r0, r4
 1932 0026 FFF7FEFF 		bl	ADC_Enable
 1933              	.LVL96:
1572:Drivers/STM32F1xx_HAL_Driver/Src/stm32f1xx_hal_adc.c ****     {
 1934              		.loc 1 1572 5 is_stmt 1 view .LVU520
1572:Drivers/STM32F1xx_HAL_Driver/Src/stm32f1xx_hal_adc.c ****     {
 1935              		.loc 1 1572 8 is_stmt 0 view .LVU521
 1936 002a 0546     		mov	r5, r0
 1937 002c 0028     		cmp	r0, #0
ARM GAS  /var/folders/y0/yl1wrqfd209ghqq3s8k8qc1m0000gn/T//cc8LbdIE.s 			page 84


 1938 002e 6FD1     		bne	.L162
1577:Drivers/STM32F1xx_HAL_Driver/Src/stm32f1xx_hal_adc.c ****                         HAL_ADC_STATE_READY | HAL_ADC_STATE_REG_EOC | HAL_ADC_STATE_REG_OVR | HAL_A
 1939              		.loc 1 1577 7 is_stmt 1 view .LVU522
 1940 0030 A16A     		ldr	r1, [r4, #40]
 1941 0032 21F47061 		bic	r1, r1, #3840
 1942 0036 21F00101 		bic	r1, r1, #1
 1943 003a 41F48071 		orr	r1, r1, #256
 1944 003e A162     		str	r1, [r4, #40]
1584:Drivers/STM32F1xx_HAL_Driver/Src/stm32f1xx_hal_adc.c ****     {
 1945              		.loc 1 1584 5 view .LVU523
1584:Drivers/STM32F1xx_HAL_Driver/Src/stm32f1xx_hal_adc.c ****     {
 1946              		.loc 1 1584 9 is_stmt 0 view .LVU524
 1947 0040 2268     		ldr	r2, [r4]
1584:Drivers/STM32F1xx_HAL_Driver/Src/stm32f1xx_hal_adc.c ****     {
 1948              		.loc 1 1584 8 view .LVU525
 1949 0042 384B     		ldr	r3, .L174+4
 1950 0044 9A42     		cmp	r2, r3
 1951 0046 45D0     		beq	.L172
 1952              	.L163:
1587:Drivers/STM32F1xx_HAL_Driver/Src/stm32f1xx_hal_adc.c ****       
 1953              		.loc 1 1587 7 is_stmt 1 view .LVU526
 1954 0048 A36A     		ldr	r3, [r4, #40]
 1955 004a 23F48013 		bic	r3, r3, #1048576
 1956 004e A362     		str	r3, [r4, #40]
1591:Drivers/STM32F1xx_HAL_Driver/Src/stm32f1xx_hal_adc.c ****       {
 1957              		.loc 1 1591 7 view .LVU527
1591:Drivers/STM32F1xx_HAL_Driver/Src/stm32f1xx_hal_adc.c ****       {
 1958              		.loc 1 1591 11 is_stmt 0 view .LVU528
 1959 0050 5368     		ldr	r3, [r2, #4]
1591:Drivers/STM32F1xx_HAL_Driver/Src/stm32f1xx_hal_adc.c ****       {
 1960              		.loc 1 1591 10 view .LVU529
 1961 0052 13F4806F 		tst	r3, #1024
 1962 0056 05D0     		beq	.L165
1593:Drivers/STM32F1xx_HAL_Driver/Src/stm32f1xx_hal_adc.c ****       }
 1963              		.loc 1 1593 9 is_stmt 1 view .LVU530
 1964 0058 A36A     		ldr	r3, [r4, #40]
 1965 005a 23F44053 		bic	r3, r3, #12288
 1966 005e 43F48053 		orr	r3, r3, #4096
 1967 0062 A362     		str	r3, [r4, #40]
 1968              	.L165:
1610:Drivers/STM32F1xx_HAL_Driver/Src/stm32f1xx_hal_adc.c ****       {
 1969              		.loc 1 1610 7 view .LVU531
1610:Drivers/STM32F1xx_HAL_Driver/Src/stm32f1xx_hal_adc.c ****       {
 1970              		.loc 1 1610 11 is_stmt 0 view .LVU532
 1971 0064 A36A     		ldr	r3, [r4, #40]
1610:Drivers/STM32F1xx_HAL_Driver/Src/stm32f1xx_hal_adc.c ****       {
 1972              		.loc 1 1610 10 view .LVU533
 1973 0066 13F4805F 		tst	r3, #4096
 1974 006a 49D0     		beq	.L166
1613:Drivers/STM32F1xx_HAL_Driver/Src/stm32f1xx_hal_adc.c ****       }
 1975              		.loc 1 1613 9 is_stmt 1 view .LVU534
 1976 006c E36A     		ldr	r3, [r4, #44]
 1977 006e 23F00603 		bic	r3, r3, #6
 1978 0072 E362     		str	r3, [r4, #44]
 1979              	.L167:
1624:Drivers/STM32F1xx_HAL_Driver/Src/stm32f1xx_hal_adc.c ****       
 1980              		.loc 1 1624 7 view .LVU535
ARM GAS  /var/folders/y0/yl1wrqfd209ghqq3s8k8qc1m0000gn/T//cc8LbdIE.s 			page 85


1624:Drivers/STM32F1xx_HAL_Driver/Src/stm32f1xx_hal_adc.c ****       
 1981              		.loc 1 1624 7 view .LVU536
 1982 0074 0023     		movs	r3, #0
 1983 0076 84F82430 		strb	r3, [r4, #36]
1624:Drivers/STM32F1xx_HAL_Driver/Src/stm32f1xx_hal_adc.c ****       
 1984              		.loc 1 1624 7 view .LVU537
1627:Drivers/STM32F1xx_HAL_Driver/Src/stm32f1xx_hal_adc.c **** 
 1985              		.loc 1 1627 7 view .LVU538
1627:Drivers/STM32F1xx_HAL_Driver/Src/stm32f1xx_hal_adc.c **** 
 1986              		.loc 1 1627 11 is_stmt 0 view .LVU539
 1987 007a 236A     		ldr	r3, [r4, #32]
1627:Drivers/STM32F1xx_HAL_Driver/Src/stm32f1xx_hal_adc.c **** 
 1988              		.loc 1 1627 42 view .LVU540
 1989 007c 2A4A     		ldr	r2, .L174+8
 1990 007e 9A62     		str	r2, [r3, #40]
1630:Drivers/STM32F1xx_HAL_Driver/Src/stm32f1xx_hal_adc.c ****       
 1991              		.loc 1 1630 7 is_stmt 1 view .LVU541
1630:Drivers/STM32F1xx_HAL_Driver/Src/stm32f1xx_hal_adc.c ****       
 1992              		.loc 1 1630 11 is_stmt 0 view .LVU542
 1993 0080 236A     		ldr	r3, [r4, #32]
1630:Drivers/STM32F1xx_HAL_Driver/Src/stm32f1xx_hal_adc.c ****       
 1994              		.loc 1 1630 46 view .LVU543
 1995 0082 2A4A     		ldr	r2, .L174+12
 1996 0084 DA62     		str	r2, [r3, #44]
1633:Drivers/STM32F1xx_HAL_Driver/Src/stm32f1xx_hal_adc.c **** 
 1997              		.loc 1 1633 7 is_stmt 1 view .LVU544
1633:Drivers/STM32F1xx_HAL_Driver/Src/stm32f1xx_hal_adc.c **** 
 1998              		.loc 1 1633 11 is_stmt 0 view .LVU545
 1999 0086 236A     		ldr	r3, [r4, #32]
1633:Drivers/STM32F1xx_HAL_Driver/Src/stm32f1xx_hal_adc.c **** 
 2000              		.loc 1 1633 43 view .LVU546
 2001 0088 294A     		ldr	r2, .L174+16
 2002 008a 1A63     		str	r2, [r3, #48]
1642:Drivers/STM32F1xx_HAL_Driver/Src/stm32f1xx_hal_adc.c ****       
 2003              		.loc 1 1642 7 is_stmt 1 view .LVU547
 2004 008c 2368     		ldr	r3, [r4]
 2005 008e 6FF00202 		mvn	r2, #2
 2006 0092 1A60     		str	r2, [r3]
1645:Drivers/STM32F1xx_HAL_Driver/Src/stm32f1xx_hal_adc.c ****       
 2007              		.loc 1 1645 7 view .LVU548
 2008 0094 2268     		ldr	r2, [r4]
 2009 0096 9368     		ldr	r3, [r2, #8]
 2010 0098 43F48073 		orr	r3, r3, #256
 2011 009c 9360     		str	r3, [r2, #8]
1648:Drivers/STM32F1xx_HAL_Driver/Src/stm32f1xx_hal_adc.c ****       
 2012              		.loc 1 1648 7 view .LVU549
1648:Drivers/STM32F1xx_HAL_Driver/Src/stm32f1xx_hal_adc.c ****       
 2013              		.loc 1 1648 57 is_stmt 0 view .LVU550
 2014 009e 2168     		ldr	r1, [r4]
1648:Drivers/STM32F1xx_HAL_Driver/Src/stm32f1xx_hal_adc.c ****       
 2015              		.loc 1 1648 7 view .LVU551
 2016 00a0 3B46     		mov	r3, r7
 2017 00a2 3246     		mov	r2, r6
 2018 00a4 4C31     		adds	r1, r1, #76
 2019 00a6 206A     		ldr	r0, [r4, #32]
 2020              	.LVL97:
1648:Drivers/STM32F1xx_HAL_Driver/Src/stm32f1xx_hal_adc.c ****       
ARM GAS  /var/folders/y0/yl1wrqfd209ghqq3s8k8qc1m0000gn/T//cc8LbdIE.s 			page 86


 2021              		.loc 1 1648 7 view .LVU552
 2022 00a8 FFF7FEFF 		bl	HAL_DMA_Start_IT
 2023              	.LVL98:
1654:Drivers/STM32F1xx_HAL_Driver/Src/stm32f1xx_hal_adc.c ****       {
 2024              		.loc 1 1654 7 is_stmt 1 view .LVU553
1654:Drivers/STM32F1xx_HAL_Driver/Src/stm32f1xx_hal_adc.c ****       {
 2025              		.loc 1 1654 11 is_stmt 0 view .LVU554
 2026 00ac 2368     		ldr	r3, [r4]
 2027 00ae 9A68     		ldr	r2, [r3, #8]
 2028 00b0 02F46022 		and	r2, r2, #917504
1654:Drivers/STM32F1xx_HAL_Driver/Src/stm32f1xx_hal_adc.c ****       {
 2029              		.loc 1 1654 10 view .LVU555
 2030 00b4 B2F5602F 		cmp	r2, #917504
 2031 00b8 25D0     		beq	.L173
1662:Drivers/STM32F1xx_HAL_Driver/Src/stm32f1xx_hal_adc.c ****       }
 2032              		.loc 1 1662 9 is_stmt 1 view .LVU556
 2033 00ba 9A68     		ldr	r2, [r3, #8]
 2034 00bc 42F48012 		orr	r2, r2, #1048576
 2035 00c0 9A60     		str	r2, [r3, #8]
 2036 00c2 28E0     		b	.L161
 2037              	.LVL99:
 2038              	.L159:
1563:Drivers/STM32F1xx_HAL_Driver/Src/stm32f1xx_hal_adc.c ****   {
 2039              		.loc 1 1563 6 is_stmt 0 discriminator 3 view .LVU557
 2040 00c4 164B     		ldr	r3, .L174
 2041 00c6 5B68     		ldr	r3, [r3, #4]
1563:Drivers/STM32F1xx_HAL_Driver/Src/stm32f1xx_hal_adc.c ****   {
 2042              		.loc 1 1563 36 discriminator 3 view .LVU558
 2043 00c8 13F4702F 		tst	r3, #983040
 2044 00cc A3D0     		beq	.L160
1673:Drivers/STM32F1xx_HAL_Driver/Src/stm32f1xx_hal_adc.c ****   }
 2045              		.loc 1 1673 20 view .LVU559
 2046 00ce 0123     		movs	r3, #1
 2047 00d0 1D46     		mov	r5, r3
 2048 00d2 20E0     		b	.L161
 2049              	.LVL100:
 2050              	.L172:
1584:Drivers/STM32F1xx_HAL_Driver/Src/stm32f1xx_hal_adc.c ****     {
 2051              		.loc 1 1584 9 discriminator 1 view .LVU560
 2052 00d4 A3F58063 		sub	r3, r3, #1024
 2053 00d8 5B68     		ldr	r3, [r3, #4]
 2054 00da 13F4702F 		tst	r3, #983040
 2055 00de B3D0     		beq	.L163
1599:Drivers/STM32F1xx_HAL_Driver/Src/stm32f1xx_hal_adc.c ****       
 2056              		.loc 1 1599 7 is_stmt 1 view .LVU561
 2057 00e0 A36A     		ldr	r3, [r4, #40]
 2058 00e2 43F48013 		orr	r3, r3, #1048576
 2059 00e6 A362     		str	r3, [r4, #40]
1603:Drivers/STM32F1xx_HAL_Driver/Src/stm32f1xx_hal_adc.c ****       {
 2060              		.loc 1 1603 7 view .LVU562
1603:Drivers/STM32F1xx_HAL_Driver/Src/stm32f1xx_hal_adc.c ****       {
 2061              		.loc 1 1603 11 is_stmt 0 discriminator 3 view .LVU563
 2062 00e8 0D4B     		ldr	r3, .L174
 2063 00ea 5B68     		ldr	r3, [r3, #4]
 2064 00ec 13F4806F 		tst	r3, #1024
 2065 00f0 B8D0     		beq	.L165
1605:Drivers/STM32F1xx_HAL_Driver/Src/stm32f1xx_hal_adc.c ****       }
ARM GAS  /var/folders/y0/yl1wrqfd209ghqq3s8k8qc1m0000gn/T//cc8LbdIE.s 			page 87


 2066              		.loc 1 1605 9 is_stmt 1 view .LVU564
 2067 00f2 A36A     		ldr	r3, [r4, #40]
 2068 00f4 23F44053 		bic	r3, r3, #12288
 2069 00f8 43F48053 		orr	r3, r3, #4096
 2070 00fc A362     		str	r3, [r4, #40]
 2071 00fe B1E7     		b	.L165
 2072              	.L166:
1618:Drivers/STM32F1xx_HAL_Driver/Src/stm32f1xx_hal_adc.c ****       }
 2073              		.loc 1 1618 9 view .LVU565
 2074 0100 0023     		movs	r3, #0
 2075 0102 E362     		str	r3, [r4, #44]
 2076 0104 B6E7     		b	.L167
 2077              	.LVL101:
 2078              	.L173:
1657:Drivers/STM32F1xx_HAL_Driver/Src/stm32f1xx_hal_adc.c ****       }
 2079              		.loc 1 1657 9 view .LVU566
 2080 0106 9A68     		ldr	r2, [r3, #8]
 2081 0108 42F4A002 		orr	r2, r2, #5242880
 2082 010c 9A60     		str	r2, [r3, #8]
 2083 010e 02E0     		b	.L161
 2084              	.LVL102:
 2085              	.L162:
1668:Drivers/STM32F1xx_HAL_Driver/Src/stm32f1xx_hal_adc.c ****     }
 2086              		.loc 1 1668 7 view .LVU567
1668:Drivers/STM32F1xx_HAL_Driver/Src/stm32f1xx_hal_adc.c ****     }
 2087              		.loc 1 1668 7 view .LVU568
 2088 0110 0023     		movs	r3, #0
 2089 0112 84F82430 		strb	r3, [r4, #36]
 2090              	.LVL103:
 2091              	.L161:
1678:Drivers/STM32F1xx_HAL_Driver/Src/stm32f1xx_hal_adc.c **** 
 2092              		.loc 1 1678 1 is_stmt 0 view .LVU569
 2093 0116 2846     		mov	r0, r5
 2094 0118 F8BD     		pop	{r3, r4, r5, r6, r7, pc}
 2095              	.LVL104:
 2096              	.L170:
1566:Drivers/STM32F1xx_HAL_Driver/Src/stm32f1xx_hal_adc.c ****     
 2097              		.loc 1 1566 5 discriminator 1 view .LVU570
 2098 011a 0223     		movs	r3, #2
 2099 011c 1D46     		mov	r5, r3
 2100 011e FAE7     		b	.L161
 2101              	.L175:
 2102              		.align	2
 2103              	.L174:
 2104 0120 00240140 		.word	1073816576
 2105 0124 00280140 		.word	1073817600
 2106 0128 00000000 		.word	ADC_DMAConvCplt
 2107 012c 00000000 		.word	ADC_DMAHalfConvCplt
 2108 0130 00000000 		.word	ADC_DMAError
 2109              		.cfi_endproc
 2110              	.LFE75:
 2112              		.section	.text.ADC_ConversionStop_Disable,"ax",%progbits
 2113              		.align	1
 2114              		.global	ADC_ConversionStop_Disable
 2115              		.syntax unified
 2116              		.thumb
 2117              		.thumb_func
ARM GAS  /var/folders/y0/yl1wrqfd209ghqq3s8k8qc1m0000gn/T//cc8LbdIE.s 			page 88


 2119              	ADC_ConversionStop_Disable:
 2120              	.LVL105:
 2121              	.LFB88:
2292:Drivers/STM32F1xx_HAL_Driver/Src/stm32f1xx_hal_adc.c ****   uint32_t tickstart = 0U;
 2122              		.loc 1 2292 1 is_stmt 1 view -0
 2123              		.cfi_startproc
 2124              		@ args = 0, pretend = 0, frame = 0
 2125              		@ frame_needed = 0, uses_anonymous_args = 0
2292:Drivers/STM32F1xx_HAL_Driver/Src/stm32f1xx_hal_adc.c ****   uint32_t tickstart = 0U;
 2126              		.loc 1 2292 1 is_stmt 0 view .LVU572
 2127 0000 38B5     		push	{r3, r4, r5, lr}
 2128              	.LCFI25:
 2129              		.cfi_def_cfa_offset 16
 2130              		.cfi_offset 3, -16
 2131              		.cfi_offset 4, -12
 2132              		.cfi_offset 5, -8
 2133              		.cfi_offset 14, -4
2293:Drivers/STM32F1xx_HAL_Driver/Src/stm32f1xx_hal_adc.c ****   
 2134              		.loc 1 2293 3 is_stmt 1 view .LVU573
 2135              	.LVL106:
2296:Drivers/STM32F1xx_HAL_Driver/Src/stm32f1xx_hal_adc.c ****   {
 2136              		.loc 1 2296 3 view .LVU574
2296:Drivers/STM32F1xx_HAL_Driver/Src/stm32f1xx_hal_adc.c ****   {
 2137              		.loc 1 2296 7 is_stmt 0 view .LVU575
 2138 0002 0368     		ldr	r3, [r0]
 2139 0004 9A68     		ldr	r2, [r3, #8]
2296:Drivers/STM32F1xx_HAL_Driver/Src/stm32f1xx_hal_adc.c ****   {
 2140              		.loc 1 2296 6 view .LVU576
 2141 0006 12F0010F 		tst	r2, #1
 2142 000a 01D1     		bne	.L182
2325:Drivers/STM32F1xx_HAL_Driver/Src/stm32f1xx_hal_adc.c **** }
 2143              		.loc 1 2325 10 view .LVU577
 2144 000c 0020     		movs	r0, #0
 2145              	.LVL107:
 2146              	.L177:
2326:Drivers/STM32F1xx_HAL_Driver/Src/stm32f1xx_hal_adc.c **** 
 2147              		.loc 1 2326 1 view .LVU578
 2148 000e 38BD     		pop	{r3, r4, r5, pc}
 2149              	.LVL108:
 2150              	.L182:
2326:Drivers/STM32F1xx_HAL_Driver/Src/stm32f1xx_hal_adc.c **** 
 2151              		.loc 1 2326 1 view .LVU579
 2152 0010 0446     		mov	r4, r0
2299:Drivers/STM32F1xx_HAL_Driver/Src/stm32f1xx_hal_adc.c ****      
 2153              		.loc 1 2299 5 is_stmt 1 view .LVU580
 2154 0012 9A68     		ldr	r2, [r3, #8]
 2155 0014 22F00102 		bic	r2, r2, #1
 2156 0018 9A60     		str	r2, [r3, #8]
2302:Drivers/STM32F1xx_HAL_Driver/Src/stm32f1xx_hal_adc.c ****     
 2157              		.loc 1 2302 5 view .LVU581
2302:Drivers/STM32F1xx_HAL_Driver/Src/stm32f1xx_hal_adc.c ****     
 2158              		.loc 1 2302 17 is_stmt 0 view .LVU582
 2159 001a FFF7FEFF 		bl	HAL_GetTick
 2160              	.LVL109:
2302:Drivers/STM32F1xx_HAL_Driver/Src/stm32f1xx_hal_adc.c ****     
 2161              		.loc 1 2302 17 view .LVU583
 2162 001e 0546     		mov	r5, r0
ARM GAS  /var/folders/y0/yl1wrqfd209ghqq3s8k8qc1m0000gn/T//cc8LbdIE.s 			page 89


 2163              	.LVL110:
2305:Drivers/STM32F1xx_HAL_Driver/Src/stm32f1xx_hal_adc.c ****     {
 2164              		.loc 1 2305 5 is_stmt 1 view .LVU584
 2165              	.L178:
2305:Drivers/STM32F1xx_HAL_Driver/Src/stm32f1xx_hal_adc.c ****     {
 2166              		.loc 1 2305 31 view .LVU585
2305:Drivers/STM32F1xx_HAL_Driver/Src/stm32f1xx_hal_adc.c ****     {
 2167              		.loc 1 2305 11 is_stmt 0 view .LVU586
 2168 0020 2368     		ldr	r3, [r4]
 2169 0022 9B68     		ldr	r3, [r3, #8]
2305:Drivers/STM32F1xx_HAL_Driver/Src/stm32f1xx_hal_adc.c ****     {
 2170              		.loc 1 2305 31 view .LVU587
 2171 0024 13F0010F 		tst	r3, #1
 2172 0028 13D0     		beq	.L183
2307:Drivers/STM32F1xx_HAL_Driver/Src/stm32f1xx_hal_adc.c ****       {
 2173              		.loc 1 2307 7 is_stmt 1 view .LVU588
2307:Drivers/STM32F1xx_HAL_Driver/Src/stm32f1xx_hal_adc.c ****       {
 2174              		.loc 1 2307 11 is_stmt 0 view .LVU589
 2175 002a FFF7FEFF 		bl	HAL_GetTick
 2176              	.LVL111:
2307:Drivers/STM32F1xx_HAL_Driver/Src/stm32f1xx_hal_adc.c ****       {
 2177              		.loc 1 2307 25 discriminator 1 view .LVU590
 2178 002e 431B     		subs	r3, r0, r5
2307:Drivers/STM32F1xx_HAL_Driver/Src/stm32f1xx_hal_adc.c ****       {
 2179              		.loc 1 2307 9 discriminator 1 view .LVU591
 2180 0030 022B     		cmp	r3, #2
 2181 0032 F5D9     		bls	.L178
2310:Drivers/STM32F1xx_HAL_Driver/Src/stm32f1xx_hal_adc.c ****         {
 2182              		.loc 1 2310 9 is_stmt 1 view .LVU592
2310:Drivers/STM32F1xx_HAL_Driver/Src/stm32f1xx_hal_adc.c ****         {
 2183              		.loc 1 2310 12 is_stmt 0 view .LVU593
 2184 0034 2368     		ldr	r3, [r4]
 2185 0036 9B68     		ldr	r3, [r3, #8]
2310:Drivers/STM32F1xx_HAL_Driver/Src/stm32f1xx_hal_adc.c ****         {
 2186              		.loc 1 2310 11 view .LVU594
 2187 0038 13F0010F 		tst	r3, #1
 2188 003c F0D0     		beq	.L178
2313:Drivers/STM32F1xx_HAL_Driver/Src/stm32f1xx_hal_adc.c **** 
 2189              		.loc 1 2313 11 is_stmt 1 view .LVU595
 2190 003e A36A     		ldr	r3, [r4, #40]
 2191 0040 43F01003 		orr	r3, r3, #16
 2192 0044 A362     		str	r3, [r4, #40]
2316:Drivers/STM32F1xx_HAL_Driver/Src/stm32f1xx_hal_adc.c **** 
 2193              		.loc 1 2316 11 view .LVU596
 2194 0046 E36A     		ldr	r3, [r4, #44]
 2195 0048 43F00103 		orr	r3, r3, #1
 2196 004c E362     		str	r3, [r4, #44]
2318:Drivers/STM32F1xx_HAL_Driver/Src/stm32f1xx_hal_adc.c ****         }
 2197              		.loc 1 2318 11 view .LVU597
2318:Drivers/STM32F1xx_HAL_Driver/Src/stm32f1xx_hal_adc.c ****         }
 2198              		.loc 1 2318 18 is_stmt 0 view .LVU598
 2199 004e 0120     		movs	r0, #1
 2200 0050 DDE7     		b	.L177
 2201              	.L183:
2325:Drivers/STM32F1xx_HAL_Driver/Src/stm32f1xx_hal_adc.c **** }
 2202              		.loc 1 2325 10 view .LVU599
 2203 0052 0020     		movs	r0, #0
ARM GAS  /var/folders/y0/yl1wrqfd209ghqq3s8k8qc1m0000gn/T//cc8LbdIE.s 			page 90


 2204 0054 DBE7     		b	.L177
 2205              		.cfi_endproc
 2206              	.LFE88:
 2208              		.section	.text.HAL_ADC_Init,"ax",%progbits
 2209              		.align	1
 2210              		.global	HAL_ADC_Init
 2211              		.syntax unified
 2212              		.thumb
 2213              		.thumb_func
 2215              	HAL_ADC_Init:
 2216              	.LVL112:
 2217              	.LFB65:
 412:Drivers/STM32F1xx_HAL_Driver/Src/stm32f1xx_hal_adc.c ****   HAL_StatusTypeDef tmp_hal_status = HAL_OK;
 2218              		.loc 1 412 1 is_stmt 1 view -0
 2219              		.cfi_startproc
 2220              		@ args = 0, pretend = 0, frame = 0
 2221              		@ frame_needed = 0, uses_anonymous_args = 0
 413:Drivers/STM32F1xx_HAL_Driver/Src/stm32f1xx_hal_adc.c ****   uint32_t tmp_cr1 = 0U;
 2222              		.loc 1 413 3 view .LVU601
 414:Drivers/STM32F1xx_HAL_Driver/Src/stm32f1xx_hal_adc.c ****   uint32_t tmp_cr2 = 0U;
 2223              		.loc 1 414 3 view .LVU602
 415:Drivers/STM32F1xx_HAL_Driver/Src/stm32f1xx_hal_adc.c ****   uint32_t tmp_sqr1 = 0U;
 2224              		.loc 1 415 3 view .LVU603
 416:Drivers/STM32F1xx_HAL_Driver/Src/stm32f1xx_hal_adc.c ****   
 2225              		.loc 1 416 3 view .LVU604
 419:Drivers/STM32F1xx_HAL_Driver/Src/stm32f1xx_hal_adc.c ****   {
 2226              		.loc 1 419 3 view .LVU605
 419:Drivers/STM32F1xx_HAL_Driver/Src/stm32f1xx_hal_adc.c ****   {
 2227              		.loc 1 419 5 is_stmt 0 view .LVU606
 2228 0000 0028     		cmp	r0, #0
 2229 0002 00F08B80 		beq	.L194
 412:Drivers/STM32F1xx_HAL_Driver/Src/stm32f1xx_hal_adc.c ****   HAL_StatusTypeDef tmp_hal_status = HAL_OK;
 2230              		.loc 1 412 1 view .LVU607
 2231 0006 10B5     		push	{r4, lr}
 2232              	.LCFI26:
 2233              		.cfi_def_cfa_offset 8
 2234              		.cfi_offset 4, -8
 2235              		.cfi_offset 14, -4
 2236 0008 0446     		mov	r4, r0
 425:Drivers/STM32F1xx_HAL_Driver/Src/stm32f1xx_hal_adc.c ****   assert_param(IS_ADC_DATA_ALIGN(hadc->Init.DataAlign));
 2237              		.loc 1 425 3 is_stmt 1 view .LVU608
 426:Drivers/STM32F1xx_HAL_Driver/Src/stm32f1xx_hal_adc.c ****   assert_param(IS_ADC_SCAN_MODE(hadc->Init.ScanConvMode));
 2238              		.loc 1 426 3 view .LVU609
 427:Drivers/STM32F1xx_HAL_Driver/Src/stm32f1xx_hal_adc.c ****   assert_param(IS_FUNCTIONAL_STATE(hadc->Init.ContinuousConvMode));
 2239              		.loc 1 427 3 view .LVU610
 428:Drivers/STM32F1xx_HAL_Driver/Src/stm32f1xx_hal_adc.c ****   assert_param(IS_ADC_EXTTRIG(hadc->Init.ExternalTrigConv));
 2240              		.loc 1 428 3 view .LVU611
 429:Drivers/STM32F1xx_HAL_Driver/Src/stm32f1xx_hal_adc.c ****   
 2241              		.loc 1 429 3 view .LVU612
 431:Drivers/STM32F1xx_HAL_Driver/Src/stm32f1xx_hal_adc.c ****   {
 2242              		.loc 1 431 3 view .LVU613
 433:Drivers/STM32F1xx_HAL_Driver/Src/stm32f1xx_hal_adc.c ****     assert_param(IS_FUNCTIONAL_STATE(hadc->Init.DiscontinuousConvMode));
 2243              		.loc 1 433 5 view .LVU614
 434:Drivers/STM32F1xx_HAL_Driver/Src/stm32f1xx_hal_adc.c ****     if(hadc->Init.DiscontinuousConvMode != DISABLE)
 2244              		.loc 1 434 5 view .LVU615
 435:Drivers/STM32F1xx_HAL_Driver/Src/stm32f1xx_hal_adc.c ****     {
 2245              		.loc 1 435 5 view .LVU616
ARM GAS  /var/folders/y0/yl1wrqfd209ghqq3s8k8qc1m0000gn/T//cc8LbdIE.s 			page 91


 437:Drivers/STM32F1xx_HAL_Driver/Src/stm32f1xx_hal_adc.c ****     }
 2246              		.loc 1 437 7 view .LVU617
 448:Drivers/STM32F1xx_HAL_Driver/Src/stm32f1xx_hal_adc.c ****   {
 2247              		.loc 1 448 3 view .LVU618
 448:Drivers/STM32F1xx_HAL_Driver/Src/stm32f1xx_hal_adc.c ****   {
 2248              		.loc 1 448 11 is_stmt 0 view .LVU619
 2249 000a 836A     		ldr	r3, [r0, #40]
 448:Drivers/STM32F1xx_HAL_Driver/Src/stm32f1xx_hal_adc.c ****   {
 2250              		.loc 1 448 6 view .LVU620
 2251 000c 002B     		cmp	r3, #0
 2252 000e 5CD0     		beq	.L200
 2253              	.LVL113:
 2254              	.L186:
 482:Drivers/STM32F1xx_HAL_Driver/Src/stm32f1xx_hal_adc.c ****   
 2255              		.loc 1 482 3 is_stmt 1 view .LVU621
 482:Drivers/STM32F1xx_HAL_Driver/Src/stm32f1xx_hal_adc.c ****   
 2256              		.loc 1 482 20 is_stmt 0 view .LVU622
 2257 0010 2046     		mov	r0, r4
 2258 0012 FFF7FEFF 		bl	ADC_ConversionStop_Disable
 2259              	.LVL114:
 487:Drivers/STM32F1xx_HAL_Driver/Src/stm32f1xx_hal_adc.c ****       (tmp_hal_status == HAL_OK)                                  )
 2260              		.loc 1 487 3 is_stmt 1 view .LVU623
 487:Drivers/STM32F1xx_HAL_Driver/Src/stm32f1xx_hal_adc.c ****       (tmp_hal_status == HAL_OK)                                  )
 2261              		.loc 1 487 7 is_stmt 0 view .LVU624
 2262 0016 A36A     		ldr	r3, [r4, #40]
 487:Drivers/STM32F1xx_HAL_Driver/Src/stm32f1xx_hal_adc.c ****       (tmp_hal_status == HAL_OK)                                  )
 2263              		.loc 1 487 6 view .LVU625
 2264 0018 13F01003 		ands	r3, r3, #16
 2265 001c 78D1     		bne	.L187
 487:Drivers/STM32F1xx_HAL_Driver/Src/stm32f1xx_hal_adc.c ****       (tmp_hal_status == HAL_OK)                                  )
 2266              		.loc 1 487 65 discriminator 1 view .LVU626
 2267 001e 0028     		cmp	r0, #0
 2268 0020 76D1     		bne	.L187
 491:Drivers/STM32F1xx_HAL_Driver/Src/stm32f1xx_hal_adc.c ****                       HAL_ADC_STATE_REG_BUSY | HAL_ADC_STATE_INJ_BUSY,
 2269              		.loc 1 491 5 is_stmt 1 view .LVU627
 2270 0022 A26A     		ldr	r2, [r4, #40]
 2271 0024 22F48852 		bic	r2, r2, #4352
 2272 0028 22F00202 		bic	r2, r2, #2
 2273 002c 42F00202 		orr	r2, r2, #2
 2274 0030 A262     		str	r2, [r4, #40]
 507:Drivers/STM32F1xx_HAL_Driver/Src/stm32f1xx_hal_adc.c ****                 ADC_CFGR_EXTSEL(hadc, hadc->Init.ExternalTrigConv)            |
 2275              		.loc 1 507 5 view .LVU628
 507:Drivers/STM32F1xx_HAL_Driver/Src/stm32f1xx_hal_adc.c ****                 ADC_CFGR_EXTSEL(hadc, hadc->Init.ExternalTrigConv)            |
 2276              		.loc 1 507 27 is_stmt 0 view .LVU629
 2277 0032 6268     		ldr	r2, [r4, #4]
 508:Drivers/STM32F1xx_HAL_Driver/Src/stm32f1xx_hal_adc.c ****                 ADC_CR2_CONTINUOUS((uint32_t)hadc->Init.ContinuousConvMode)   );
 2278              		.loc 1 508 17 view .LVU630
 2279 0034 E169     		ldr	r1, [r4, #28]
 507:Drivers/STM32F1xx_HAL_Driver/Src/stm32f1xx_hal_adc.c ****                 ADC_CFGR_EXTSEL(hadc, hadc->Init.ExternalTrigConv)            |
 2280              		.loc 1 507 79 view .LVU631
 2281 0036 0A43     		orrs	r2, r2, r1
 509:Drivers/STM32F1xx_HAL_Driver/Src/stm32f1xx_hal_adc.c **** 
 2282              		.loc 1 509 17 view .LVU632
 2283 0038 217B     		ldrb	r1, [r4, #12]	@ zero_extendqisi2
 508:Drivers/STM32F1xx_HAL_Driver/Src/stm32f1xx_hal_adc.c ****                 ADC_CR2_CONTINUOUS((uint32_t)hadc->Init.ContinuousConvMode)   );
 2284              		.loc 1 508 79 view .LVU633
 2285 003a 42EA4102 		orr	r2, r2, r1, lsl #1
ARM GAS  /var/folders/y0/yl1wrqfd209ghqq3s8k8qc1m0000gn/T//cc8LbdIE.s 			page 92


 2286              	.LVL115:
 515:Drivers/STM32F1xx_HAL_Driver/Src/stm32f1xx_hal_adc.c ****     
 2287              		.loc 1 515 5 is_stmt 1 view .LVU634
 515:Drivers/STM32F1xx_HAL_Driver/Src/stm32f1xx_hal_adc.c ****     
 2288              		.loc 1 515 17 is_stmt 0 view .LVU635
 2289 003e D4F808C0 		ldr	ip, [r4, #8]
 2290 0042 BCF5807F 		cmp	ip, #256
 2291 0046 03D0     		beq	.L188
 515:Drivers/STM32F1xx_HAL_Driver/Src/stm32f1xx_hal_adc.c ****     
 2292              		.loc 1 515 17 discriminator 2 view .LVU636
 2293 0048 BCF1010F 		cmp	ip, #1
 2294 004c 43D0     		beq	.L201
 515:Drivers/STM32F1xx_HAL_Driver/Src/stm32f1xx_hal_adc.c ****     
 2295              		.loc 1 515 17 discriminator 4 view .LVU637
 2296 004e 9C46     		mov	ip, r3
 2297              	.L188:
 2298              	.LVL116:
 520:Drivers/STM32F1xx_HAL_Driver/Src/stm32f1xx_hal_adc.c ****     {
 2299              		.loc 1 520 5 is_stmt 1 view .LVU638
 520:Drivers/STM32F1xx_HAL_Driver/Src/stm32f1xx_hal_adc.c ****     {
 2300              		.loc 1 520 19 is_stmt 0 view .LVU639
 2301 0050 94F814E0 		ldrb	lr, [r4, #20]	@ zero_extendqisi2
 520:Drivers/STM32F1xx_HAL_Driver/Src/stm32f1xx_hal_adc.c ****     {
 2302              		.loc 1 520 8 view .LVU640
 2303 0054 BEF1010F 		cmp	lr, #1
 2304 0058 40D0     		beq	.L202
 2305              	.L189:
 543:Drivers/STM32F1xx_HAL_Driver/Src/stm32f1xx_hal_adc.c ****                  ADC_CR1_SCAN    |
 2306              		.loc 1 543 7 is_stmt 1 view .LVU641
 2307 005a D4F800E0 		ldr	lr, [r4]
 2308 005e DEF80410 		ldr	r1, [lr, #4]
 2309 0062 21F46941 		bic	r1, r1, #59648
 2310 0066 41EA0C01 		orr	r1, r1, ip
 2311 006a CEF80410 		str	r1, [lr, #4]
 550:Drivers/STM32F1xx_HAL_Driver/Src/stm32f1xx_hal_adc.c ****                  ADC_CR2_ALIGN   |
 2312              		.loc 1 550 7 view .LVU642
 2313 006e D4F800C0 		ldr	ip, [r4]
 2314              	.LVL117:
 550:Drivers/STM32F1xx_HAL_Driver/Src/stm32f1xx_hal_adc.c ****                  ADC_CR2_ALIGN   |
 2315              		.loc 1 550 7 is_stmt 0 view .LVU643
 2316 0072 DCF808E0 		ldr	lr, [ip, #8]
 2317 0076 2A49     		ldr	r1, .L204
 2318 0078 0EEA0101 		and	r1, lr, r1
 2319 007c 1143     		orrs	r1, r1, r2
 2320 007e CCF80810 		str	r1, [ip, #8]
 566:Drivers/STM32F1xx_HAL_Driver/Src/stm32f1xx_hal_adc.c ****     {
 2321              		.loc 1 566 5 is_stmt 1 view .LVU644
 566:Drivers/STM32F1xx_HAL_Driver/Src/stm32f1xx_hal_adc.c ****     {
 2322              		.loc 1 566 9 is_stmt 0 view .LVU645
 2323 0082 A168     		ldr	r1, [r4, #8]
 566:Drivers/STM32F1xx_HAL_Driver/Src/stm32f1xx_hal_adc.c ****     {
 2324              		.loc 1 566 8 view .LVU646
 2325 0084 B1F5807F 		cmp	r1, #256
 2326 0088 01D0     		beq	.L191
 566:Drivers/STM32F1xx_HAL_Driver/Src/stm32f1xx_hal_adc.c ****     {
 2327              		.loc 1 566 51 discriminator 1 view .LVU647
 2328 008a 0129     		cmp	r1, #1
ARM GAS  /var/folders/y0/yl1wrqfd209ghqq3s8k8qc1m0000gn/T//cc8LbdIE.s 			page 93


 2329 008c 02D1     		bne	.L192
 2330              	.L191:
 568:Drivers/STM32F1xx_HAL_Driver/Src/stm32f1xx_hal_adc.c ****     }
 2331              		.loc 1 568 7 is_stmt 1 view .LVU648
 568:Drivers/STM32F1xx_HAL_Driver/Src/stm32f1xx_hal_adc.c ****     }
 2332              		.loc 1 568 18 is_stmt 0 view .LVU649
 2333 008e 2369     		ldr	r3, [r4, #16]
 2334 0090 013B     		subs	r3, r3, #1
 568:Drivers/STM32F1xx_HAL_Driver/Src/stm32f1xx_hal_adc.c ****     }
 2335              		.loc 1 568 16 view .LVU650
 2336 0092 1B05     		lsls	r3, r3, #20
 2337              	.L192:
 2338              	.LVL118:
 571:Drivers/STM32F1xx_HAL_Driver/Src/stm32f1xx_hal_adc.c ****                ADC_SQR1_L          ,
 2339              		.loc 1 571 5 is_stmt 1 view .LVU651
 2340 0094 D4F800C0 		ldr	ip, [r4]
 2341 0098 DCF82C10 		ldr	r1, [ip, #44]
 2342 009c 21F47001 		bic	r1, r1, #15728640
 2343 00a0 0B43     		orrs	r3, r3, r1
 2344              	.LVL119:
 571:Drivers/STM32F1xx_HAL_Driver/Src/stm32f1xx_hal_adc.c ****                ADC_SQR1_L          ,
 2345              		.loc 1 571 5 is_stmt 0 view .LVU652
 2346 00a2 CCF82C30 		str	r3, [ip, #44]
 581:Drivers/STM32F1xx_HAL_Driver/Src/stm32f1xx_hal_adc.c ****                                         ADC_CR2_SWSTART | ADC_CR2_JSWSTART |
 2347              		.loc 1 581 5 is_stmt 1 view .LVU653
 581:Drivers/STM32F1xx_HAL_Driver/Src/stm32f1xx_hal_adc.c ****                                         ADC_CR2_SWSTART | ADC_CR2_JSWSTART |
 2348              		.loc 1 581 9 is_stmt 0 view .LVU654
 2349 00a6 2368     		ldr	r3, [r4]
 2350 00a8 9968     		ldr	r1, [r3, #8]
 2351 00aa 1E4B     		ldr	r3, .L204+4
 2352 00ac 0B40     		ands	r3, r3, r1
 581:Drivers/STM32F1xx_HAL_Driver/Src/stm32f1xx_hal_adc.c ****                                         ADC_CR2_SWSTART | ADC_CR2_JSWSTART |
 2353              		.loc 1 581 8 view .LVU655
 2354 00ae 9A42     		cmp	r2, r3
 2355 00b0 25D0     		beq	.L203
 598:Drivers/STM32F1xx_HAL_Driver/Src/stm32f1xx_hal_adc.c ****                         HAL_ADC_STATE_BUSY_INTERNAL,
 2356              		.loc 1 598 7 is_stmt 1 view .LVU656
 2357 00b2 A36A     		ldr	r3, [r4, #40]
 2358 00b4 23F01203 		bic	r3, r3, #18
 2359 00b8 43F01003 		orr	r3, r3, #16
 2360 00bc A362     		str	r3, [r4, #40]
 603:Drivers/STM32F1xx_HAL_Driver/Src/stm32f1xx_hal_adc.c ****       
 2361              		.loc 1 603 7 view .LVU657
 2362 00be E36A     		ldr	r3, [r4, #44]
 2363 00c0 43F00103 		orr	r3, r3, #1
 2364 00c4 E362     		str	r3, [r4, #44]
 605:Drivers/STM32F1xx_HAL_Driver/Src/stm32f1xx_hal_adc.c ****     }
 2365              		.loc 1 605 7 view .LVU658
 2366              	.LVL120:
 605:Drivers/STM32F1xx_HAL_Driver/Src/stm32f1xx_hal_adc.c ****     }
 2367              		.loc 1 605 22 is_stmt 0 view .LVU659
 2368 00c6 0120     		movs	r0, #1
 2369 00c8 27E0     		b	.L185
 2370              	.LVL121:
 2371              	.L200:
 451:Drivers/STM32F1xx_HAL_Driver/Src/stm32f1xx_hal_adc.c ****     
 2372              		.loc 1 451 5 is_stmt 1 view .LVU660
ARM GAS  /var/folders/y0/yl1wrqfd209ghqq3s8k8qc1m0000gn/T//cc8LbdIE.s 			page 94


 2373 00ca C362     		str	r3, [r0, #44]
 454:Drivers/STM32F1xx_HAL_Driver/Src/stm32f1xx_hal_adc.c ****     
 2374              		.loc 1 454 5 view .LVU661
 454:Drivers/STM32F1xx_HAL_Driver/Src/stm32f1xx_hal_adc.c ****     
 2375              		.loc 1 454 16 is_stmt 0 view .LVU662
 2376 00cc 80F82430 		strb	r3, [r0, #36]
 473:Drivers/STM32F1xx_HAL_Driver/Src/stm32f1xx_hal_adc.c **** #endif /* USE_HAL_ADC_REGISTER_CALLBACKS */
 2377              		.loc 1 473 5 is_stmt 1 view .LVU663
 2378 00d0 FFF7FEFF 		bl	HAL_ADC_MspInit
 2379              	.LVL122:
 473:Drivers/STM32F1xx_HAL_Driver/Src/stm32f1xx_hal_adc.c **** #endif /* USE_HAL_ADC_REGISTER_CALLBACKS */
 2380              		.loc 1 473 5 is_stmt 0 view .LVU664
 2381 00d4 9CE7     		b	.L186
 2382              	.LVL123:
 2383              	.L201:
 515:Drivers/STM32F1xx_HAL_Driver/Src/stm32f1xx_hal_adc.c ****     
 2384              		.loc 1 515 17 discriminator 3 view .LVU665
 2385 00d6 4FF4807C 		mov	ip, #256
 2386 00da B9E7     		b	.L188
 2387              	.LVL124:
 2388              	.L202:
 522:Drivers/STM32F1xx_HAL_Driver/Src/stm32f1xx_hal_adc.c ****       {
 2389              		.loc 1 522 7 is_stmt 1 view .LVU666
 522:Drivers/STM32F1xx_HAL_Driver/Src/stm32f1xx_hal_adc.c ****       {
 2390              		.loc 1 522 10 is_stmt 0 view .LVU667
 2391 00dc 31B9     		cbnz	r1, .L190
 526:Drivers/STM32F1xx_HAL_Driver/Src/stm32f1xx_hal_adc.c ****                          ADC_CR1_DISCONTINUOUS_NUM(hadc->Init.NbrOfDiscConversion)  );
 2392              		.loc 1 526 9 is_stmt 1 view .LVU668
 2393 00de A169     		ldr	r1, [r4, #24]
 2394 00e0 0139     		subs	r1, r1, #1
 2395 00e2 4CEA4131 		orr	r1, ip, r1, lsl #13
 2396 00e6 41F4006C 		orr	ip, r1, #2048
 2397              	.LVL125:
 526:Drivers/STM32F1xx_HAL_Driver/Src/stm32f1xx_hal_adc.c ****                          ADC_CR1_DISCONTINUOUS_NUM(hadc->Init.NbrOfDiscConversion)  );
 2398              		.loc 1 526 9 is_stmt 0 view .LVU669
 2399 00ea B6E7     		b	.L189
 2400              	.L190:
 535:Drivers/STM32F1xx_HAL_Driver/Src/stm32f1xx_hal_adc.c ****         
 2401              		.loc 1 535 9 is_stmt 1 view .LVU670
 2402 00ec A16A     		ldr	r1, [r4, #40]
 2403 00ee 41F02001 		orr	r1, r1, #32
 2404 00f2 A162     		str	r1, [r4, #40]
 538:Drivers/STM32F1xx_HAL_Driver/Src/stm32f1xx_hal_adc.c ****       }
 2405              		.loc 1 538 9 view .LVU671
 2406 00f4 E16A     		ldr	r1, [r4, #44]
 2407 00f6 41F00101 		orr	r1, r1, #1
 2408 00fa E162     		str	r1, [r4, #44]
 2409 00fc ADE7     		b	.L189
 2410              	.LVL126:
 2411              	.L203:
 588:Drivers/STM32F1xx_HAL_Driver/Src/stm32f1xx_hal_adc.c ****       
 2412              		.loc 1 588 7 view .LVU672
 2413 00fe 0023     		movs	r3, #0
 2414 0100 E362     		str	r3, [r4, #44]
 591:Drivers/STM32F1xx_HAL_Driver/Src/stm32f1xx_hal_adc.c ****                         HAL_ADC_STATE_BUSY_INTERNAL,
 2415              		.loc 1 591 7 view .LVU673
 2416 0102 A36A     		ldr	r3, [r4, #40]
ARM GAS  /var/folders/y0/yl1wrqfd209ghqq3s8k8qc1m0000gn/T//cc8LbdIE.s 			page 95


 2417 0104 23F00303 		bic	r3, r3, #3
 2418 0108 43F00103 		orr	r3, r3, #1
 2419 010c A362     		str	r3, [r4, #40]
 2420 010e 04E0     		b	.L185
 2421              	.LVL127:
 2422              	.L187:
 612:Drivers/STM32F1xx_HAL_Driver/Src/stm32f1xx_hal_adc.c ****         
 2423              		.loc 1 612 5 view .LVU674
 2424 0110 A36A     		ldr	r3, [r4, #40]
 2425 0112 43F01003 		orr	r3, r3, #16
 2426 0116 A362     		str	r3, [r4, #40]
 614:Drivers/STM32F1xx_HAL_Driver/Src/stm32f1xx_hal_adc.c ****   }
 2427              		.loc 1 614 5 view .LVU675
 2428              	.LVL128:
 614:Drivers/STM32F1xx_HAL_Driver/Src/stm32f1xx_hal_adc.c ****   }
 2429              		.loc 1 614 20 is_stmt 0 view .LVU676
 2430 0118 0120     		movs	r0, #1
 2431              	.LVL129:
 2432              	.L185:
 619:Drivers/STM32F1xx_HAL_Driver/Src/stm32f1xx_hal_adc.c **** 
 2433              		.loc 1 619 1 view .LVU677
 2434 011a 10BD     		pop	{r4, pc}
 2435              	.LVL130:
 2436              	.L194:
 2437              	.LCFI27:
 2438              		.cfi_def_cfa_offset 0
 2439              		.cfi_restore 4
 2440              		.cfi_restore 14
 421:Drivers/STM32F1xx_HAL_Driver/Src/stm32f1xx_hal_adc.c ****   }
 2441              		.loc 1 421 12 view .LVU678
 2442 011c 0120     		movs	r0, #1
 2443              	.LVL131:
 619:Drivers/STM32F1xx_HAL_Driver/Src/stm32f1xx_hal_adc.c **** 
 2444              		.loc 1 619 1 view .LVU679
 2445 011e 7047     		bx	lr
 2446              	.L205:
 2447              		.align	2
 2448              	.L204:
 2449 0120 FDF7E1FF 		.word	-1968131
 2450 0124 FE0E1FFF 		.word	-14741762
 2451              		.cfi_endproc
 2452              	.LFE65:
 2454              		.section	.text.HAL_ADC_DeInit,"ax",%progbits
 2455              		.align	1
 2456              		.global	HAL_ADC_DeInit
 2457              		.syntax unified
 2458              		.thumb
 2459              		.thumb_func
 2461              	HAL_ADC_DeInit:
 2462              	.LVL132:
 2463              	.LFB66:
 630:Drivers/STM32F1xx_HAL_Driver/Src/stm32f1xx_hal_adc.c ****   HAL_StatusTypeDef tmp_hal_status = HAL_OK;
 2464              		.loc 1 630 1 is_stmt 1 view -0
 2465              		.cfi_startproc
 2466              		@ args = 0, pretend = 0, frame = 0
 2467              		@ frame_needed = 0, uses_anonymous_args = 0
 630:Drivers/STM32F1xx_HAL_Driver/Src/stm32f1xx_hal_adc.c ****   HAL_StatusTypeDef tmp_hal_status = HAL_OK;
ARM GAS  /var/folders/y0/yl1wrqfd209ghqq3s8k8qc1m0000gn/T//cc8LbdIE.s 			page 96


 2468              		.loc 1 630 1 is_stmt 0 view .LVU681
 2469 0000 38B5     		push	{r3, r4, r5, lr}
 2470              	.LCFI28:
 2471              		.cfi_def_cfa_offset 16
 2472              		.cfi_offset 3, -16
 2473              		.cfi_offset 4, -12
 2474              		.cfi_offset 5, -8
 2475              		.cfi_offset 14, -4
 631:Drivers/STM32F1xx_HAL_Driver/Src/stm32f1xx_hal_adc.c ****   
 2476              		.loc 1 631 3 is_stmt 1 view .LVU682
 2477              	.LVL133:
 634:Drivers/STM32F1xx_HAL_Driver/Src/stm32f1xx_hal_adc.c ****   {
 2478              		.loc 1 634 3 view .LVU683
 634:Drivers/STM32F1xx_HAL_Driver/Src/stm32f1xx_hal_adc.c ****   {
 2479              		.loc 1 634 5 is_stmt 0 view .LVU684
 2480 0002 0028     		cmp	r0, #0
 2481 0004 68D0     		beq	.L209
 2482 0006 0446     		mov	r4, r0
 640:Drivers/STM32F1xx_HAL_Driver/Src/stm32f1xx_hal_adc.c ****   
 2483              		.loc 1 640 3 is_stmt 1 view .LVU685
 643:Drivers/STM32F1xx_HAL_Driver/Src/stm32f1xx_hal_adc.c ****   
 2484              		.loc 1 643 3 view .LVU686
 2485 0008 836A     		ldr	r3, [r0, #40]
 2486 000a 43F00203 		orr	r3, r3, #2
 2487 000e 8362     		str	r3, [r0, #40]
 647:Drivers/STM32F1xx_HAL_Driver/Src/stm32f1xx_hal_adc.c ****   
 2488              		.loc 1 647 3 view .LVU687
 647:Drivers/STM32F1xx_HAL_Driver/Src/stm32f1xx_hal_adc.c ****   
 2489              		.loc 1 647 20 is_stmt 0 view .LVU688
 2490 0010 FFF7FEFF 		bl	ADC_ConversionStop_Disable
 2491              	.LVL134:
 652:Drivers/STM32F1xx_HAL_Driver/Src/stm32f1xx_hal_adc.c ****   {
 2492              		.loc 1 652 3 is_stmt 1 view .LVU689
 652:Drivers/STM32F1xx_HAL_Driver/Src/stm32f1xx_hal_adc.c ****   {
 2493              		.loc 1 652 6 is_stmt 0 view .LVU690
 2494 0014 0546     		mov	r5, r0
 2495 0016 20B1     		cbz	r0, .L211
 2496              	.LVL135:
 2497              	.L208:
 766:Drivers/STM32F1xx_HAL_Driver/Src/stm32f1xx_hal_adc.c ****   
 2498              		.loc 1 766 3 is_stmt 1 view .LVU691
 766:Drivers/STM32F1xx_HAL_Driver/Src/stm32f1xx_hal_adc.c ****   
 2499              		.loc 1 766 3 view .LVU692
 2500 0018 0023     		movs	r3, #0
 2501 001a 84F82430 		strb	r3, [r4, #36]
 766:Drivers/STM32F1xx_HAL_Driver/Src/stm32f1xx_hal_adc.c ****   
 2502              		.loc 1 766 3 view .LVU693
 769:Drivers/STM32F1xx_HAL_Driver/Src/stm32f1xx_hal_adc.c **** }
 2503              		.loc 1 769 3 view .LVU694
 2504              	.LVL136:
 2505              	.L207:
 770:Drivers/STM32F1xx_HAL_Driver/Src/stm32f1xx_hal_adc.c **** 
 2506              		.loc 1 770 1 is_stmt 0 view .LVU695
 2507 001e 2846     		mov	r0, r5
 2508 0020 38BD     		pop	{r3, r4, r5, pc}
 2509              	.LVL137:
 2510              	.L211:
ARM GAS  /var/folders/y0/yl1wrqfd209ghqq3s8k8qc1m0000gn/T//cc8LbdIE.s 			page 97


 660:Drivers/STM32F1xx_HAL_Driver/Src/stm32f1xx_hal_adc.c ****                                 ADC_FLAG_JSTRT | ADC_FLAG_STRT));
 2511              		.loc 1 660 5 is_stmt 1 view .LVU696
 2512 0022 2368     		ldr	r3, [r4]
 2513 0024 6FF01F02 		mvn	r2, #31
 2514 0028 1A60     		str	r2, [r3]
 664:Drivers/STM32F1xx_HAL_Driver/Src/stm32f1xx_hal_adc.c ****                                     ADC_CR1_JDISCEN | ADC_CR1_DISCEN | ADC_CR1_JAUTO   | 
 2515              		.loc 1 664 5 view .LVU697
 2516 002a 2268     		ldr	r2, [r4]
 2517 002c 5168     		ldr	r1, [r2, #4]
 2518 002e 2C4B     		ldr	r3, .L212
 2519 0030 0B40     		ands	r3, r3, r1
 2520 0032 5360     		str	r3, [r2, #4]
 670:Drivers/STM32F1xx_HAL_Driver/Src/stm32f1xx_hal_adc.c ****                                     ADC_CR2_EXTTRIG | ADC_CR2_EXTSEL  | ADC_CR2_JEXTTRIG |  
 2521              		.loc 1 670 5 view .LVU698
 2522 0034 2268     		ldr	r2, [r4]
 2523 0036 9168     		ldr	r1, [r2, #8]
 2524 0038 2A4B     		ldr	r3, .L212+4
 2525 003a 0B40     		ands	r3, r3, r1
 2526 003c 9360     		str	r3, [r2, #8]
 677:Drivers/STM32F1xx_HAL_Driver/Src/stm32f1xx_hal_adc.c ****                                       ADC_SMPR1_SMP14 | ADC_SMPR1_SMP13 | ADC_SMPR1_SMP12 | 
 2527              		.loc 1 677 5 view .LVU699
 2528 003e 2268     		ldr	r2, [r4]
 2529 0040 D368     		ldr	r3, [r2, #12]
 2530 0042 03F07F43 		and	r3, r3, #-16777216
 2531 0046 D360     		str	r3, [r2, #12]
 682:Drivers/STM32F1xx_HAL_Driver/Src/stm32f1xx_hal_adc.c ****                                       ADC_SMPR2_SMP6 | ADC_SMPR2_SMP5 | ADC_SMPR2_SMP4 | 
 2532              		.loc 1 682 5 view .LVU700
 2533 0048 2268     		ldr	r2, [r4]
 2534 004a 1369     		ldr	r3, [r2, #16]
 2535 004c 03F04043 		and	r3, r3, #-1073741824
 2536 0050 1361     		str	r3, [r2, #16]
 688:Drivers/STM32F1xx_HAL_Driver/Src/stm32f1xx_hal_adc.c ****     /* Reset register JOFR2 */
 2537              		.loc 1 688 5 view .LVU701
 2538 0052 2268     		ldr	r2, [r4]
 2539 0054 5369     		ldr	r3, [r2, #20]
 2540 0056 6FF30B03 		bfc	r3, #0, #12
 2541 005a 5361     		str	r3, [r2, #20]
 690:Drivers/STM32F1xx_HAL_Driver/Src/stm32f1xx_hal_adc.c ****     /* Reset register JOFR3 */
 2542              		.loc 1 690 5 view .LVU702
 2543 005c 2268     		ldr	r2, [r4]
 2544 005e 9369     		ldr	r3, [r2, #24]
 2545 0060 6FF30B03 		bfc	r3, #0, #12
 2546 0064 9361     		str	r3, [r2, #24]
 692:Drivers/STM32F1xx_HAL_Driver/Src/stm32f1xx_hal_adc.c ****     /* Reset register JOFR4 */
 2547              		.loc 1 692 5 view .LVU703
 2548 0066 2268     		ldr	r2, [r4]
 2549 0068 D369     		ldr	r3, [r2, #28]
 2550 006a 6FF30B03 		bfc	r3, #0, #12
 2551 006e D361     		str	r3, [r2, #28]
 694:Drivers/STM32F1xx_HAL_Driver/Src/stm32f1xx_hal_adc.c ****     
 2552              		.loc 1 694 5 view .LVU704
 2553 0070 2268     		ldr	r2, [r4]
 2554 0072 136A     		ldr	r3, [r2, #32]
 2555 0074 6FF30B03 		bfc	r3, #0, #12
 2556 0078 1362     		str	r3, [r2, #32]
 697:Drivers/STM32F1xx_HAL_Driver/Src/stm32f1xx_hal_adc.c ****     /* Reset register LTR */
 2557              		.loc 1 697 5 view .LVU705
ARM GAS  /var/folders/y0/yl1wrqfd209ghqq3s8k8qc1m0000gn/T//cc8LbdIE.s 			page 98


 2558 007a 2268     		ldr	r2, [r4]
 2559 007c 536A     		ldr	r3, [r2, #36]
 2560 007e 6FF30B03 		bfc	r3, #0, #12
 2561 0082 5362     		str	r3, [r2, #36]
 699:Drivers/STM32F1xx_HAL_Driver/Src/stm32f1xx_hal_adc.c ****     
 2562              		.loc 1 699 5 view .LVU706
 2563 0084 2268     		ldr	r2, [r4]
 2564 0086 936A     		ldr	r3, [r2, #40]
 2565 0088 6FF30B03 		bfc	r3, #0, #12
 2566 008c 9362     		str	r3, [r2, #40]
 702:Drivers/STM32F1xx_HAL_Driver/Src/stm32f1xx_hal_adc.c ****                                     ADC_SQR1_SQ16 | ADC_SQR1_SQ15 | 
 2567              		.loc 1 702 5 view .LVU707
 2568 008e 2268     		ldr	r2, [r4]
 2569 0090 D36A     		ldr	r3, [r2, #44]
 2570 0092 03F07F43 		and	r3, r3, #-16777216
 2571 0096 D362     		str	r3, [r2, #44]
 707:Drivers/STM32F1xx_HAL_Driver/Src/stm32f1xx_hal_adc.c ****                                     ADC_SQR1_SQ16 | ADC_SQR1_SQ15 | 
 2572              		.loc 1 707 5 view .LVU708
 2573 0098 2268     		ldr	r2, [r4]
 2574 009a D36A     		ldr	r3, [r2, #44]
 2575 009c 03F07F43 		and	r3, r3, #-16777216
 2576 00a0 D362     		str	r3, [r2, #44]
 712:Drivers/STM32F1xx_HAL_Driver/Src/stm32f1xx_hal_adc.c ****                                     ADC_SQR2_SQ9  | ADC_SQR2_SQ8  | ADC_SQR2_SQ7   );
 2577              		.loc 1 712 5 view .LVU709
 2578 00a2 2268     		ldr	r2, [r4]
 2579 00a4 136B     		ldr	r3, [r2, #48]
 2580 00a6 03F04043 		and	r3, r3, #-1073741824
 2581 00aa 1363     		str	r3, [r2, #48]
 716:Drivers/STM32F1xx_HAL_Driver/Src/stm32f1xx_hal_adc.c ****                                     ADC_SQR3_SQ3 | ADC_SQR3_SQ2 | ADC_SQR3_SQ1  );
 2582              		.loc 1 716 5 view .LVU710
 2583 00ac 2268     		ldr	r2, [r4]
 2584 00ae 536B     		ldr	r3, [r2, #52]
 2585 00b0 03F04043 		and	r3, r3, #-1073741824
 2586 00b4 5363     		str	r3, [r2, #52]
 720:Drivers/STM32F1xx_HAL_Driver/Src/stm32f1xx_hal_adc.c ****                                     ADC_JSQR_JSQ4 | ADC_JSQR_JSQ3 | 
 2587              		.loc 1 720 5 view .LVU711
 2588 00b6 2268     		ldr	r2, [r4]
 2589 00b8 936B     		ldr	r3, [r2, #56]
 2590 00ba 6FF31503 		bfc	r3, #0, #22
 2591 00be 9363     		str	r3, [r2, #56]
 725:Drivers/STM32F1xx_HAL_Driver/Src/stm32f1xx_hal_adc.c ****                                     ADC_JSQR_JSQ4 | ADC_JSQR_JSQ3 | 
 2592              		.loc 1 725 5 view .LVU712
 2593 00c0 2268     		ldr	r2, [r4]
 2594 00c2 936B     		ldr	r3, [r2, #56]
 2595 00c4 6FF31503 		bfc	r3, #0, #22
 2596 00c8 9363     		str	r3, [r2, #56]
 754:Drivers/STM32F1xx_HAL_Driver/Src/stm32f1xx_hal_adc.c **** #endif /* USE_HAL_ADC_REGISTER_CALLBACKS */
 2597              		.loc 1 754 5 view .LVU713
 2598 00ca 2046     		mov	r0, r4
 2599              	.LVL138:
 754:Drivers/STM32F1xx_HAL_Driver/Src/stm32f1xx_hal_adc.c **** #endif /* USE_HAL_ADC_REGISTER_CALLBACKS */
 2600              		.loc 1 754 5 is_stmt 0 view .LVU714
 2601 00cc FFF7FEFF 		bl	HAL_ADC_MspDeInit
 2602              	.LVL139:
 758:Drivers/STM32F1xx_HAL_Driver/Src/stm32f1xx_hal_adc.c ****     
 2603              		.loc 1 758 5 is_stmt 1 view .LVU715
 2604 00d0 0023     		movs	r3, #0
ARM GAS  /var/folders/y0/yl1wrqfd209ghqq3s8k8qc1m0000gn/T//cc8LbdIE.s 			page 99


 2605 00d2 E362     		str	r3, [r4, #44]
 761:Drivers/STM32F1xx_HAL_Driver/Src/stm32f1xx_hal_adc.c ****   
 2606              		.loc 1 761 5 view .LVU716
 761:Drivers/STM32F1xx_HAL_Driver/Src/stm32f1xx_hal_adc.c ****   
 2607              		.loc 1 761 17 is_stmt 0 view .LVU717
 2608 00d4 A362     		str	r3, [r4, #40]
 2609 00d6 9FE7     		b	.L208
 2610              	.LVL140:
 2611              	.L209:
 636:Drivers/STM32F1xx_HAL_Driver/Src/stm32f1xx_hal_adc.c ****   }
 2612              		.loc 1 636 13 view .LVU718
 2613 00d8 0123     		movs	r3, #1
 2614 00da 1D46     		mov	r5, r3
 2615 00dc 9FE7     		b	.L207
 2616              	.L213:
 2617 00de 00BF     		.align	2
 2618              	.L212:
 2619 00e0 00003FFF 		.word	-12648448
 2620 00e4 F00601FF 		.word	-16709904
 2621              		.cfi_endproc
 2622              	.LFE66:
 2624              		.section	.text.HAL_ADC_Stop,"ax",%progbits
 2625              		.align	1
 2626              		.global	HAL_ADC_Stop
 2627              		.syntax unified
 2628              		.thumb
 2629              		.thumb_func
 2631              	HAL_ADC_Stop:
 2632              	.LVL141:
 2633              	.LFB70:
1150:Drivers/STM32F1xx_HAL_Driver/Src/stm32f1xx_hal_adc.c ****   HAL_StatusTypeDef tmp_hal_status = HAL_OK;
 2634              		.loc 1 1150 1 is_stmt 1 view -0
 2635              		.cfi_startproc
 2636              		@ args = 0, pretend = 0, frame = 0
 2637              		@ frame_needed = 0, uses_anonymous_args = 0
1151:Drivers/STM32F1xx_HAL_Driver/Src/stm32f1xx_hal_adc.c ****   
 2638              		.loc 1 1151 3 view .LVU720
1154:Drivers/STM32F1xx_HAL_Driver/Src/stm32f1xx_hal_adc.c ****      
 2639              		.loc 1 1154 3 view .LVU721
1157:Drivers/STM32F1xx_HAL_Driver/Src/stm32f1xx_hal_adc.c ****   
 2640              		.loc 1 1157 3 view .LVU722
1157:Drivers/STM32F1xx_HAL_Driver/Src/stm32f1xx_hal_adc.c ****   
 2641              		.loc 1 1157 3 view .LVU723
 2642 0000 90F82430 		ldrb	r3, [r0, #36]	@ zero_extendqisi2
 2643 0004 012B     		cmp	r3, #1
 2644 0006 13D0     		beq	.L217
1150:Drivers/STM32F1xx_HAL_Driver/Src/stm32f1xx_hal_adc.c ****   HAL_StatusTypeDef tmp_hal_status = HAL_OK;
 2645              		.loc 1 1150 1 is_stmt 0 view .LVU724
 2646 0008 10B5     		push	{r4, lr}
 2647              	.LCFI29:
 2648              		.cfi_def_cfa_offset 8
 2649              		.cfi_offset 4, -8
 2650              		.cfi_offset 14, -4
 2651 000a 0446     		mov	r4, r0
1157:Drivers/STM32F1xx_HAL_Driver/Src/stm32f1xx_hal_adc.c ****   
 2652              		.loc 1 1157 3 is_stmt 1 discriminator 2 view .LVU725
 2653 000c 0123     		movs	r3, #1
ARM GAS  /var/folders/y0/yl1wrqfd209ghqq3s8k8qc1m0000gn/T//cc8LbdIE.s 			page 100


 2654 000e 80F82430 		strb	r3, [r0, #36]
1157:Drivers/STM32F1xx_HAL_Driver/Src/stm32f1xx_hal_adc.c ****   
 2655              		.loc 1 1157 3 view .LVU726
1161:Drivers/STM32F1xx_HAL_Driver/Src/stm32f1xx_hal_adc.c ****   
 2656              		.loc 1 1161 3 view .LVU727
1161:Drivers/STM32F1xx_HAL_Driver/Src/stm32f1xx_hal_adc.c ****   
 2657              		.loc 1 1161 20 is_stmt 0 view .LVU728
 2658 0012 FFF7FEFF 		bl	ADC_ConversionStop_Disable
 2659              	.LVL142:
1164:Drivers/STM32F1xx_HAL_Driver/Src/stm32f1xx_hal_adc.c ****   {
 2660              		.loc 1 1164 3 is_stmt 1 view .LVU729
1164:Drivers/STM32F1xx_HAL_Driver/Src/stm32f1xx_hal_adc.c ****   {
 2661              		.loc 1 1164 6 is_stmt 0 view .LVU730
 2662 0016 38B9     		cbnz	r0, .L216
1167:Drivers/STM32F1xx_HAL_Driver/Src/stm32f1xx_hal_adc.c ****                       HAL_ADC_STATE_REG_BUSY | HAL_ADC_STATE_INJ_BUSY,
 2663              		.loc 1 1167 5 is_stmt 1 view .LVU731
 2664 0018 A36A     		ldr	r3, [r4, #40]
 2665 001a 23F48853 		bic	r3, r3, #4352
 2666 001e 23F00103 		bic	r3, r3, #1
 2667 0022 43F00103 		orr	r3, r3, #1
 2668 0026 A362     		str	r3, [r4, #40]
 2669              	.L216:
1173:Drivers/STM32F1xx_HAL_Driver/Src/stm32f1xx_hal_adc.c ****   
 2670              		.loc 1 1173 3 view .LVU732
1173:Drivers/STM32F1xx_HAL_Driver/Src/stm32f1xx_hal_adc.c ****   
 2671              		.loc 1 1173 3 view .LVU733
 2672 0028 0023     		movs	r3, #0
 2673 002a 84F82430 		strb	r3, [r4, #36]
1173:Drivers/STM32F1xx_HAL_Driver/Src/stm32f1xx_hal_adc.c ****   
 2674              		.loc 1 1173 3 view .LVU734
1176:Drivers/STM32F1xx_HAL_Driver/Src/stm32f1xx_hal_adc.c **** }
 2675              		.loc 1 1176 3 view .LVU735
1177:Drivers/STM32F1xx_HAL_Driver/Src/stm32f1xx_hal_adc.c **** 
 2676              		.loc 1 1177 1 is_stmt 0 view .LVU736
 2677 002e 10BD     		pop	{r4, pc}
 2678              	.LVL143:
 2679              	.L217:
 2680              	.LCFI30:
 2681              		.cfi_def_cfa_offset 0
 2682              		.cfi_restore 4
 2683              		.cfi_restore 14
1157:Drivers/STM32F1xx_HAL_Driver/Src/stm32f1xx_hal_adc.c ****   
 2684              		.loc 1 1157 3 discriminator 1 view .LVU737
 2685 0030 0220     		movs	r0, #2
 2686              	.LVL144:
1177:Drivers/STM32F1xx_HAL_Driver/Src/stm32f1xx_hal_adc.c **** 
 2687              		.loc 1 1177 1 view .LVU738
 2688 0032 7047     		bx	lr
 2689              		.cfi_endproc
 2690              	.LFE70:
 2692              		.section	.text.HAL_ADC_Stop_IT,"ax",%progbits
 2693              		.align	1
 2694              		.global	HAL_ADC_Stop_IT
 2695              		.syntax unified
 2696              		.thumb
 2697              		.thumb_func
 2699              	HAL_ADC_Stop_IT:
ARM GAS  /var/folders/y0/yl1wrqfd209ghqq3s8k8qc1m0000gn/T//cc8LbdIE.s 			page 101


 2700              	.LVL145:
 2701              	.LFB74:
1497:Drivers/STM32F1xx_HAL_Driver/Src/stm32f1xx_hal_adc.c ****   HAL_StatusTypeDef tmp_hal_status = HAL_OK;
 2702              		.loc 1 1497 1 is_stmt 1 view -0
 2703              		.cfi_startproc
 2704              		@ args = 0, pretend = 0, frame = 0
 2705              		@ frame_needed = 0, uses_anonymous_args = 0
1498:Drivers/STM32F1xx_HAL_Driver/Src/stm32f1xx_hal_adc.c ****   
 2706              		.loc 1 1498 3 view .LVU740
1501:Drivers/STM32F1xx_HAL_Driver/Src/stm32f1xx_hal_adc.c ****      
 2707              		.loc 1 1501 3 view .LVU741
1504:Drivers/STM32F1xx_HAL_Driver/Src/stm32f1xx_hal_adc.c ****   
 2708              		.loc 1 1504 3 view .LVU742
1504:Drivers/STM32F1xx_HAL_Driver/Src/stm32f1xx_hal_adc.c ****   
 2709              		.loc 1 1504 3 view .LVU743
 2710 0000 90F82430 		ldrb	r3, [r0, #36]	@ zero_extendqisi2
 2711 0004 012B     		cmp	r3, #1
 2712 0006 18D0     		beq	.L225
1497:Drivers/STM32F1xx_HAL_Driver/Src/stm32f1xx_hal_adc.c ****   HAL_StatusTypeDef tmp_hal_status = HAL_OK;
 2713              		.loc 1 1497 1 is_stmt 0 view .LVU744
 2714 0008 10B5     		push	{r4, lr}
 2715              	.LCFI31:
 2716              		.cfi_def_cfa_offset 8
 2717              		.cfi_offset 4, -8
 2718              		.cfi_offset 14, -4
 2719 000a 0446     		mov	r4, r0
1504:Drivers/STM32F1xx_HAL_Driver/Src/stm32f1xx_hal_adc.c ****   
 2720              		.loc 1 1504 3 is_stmt 1 discriminator 2 view .LVU745
 2721 000c 0123     		movs	r3, #1
 2722 000e 80F82430 		strb	r3, [r0, #36]
1504:Drivers/STM32F1xx_HAL_Driver/Src/stm32f1xx_hal_adc.c ****   
 2723              		.loc 1 1504 3 view .LVU746
1508:Drivers/STM32F1xx_HAL_Driver/Src/stm32f1xx_hal_adc.c ****   
 2724              		.loc 1 1508 3 view .LVU747
1508:Drivers/STM32F1xx_HAL_Driver/Src/stm32f1xx_hal_adc.c ****   
 2725              		.loc 1 1508 20 is_stmt 0 view .LVU748
 2726 0012 FFF7FEFF 		bl	ADC_ConversionStop_Disable
 2727              	.LVL146:
1511:Drivers/STM32F1xx_HAL_Driver/Src/stm32f1xx_hal_adc.c ****   {
 2728              		.loc 1 1511 3 is_stmt 1 view .LVU749
1511:Drivers/STM32F1xx_HAL_Driver/Src/stm32f1xx_hal_adc.c ****   {
 2729              		.loc 1 1511 6 is_stmt 0 view .LVU750
 2730 0016 60B9     		cbnz	r0, .L224
1514:Drivers/STM32F1xx_HAL_Driver/Src/stm32f1xx_hal_adc.c ****     
 2731              		.loc 1 1514 5 is_stmt 1 view .LVU751
 2732 0018 2268     		ldr	r2, [r4]
 2733 001a 5368     		ldr	r3, [r2, #4]
 2734 001c 23F02003 		bic	r3, r3, #32
 2735 0020 5360     		str	r3, [r2, #4]
1517:Drivers/STM32F1xx_HAL_Driver/Src/stm32f1xx_hal_adc.c ****                       HAL_ADC_STATE_REG_BUSY | HAL_ADC_STATE_INJ_BUSY,
 2736              		.loc 1 1517 5 view .LVU752
 2737 0022 A36A     		ldr	r3, [r4, #40]
 2738 0024 23F48853 		bic	r3, r3, #4352
 2739 0028 23F00103 		bic	r3, r3, #1
 2740 002c 43F00103 		orr	r3, r3, #1
 2741 0030 A362     		str	r3, [r4, #40]
 2742              	.L224:
ARM GAS  /var/folders/y0/yl1wrqfd209ghqq3s8k8qc1m0000gn/T//cc8LbdIE.s 			page 102


1523:Drivers/STM32F1xx_HAL_Driver/Src/stm32f1xx_hal_adc.c ****   
 2743              		.loc 1 1523 3 view .LVU753
1523:Drivers/STM32F1xx_HAL_Driver/Src/stm32f1xx_hal_adc.c ****   
 2744              		.loc 1 1523 3 view .LVU754
 2745 0032 0023     		movs	r3, #0
 2746 0034 84F82430 		strb	r3, [r4, #36]
1523:Drivers/STM32F1xx_HAL_Driver/Src/stm32f1xx_hal_adc.c ****   
 2747              		.loc 1 1523 3 view .LVU755
1526:Drivers/STM32F1xx_HAL_Driver/Src/stm32f1xx_hal_adc.c **** }
 2748              		.loc 1 1526 3 view .LVU756
1527:Drivers/STM32F1xx_HAL_Driver/Src/stm32f1xx_hal_adc.c **** 
 2749              		.loc 1 1527 1 is_stmt 0 view .LVU757
 2750 0038 10BD     		pop	{r4, pc}
 2751              	.LVL147:
 2752              	.L225:
 2753              	.LCFI32:
 2754              		.cfi_def_cfa_offset 0
 2755              		.cfi_restore 4
 2756              		.cfi_restore 14
1504:Drivers/STM32F1xx_HAL_Driver/Src/stm32f1xx_hal_adc.c ****   
 2757              		.loc 1 1504 3 discriminator 1 view .LVU758
 2758 003a 0220     		movs	r0, #2
 2759              	.LVL148:
1527:Drivers/STM32F1xx_HAL_Driver/Src/stm32f1xx_hal_adc.c **** 
 2760              		.loc 1 1527 1 view .LVU759
 2761 003c 7047     		bx	lr
 2762              		.cfi_endproc
 2763              	.LFE74:
 2765              		.section	.text.HAL_ADC_Stop_DMA,"ax",%progbits
 2766              		.align	1
 2767              		.global	HAL_ADC_Stop_DMA
 2768              		.syntax unified
 2769              		.thumb
 2770              		.thumb_func
 2772              	HAL_ADC_Stop_DMA:
 2773              	.LVL149:
 2774              	.LFB76:
1695:Drivers/STM32F1xx_HAL_Driver/Src/stm32f1xx_hal_adc.c ****   HAL_StatusTypeDef tmp_hal_status = HAL_OK;
 2775              		.loc 1 1695 1 is_stmt 1 view -0
 2776              		.cfi_startproc
 2777              		@ args = 0, pretend = 0, frame = 0
 2778              		@ frame_needed = 0, uses_anonymous_args = 0
1696:Drivers/STM32F1xx_HAL_Driver/Src/stm32f1xx_hal_adc.c ****   
 2779              		.loc 1 1696 3 view .LVU761
1699:Drivers/STM32F1xx_HAL_Driver/Src/stm32f1xx_hal_adc.c ****      
 2780              		.loc 1 1699 3 view .LVU762
1702:Drivers/STM32F1xx_HAL_Driver/Src/stm32f1xx_hal_adc.c ****   
 2781              		.loc 1 1702 3 view .LVU763
1702:Drivers/STM32F1xx_HAL_Driver/Src/stm32f1xx_hal_adc.c ****   
 2782              		.loc 1 1702 3 view .LVU764
 2783 0000 90F82430 		ldrb	r3, [r0, #36]	@ zero_extendqisi2
 2784 0004 012B     		cmp	r3, #1
 2785 0006 27D0     		beq	.L234
1695:Drivers/STM32F1xx_HAL_Driver/Src/stm32f1xx_hal_adc.c ****   HAL_StatusTypeDef tmp_hal_status = HAL_OK;
 2786              		.loc 1 1695 1 is_stmt 0 view .LVU765
 2787 0008 10B5     		push	{r4, lr}
 2788              	.LCFI33:
ARM GAS  /var/folders/y0/yl1wrqfd209ghqq3s8k8qc1m0000gn/T//cc8LbdIE.s 			page 103


 2789              		.cfi_def_cfa_offset 8
 2790              		.cfi_offset 4, -8
 2791              		.cfi_offset 14, -4
 2792 000a 0446     		mov	r4, r0
1702:Drivers/STM32F1xx_HAL_Driver/Src/stm32f1xx_hal_adc.c ****   
 2793              		.loc 1 1702 3 is_stmt 1 discriminator 2 view .LVU766
 2794 000c 0123     		movs	r3, #1
 2795 000e 80F82430 		strb	r3, [r0, #36]
1702:Drivers/STM32F1xx_HAL_Driver/Src/stm32f1xx_hal_adc.c ****   
 2796              		.loc 1 1702 3 view .LVU767
1706:Drivers/STM32F1xx_HAL_Driver/Src/stm32f1xx_hal_adc.c ****   
 2797              		.loc 1 1706 3 view .LVU768
1706:Drivers/STM32F1xx_HAL_Driver/Src/stm32f1xx_hal_adc.c ****   
 2798              		.loc 1 1706 20 is_stmt 0 view .LVU769
 2799 0012 FFF7FEFF 		bl	ADC_ConversionStop_Disable
 2800              	.LVL150:
1709:Drivers/STM32F1xx_HAL_Driver/Src/stm32f1xx_hal_adc.c ****   {
 2801              		.loc 1 1709 3 is_stmt 1 view .LVU770
1709:Drivers/STM32F1xx_HAL_Driver/Src/stm32f1xx_hal_adc.c ****   {
 2802              		.loc 1 1709 6 is_stmt 0 view .LVU771
 2803 0016 48B9     		cbnz	r0, .L232
1712:Drivers/STM32F1xx_HAL_Driver/Src/stm32f1xx_hal_adc.c ****     
 2804              		.loc 1 1712 5 is_stmt 1 view .LVU772
 2805 0018 2268     		ldr	r2, [r4]
 2806 001a 9368     		ldr	r3, [r2, #8]
 2807 001c 23F48073 		bic	r3, r3, #256
 2808 0020 9360     		str	r3, [r2, #8]
1716:Drivers/STM32F1xx_HAL_Driver/Src/stm32f1xx_hal_adc.c ****     {
 2809              		.loc 1 1716 5 view .LVU773
1716:Drivers/STM32F1xx_HAL_Driver/Src/stm32f1xx_hal_adc.c ****     {
 2810              		.loc 1 1716 13 is_stmt 0 view .LVU774
 2811 0022 236A     		ldr	r3, [r4, #32]
1716:Drivers/STM32F1xx_HAL_Driver/Src/stm32f1xx_hal_adc.c ****     {
 2812              		.loc 1 1716 25 view .LVU775
 2813 0024 93F82120 		ldrb	r2, [r3, #33]	@ zero_extendqisi2
1716:Drivers/STM32F1xx_HAL_Driver/Src/stm32f1xx_hal_adc.c ****     {
 2814              		.loc 1 1716 8 view .LVU776
 2815 0028 022A     		cmp	r2, #2
 2816 002a 03D0     		beq	.L239
 2817              	.L232:
1737:Drivers/STM32F1xx_HAL_Driver/Src/stm32f1xx_hal_adc.c ****     
 2818              		.loc 1 1737 3 is_stmt 1 view .LVU777
1737:Drivers/STM32F1xx_HAL_Driver/Src/stm32f1xx_hal_adc.c ****     
 2819              		.loc 1 1737 3 view .LVU778
 2820 002c 0023     		movs	r3, #0
 2821 002e 84F82430 		strb	r3, [r4, #36]
1737:Drivers/STM32F1xx_HAL_Driver/Src/stm32f1xx_hal_adc.c ****     
 2822              		.loc 1 1737 3 view .LVU779
1740:Drivers/STM32F1xx_HAL_Driver/Src/stm32f1xx_hal_adc.c **** }
 2823              		.loc 1 1740 3 view .LVU780
1741:Drivers/STM32F1xx_HAL_Driver/Src/stm32f1xx_hal_adc.c **** 
 2824              		.loc 1 1741 1 is_stmt 0 view .LVU781
 2825 0032 10BD     		pop	{r4, pc}
 2826              	.LVL151:
 2827              	.L239:
1718:Drivers/STM32F1xx_HAL_Driver/Src/stm32f1xx_hal_adc.c ****       
 2828              		.loc 1 1718 7 is_stmt 1 view .LVU782
ARM GAS  /var/folders/y0/yl1wrqfd209ghqq3s8k8qc1m0000gn/T//cc8LbdIE.s 			page 104


1718:Drivers/STM32F1xx_HAL_Driver/Src/stm32f1xx_hal_adc.c ****       
 2829              		.loc 1 1718 24 is_stmt 0 view .LVU783
 2830 0034 1846     		mov	r0, r3
 2831              	.LVL152:
1718:Drivers/STM32F1xx_HAL_Driver/Src/stm32f1xx_hal_adc.c ****       
 2832              		.loc 1 1718 24 view .LVU784
 2833 0036 FFF7FEFF 		bl	HAL_DMA_Abort
 2834              	.LVL153:
1721:Drivers/STM32F1xx_HAL_Driver/Src/stm32f1xx_hal_adc.c ****       {
 2835              		.loc 1 1721 7 is_stmt 1 view .LVU785
1721:Drivers/STM32F1xx_HAL_Driver/Src/stm32f1xx_hal_adc.c ****       {
 2836              		.loc 1 1721 10 is_stmt 0 view .LVU786
 2837 003a 40B9     		cbnz	r0, .L233
1724:Drivers/STM32F1xx_HAL_Driver/Src/stm32f1xx_hal_adc.c ****                           HAL_ADC_STATE_REG_BUSY | HAL_ADC_STATE_INJ_BUSY,
 2838              		.loc 1 1724 9 is_stmt 1 view .LVU787
 2839 003c A36A     		ldr	r3, [r4, #40]
 2840 003e 23F48853 		bic	r3, r3, #4352
 2841 0042 23F00103 		bic	r3, r3, #1
 2842 0046 43F00103 		orr	r3, r3, #1
 2843 004a A362     		str	r3, [r4, #40]
 2844 004c EEE7     		b	.L232
 2845              	.L233:
1731:Drivers/STM32F1xx_HAL_Driver/Src/stm32f1xx_hal_adc.c ****       }
 2846              		.loc 1 1731 9 view .LVU788
 2847 004e A36A     		ldr	r3, [r4, #40]
 2848 0050 43F04003 		orr	r3, r3, #64
 2849 0054 A362     		str	r3, [r4, #40]
 2850 0056 E9E7     		b	.L232
 2851              	.LVL154:
 2852              	.L234:
 2853              	.LCFI34:
 2854              		.cfi_def_cfa_offset 0
 2855              		.cfi_restore 4
 2856              		.cfi_restore 14
1702:Drivers/STM32F1xx_HAL_Driver/Src/stm32f1xx_hal_adc.c ****   
 2857              		.loc 1 1702 3 is_stmt 0 discriminator 1 view .LVU789
 2858 0058 0220     		movs	r0, #2
 2859              	.LVL155:
1741:Drivers/STM32F1xx_HAL_Driver/Src/stm32f1xx_hal_adc.c **** 
 2860              		.loc 1 1741 1 view .LVU790
 2861 005a 7047     		bx	lr
 2862              		.cfi_endproc
 2863              	.LFE76:
 2865              		.text
 2866              	.Letext0:
 2867              		.file 2 "/Applications/ArmGNUToolchain/15.3.rel1/arm-none-eabi/arm-none-eabi/include/machine/_defa
 2868              		.file 3 "/Applications/ArmGNUToolchain/15.3.rel1/arm-none-eabi/arm-none-eabi/include/sys/_stdint.h
 2869              		.file 4 "Drivers/CMSIS/Device/ST/STM32F1xx/Include/stm32f103xb.h"
 2870              		.file 5 "Drivers/CMSIS/Device/ST/STM32F1xx/Include/stm32f1xx.h"
 2871              		.file 6 "Drivers/STM32F1xx_HAL_Driver/Inc/stm32f1xx_hal_def.h"
 2872              		.file 7 "Drivers/STM32F1xx_HAL_Driver/Inc/stm32f1xx_hal_dma.h"
 2873              		.file 8 "Drivers/STM32F1xx_HAL_Driver/Inc/stm32f1xx_hal_adc.h"
 2874              		.file 9 "Drivers/STM32F1xx_HAL_Driver/Inc/stm32f1xx_hal_rcc_ex.h"
 2875              		.file 10 "Drivers/CMSIS/Device/ST/STM32F1xx/Include/system_stm32f1xx.h"
 2876              		.file 11 "Drivers/STM32F1xx_HAL_Driver/Inc/stm32f1xx_hal_adc_ex.h"
 2877              		.file 12 "Drivers/STM32F1xx_HAL_Driver/Inc/stm32f1xx_hal.h"
ARM GAS  /var/folders/y0/yl1wrqfd209ghqq3s8k8qc1m0000gn/T//cc8LbdIE.s 			page 105


DEFINED SYMBOLS
                            *ABS*:00000000 stm32f1xx_hal_adc.c
/var/folders/y0/yl1wrqfd209ghqq3s8k8qc1m0000gn/T//cc8LbdIE.s:19     .text.HAL_ADC_MspInit:00000000 $t
/var/folders/y0/yl1wrqfd209ghqq3s8k8qc1m0000gn/T//cc8LbdIE.s:25     .text.HAL_ADC_MspInit:00000000 HAL_ADC_MspInit
/var/folders/y0/yl1wrqfd209ghqq3s8k8qc1m0000gn/T//cc8LbdIE.s:40     .text.HAL_ADC_MspDeInit:00000000 $t
/var/folders/y0/yl1wrqfd209ghqq3s8k8qc1m0000gn/T//cc8LbdIE.s:46     .text.HAL_ADC_MspDeInit:00000000 HAL_ADC_MspDeInit
/var/folders/y0/yl1wrqfd209ghqq3s8k8qc1m0000gn/T//cc8LbdIE.s:61     .text.HAL_ADC_PollForConversion:00000000 $t
/var/folders/y0/yl1wrqfd209ghqq3s8k8qc1m0000gn/T//cc8LbdIE.s:67     .text.HAL_ADC_PollForConversion:00000000 HAL_ADC_PollForConversion
/var/folders/y0/yl1wrqfd209ghqq3s8k8qc1m0000gn/T//cc8LbdIE.s:378    .text.HAL_ADC_PollForConversion:00000170 $d
/var/folders/y0/yl1wrqfd209ghqq3s8k8qc1m0000gn/T//cc8LbdIE.s:387    .text.HAL_ADC_PollForEvent:00000000 $t
/var/folders/y0/yl1wrqfd209ghqq3s8k8qc1m0000gn/T//cc8LbdIE.s:393    .text.HAL_ADC_PollForEvent:00000000 HAL_ADC_PollForEvent
/var/folders/y0/yl1wrqfd209ghqq3s8k8qc1m0000gn/T//cc8LbdIE.s:490    .text.HAL_ADC_GetValue:00000000 $t
/var/folders/y0/yl1wrqfd209ghqq3s8k8qc1m0000gn/T//cc8LbdIE.s:496    .text.HAL_ADC_GetValue:00000000 HAL_ADC_GetValue
/var/folders/y0/yl1wrqfd209ghqq3s8k8qc1m0000gn/T//cc8LbdIE.s:517    .text.HAL_ADC_ConvCpltCallback:00000000 $t
/var/folders/y0/yl1wrqfd209ghqq3s8k8qc1m0000gn/T//cc8LbdIE.s:523    .text.HAL_ADC_ConvCpltCallback:00000000 HAL_ADC_ConvCpltCallback
/var/folders/y0/yl1wrqfd209ghqq3s8k8qc1m0000gn/T//cc8LbdIE.s:538    .text.ADC_DMAConvCplt:00000000 $t
/var/folders/y0/yl1wrqfd209ghqq3s8k8qc1m0000gn/T//cc8LbdIE.s:544    .text.ADC_DMAConvCplt:00000000 ADC_DMAConvCplt
/var/folders/y0/yl1wrqfd209ghqq3s8k8qc1m0000gn/T//cc8LbdIE.s:627    .text.HAL_ADC_ConvHalfCpltCallback:00000000 $t
/var/folders/y0/yl1wrqfd209ghqq3s8k8qc1m0000gn/T//cc8LbdIE.s:633    .text.HAL_ADC_ConvHalfCpltCallback:00000000 HAL_ADC_ConvHalfCpltCallback
/var/folders/y0/yl1wrqfd209ghqq3s8k8qc1m0000gn/T//cc8LbdIE.s:648    .text.ADC_DMAHalfConvCplt:00000000 $t
/var/folders/y0/yl1wrqfd209ghqq3s8k8qc1m0000gn/T//cc8LbdIE.s:654    .text.ADC_DMAHalfConvCplt:00000000 ADC_DMAHalfConvCplt
/var/folders/y0/yl1wrqfd209ghqq3s8k8qc1m0000gn/T//cc8LbdIE.s:681    .text.HAL_ADC_LevelOutOfWindowCallback:00000000 $t
/var/folders/y0/yl1wrqfd209ghqq3s8k8qc1m0000gn/T//cc8LbdIE.s:687    .text.HAL_ADC_LevelOutOfWindowCallback:00000000 HAL_ADC_LevelOutOfWindowCallback
/var/folders/y0/yl1wrqfd209ghqq3s8k8qc1m0000gn/T//cc8LbdIE.s:702    .text.HAL_ADC_IRQHandler:00000000 $t
/var/folders/y0/yl1wrqfd209ghqq3s8k8qc1m0000gn/T//cc8LbdIE.s:708    .text.HAL_ADC_IRQHandler:00000000 HAL_ADC_IRQHandler
/var/folders/y0/yl1wrqfd209ghqq3s8k8qc1m0000gn/T//cc8LbdIE.s:906    .text.HAL_ADC_ErrorCallback:00000000 $t
/var/folders/y0/yl1wrqfd209ghqq3s8k8qc1m0000gn/T//cc8LbdIE.s:912    .text.HAL_ADC_ErrorCallback:00000000 HAL_ADC_ErrorCallback
/var/folders/y0/yl1wrqfd209ghqq3s8k8qc1m0000gn/T//cc8LbdIE.s:927    .text.ADC_DMAError:00000000 $t
/var/folders/y0/yl1wrqfd209ghqq3s8k8qc1m0000gn/T//cc8LbdIE.s:933    .text.ADC_DMAError:00000000 ADC_DMAError
/var/folders/y0/yl1wrqfd209ghqq3s8k8qc1m0000gn/T//cc8LbdIE.s:967    .text.HAL_ADC_ConfigChannel:00000000 $t
/var/folders/y0/yl1wrqfd209ghqq3s8k8qc1m0000gn/T//cc8LbdIE.s:973    .text.HAL_ADC_ConfigChannel:00000000 HAL_ADC_ConfigChannel
/var/folders/y0/yl1wrqfd209ghqq3s8k8qc1m0000gn/T//cc8LbdIE.s:1213   .text.HAL_ADC_ConfigChannel:00000168 $d
/var/folders/y0/yl1wrqfd209ghqq3s8k8qc1m0000gn/T//cc8LbdIE.s:1220   .text.HAL_ADC_AnalogWDGConfig:00000000 $t
/var/folders/y0/yl1wrqfd209ghqq3s8k8qc1m0000gn/T//cc8LbdIE.s:1226   .text.HAL_ADC_AnalogWDGConfig:00000000 HAL_ADC_AnalogWDGConfig
/var/folders/y0/yl1wrqfd209ghqq3s8k8qc1m0000gn/T//cc8LbdIE.s:1328   .text.HAL_ADC_AnalogWDGConfig:00000060 $d
/var/folders/y0/yl1wrqfd209ghqq3s8k8qc1m0000gn/T//cc8LbdIE.s:1333   .text.HAL_ADC_GetState:00000000 $t
/var/folders/y0/yl1wrqfd209ghqq3s8k8qc1m0000gn/T//cc8LbdIE.s:1339   .text.HAL_ADC_GetState:00000000 HAL_ADC_GetState
/var/folders/y0/yl1wrqfd209ghqq3s8k8qc1m0000gn/T//cc8LbdIE.s:1357   .text.HAL_ADC_GetError:00000000 $t
/var/folders/y0/yl1wrqfd209ghqq3s8k8qc1m0000gn/T//cc8LbdIE.s:1363   .text.HAL_ADC_GetError:00000000 HAL_ADC_GetError
/var/folders/y0/yl1wrqfd209ghqq3s8k8qc1m0000gn/T//cc8LbdIE.s:1381   .text.ADC_Enable:00000000 $t
/var/folders/y0/yl1wrqfd209ghqq3s8k8qc1m0000gn/T//cc8LbdIE.s:1387   .text.ADC_Enable:00000000 ADC_Enable
/var/folders/y0/yl1wrqfd209ghqq3s8k8qc1m0000gn/T//cc8LbdIE.s:1513   .text.ADC_Enable:00000080 $d
/var/folders/y0/yl1wrqfd209ghqq3s8k8qc1m0000gn/T//cc8LbdIE.s:1519   .text.HAL_ADC_Start:00000000 $t
/var/folders/y0/yl1wrqfd209ghqq3s8k8qc1m0000gn/T//cc8LbdIE.s:1525   .text.HAL_ADC_Start:00000000 HAL_ADC_Start
/var/folders/y0/yl1wrqfd209ghqq3s8k8qc1m0000gn/T//cc8LbdIE.s:1689   .text.HAL_ADC_Start:000000e0 $d
/var/folders/y0/yl1wrqfd209ghqq3s8k8qc1m0000gn/T//cc8LbdIE.s:1695   .text.HAL_ADC_Start_IT:00000000 $t
/var/folders/y0/yl1wrqfd209ghqq3s8k8qc1m0000gn/T//cc8LbdIE.s:1701   .text.HAL_ADC_Start_IT:00000000 HAL_ADC_Start_IT
/var/folders/y0/yl1wrqfd209ghqq3s8k8qc1m0000gn/T//cc8LbdIE.s:1870   .text.HAL_ADC_Start_IT:000000e8 $d
/var/folders/y0/yl1wrqfd209ghqq3s8k8qc1m0000gn/T//cc8LbdIE.s:1876   .text.HAL_ADC_Start_DMA:00000000 $t
/var/folders/y0/yl1wrqfd209ghqq3s8k8qc1m0000gn/T//cc8LbdIE.s:1882   .text.HAL_ADC_Start_DMA:00000000 HAL_ADC_Start_DMA
/var/folders/y0/yl1wrqfd209ghqq3s8k8qc1m0000gn/T//cc8LbdIE.s:2104   .text.HAL_ADC_Start_DMA:00000120 $d
/var/folders/y0/yl1wrqfd209ghqq3s8k8qc1m0000gn/T//cc8LbdIE.s:2113   .text.ADC_ConversionStop_Disable:00000000 $t
/var/folders/y0/yl1wrqfd209ghqq3s8k8qc1m0000gn/T//cc8LbdIE.s:2119   .text.ADC_ConversionStop_Disable:00000000 ADC_ConversionStop_Disable
/var/folders/y0/yl1wrqfd209ghqq3s8k8qc1m0000gn/T//cc8LbdIE.s:2209   .text.HAL_ADC_Init:00000000 $t
/var/folders/y0/yl1wrqfd209ghqq3s8k8qc1m0000gn/T//cc8LbdIE.s:2215   .text.HAL_ADC_Init:00000000 HAL_ADC_Init
/var/folders/y0/yl1wrqfd209ghqq3s8k8qc1m0000gn/T//cc8LbdIE.s:2449   .text.HAL_ADC_Init:00000120 $d
/var/folders/y0/yl1wrqfd209ghqq3s8k8qc1m0000gn/T//cc8LbdIE.s:2455   .text.HAL_ADC_DeInit:00000000 $t
ARM GAS  /var/folders/y0/yl1wrqfd209ghqq3s8k8qc1m0000gn/T//cc8LbdIE.s 			page 106


/var/folders/y0/yl1wrqfd209ghqq3s8k8qc1m0000gn/T//cc8LbdIE.s:2461   .text.HAL_ADC_DeInit:00000000 HAL_ADC_DeInit
/var/folders/y0/yl1wrqfd209ghqq3s8k8qc1m0000gn/T//cc8LbdIE.s:2619   .text.HAL_ADC_DeInit:000000e0 $d
/var/folders/y0/yl1wrqfd209ghqq3s8k8qc1m0000gn/T//cc8LbdIE.s:2625   .text.HAL_ADC_Stop:00000000 $t
/var/folders/y0/yl1wrqfd209ghqq3s8k8qc1m0000gn/T//cc8LbdIE.s:2631   .text.HAL_ADC_Stop:00000000 HAL_ADC_Stop
/var/folders/y0/yl1wrqfd209ghqq3s8k8qc1m0000gn/T//cc8LbdIE.s:2693   .text.HAL_ADC_Stop_IT:00000000 $t
/var/folders/y0/yl1wrqfd209ghqq3s8k8qc1m0000gn/T//cc8LbdIE.s:2699   .text.HAL_ADC_Stop_IT:00000000 HAL_ADC_Stop_IT
/var/folders/y0/yl1wrqfd209ghqq3s8k8qc1m0000gn/T//cc8LbdIE.s:2766   .text.HAL_ADC_Stop_DMA:00000000 $t
/var/folders/y0/yl1wrqfd209ghqq3s8k8qc1m0000gn/T//cc8LbdIE.s:2772   .text.HAL_ADC_Stop_DMA:00000000 HAL_ADC_Stop_DMA

UNDEFINED SYMBOLS
HAL_GetTick
HAL_RCCEx_GetPeriphCLKFreq
SystemCoreClock
HAL_ADCEx_InjectedConvCpltCallback
HAL_DMA_Start_IT
HAL_DMA_Abort
