ARM GAS  /var/folders/y0/yl1wrqfd209ghqq3s8k8qc1m0000gn/T//ccTpawhR.s 			page 1


   1              		.cpu cortex-m3
   2              		.arch armv7-m
   3              		.fpu softvfp
   4              		.eabi_attribute 20, 1
   5              		.eabi_attribute 21, 1
   6              		.eabi_attribute 23, 3
   7              		.eabi_attribute 24, 1
   8              		.eabi_attribute 25, 1
   9              		.eabi_attribute 26, 1
  10              		.eabi_attribute 30, 1
  11              		.eabi_attribute 34, 1
  12              		.eabi_attribute 18, 4
  13              		.file	"stm32f1xx_hal_adc_ex.c"
  14              		.text
  15              	.Ltext0:
  16              		.cfi_sections	.debug_frame
  17              		.file 1 "Drivers/STM32F1xx_HAL_Driver/Src/stm32f1xx_hal_adc_ex.c"
  18              		.section	.text.HAL_ADCEx_Calibration_Start,"ax",%progbits
  19              		.align	1
  20              		.global	HAL_ADCEx_Calibration_Start
  21              		.syntax unified
  22              		.thumb
  23              		.thumb_func
  25              	HAL_ADCEx_Calibration_Start:
  26              	.LVL0:
  27              	.LFB65:
   1:Drivers/STM32F1xx_HAL_Driver/Src/stm32f1xx_hal_adc_ex.c **** /**
   2:Drivers/STM32F1xx_HAL_Driver/Src/stm32f1xx_hal_adc_ex.c ****   ******************************************************************************
   3:Drivers/STM32F1xx_HAL_Driver/Src/stm32f1xx_hal_adc_ex.c ****   * @file    stm32f1xx_hal_adc_ex.c
   4:Drivers/STM32F1xx_HAL_Driver/Src/stm32f1xx_hal_adc_ex.c ****   * @author  MCD Application Team
   5:Drivers/STM32F1xx_HAL_Driver/Src/stm32f1xx_hal_adc_ex.c ****   * @brief   This file provides firmware functions to manage the following 
   6:Drivers/STM32F1xx_HAL_Driver/Src/stm32f1xx_hal_adc_ex.c ****   *          functionalities of the Analog to Digital Convertor (ADC)
   7:Drivers/STM32F1xx_HAL_Driver/Src/stm32f1xx_hal_adc_ex.c ****   *          peripheral:
   8:Drivers/STM32F1xx_HAL_Driver/Src/stm32f1xx_hal_adc_ex.c ****   *           + Peripheral Control functions
   9:Drivers/STM32F1xx_HAL_Driver/Src/stm32f1xx_hal_adc_ex.c ****   *          Other functions (generic functions) are available in file 
  10:Drivers/STM32F1xx_HAL_Driver/Src/stm32f1xx_hal_adc_ex.c ****   *          "stm32f1xx_hal_adc.c".
  11:Drivers/STM32F1xx_HAL_Driver/Src/stm32f1xx_hal_adc_ex.c ****   *
  12:Drivers/STM32F1xx_HAL_Driver/Src/stm32f1xx_hal_adc_ex.c ****   ******************************************************************************
  13:Drivers/STM32F1xx_HAL_Driver/Src/stm32f1xx_hal_adc_ex.c ****   * @attention
  14:Drivers/STM32F1xx_HAL_Driver/Src/stm32f1xx_hal_adc_ex.c ****   *
  15:Drivers/STM32F1xx_HAL_Driver/Src/stm32f1xx_hal_adc_ex.c ****   * Copyright (c) 2016 STMicroelectronics.
  16:Drivers/STM32F1xx_HAL_Driver/Src/stm32f1xx_hal_adc_ex.c ****   * All rights reserved.
  17:Drivers/STM32F1xx_HAL_Driver/Src/stm32f1xx_hal_adc_ex.c ****   *
  18:Drivers/STM32F1xx_HAL_Driver/Src/stm32f1xx_hal_adc_ex.c ****   * This software is licensed under terms that can be found in the LICENSE file
  19:Drivers/STM32F1xx_HAL_Driver/Src/stm32f1xx_hal_adc_ex.c ****   * in the root directory of this software component.
  20:Drivers/STM32F1xx_HAL_Driver/Src/stm32f1xx_hal_adc_ex.c ****   * If no LICENSE file comes with this software, it is provided AS-IS.
  21:Drivers/STM32F1xx_HAL_Driver/Src/stm32f1xx_hal_adc_ex.c ****   *
  22:Drivers/STM32F1xx_HAL_Driver/Src/stm32f1xx_hal_adc_ex.c ****   ******************************************************************************
  23:Drivers/STM32F1xx_HAL_Driver/Src/stm32f1xx_hal_adc_ex.c ****   @verbatim
  24:Drivers/STM32F1xx_HAL_Driver/Src/stm32f1xx_hal_adc_ex.c ****   [..] 
  25:Drivers/STM32F1xx_HAL_Driver/Src/stm32f1xx_hal_adc_ex.c ****   (@) Sections "ADC peripheral features" and "How to use this driver" are
  26:Drivers/STM32F1xx_HAL_Driver/Src/stm32f1xx_hal_adc_ex.c ****       available in file of generic functions "stm32f1xx_hal_adc.c".
  27:Drivers/STM32F1xx_HAL_Driver/Src/stm32f1xx_hal_adc_ex.c ****   [..]
  28:Drivers/STM32F1xx_HAL_Driver/Src/stm32f1xx_hal_adc_ex.c ****   @endverbatim
  29:Drivers/STM32F1xx_HAL_Driver/Src/stm32f1xx_hal_adc_ex.c ****   */
  30:Drivers/STM32F1xx_HAL_Driver/Src/stm32f1xx_hal_adc_ex.c **** 
  31:Drivers/STM32F1xx_HAL_Driver/Src/stm32f1xx_hal_adc_ex.c **** /* Includes ------------------------------------------------------------------*/
ARM GAS  /var/folders/y0/yl1wrqfd209ghqq3s8k8qc1m0000gn/T//ccTpawhR.s 			page 2


  32:Drivers/STM32F1xx_HAL_Driver/Src/stm32f1xx_hal_adc_ex.c **** #include "stm32f1xx_hal.h"
  33:Drivers/STM32F1xx_HAL_Driver/Src/stm32f1xx_hal_adc_ex.c **** 
  34:Drivers/STM32F1xx_HAL_Driver/Src/stm32f1xx_hal_adc_ex.c **** /** @addtogroup STM32F1xx_HAL_Driver
  35:Drivers/STM32F1xx_HAL_Driver/Src/stm32f1xx_hal_adc_ex.c ****   * @{
  36:Drivers/STM32F1xx_HAL_Driver/Src/stm32f1xx_hal_adc_ex.c ****   */
  37:Drivers/STM32F1xx_HAL_Driver/Src/stm32f1xx_hal_adc_ex.c **** 
  38:Drivers/STM32F1xx_HAL_Driver/Src/stm32f1xx_hal_adc_ex.c **** /** @defgroup ADCEx ADCEx
  39:Drivers/STM32F1xx_HAL_Driver/Src/stm32f1xx_hal_adc_ex.c ****   * @brief ADC Extension HAL module driver
  40:Drivers/STM32F1xx_HAL_Driver/Src/stm32f1xx_hal_adc_ex.c ****   * @{
  41:Drivers/STM32F1xx_HAL_Driver/Src/stm32f1xx_hal_adc_ex.c ****   */
  42:Drivers/STM32F1xx_HAL_Driver/Src/stm32f1xx_hal_adc_ex.c **** 
  43:Drivers/STM32F1xx_HAL_Driver/Src/stm32f1xx_hal_adc_ex.c **** #ifdef HAL_ADC_MODULE_ENABLED
  44:Drivers/STM32F1xx_HAL_Driver/Src/stm32f1xx_hal_adc_ex.c **** 
  45:Drivers/STM32F1xx_HAL_Driver/Src/stm32f1xx_hal_adc_ex.c **** /* Private typedef -----------------------------------------------------------*/
  46:Drivers/STM32F1xx_HAL_Driver/Src/stm32f1xx_hal_adc_ex.c **** /* Private define ------------------------------------------------------------*/
  47:Drivers/STM32F1xx_HAL_Driver/Src/stm32f1xx_hal_adc_ex.c **** /** @defgroup ADCEx_Private_Constants ADCEx Private Constants
  48:Drivers/STM32F1xx_HAL_Driver/Src/stm32f1xx_hal_adc_ex.c ****   * @{
  49:Drivers/STM32F1xx_HAL_Driver/Src/stm32f1xx_hal_adc_ex.c ****   */
  50:Drivers/STM32F1xx_HAL_Driver/Src/stm32f1xx_hal_adc_ex.c **** 
  51:Drivers/STM32F1xx_HAL_Driver/Src/stm32f1xx_hal_adc_ex.c ****   /* Delay for ADC calibration:                                               */
  52:Drivers/STM32F1xx_HAL_Driver/Src/stm32f1xx_hal_adc_ex.c ****   /* Hardware prerequisite before starting a calibration: the ADC must have   */
  53:Drivers/STM32F1xx_HAL_Driver/Src/stm32f1xx_hal_adc_ex.c ****   /* been in power-on state for at least two ADC clock cycles.                */
  54:Drivers/STM32F1xx_HAL_Driver/Src/stm32f1xx_hal_adc_ex.c ****   /* Unit: ADC clock cycles                                                   */
  55:Drivers/STM32F1xx_HAL_Driver/Src/stm32f1xx_hal_adc_ex.c ****   #define ADC_PRECALIBRATION_DELAY_ADCCLOCKCYCLES       2U
  56:Drivers/STM32F1xx_HAL_Driver/Src/stm32f1xx_hal_adc_ex.c **** 
  57:Drivers/STM32F1xx_HAL_Driver/Src/stm32f1xx_hal_adc_ex.c ****   /* Timeout value for ADC calibration                                        */
  58:Drivers/STM32F1xx_HAL_Driver/Src/stm32f1xx_hal_adc_ex.c ****   /* Value defined to be higher than worst cases: low clocks freq,            */
  59:Drivers/STM32F1xx_HAL_Driver/Src/stm32f1xx_hal_adc_ex.c ****   /* maximum prescaler.                                                       */
  60:Drivers/STM32F1xx_HAL_Driver/Src/stm32f1xx_hal_adc_ex.c ****   /* Ex of profile low frequency : Clock source at 0.1 MHz, ADC clock         */
  61:Drivers/STM32F1xx_HAL_Driver/Src/stm32f1xx_hal_adc_ex.c ****   /* prescaler 4, sampling time 12.5 ADC clock cycles, resolution 12 bits.    */
  62:Drivers/STM32F1xx_HAL_Driver/Src/stm32f1xx_hal_adc_ex.c ****   /* Unit: ms                                                                 */
  63:Drivers/STM32F1xx_HAL_Driver/Src/stm32f1xx_hal_adc_ex.c ****   #define ADC_CALIBRATION_TIMEOUT          10U
  64:Drivers/STM32F1xx_HAL_Driver/Src/stm32f1xx_hal_adc_ex.c **** 
  65:Drivers/STM32F1xx_HAL_Driver/Src/stm32f1xx_hal_adc_ex.c ****   /* Delay for temperature sensor stabilization time.                         */
  66:Drivers/STM32F1xx_HAL_Driver/Src/stm32f1xx_hal_adc_ex.c ****   /* Maximum delay is 10us (refer to device datasheet, parameter tSTART).     */
  67:Drivers/STM32F1xx_HAL_Driver/Src/stm32f1xx_hal_adc_ex.c ****   /* Unit: us                                                                 */
  68:Drivers/STM32F1xx_HAL_Driver/Src/stm32f1xx_hal_adc_ex.c ****   #define ADC_TEMPSENSOR_DELAY_US         10U
  69:Drivers/STM32F1xx_HAL_Driver/Src/stm32f1xx_hal_adc_ex.c **** 
  70:Drivers/STM32F1xx_HAL_Driver/Src/stm32f1xx_hal_adc_ex.c **** /**
  71:Drivers/STM32F1xx_HAL_Driver/Src/stm32f1xx_hal_adc_ex.c ****   * @}
  72:Drivers/STM32F1xx_HAL_Driver/Src/stm32f1xx_hal_adc_ex.c ****   */
  73:Drivers/STM32F1xx_HAL_Driver/Src/stm32f1xx_hal_adc_ex.c **** 
  74:Drivers/STM32F1xx_HAL_Driver/Src/stm32f1xx_hal_adc_ex.c **** /* Private macro -------------------------------------------------------------*/
  75:Drivers/STM32F1xx_HAL_Driver/Src/stm32f1xx_hal_adc_ex.c **** /* Private variables ---------------------------------------------------------*/
  76:Drivers/STM32F1xx_HAL_Driver/Src/stm32f1xx_hal_adc_ex.c **** /* Private function prototypes -----------------------------------------------*/
  77:Drivers/STM32F1xx_HAL_Driver/Src/stm32f1xx_hal_adc_ex.c **** /* Private functions ---------------------------------------------------------*/
  78:Drivers/STM32F1xx_HAL_Driver/Src/stm32f1xx_hal_adc_ex.c **** 
  79:Drivers/STM32F1xx_HAL_Driver/Src/stm32f1xx_hal_adc_ex.c **** /** @defgroup ADCEx_Exported_Functions ADCEx Exported Functions
  80:Drivers/STM32F1xx_HAL_Driver/Src/stm32f1xx_hal_adc_ex.c ****   * @{
  81:Drivers/STM32F1xx_HAL_Driver/Src/stm32f1xx_hal_adc_ex.c ****   */
  82:Drivers/STM32F1xx_HAL_Driver/Src/stm32f1xx_hal_adc_ex.c **** 
  83:Drivers/STM32F1xx_HAL_Driver/Src/stm32f1xx_hal_adc_ex.c **** /** @defgroup ADCEx_Exported_Functions_Group1 Extended Extended IO operation functions
  84:Drivers/STM32F1xx_HAL_Driver/Src/stm32f1xx_hal_adc_ex.c ****  *  @brief    Extended Extended Input and Output operation functions
  85:Drivers/STM32F1xx_HAL_Driver/Src/stm32f1xx_hal_adc_ex.c ****  *
  86:Drivers/STM32F1xx_HAL_Driver/Src/stm32f1xx_hal_adc_ex.c **** @verbatim    
  87:Drivers/STM32F1xx_HAL_Driver/Src/stm32f1xx_hal_adc_ex.c ****  ===============================================================================
  88:Drivers/STM32F1xx_HAL_Driver/Src/stm32f1xx_hal_adc_ex.c ****                       ##### IO operation functions #####
ARM GAS  /var/folders/y0/yl1wrqfd209ghqq3s8k8qc1m0000gn/T//ccTpawhR.s 			page 3


  89:Drivers/STM32F1xx_HAL_Driver/Src/stm32f1xx_hal_adc_ex.c ****  ===============================================================================
  90:Drivers/STM32F1xx_HAL_Driver/Src/stm32f1xx_hal_adc_ex.c ****     [..]  This section provides functions allowing to:
  91:Drivers/STM32F1xx_HAL_Driver/Src/stm32f1xx_hal_adc_ex.c ****       (+) Start conversion of injected group.
  92:Drivers/STM32F1xx_HAL_Driver/Src/stm32f1xx_hal_adc_ex.c ****       (+) Stop conversion of injected group.
  93:Drivers/STM32F1xx_HAL_Driver/Src/stm32f1xx_hal_adc_ex.c ****       (+) Poll for conversion complete on injected group.
  94:Drivers/STM32F1xx_HAL_Driver/Src/stm32f1xx_hal_adc_ex.c ****       (+) Get result of injected channel conversion.
  95:Drivers/STM32F1xx_HAL_Driver/Src/stm32f1xx_hal_adc_ex.c ****       (+) Start conversion of injected group and enable interruptions.
  96:Drivers/STM32F1xx_HAL_Driver/Src/stm32f1xx_hal_adc_ex.c ****       (+) Stop conversion of injected group and disable interruptions.
  97:Drivers/STM32F1xx_HAL_Driver/Src/stm32f1xx_hal_adc_ex.c **** 
  98:Drivers/STM32F1xx_HAL_Driver/Src/stm32f1xx_hal_adc_ex.c ****       (+) Start multimode and enable DMA transfer.
  99:Drivers/STM32F1xx_HAL_Driver/Src/stm32f1xx_hal_adc_ex.c ****       (+) Stop multimode and disable ADC DMA transfer.
 100:Drivers/STM32F1xx_HAL_Driver/Src/stm32f1xx_hal_adc_ex.c ****       (+) Get result of multimode conversion.
 101:Drivers/STM32F1xx_HAL_Driver/Src/stm32f1xx_hal_adc_ex.c **** 
 102:Drivers/STM32F1xx_HAL_Driver/Src/stm32f1xx_hal_adc_ex.c ****       (+) Perform the ADC self-calibration for single or differential ending.
 103:Drivers/STM32F1xx_HAL_Driver/Src/stm32f1xx_hal_adc_ex.c ****       (+) Get calibration factors for single or differential ending.
 104:Drivers/STM32F1xx_HAL_Driver/Src/stm32f1xx_hal_adc_ex.c ****       (+) Set calibration factors for single or differential ending.
 105:Drivers/STM32F1xx_HAL_Driver/Src/stm32f1xx_hal_adc_ex.c ****       
 106:Drivers/STM32F1xx_HAL_Driver/Src/stm32f1xx_hal_adc_ex.c **** @endverbatim
 107:Drivers/STM32F1xx_HAL_Driver/Src/stm32f1xx_hal_adc_ex.c ****   * @{
 108:Drivers/STM32F1xx_HAL_Driver/Src/stm32f1xx_hal_adc_ex.c ****   */
 109:Drivers/STM32F1xx_HAL_Driver/Src/stm32f1xx_hal_adc_ex.c **** 
 110:Drivers/STM32F1xx_HAL_Driver/Src/stm32f1xx_hal_adc_ex.c **** /**
 111:Drivers/STM32F1xx_HAL_Driver/Src/stm32f1xx_hal_adc_ex.c ****   * @brief  Perform an ADC automatic self-calibration
 112:Drivers/STM32F1xx_HAL_Driver/Src/stm32f1xx_hal_adc_ex.c ****   *         Calibration prerequisite: ADC must be disabled (execute this
 113:Drivers/STM32F1xx_HAL_Driver/Src/stm32f1xx_hal_adc_ex.c ****   *         function before HAL_ADC_Start() or after HAL_ADC_Stop() ).
 114:Drivers/STM32F1xx_HAL_Driver/Src/stm32f1xx_hal_adc_ex.c ****   *         During calibration process, ADC is enabled. ADC is let enabled at
 115:Drivers/STM32F1xx_HAL_Driver/Src/stm32f1xx_hal_adc_ex.c ****   *         the completion of this function.
 116:Drivers/STM32F1xx_HAL_Driver/Src/stm32f1xx_hal_adc_ex.c ****   * @param  hadc: ADC handle
 117:Drivers/STM32F1xx_HAL_Driver/Src/stm32f1xx_hal_adc_ex.c ****   * @retval HAL status
 118:Drivers/STM32F1xx_HAL_Driver/Src/stm32f1xx_hal_adc_ex.c ****   */
 119:Drivers/STM32F1xx_HAL_Driver/Src/stm32f1xx_hal_adc_ex.c **** HAL_StatusTypeDef HAL_ADCEx_Calibration_Start(ADC_HandleTypeDef* hadc)
 120:Drivers/STM32F1xx_HAL_Driver/Src/stm32f1xx_hal_adc_ex.c **** {
  28              		.loc 1 120 1 view -0
  29              		.cfi_startproc
  30              		@ args = 0, pretend = 0, frame = 8
  31              		@ frame_needed = 0, uses_anonymous_args = 0
  32              		.loc 1 120 1 is_stmt 0 view .LVU1
  33 0000 70B5     		push	{r4, r5, r6, lr}
  34              	.LCFI0:
  35              		.cfi_def_cfa_offset 16
  36              		.cfi_offset 4, -16
  37              		.cfi_offset 5, -12
  38              		.cfi_offset 6, -8
  39              		.cfi_offset 14, -4
  40 0002 82B0     		sub	sp, sp, #8
  41              	.LCFI1:
  42              		.cfi_def_cfa_offset 24
 121:Drivers/STM32F1xx_HAL_Driver/Src/stm32f1xx_hal_adc_ex.c ****   HAL_StatusTypeDef tmp_hal_status = HAL_OK;
  43              		.loc 1 121 3 is_stmt 1 view .LVU2
  44              	.LVL1:
 122:Drivers/STM32F1xx_HAL_Driver/Src/stm32f1xx_hal_adc_ex.c ****   uint32_t tickstart;
  45              		.loc 1 122 3 view .LVU3
 123:Drivers/STM32F1xx_HAL_Driver/Src/stm32f1xx_hal_adc_ex.c ****   __IO uint32_t wait_loop_index = 0U;
  46              		.loc 1 123 3 view .LVU4
  47              		.loc 1 123 17 is_stmt 0 view .LVU5
  48 0004 0023     		movs	r3, #0
  49 0006 0193     		str	r3, [sp, #4]
ARM GAS  /var/folders/y0/yl1wrqfd209ghqq3s8k8qc1m0000gn/T//ccTpawhR.s 			page 4


 124:Drivers/STM32F1xx_HAL_Driver/Src/stm32f1xx_hal_adc_ex.c ****   
 125:Drivers/STM32F1xx_HAL_Driver/Src/stm32f1xx_hal_adc_ex.c ****   /* Check the parameters */
 126:Drivers/STM32F1xx_HAL_Driver/Src/stm32f1xx_hal_adc_ex.c ****   assert_param(IS_ADC_ALL_INSTANCE(hadc->Instance));
  50              		.loc 1 126 3 is_stmt 1 view .LVU6
 127:Drivers/STM32F1xx_HAL_Driver/Src/stm32f1xx_hal_adc_ex.c **** 
 128:Drivers/STM32F1xx_HAL_Driver/Src/stm32f1xx_hal_adc_ex.c ****   /* Process locked */
 129:Drivers/STM32F1xx_HAL_Driver/Src/stm32f1xx_hal_adc_ex.c ****   __HAL_LOCK(hadc);
  51              		.loc 1 129 3 view .LVU7
  52              		.loc 1 129 3 view .LVU8
  53 0008 90F82430 		ldrb	r3, [r0, #36]	@ zero_extendqisi2
  54 000c 012B     		cmp	r3, #1
  55 000e 74D0     		beq	.L10
  56 0010 0446     		mov	r4, r0
  57              		.loc 1 129 3 discriminator 2 view .LVU9
  58 0012 0123     		movs	r3, #1
  59 0014 80F82430 		strb	r3, [r0, #36]
  60              		.loc 1 129 3 view .LVU10
 130:Drivers/STM32F1xx_HAL_Driver/Src/stm32f1xx_hal_adc_ex.c ****     
 131:Drivers/STM32F1xx_HAL_Driver/Src/stm32f1xx_hal_adc_ex.c ****    /* 1. Disable ADC peripheral                                                 */
 132:Drivers/STM32F1xx_HAL_Driver/Src/stm32f1xx_hal_adc_ex.c ****    tmp_hal_status = ADC_ConversionStop_Disable(hadc);
  61              		.loc 1 132 4 view .LVU11
  62              		.loc 1 132 21 is_stmt 0 view .LVU12
  63 0018 FFF7FEFF 		bl	ADC_ConversionStop_Disable
  64              	.LVL2:
 133:Drivers/STM32F1xx_HAL_Driver/Src/stm32f1xx_hal_adc_ex.c ****   
 134:Drivers/STM32F1xx_HAL_Driver/Src/stm32f1xx_hal_adc_ex.c ****    /* 2. Calibration prerequisite delay before starting the calibration.       */
 135:Drivers/STM32F1xx_HAL_Driver/Src/stm32f1xx_hal_adc_ex.c ****    /*    - ADC must be enabled for at least two ADC clock cycles               */
 136:Drivers/STM32F1xx_HAL_Driver/Src/stm32f1xx_hal_adc_ex.c ****    tmp_hal_status = ADC_Enable(hadc);
  65              		.loc 1 136 4 is_stmt 1 view .LVU13
  66              		.loc 1 136 21 is_stmt 0 view .LVU14
  67 001c 2046     		mov	r0, r4
  68 001e FFF7FEFF 		bl	ADC_Enable
  69              	.LVL3:
 137:Drivers/STM32F1xx_HAL_Driver/Src/stm32f1xx_hal_adc_ex.c **** 
 138:Drivers/STM32F1xx_HAL_Driver/Src/stm32f1xx_hal_adc_ex.c ****    /* Check if ADC is effectively enabled */
 139:Drivers/STM32F1xx_HAL_Driver/Src/stm32f1xx_hal_adc_ex.c ****    if (tmp_hal_status == HAL_OK)
  70              		.loc 1 139 4 is_stmt 1 view .LVU15
  71              		.loc 1 139 7 is_stmt 0 view .LVU16
  72 0022 0646     		mov	r6, r0
  73 0024 28B1     		cbz	r0, .L12
  74              	.LVL4:
  75              	.L3:
 140:Drivers/STM32F1xx_HAL_Driver/Src/stm32f1xx_hal_adc_ex.c ****    {
 141:Drivers/STM32F1xx_HAL_Driver/Src/stm32f1xx_hal_adc_ex.c ****      /* Set ADC state */
 142:Drivers/STM32F1xx_HAL_Driver/Src/stm32f1xx_hal_adc_ex.c ****      ADC_STATE_CLR_SET(hadc->State,
 143:Drivers/STM32F1xx_HAL_Driver/Src/stm32f1xx_hal_adc_ex.c ****                        HAL_ADC_STATE_REG_BUSY | HAL_ADC_STATE_INJ_BUSY,
 144:Drivers/STM32F1xx_HAL_Driver/Src/stm32f1xx_hal_adc_ex.c ****                        HAL_ADC_STATE_BUSY_INTERNAL);
 145:Drivers/STM32F1xx_HAL_Driver/Src/stm32f1xx_hal_adc_ex.c ****     
 146:Drivers/STM32F1xx_HAL_Driver/Src/stm32f1xx_hal_adc_ex.c ****     /* Hardware prerequisite: delay before starting the calibration.          */
 147:Drivers/STM32F1xx_HAL_Driver/Src/stm32f1xx_hal_adc_ex.c ****     /*  - Computation of CPU clock cycles corresponding to ADC clock cycles.  */
 148:Drivers/STM32F1xx_HAL_Driver/Src/stm32f1xx_hal_adc_ex.c ****     /*  - Wait for the expected ADC clock cycles delay */
 149:Drivers/STM32F1xx_HAL_Driver/Src/stm32f1xx_hal_adc_ex.c ****     wait_loop_index = ((SystemCoreClock
 150:Drivers/STM32F1xx_HAL_Driver/Src/stm32f1xx_hal_adc_ex.c ****                         / HAL_RCCEx_GetPeriphCLKFreq(RCC_PERIPHCLK_ADC))
 151:Drivers/STM32F1xx_HAL_Driver/Src/stm32f1xx_hal_adc_ex.c ****                        * ADC_PRECALIBRATION_DELAY_ADCCLOCKCYCLES        );
 152:Drivers/STM32F1xx_HAL_Driver/Src/stm32f1xx_hal_adc_ex.c **** 
 153:Drivers/STM32F1xx_HAL_Driver/Src/stm32f1xx_hal_adc_ex.c ****     while(wait_loop_index != 0U)
 154:Drivers/STM32F1xx_HAL_Driver/Src/stm32f1xx_hal_adc_ex.c ****     {
ARM GAS  /var/folders/y0/yl1wrqfd209ghqq3s8k8qc1m0000gn/T//ccTpawhR.s 			page 5


 155:Drivers/STM32F1xx_HAL_Driver/Src/stm32f1xx_hal_adc_ex.c ****       wait_loop_index--;
 156:Drivers/STM32F1xx_HAL_Driver/Src/stm32f1xx_hal_adc_ex.c ****     }
 157:Drivers/STM32F1xx_HAL_Driver/Src/stm32f1xx_hal_adc_ex.c **** 
 158:Drivers/STM32F1xx_HAL_Driver/Src/stm32f1xx_hal_adc_ex.c ****     /* 3. Resets ADC calibration registers */  
 159:Drivers/STM32F1xx_HAL_Driver/Src/stm32f1xx_hal_adc_ex.c ****     SET_BIT(hadc->Instance->CR2, ADC_CR2_RSTCAL);
 160:Drivers/STM32F1xx_HAL_Driver/Src/stm32f1xx_hal_adc_ex.c ****     
 161:Drivers/STM32F1xx_HAL_Driver/Src/stm32f1xx_hal_adc_ex.c ****     tickstart = HAL_GetTick();  
 162:Drivers/STM32F1xx_HAL_Driver/Src/stm32f1xx_hal_adc_ex.c **** 
 163:Drivers/STM32F1xx_HAL_Driver/Src/stm32f1xx_hal_adc_ex.c ****     /* Wait for calibration reset completion */
 164:Drivers/STM32F1xx_HAL_Driver/Src/stm32f1xx_hal_adc_ex.c ****     while(HAL_IS_BIT_SET(hadc->Instance->CR2, ADC_CR2_RSTCAL))
 165:Drivers/STM32F1xx_HAL_Driver/Src/stm32f1xx_hal_adc_ex.c ****     {
 166:Drivers/STM32F1xx_HAL_Driver/Src/stm32f1xx_hal_adc_ex.c ****       if((HAL_GetTick() - tickstart) > ADC_CALIBRATION_TIMEOUT)
 167:Drivers/STM32F1xx_HAL_Driver/Src/stm32f1xx_hal_adc_ex.c ****       {
 168:Drivers/STM32F1xx_HAL_Driver/Src/stm32f1xx_hal_adc_ex.c ****         /* New check to avoid false timeout detection in case of preemption */
 169:Drivers/STM32F1xx_HAL_Driver/Src/stm32f1xx_hal_adc_ex.c ****         if(HAL_IS_BIT_SET(hadc->Instance->CR2, ADC_CR2_RSTCAL))
 170:Drivers/STM32F1xx_HAL_Driver/Src/stm32f1xx_hal_adc_ex.c ****         {
 171:Drivers/STM32F1xx_HAL_Driver/Src/stm32f1xx_hal_adc_ex.c ****           /* Update ADC state machine to error */
 172:Drivers/STM32F1xx_HAL_Driver/Src/stm32f1xx_hal_adc_ex.c ****           ADC_STATE_CLR_SET(hadc->State,
 173:Drivers/STM32F1xx_HAL_Driver/Src/stm32f1xx_hal_adc_ex.c ****                             HAL_ADC_STATE_BUSY_INTERNAL,
 174:Drivers/STM32F1xx_HAL_Driver/Src/stm32f1xx_hal_adc_ex.c ****                             HAL_ADC_STATE_ERROR_INTERNAL);
 175:Drivers/STM32F1xx_HAL_Driver/Src/stm32f1xx_hal_adc_ex.c **** 
 176:Drivers/STM32F1xx_HAL_Driver/Src/stm32f1xx_hal_adc_ex.c ****           /* Process unlocked */
 177:Drivers/STM32F1xx_HAL_Driver/Src/stm32f1xx_hal_adc_ex.c ****           __HAL_UNLOCK(hadc);
 178:Drivers/STM32F1xx_HAL_Driver/Src/stm32f1xx_hal_adc_ex.c **** 
 179:Drivers/STM32F1xx_HAL_Driver/Src/stm32f1xx_hal_adc_ex.c ****           return HAL_ERROR;
 180:Drivers/STM32F1xx_HAL_Driver/Src/stm32f1xx_hal_adc_ex.c ****         }
 181:Drivers/STM32F1xx_HAL_Driver/Src/stm32f1xx_hal_adc_ex.c ****       }
 182:Drivers/STM32F1xx_HAL_Driver/Src/stm32f1xx_hal_adc_ex.c ****     }
 183:Drivers/STM32F1xx_HAL_Driver/Src/stm32f1xx_hal_adc_ex.c ****     
 184:Drivers/STM32F1xx_HAL_Driver/Src/stm32f1xx_hal_adc_ex.c ****     /* 4. Start ADC calibration */
 185:Drivers/STM32F1xx_HAL_Driver/Src/stm32f1xx_hal_adc_ex.c ****     SET_BIT(hadc->Instance->CR2, ADC_CR2_CAL);
 186:Drivers/STM32F1xx_HAL_Driver/Src/stm32f1xx_hal_adc_ex.c ****     
 187:Drivers/STM32F1xx_HAL_Driver/Src/stm32f1xx_hal_adc_ex.c ****     tickstart = HAL_GetTick();  
 188:Drivers/STM32F1xx_HAL_Driver/Src/stm32f1xx_hal_adc_ex.c **** 
 189:Drivers/STM32F1xx_HAL_Driver/Src/stm32f1xx_hal_adc_ex.c ****     /* Wait for calibration completion */
 190:Drivers/STM32F1xx_HAL_Driver/Src/stm32f1xx_hal_adc_ex.c ****     while(HAL_IS_BIT_SET(hadc->Instance->CR2, ADC_CR2_CAL))
 191:Drivers/STM32F1xx_HAL_Driver/Src/stm32f1xx_hal_adc_ex.c ****     {
 192:Drivers/STM32F1xx_HAL_Driver/Src/stm32f1xx_hal_adc_ex.c ****       if((HAL_GetTick() - tickstart) > ADC_CALIBRATION_TIMEOUT)
 193:Drivers/STM32F1xx_HAL_Driver/Src/stm32f1xx_hal_adc_ex.c ****       {
 194:Drivers/STM32F1xx_HAL_Driver/Src/stm32f1xx_hal_adc_ex.c ****         /* New check to avoid false timeout detection in case of preemption */
 195:Drivers/STM32F1xx_HAL_Driver/Src/stm32f1xx_hal_adc_ex.c ****         if(HAL_IS_BIT_SET(hadc->Instance->CR2, ADC_CR2_CAL))
 196:Drivers/STM32F1xx_HAL_Driver/Src/stm32f1xx_hal_adc_ex.c ****         {
 197:Drivers/STM32F1xx_HAL_Driver/Src/stm32f1xx_hal_adc_ex.c ****           /* Update ADC state machine to error */
 198:Drivers/STM32F1xx_HAL_Driver/Src/stm32f1xx_hal_adc_ex.c ****           ADC_STATE_CLR_SET(hadc->State,
 199:Drivers/STM32F1xx_HAL_Driver/Src/stm32f1xx_hal_adc_ex.c ****                             HAL_ADC_STATE_BUSY_INTERNAL,
 200:Drivers/STM32F1xx_HAL_Driver/Src/stm32f1xx_hal_adc_ex.c ****                             HAL_ADC_STATE_ERROR_INTERNAL);
 201:Drivers/STM32F1xx_HAL_Driver/Src/stm32f1xx_hal_adc_ex.c **** 
 202:Drivers/STM32F1xx_HAL_Driver/Src/stm32f1xx_hal_adc_ex.c ****           /* Process unlocked */
 203:Drivers/STM32F1xx_HAL_Driver/Src/stm32f1xx_hal_adc_ex.c ****           __HAL_UNLOCK(hadc);
 204:Drivers/STM32F1xx_HAL_Driver/Src/stm32f1xx_hal_adc_ex.c **** 
 205:Drivers/STM32F1xx_HAL_Driver/Src/stm32f1xx_hal_adc_ex.c ****           return HAL_ERROR;
 206:Drivers/STM32F1xx_HAL_Driver/Src/stm32f1xx_hal_adc_ex.c ****         }
 207:Drivers/STM32F1xx_HAL_Driver/Src/stm32f1xx_hal_adc_ex.c ****       }
 208:Drivers/STM32F1xx_HAL_Driver/Src/stm32f1xx_hal_adc_ex.c ****     }
 209:Drivers/STM32F1xx_HAL_Driver/Src/stm32f1xx_hal_adc_ex.c ****     
 210:Drivers/STM32F1xx_HAL_Driver/Src/stm32f1xx_hal_adc_ex.c ****     /* Set ADC state */
 211:Drivers/STM32F1xx_HAL_Driver/Src/stm32f1xx_hal_adc_ex.c ****     ADC_STATE_CLR_SET(hadc->State,
ARM GAS  /var/folders/y0/yl1wrqfd209ghqq3s8k8qc1m0000gn/T//ccTpawhR.s 			page 6


 212:Drivers/STM32F1xx_HAL_Driver/Src/stm32f1xx_hal_adc_ex.c ****                       HAL_ADC_STATE_BUSY_INTERNAL,
 213:Drivers/STM32F1xx_HAL_Driver/Src/stm32f1xx_hal_adc_ex.c ****                       HAL_ADC_STATE_READY);
 214:Drivers/STM32F1xx_HAL_Driver/Src/stm32f1xx_hal_adc_ex.c ****   }
 215:Drivers/STM32F1xx_HAL_Driver/Src/stm32f1xx_hal_adc_ex.c ****   
 216:Drivers/STM32F1xx_HAL_Driver/Src/stm32f1xx_hal_adc_ex.c ****   /* Process unlocked */
 217:Drivers/STM32F1xx_HAL_Driver/Src/stm32f1xx_hal_adc_ex.c ****   __HAL_UNLOCK(hadc);
  76              		.loc 1 217 3 is_stmt 1 view .LVU17
  77              		.loc 1 217 3 view .LVU18
  78 0026 0023     		movs	r3, #0
  79 0028 84F82430 		strb	r3, [r4, #36]
  80              		.loc 1 217 3 view .LVU19
 218:Drivers/STM32F1xx_HAL_Driver/Src/stm32f1xx_hal_adc_ex.c ****   
 219:Drivers/STM32F1xx_HAL_Driver/Src/stm32f1xx_hal_adc_ex.c ****   /* Return function status */
 220:Drivers/STM32F1xx_HAL_Driver/Src/stm32f1xx_hal_adc_ex.c ****   return tmp_hal_status;
  81              		.loc 1 220 3 view .LVU20
  82              	.LVL5:
  83              	.L2:
 221:Drivers/STM32F1xx_HAL_Driver/Src/stm32f1xx_hal_adc_ex.c **** }
  84              		.loc 1 221 1 is_stmt 0 view .LVU21
  85 002c 3046     		mov	r0, r6
  86 002e 02B0     		add	sp, sp, #8
  87              	.LCFI2:
  88              		.cfi_remember_state
  89              		.cfi_def_cfa_offset 16
  90              		@ sp needed
  91 0030 70BD     		pop	{r4, r5, r6, pc}
  92              	.LVL6:
  93              	.L12:
  94              	.LCFI3:
  95              		.cfi_restore_state
 142:Drivers/STM32F1xx_HAL_Driver/Src/stm32f1xx_hal_adc_ex.c ****                        HAL_ADC_STATE_REG_BUSY | HAL_ADC_STATE_INJ_BUSY,
  96              		.loc 1 142 6 is_stmt 1 view .LVU22
  97 0032 A36A     		ldr	r3, [r4, #40]
  98 0034 23F48853 		bic	r3, r3, #4352
  99 0038 23F00203 		bic	r3, r3, #2
 100 003c 43F00203 		orr	r3, r3, #2
 101 0040 A362     		str	r3, [r4, #40]
 149:Drivers/STM32F1xx_HAL_Driver/Src/stm32f1xx_hal_adc_ex.c ****                         / HAL_RCCEx_GetPeriphCLKFreq(RCC_PERIPHCLK_ADC))
 102              		.loc 1 149 5 view .LVU23
 150:Drivers/STM32F1xx_HAL_Driver/Src/stm32f1xx_hal_adc_ex.c ****                        * ADC_PRECALIBRATION_DELAY_ADCCLOCKCYCLES        );
 103              		.loc 1 150 25 is_stmt 0 view .LVU24
 104 0042 2F4B     		ldr	r3, .L15
 105 0044 1D68     		ldr	r5, [r3]
 150:Drivers/STM32F1xx_HAL_Driver/Src/stm32f1xx_hal_adc_ex.c ****                        * ADC_PRECALIBRATION_DELAY_ADCCLOCKCYCLES        );
 106              		.loc 1 150 27 view .LVU25
 107 0046 0220     		movs	r0, #2
 108              	.LVL7:
 150:Drivers/STM32F1xx_HAL_Driver/Src/stm32f1xx_hal_adc_ex.c ****                        * ADC_PRECALIBRATION_DELAY_ADCCLOCKCYCLES        );
 109              		.loc 1 150 27 view .LVU26
 110 0048 FFF7FEFF 		bl	HAL_RCCEx_GetPeriphCLKFreq
 111              	.LVL8:
 150:Drivers/STM32F1xx_HAL_Driver/Src/stm32f1xx_hal_adc_ex.c ****                        * ADC_PRECALIBRATION_DELAY_ADCCLOCKCYCLES        );
 112              		.loc 1 150 25 discriminator 1 view .LVU27
 113 004c B5FBF0F5 		udiv	r5, r5, r0
 151:Drivers/STM32F1xx_HAL_Driver/Src/stm32f1xx_hal_adc_ex.c **** 
 114              		.loc 1 151 24 view .LVU28
 115 0050 6D00     		lsls	r5, r5, #1
ARM GAS  /var/folders/y0/yl1wrqfd209ghqq3s8k8qc1m0000gn/T//ccTpawhR.s 			page 7


 149:Drivers/STM32F1xx_HAL_Driver/Src/stm32f1xx_hal_adc_ex.c ****                         / HAL_RCCEx_GetPeriphCLKFreq(RCC_PERIPHCLK_ADC))
 116              		.loc 1 149 21 view .LVU29
 117 0052 0195     		str	r5, [sp, #4]
 153:Drivers/STM32F1xx_HAL_Driver/Src/stm32f1xx_hal_adc_ex.c ****     {
 118              		.loc 1 153 5 is_stmt 1 view .LVU30
 153:Drivers/STM32F1xx_HAL_Driver/Src/stm32f1xx_hal_adc_ex.c ****     {
 119              		.loc 1 153 10 is_stmt 0 view .LVU31
 120 0054 02E0     		b	.L4
 121              	.L5:
 155:Drivers/STM32F1xx_HAL_Driver/Src/stm32f1xx_hal_adc_ex.c ****     }
 122              		.loc 1 155 7 is_stmt 1 view .LVU32
 155:Drivers/STM32F1xx_HAL_Driver/Src/stm32f1xx_hal_adc_ex.c ****     }
 123              		.loc 1 155 22 is_stmt 0 view .LVU33
 124 0056 019B     		ldr	r3, [sp, #4]
 125 0058 013B     		subs	r3, r3, #1
 126 005a 0193     		str	r3, [sp, #4]
 127              	.L4:
 153:Drivers/STM32F1xx_HAL_Driver/Src/stm32f1xx_hal_adc_ex.c ****     {
 128              		.loc 1 153 27 is_stmt 1 view .LVU34
 129 005c 019B     		ldr	r3, [sp, #4]
 130 005e 002B     		cmp	r3, #0
 131 0060 F9D1     		bne	.L5
 159:Drivers/STM32F1xx_HAL_Driver/Src/stm32f1xx_hal_adc_ex.c ****     
 132              		.loc 1 159 5 view .LVU35
 133 0062 2268     		ldr	r2, [r4]
 134 0064 9368     		ldr	r3, [r2, #8]
 135 0066 43F00803 		orr	r3, r3, #8
 136 006a 9360     		str	r3, [r2, #8]
 161:Drivers/STM32F1xx_HAL_Driver/Src/stm32f1xx_hal_adc_ex.c **** 
 137              		.loc 1 161 5 view .LVU36
 161:Drivers/STM32F1xx_HAL_Driver/Src/stm32f1xx_hal_adc_ex.c **** 
 138              		.loc 1 161 17 is_stmt 0 view .LVU37
 139 006c FFF7FEFF 		bl	HAL_GetTick
 140              	.LVL9:
 141 0070 0546     		mov	r5, r0
 142              	.LVL10:
 164:Drivers/STM32F1xx_HAL_Driver/Src/stm32f1xx_hal_adc_ex.c ****     {
 143              		.loc 1 164 5 is_stmt 1 view .LVU38
 144              	.L6:
 164:Drivers/STM32F1xx_HAL_Driver/Src/stm32f1xx_hal_adc_ex.c ****     {
 145              		.loc 1 164 11 view .LVU39
 146 0072 2368     		ldr	r3, [r4]
 147 0074 9A68     		ldr	r2, [r3, #8]
 148 0076 12F0080F 		tst	r2, #8
 149 007a 15D0     		beq	.L13
 166:Drivers/STM32F1xx_HAL_Driver/Src/stm32f1xx_hal_adc_ex.c ****       {
 150              		.loc 1 166 7 view .LVU40
 166:Drivers/STM32F1xx_HAL_Driver/Src/stm32f1xx_hal_adc_ex.c ****       {
 151              		.loc 1 166 11 is_stmt 0 view .LVU41
 152 007c FFF7FEFF 		bl	HAL_GetTick
 153              	.LVL11:
 166:Drivers/STM32F1xx_HAL_Driver/Src/stm32f1xx_hal_adc_ex.c ****       {
 154              		.loc 1 166 25 discriminator 1 view .LVU42
 155 0080 401B     		subs	r0, r0, r5
 166:Drivers/STM32F1xx_HAL_Driver/Src/stm32f1xx_hal_adc_ex.c ****       {
 156              		.loc 1 166 9 discriminator 1 view .LVU43
 157 0082 0A28     		cmp	r0, #10
ARM GAS  /var/folders/y0/yl1wrqfd209ghqq3s8k8qc1m0000gn/T//ccTpawhR.s 			page 8


 158 0084 F5D9     		bls	.L6
 169:Drivers/STM32F1xx_HAL_Driver/Src/stm32f1xx_hal_adc_ex.c ****         {
 159              		.loc 1 169 9 is_stmt 1 view .LVU44
 169:Drivers/STM32F1xx_HAL_Driver/Src/stm32f1xx_hal_adc_ex.c ****         {
 160              		.loc 1 169 12 is_stmt 0 view .LVU45
 161 0086 2368     		ldr	r3, [r4]
 162 0088 9B68     		ldr	r3, [r3, #8]
 169:Drivers/STM32F1xx_HAL_Driver/Src/stm32f1xx_hal_adc_ex.c ****         {
 163              		.loc 1 169 11 view .LVU46
 164 008a 13F0080F 		tst	r3, #8
 165 008e F0D0     		beq	.L6
 172:Drivers/STM32F1xx_HAL_Driver/Src/stm32f1xx_hal_adc_ex.c ****                             HAL_ADC_STATE_BUSY_INTERNAL,
 166              		.loc 1 172 11 is_stmt 1 view .LVU47
 167 0090 A36A     		ldr	r3, [r4, #40]
 168 0092 23F01203 		bic	r3, r3, #18
 169 0096 43F01003 		orr	r3, r3, #16
 170 009a A362     		str	r3, [r4, #40]
 177:Drivers/STM32F1xx_HAL_Driver/Src/stm32f1xx_hal_adc_ex.c **** 
 171              		.loc 1 177 11 view .LVU48
 177:Drivers/STM32F1xx_HAL_Driver/Src/stm32f1xx_hal_adc_ex.c **** 
 172              		.loc 1 177 11 view .LVU49
 173 009c 0023     		movs	r3, #0
 174 009e 84F82430 		strb	r3, [r4, #36]
 177:Drivers/STM32F1xx_HAL_Driver/Src/stm32f1xx_hal_adc_ex.c **** 
 175              		.loc 1 177 11 view .LVU50
 179:Drivers/STM32F1xx_HAL_Driver/Src/stm32f1xx_hal_adc_ex.c ****         }
 176              		.loc 1 179 11 view .LVU51
 179:Drivers/STM32F1xx_HAL_Driver/Src/stm32f1xx_hal_adc_ex.c ****         }
 177              		.loc 1 179 18 is_stmt 0 view .LVU52
 178 00a2 0123     		movs	r3, #1
 179 00a4 1E46     		mov	r6, r3
 180              	.LVL12:
 179:Drivers/STM32F1xx_HAL_Driver/Src/stm32f1xx_hal_adc_ex.c ****         }
 181              		.loc 1 179 18 view .LVU53
 182 00a6 C1E7     		b	.L2
 183              	.LVL13:
 184              	.L13:
 185:Drivers/STM32F1xx_HAL_Driver/Src/stm32f1xx_hal_adc_ex.c ****     
 185              		.loc 1 185 5 is_stmt 1 view .LVU54
 186 00a8 9A68     		ldr	r2, [r3, #8]
 187 00aa 42F00402 		orr	r2, r2, #4
 188 00ae 9A60     		str	r2, [r3, #8]
 187:Drivers/STM32F1xx_HAL_Driver/Src/stm32f1xx_hal_adc_ex.c **** 
 189              		.loc 1 187 5 view .LVU55
 187:Drivers/STM32F1xx_HAL_Driver/Src/stm32f1xx_hal_adc_ex.c **** 
 190              		.loc 1 187 17 is_stmt 0 view .LVU56
 191 00b0 FFF7FEFF 		bl	HAL_GetTick
 192              	.LVL14:
 193 00b4 0546     		mov	r5, r0
 194              	.LVL15:
 190:Drivers/STM32F1xx_HAL_Driver/Src/stm32f1xx_hal_adc_ex.c ****     {
 195              		.loc 1 190 5 is_stmt 1 view .LVU57
 196              	.L8:
 190:Drivers/STM32F1xx_HAL_Driver/Src/stm32f1xx_hal_adc_ex.c ****     {
 197              		.loc 1 190 11 view .LVU58
 198 00b6 2368     		ldr	r3, [r4]
 199 00b8 9B68     		ldr	r3, [r3, #8]
ARM GAS  /var/folders/y0/yl1wrqfd209ghqq3s8k8qc1m0000gn/T//ccTpawhR.s 			page 9


 200 00ba 13F0040F 		tst	r3, #4
 201 00be 15D0     		beq	.L14
 192:Drivers/STM32F1xx_HAL_Driver/Src/stm32f1xx_hal_adc_ex.c ****       {
 202              		.loc 1 192 7 view .LVU59
 192:Drivers/STM32F1xx_HAL_Driver/Src/stm32f1xx_hal_adc_ex.c ****       {
 203              		.loc 1 192 11 is_stmt 0 view .LVU60
 204 00c0 FFF7FEFF 		bl	HAL_GetTick
 205              	.LVL16:
 192:Drivers/STM32F1xx_HAL_Driver/Src/stm32f1xx_hal_adc_ex.c ****       {
 206              		.loc 1 192 25 discriminator 1 view .LVU61
 207 00c4 401B     		subs	r0, r0, r5
 192:Drivers/STM32F1xx_HAL_Driver/Src/stm32f1xx_hal_adc_ex.c ****       {
 208              		.loc 1 192 9 discriminator 1 view .LVU62
 209 00c6 0A28     		cmp	r0, #10
 210 00c8 F5D9     		bls	.L8
 195:Drivers/STM32F1xx_HAL_Driver/Src/stm32f1xx_hal_adc_ex.c ****         {
 211              		.loc 1 195 9 is_stmt 1 view .LVU63
 195:Drivers/STM32F1xx_HAL_Driver/Src/stm32f1xx_hal_adc_ex.c ****         {
 212              		.loc 1 195 12 is_stmt 0 view .LVU64
 213 00ca 2368     		ldr	r3, [r4]
 214 00cc 9B68     		ldr	r3, [r3, #8]
 195:Drivers/STM32F1xx_HAL_Driver/Src/stm32f1xx_hal_adc_ex.c ****         {
 215              		.loc 1 195 11 view .LVU65
 216 00ce 13F0040F 		tst	r3, #4
 217 00d2 F0D0     		beq	.L8
 198:Drivers/STM32F1xx_HAL_Driver/Src/stm32f1xx_hal_adc_ex.c ****                             HAL_ADC_STATE_BUSY_INTERNAL,
 218              		.loc 1 198 11 is_stmt 1 view .LVU66
 219 00d4 A36A     		ldr	r3, [r4, #40]
 220 00d6 23F01203 		bic	r3, r3, #18
 221 00da 43F01003 		orr	r3, r3, #16
 222 00de A362     		str	r3, [r4, #40]
 203:Drivers/STM32F1xx_HAL_Driver/Src/stm32f1xx_hal_adc_ex.c **** 
 223              		.loc 1 203 11 view .LVU67
 203:Drivers/STM32F1xx_HAL_Driver/Src/stm32f1xx_hal_adc_ex.c **** 
 224              		.loc 1 203 11 view .LVU68
 225 00e0 0023     		movs	r3, #0
 226 00e2 84F82430 		strb	r3, [r4, #36]
 203:Drivers/STM32F1xx_HAL_Driver/Src/stm32f1xx_hal_adc_ex.c **** 
 227              		.loc 1 203 11 view .LVU69
 205:Drivers/STM32F1xx_HAL_Driver/Src/stm32f1xx_hal_adc_ex.c ****         }
 228              		.loc 1 205 11 view .LVU70
 205:Drivers/STM32F1xx_HAL_Driver/Src/stm32f1xx_hal_adc_ex.c ****         }
 229              		.loc 1 205 18 is_stmt 0 view .LVU71
 230 00e6 0123     		movs	r3, #1
 231 00e8 1E46     		mov	r6, r3
 232              	.LVL17:
 205:Drivers/STM32F1xx_HAL_Driver/Src/stm32f1xx_hal_adc_ex.c ****         }
 233              		.loc 1 205 18 view .LVU72
 234 00ea 9FE7     		b	.L2
 235              	.LVL18:
 236              	.L14:
 211:Drivers/STM32F1xx_HAL_Driver/Src/stm32f1xx_hal_adc_ex.c ****                       HAL_ADC_STATE_BUSY_INTERNAL,
 237              		.loc 1 211 5 is_stmt 1 view .LVU73
 238 00ec A36A     		ldr	r3, [r4, #40]
 239 00ee 23F00303 		bic	r3, r3, #3
 240 00f2 43F00103 		orr	r3, r3, #1
 241 00f6 A362     		str	r3, [r4, #40]
ARM GAS  /var/folders/y0/yl1wrqfd209ghqq3s8k8qc1m0000gn/T//ccTpawhR.s 			page 10


 242 00f8 95E7     		b	.L3
 243              	.LVL19:
 244              	.L10:
 129:Drivers/STM32F1xx_HAL_Driver/Src/stm32f1xx_hal_adc_ex.c ****     
 245              		.loc 1 129 3 is_stmt 0 discriminator 1 view .LVU74
 246 00fa 0223     		movs	r3, #2
 247 00fc 1E46     		mov	r6, r3
 248 00fe 95E7     		b	.L2
 249              	.L16:
 250              		.align	2
 251              	.L15:
 252 0100 00000000 		.word	SystemCoreClock
 253              		.cfi_endproc
 254              	.LFE65:
 256              		.section	.text.HAL_ADCEx_InjectedStart,"ax",%progbits
 257              		.align	1
 258              		.global	HAL_ADCEx_InjectedStart
 259              		.syntax unified
 260              		.thumb
 261              		.thumb_func
 263              	HAL_ADCEx_InjectedStart:
 264              	.LVL20:
 265              	.LFB66:
 222:Drivers/STM32F1xx_HAL_Driver/Src/stm32f1xx_hal_adc_ex.c **** 
 223:Drivers/STM32F1xx_HAL_Driver/Src/stm32f1xx_hal_adc_ex.c **** /**
 224:Drivers/STM32F1xx_HAL_Driver/Src/stm32f1xx_hal_adc_ex.c ****   * @brief  Enables ADC, starts conversion of injected group.
 225:Drivers/STM32F1xx_HAL_Driver/Src/stm32f1xx_hal_adc_ex.c ****   *         Interruptions enabled in this function: None.
 226:Drivers/STM32F1xx_HAL_Driver/Src/stm32f1xx_hal_adc_ex.c ****   * @param  hadc: ADC handle
 227:Drivers/STM32F1xx_HAL_Driver/Src/stm32f1xx_hal_adc_ex.c ****   * @retval HAL status
 228:Drivers/STM32F1xx_HAL_Driver/Src/stm32f1xx_hal_adc_ex.c ****   */
 229:Drivers/STM32F1xx_HAL_Driver/Src/stm32f1xx_hal_adc_ex.c **** HAL_StatusTypeDef HAL_ADCEx_InjectedStart(ADC_HandleTypeDef* hadc)
 230:Drivers/STM32F1xx_HAL_Driver/Src/stm32f1xx_hal_adc_ex.c **** {
 266              		.loc 1 230 1 is_stmt 1 view -0
 267              		.cfi_startproc
 268              		@ args = 0, pretend = 0, frame = 0
 269              		@ frame_needed = 0, uses_anonymous_args = 0
 231:Drivers/STM32F1xx_HAL_Driver/Src/stm32f1xx_hal_adc_ex.c ****   HAL_StatusTypeDef tmp_hal_status = HAL_OK;
 270              		.loc 1 231 3 view .LVU76
 232:Drivers/STM32F1xx_HAL_Driver/Src/stm32f1xx_hal_adc_ex.c ****   
 233:Drivers/STM32F1xx_HAL_Driver/Src/stm32f1xx_hal_adc_ex.c ****   /* Check the parameters */
 234:Drivers/STM32F1xx_HAL_Driver/Src/stm32f1xx_hal_adc_ex.c ****   assert_param(IS_ADC_ALL_INSTANCE(hadc->Instance));
 271              		.loc 1 234 3 view .LVU77
 235:Drivers/STM32F1xx_HAL_Driver/Src/stm32f1xx_hal_adc_ex.c ****   
 236:Drivers/STM32F1xx_HAL_Driver/Src/stm32f1xx_hal_adc_ex.c ****   /* Process locked */
 237:Drivers/STM32F1xx_HAL_Driver/Src/stm32f1xx_hal_adc_ex.c ****   __HAL_LOCK(hadc);
 272              		.loc 1 237 3 view .LVU78
 273              		.loc 1 237 3 view .LVU79
 274 0000 90F82430 		ldrb	r3, [r0, #36]	@ zero_extendqisi2
 275 0004 012B     		cmp	r3, #1
 276 0006 52D0     		beq	.L26
 230:Drivers/STM32F1xx_HAL_Driver/Src/stm32f1xx_hal_adc_ex.c ****   HAL_StatusTypeDef tmp_hal_status = HAL_OK;
 277              		.loc 1 230 1 is_stmt 0 view .LVU80
 278 0008 10B5     		push	{r4, lr}
 279              	.LCFI4:
 280              		.cfi_def_cfa_offset 8
 281              		.cfi_offset 4, -8
 282              		.cfi_offset 14, -4
ARM GAS  /var/folders/y0/yl1wrqfd209ghqq3s8k8qc1m0000gn/T//ccTpawhR.s 			page 11


 283 000a 0446     		mov	r4, r0
 284              		.loc 1 237 3 is_stmt 1 discriminator 2 view .LVU81
 285 000c 0123     		movs	r3, #1
 286 000e 80F82430 		strb	r3, [r0, #36]
 287              		.loc 1 237 3 view .LVU82
 238:Drivers/STM32F1xx_HAL_Driver/Src/stm32f1xx_hal_adc_ex.c ****     
 239:Drivers/STM32F1xx_HAL_Driver/Src/stm32f1xx_hal_adc_ex.c ****   /* Enable the ADC peripheral */
 240:Drivers/STM32F1xx_HAL_Driver/Src/stm32f1xx_hal_adc_ex.c ****   tmp_hal_status = ADC_Enable(hadc);
 288              		.loc 1 240 3 view .LVU83
 289              		.loc 1 240 20 is_stmt 0 view .LVU84
 290 0012 FFF7FEFF 		bl	ADC_Enable
 291              	.LVL21:
 241:Drivers/STM32F1xx_HAL_Driver/Src/stm32f1xx_hal_adc_ex.c ****   
 242:Drivers/STM32F1xx_HAL_Driver/Src/stm32f1xx_hal_adc_ex.c ****   /* Start conversion if ADC is effectively enabled */
 243:Drivers/STM32F1xx_HAL_Driver/Src/stm32f1xx_hal_adc_ex.c ****   if (tmp_hal_status == HAL_OK)
 292              		.loc 1 243 3 is_stmt 1 view .LVU85
 293              		.loc 1 243 6 is_stmt 0 view .LVU86
 294 0016 0028     		cmp	r0, #0
 295 0018 45D1     		bne	.L19
 244:Drivers/STM32F1xx_HAL_Driver/Src/stm32f1xx_hal_adc_ex.c ****   {
 245:Drivers/STM32F1xx_HAL_Driver/Src/stm32f1xx_hal_adc_ex.c ****     /* Set ADC state                                                          */
 246:Drivers/STM32F1xx_HAL_Driver/Src/stm32f1xx_hal_adc_ex.c ****     /* - Clear state bitfield related to injected group conversion results    */
 247:Drivers/STM32F1xx_HAL_Driver/Src/stm32f1xx_hal_adc_ex.c ****     /* - Set state bitfield related to injected operation                     */
 248:Drivers/STM32F1xx_HAL_Driver/Src/stm32f1xx_hal_adc_ex.c ****     ADC_STATE_CLR_SET(hadc->State,
 296              		.loc 1 248 5 is_stmt 1 view .LVU87
 297 001a A36A     		ldr	r3, [r4, #40]
 298 001c 23F44053 		bic	r3, r3, #12288
 299 0020 23F00103 		bic	r3, r3, #1
 300 0024 43F48053 		orr	r3, r3, #4096
 301 0028 A362     		str	r3, [r4, #40]
 249:Drivers/STM32F1xx_HAL_Driver/Src/stm32f1xx_hal_adc_ex.c ****                       HAL_ADC_STATE_READY | HAL_ADC_STATE_INJ_EOC,
 250:Drivers/STM32F1xx_HAL_Driver/Src/stm32f1xx_hal_adc_ex.c ****                       HAL_ADC_STATE_INJ_BUSY);
 251:Drivers/STM32F1xx_HAL_Driver/Src/stm32f1xx_hal_adc_ex.c ****     
 252:Drivers/STM32F1xx_HAL_Driver/Src/stm32f1xx_hal_adc_ex.c ****     /* Case of independent mode or multimode (for devices with several ADCs): */
 253:Drivers/STM32F1xx_HAL_Driver/Src/stm32f1xx_hal_adc_ex.c ****     /* Set multimode state.                                                   */
 254:Drivers/STM32F1xx_HAL_Driver/Src/stm32f1xx_hal_adc_ex.c ****     if (ADC_NONMULTIMODE_OR_MULTIMODEMASTER(hadc))
 302              		.loc 1 254 5 view .LVU88
 303              		.loc 1 254 9 is_stmt 0 view .LVU89
 304 002a 2268     		ldr	r2, [r4]
 305              		.loc 1 254 8 view .LVU90
 306 002c 214B     		ldr	r3, .L34
 307 002e 9A42     		cmp	r2, r3
 308 0030 1FD0     		beq	.L31
 309              	.L20:
 255:Drivers/STM32F1xx_HAL_Driver/Src/stm32f1xx_hal_adc_ex.c ****     {
 256:Drivers/STM32F1xx_HAL_Driver/Src/stm32f1xx_hal_adc_ex.c ****       CLEAR_BIT(hadc->State, HAL_ADC_STATE_MULTIMODE_SLAVE);
 310              		.loc 1 256 7 is_stmt 1 view .LVU91
 311 0032 A36A     		ldr	r3, [r4, #40]
 312 0034 23F48013 		bic	r3, r3, #1048576
 313 0038 A362     		str	r3, [r4, #40]
 314              	.L22:
 257:Drivers/STM32F1xx_HAL_Driver/Src/stm32f1xx_hal_adc_ex.c ****     }
 258:Drivers/STM32F1xx_HAL_Driver/Src/stm32f1xx_hal_adc_ex.c ****     else
 259:Drivers/STM32F1xx_HAL_Driver/Src/stm32f1xx_hal_adc_ex.c ****     {
 260:Drivers/STM32F1xx_HAL_Driver/Src/stm32f1xx_hal_adc_ex.c ****       SET_BIT(hadc->State, HAL_ADC_STATE_MULTIMODE_SLAVE);
 261:Drivers/STM32F1xx_HAL_Driver/Src/stm32f1xx_hal_adc_ex.c ****     }
 262:Drivers/STM32F1xx_HAL_Driver/Src/stm32f1xx_hal_adc_ex.c ****     
ARM GAS  /var/folders/y0/yl1wrqfd209ghqq3s8k8qc1m0000gn/T//ccTpawhR.s 			page 12


 263:Drivers/STM32F1xx_HAL_Driver/Src/stm32f1xx_hal_adc_ex.c ****     /* Check if a regular conversion is ongoing */
 264:Drivers/STM32F1xx_HAL_Driver/Src/stm32f1xx_hal_adc_ex.c ****     /* Note: On this device, there is no ADC error code fields related to     */
 265:Drivers/STM32F1xx_HAL_Driver/Src/stm32f1xx_hal_adc_ex.c ****     /*       conversions on group injected only. In case of conversion on     */
 266:Drivers/STM32F1xx_HAL_Driver/Src/stm32f1xx_hal_adc_ex.c ****     /*       going on group regular, no error code is reset.                  */
 267:Drivers/STM32F1xx_HAL_Driver/Src/stm32f1xx_hal_adc_ex.c ****     if (HAL_IS_BIT_CLR(hadc->State, HAL_ADC_STATE_REG_BUSY))
 315              		.loc 1 267 5 view .LVU92
 316              		.loc 1 267 9 is_stmt 0 view .LVU93
 317 003a A36A     		ldr	r3, [r4, #40]
 318              		.loc 1 267 8 view .LVU94
 319 003c 13F4807F 		tst	r3, #256
 320 0040 01D1     		bne	.L23
 268:Drivers/STM32F1xx_HAL_Driver/Src/stm32f1xx_hal_adc_ex.c ****     {
 269:Drivers/STM32F1xx_HAL_Driver/Src/stm32f1xx_hal_adc_ex.c ****       /* Reset ADC all error code fields */
 270:Drivers/STM32F1xx_HAL_Driver/Src/stm32f1xx_hal_adc_ex.c ****       ADC_CLEAR_ERRORCODE(hadc);
 321              		.loc 1 270 7 is_stmt 1 view .LVU95
 322 0042 0023     		movs	r3, #0
 323 0044 E362     		str	r3, [r4, #44]
 324              	.L23:
 271:Drivers/STM32F1xx_HAL_Driver/Src/stm32f1xx_hal_adc_ex.c ****     }
 272:Drivers/STM32F1xx_HAL_Driver/Src/stm32f1xx_hal_adc_ex.c ****     
 273:Drivers/STM32F1xx_HAL_Driver/Src/stm32f1xx_hal_adc_ex.c ****     /* Process unlocked */
 274:Drivers/STM32F1xx_HAL_Driver/Src/stm32f1xx_hal_adc_ex.c ****     /* Unlock before starting ADC conversions: in case of potential           */
 275:Drivers/STM32F1xx_HAL_Driver/Src/stm32f1xx_hal_adc_ex.c ****     /* interruption, to let the process to ADC IRQ Handler.                   */
 276:Drivers/STM32F1xx_HAL_Driver/Src/stm32f1xx_hal_adc_ex.c ****     __HAL_UNLOCK(hadc);
 325              		.loc 1 276 5 view .LVU96
 326              		.loc 1 276 5 view .LVU97
 327 0046 0023     		movs	r3, #0
 328 0048 84F82430 		strb	r3, [r4, #36]
 329              		.loc 1 276 5 view .LVU98
 277:Drivers/STM32F1xx_HAL_Driver/Src/stm32f1xx_hal_adc_ex.c ****     
 278:Drivers/STM32F1xx_HAL_Driver/Src/stm32f1xx_hal_adc_ex.c ****     /* Clear injected group conversion flag */
 279:Drivers/STM32F1xx_HAL_Driver/Src/stm32f1xx_hal_adc_ex.c ****     /* (To ensure of no unknown state from potential previous ADC operations) */
 280:Drivers/STM32F1xx_HAL_Driver/Src/stm32f1xx_hal_adc_ex.c ****     __HAL_ADC_CLEAR_FLAG(hadc, ADC_FLAG_JEOC);
 330              		.loc 1 280 5 view .LVU99
 331 004c 6FF00403 		mvn	r3, #4
 332 0050 1360     		str	r3, [r2]
 281:Drivers/STM32F1xx_HAL_Driver/Src/stm32f1xx_hal_adc_ex.c ****         
 282:Drivers/STM32F1xx_HAL_Driver/Src/stm32f1xx_hal_adc_ex.c ****     /* Enable conversion of injected group.                                   */
 283:Drivers/STM32F1xx_HAL_Driver/Src/stm32f1xx_hal_adc_ex.c ****     /* If software start has been selected, conversion starts immediately.    */
 284:Drivers/STM32F1xx_HAL_Driver/Src/stm32f1xx_hal_adc_ex.c ****     /* If external trigger has been selected, conversion will start at next   */
 285:Drivers/STM32F1xx_HAL_Driver/Src/stm32f1xx_hal_adc_ex.c ****     /* trigger event.                                                         */
 286:Drivers/STM32F1xx_HAL_Driver/Src/stm32f1xx_hal_adc_ex.c ****     /* If automatic injected conversion is enabled, conversion will start     */
 287:Drivers/STM32F1xx_HAL_Driver/Src/stm32f1xx_hal_adc_ex.c ****     /* after next regular group conversion.                                   */
 288:Drivers/STM32F1xx_HAL_Driver/Src/stm32f1xx_hal_adc_ex.c ****     /* Case of multimode enabled (for devices with several ADCs): if ADC is   */
 289:Drivers/STM32F1xx_HAL_Driver/Src/stm32f1xx_hal_adc_ex.c ****     /* slave, ADC is enabled only (conversion is not started). If ADC is      */
 290:Drivers/STM32F1xx_HAL_Driver/Src/stm32f1xx_hal_adc_ex.c ****     /* master, ADC is enabled and conversion is started.                      */
 291:Drivers/STM32F1xx_HAL_Driver/Src/stm32f1xx_hal_adc_ex.c ****     if (HAL_IS_BIT_CLR(hadc->Instance->CR1, ADC_CR1_JAUTO))
 333              		.loc 1 291 5 view .LVU100
 334              		.loc 1 291 9 is_stmt 0 view .LVU101
 335 0052 2368     		ldr	r3, [r4]
 336 0054 5A68     		ldr	r2, [r3, #4]
 337              		.loc 1 291 8 view .LVU102
 338 0056 12F4806F 		tst	r2, #1024
 339 005a 27D1     		bne	.L18
 292:Drivers/STM32F1xx_HAL_Driver/Src/stm32f1xx_hal_adc_ex.c ****     {
 293:Drivers/STM32F1xx_HAL_Driver/Src/stm32f1xx_hal_adc_ex.c ****       if (ADC_IS_SOFTWARE_START_INJECTED(hadc)     &&
 340              		.loc 1 293 7 is_stmt 1 view .LVU103
ARM GAS  /var/folders/y0/yl1wrqfd209ghqq3s8k8qc1m0000gn/T//ccTpawhR.s 			page 13


 341              		.loc 1 293 11 is_stmt 0 view .LVU104
 342 005c 9A68     		ldr	r2, [r3, #8]
 343 005e 02F4E042 		and	r2, r2, #28672
 344              		.loc 1 293 10 view .LVU105
 345 0062 B2F5E04F 		cmp	r2, #28672
 346 0066 0FD0     		beq	.L32
 347              	.L24:
 294:Drivers/STM32F1xx_HAL_Driver/Src/stm32f1xx_hal_adc_ex.c ****           ADC_NONMULTIMODE_OR_MULTIMODEMASTER(hadc)  )
 295:Drivers/STM32F1xx_HAL_Driver/Src/stm32f1xx_hal_adc_ex.c ****       {
 296:Drivers/STM32F1xx_HAL_Driver/Src/stm32f1xx_hal_adc_ex.c ****         /* Start ADC conversion on injected group with SW start */
 297:Drivers/STM32F1xx_HAL_Driver/Src/stm32f1xx_hal_adc_ex.c ****         SET_BIT(hadc->Instance->CR2, (ADC_CR2_JSWSTART | ADC_CR2_JEXTTRIG));
 298:Drivers/STM32F1xx_HAL_Driver/Src/stm32f1xx_hal_adc_ex.c ****       }
 299:Drivers/STM32F1xx_HAL_Driver/Src/stm32f1xx_hal_adc_ex.c ****       else
 300:Drivers/STM32F1xx_HAL_Driver/Src/stm32f1xx_hal_adc_ex.c ****       {
 301:Drivers/STM32F1xx_HAL_Driver/Src/stm32f1xx_hal_adc_ex.c ****         /* Start ADC conversion on injected group with external trigger */
 302:Drivers/STM32F1xx_HAL_Driver/Src/stm32f1xx_hal_adc_ex.c ****         SET_BIT(hadc->Instance->CR2, ADC_CR2_JEXTTRIG);
 348              		.loc 1 302 9 is_stmt 1 view .LVU106
 349 0068 9A68     		ldr	r2, [r3, #8]
 350 006a 42F40042 		orr	r2, r2, #32768
 351 006e 9A60     		str	r2, [r3, #8]
 352 0070 1CE0     		b	.L18
 353              	.L31:
 254:Drivers/STM32F1xx_HAL_Driver/Src/stm32f1xx_hal_adc_ex.c ****     {
 354              		.loc 1 254 9 is_stmt 0 discriminator 1 view .LVU107
 355 0072 A3F58063 		sub	r3, r3, #1024
 356 0076 5B68     		ldr	r3, [r3, #4]
 357 0078 13F4702F 		tst	r3, #983040
 358 007c D9D0     		beq	.L20
 260:Drivers/STM32F1xx_HAL_Driver/Src/stm32f1xx_hal_adc_ex.c ****     }
 359              		.loc 1 260 7 is_stmt 1 view .LVU108
 360 007e A36A     		ldr	r3, [r4, #40]
 361 0080 43F48013 		orr	r3, r3, #1048576
 362 0084 A362     		str	r3, [r4, #40]
 363 0086 D8E7     		b	.L22
 364              	.L32:
 293:Drivers/STM32F1xx_HAL_Driver/Src/stm32f1xx_hal_adc_ex.c ****           ADC_NONMULTIMODE_OR_MULTIMODEMASTER(hadc)  )
 365              		.loc 1 293 52 is_stmt 0 discriminator 1 view .LVU109
 366 0088 0A4A     		ldr	r2, .L34
 367 008a 9342     		cmp	r3, r2
 368 008c 04D0     		beq	.L33
 369              	.L25:
 297:Drivers/STM32F1xx_HAL_Driver/Src/stm32f1xx_hal_adc_ex.c ****       }
 370              		.loc 1 297 9 is_stmt 1 view .LVU110
 371 008e 9A68     		ldr	r2, [r3, #8]
 372 0090 42F40212 		orr	r2, r2, #2129920
 373 0094 9A60     		str	r2, [r3, #8]
 374 0096 09E0     		b	.L18
 375              	.L33:
 294:Drivers/STM32F1xx_HAL_Driver/Src/stm32f1xx_hal_adc_ex.c ****       {
 376              		.loc 1 294 11 is_stmt 0 view .LVU111
 377 0098 A2F58062 		sub	r2, r2, #1024
 378 009c 5268     		ldr	r2, [r2, #4]
 293:Drivers/STM32F1xx_HAL_Driver/Src/stm32f1xx_hal_adc_ex.c ****           ADC_NONMULTIMODE_OR_MULTIMODEMASTER(hadc)  )
 379              		.loc 1 293 52 discriminator 2 view .LVU112
 380 009e 12F4702F 		tst	r2, #983040
 381 00a2 E1D1     		bne	.L24
 382 00a4 F3E7     		b	.L25
ARM GAS  /var/folders/y0/yl1wrqfd209ghqq3s8k8qc1m0000gn/T//ccTpawhR.s 			page 14


 383              	.L19:
 303:Drivers/STM32F1xx_HAL_Driver/Src/stm32f1xx_hal_adc_ex.c ****       }
 304:Drivers/STM32F1xx_HAL_Driver/Src/stm32f1xx_hal_adc_ex.c ****     }
 305:Drivers/STM32F1xx_HAL_Driver/Src/stm32f1xx_hal_adc_ex.c ****   }
 306:Drivers/STM32F1xx_HAL_Driver/Src/stm32f1xx_hal_adc_ex.c ****   else
 307:Drivers/STM32F1xx_HAL_Driver/Src/stm32f1xx_hal_adc_ex.c ****   {
 308:Drivers/STM32F1xx_HAL_Driver/Src/stm32f1xx_hal_adc_ex.c ****     /* Process unlocked */
 309:Drivers/STM32F1xx_HAL_Driver/Src/stm32f1xx_hal_adc_ex.c ****     __HAL_UNLOCK(hadc);
 384              		.loc 1 309 5 is_stmt 1 view .LVU113
 385              		.loc 1 309 5 view .LVU114
 386 00a6 0023     		movs	r3, #0
 387 00a8 84F82430 		strb	r3, [r4, #36]
 388              	.L18:
 310:Drivers/STM32F1xx_HAL_Driver/Src/stm32f1xx_hal_adc_ex.c ****   }
 311:Drivers/STM32F1xx_HAL_Driver/Src/stm32f1xx_hal_adc_ex.c ****   
 312:Drivers/STM32F1xx_HAL_Driver/Src/stm32f1xx_hal_adc_ex.c ****   /* Return function status */
 313:Drivers/STM32F1xx_HAL_Driver/Src/stm32f1xx_hal_adc_ex.c ****   return tmp_hal_status;
 314:Drivers/STM32F1xx_HAL_Driver/Src/stm32f1xx_hal_adc_ex.c **** }
 389              		.loc 1 314 1 is_stmt 0 view .LVU115
 390 00ac 10BD     		pop	{r4, pc}
 391              	.LVL22:
 392              	.L26:
 393              	.LCFI5:
 394              		.cfi_def_cfa_offset 0
 395              		.cfi_restore 4
 396              		.cfi_restore 14
 237:Drivers/STM32F1xx_HAL_Driver/Src/stm32f1xx_hal_adc_ex.c ****     
 397              		.loc 1 237 3 discriminator 1 view .LVU116
 398 00ae 0220     		movs	r0, #2
 399              	.LVL23:
 400              		.loc 1 314 1 view .LVU117
 401 00b0 7047     		bx	lr
 402              	.L35:
 403 00b2 00BF     		.align	2
 404              	.L34:
 405 00b4 00280140 		.word	1073817600
 406              		.cfi_endproc
 407              	.LFE66:
 409              		.section	.text.HAL_ADCEx_InjectedStop,"ax",%progbits
 410              		.align	1
 411              		.global	HAL_ADCEx_InjectedStop
 412              		.syntax unified
 413              		.thumb
 414              		.thumb_func
 416              	HAL_ADCEx_InjectedStop:
 417              	.LVL24:
 418              	.LFB67:
 315:Drivers/STM32F1xx_HAL_Driver/Src/stm32f1xx_hal_adc_ex.c **** 
 316:Drivers/STM32F1xx_HAL_Driver/Src/stm32f1xx_hal_adc_ex.c **** /**
 317:Drivers/STM32F1xx_HAL_Driver/Src/stm32f1xx_hal_adc_ex.c ****   * @brief  Stop conversion of injected channels. Disable ADC peripheral if
 318:Drivers/STM32F1xx_HAL_Driver/Src/stm32f1xx_hal_adc_ex.c ****   *         no regular conversion is on going.
 319:Drivers/STM32F1xx_HAL_Driver/Src/stm32f1xx_hal_adc_ex.c ****   * @note   If ADC must be disabled and if conversion is on going on 
 320:Drivers/STM32F1xx_HAL_Driver/Src/stm32f1xx_hal_adc_ex.c ****   *         regular group, function HAL_ADC_Stop must be used to stop both
 321:Drivers/STM32F1xx_HAL_Driver/Src/stm32f1xx_hal_adc_ex.c ****   *         injected and regular groups, and disable the ADC.
 322:Drivers/STM32F1xx_HAL_Driver/Src/stm32f1xx_hal_adc_ex.c ****   * @note   If injected group mode auto-injection is enabled,
 323:Drivers/STM32F1xx_HAL_Driver/Src/stm32f1xx_hal_adc_ex.c ****   *         function HAL_ADC_Stop must be used.
 324:Drivers/STM32F1xx_HAL_Driver/Src/stm32f1xx_hal_adc_ex.c ****   * @note   In case of auto-injection mode, HAL_ADC_Stop must be used.
ARM GAS  /var/folders/y0/yl1wrqfd209ghqq3s8k8qc1m0000gn/T//ccTpawhR.s 			page 15


 325:Drivers/STM32F1xx_HAL_Driver/Src/stm32f1xx_hal_adc_ex.c ****   * @param  hadc: ADC handle
 326:Drivers/STM32F1xx_HAL_Driver/Src/stm32f1xx_hal_adc_ex.c ****   * @retval None
 327:Drivers/STM32F1xx_HAL_Driver/Src/stm32f1xx_hal_adc_ex.c ****   */
 328:Drivers/STM32F1xx_HAL_Driver/Src/stm32f1xx_hal_adc_ex.c **** HAL_StatusTypeDef HAL_ADCEx_InjectedStop(ADC_HandleTypeDef* hadc)
 329:Drivers/STM32F1xx_HAL_Driver/Src/stm32f1xx_hal_adc_ex.c **** {
 419              		.loc 1 329 1 is_stmt 1 view -0
 420              		.cfi_startproc
 421              		@ args = 0, pretend = 0, frame = 0
 422              		@ frame_needed = 0, uses_anonymous_args = 0
 330:Drivers/STM32F1xx_HAL_Driver/Src/stm32f1xx_hal_adc_ex.c ****   HAL_StatusTypeDef tmp_hal_status = HAL_OK;
 423              		.loc 1 330 3 view .LVU119
 331:Drivers/STM32F1xx_HAL_Driver/Src/stm32f1xx_hal_adc_ex.c ****   
 332:Drivers/STM32F1xx_HAL_Driver/Src/stm32f1xx_hal_adc_ex.c ****   /* Check the parameters */
 333:Drivers/STM32F1xx_HAL_Driver/Src/stm32f1xx_hal_adc_ex.c ****   assert_param(IS_ADC_ALL_INSTANCE(hadc->Instance));
 424              		.loc 1 333 3 view .LVU120
 334:Drivers/STM32F1xx_HAL_Driver/Src/stm32f1xx_hal_adc_ex.c **** 
 335:Drivers/STM32F1xx_HAL_Driver/Src/stm32f1xx_hal_adc_ex.c ****   /* Process locked */
 336:Drivers/STM32F1xx_HAL_Driver/Src/stm32f1xx_hal_adc_ex.c ****   __HAL_LOCK(hadc);
 425              		.loc 1 336 3 view .LVU121
 426              		.loc 1 336 3 view .LVU122
 427 0000 90F82430 		ldrb	r3, [r0, #36]	@ zero_extendqisi2
 428 0004 012B     		cmp	r3, #1
 429 0006 23D0     		beq	.L40
 329:Drivers/STM32F1xx_HAL_Driver/Src/stm32f1xx_hal_adc_ex.c ****   HAL_StatusTypeDef tmp_hal_status = HAL_OK;
 430              		.loc 1 329 1 is_stmt 0 view .LVU123
 431 0008 10B5     		push	{r4, lr}
 432              	.LCFI6:
 433              		.cfi_def_cfa_offset 8
 434              		.cfi_offset 4, -8
 435              		.cfi_offset 14, -4
 436 000a 0446     		mov	r4, r0
 437              		.loc 1 336 3 is_stmt 1 discriminator 2 view .LVU124
 438 000c 0123     		movs	r3, #1
 439 000e 80F82430 		strb	r3, [r0, #36]
 440              		.loc 1 336 3 view .LVU125
 337:Drivers/STM32F1xx_HAL_Driver/Src/stm32f1xx_hal_adc_ex.c ****     
 338:Drivers/STM32F1xx_HAL_Driver/Src/stm32f1xx_hal_adc_ex.c ****   /* Stop potential conversion and disable ADC peripheral                     */
 339:Drivers/STM32F1xx_HAL_Driver/Src/stm32f1xx_hal_adc_ex.c ****   /* Conditioned to:                                                          */
 340:Drivers/STM32F1xx_HAL_Driver/Src/stm32f1xx_hal_adc_ex.c ****   /* - No conversion on the other group (regular group) is intended to        */
 341:Drivers/STM32F1xx_HAL_Driver/Src/stm32f1xx_hal_adc_ex.c ****   /*   continue (injected and regular groups stop conversion and ADC disable  */
 342:Drivers/STM32F1xx_HAL_Driver/Src/stm32f1xx_hal_adc_ex.c ****   /*   are common)                                                            */
 343:Drivers/STM32F1xx_HAL_Driver/Src/stm32f1xx_hal_adc_ex.c ****   /* - In case of auto-injection mode, HAL_ADC_Stop must be used.             */
 344:Drivers/STM32F1xx_HAL_Driver/Src/stm32f1xx_hal_adc_ex.c ****   if(((hadc->State & HAL_ADC_STATE_REG_BUSY) == RESET)  &&
 441              		.loc 1 344 3 view .LVU126
 442              		.loc 1 344 12 is_stmt 0 view .LVU127
 443 0012 836A     		ldr	r3, [r0, #40]
 444              		.loc 1 344 5 view .LVU128
 445 0014 13F4807F 		tst	r3, #256
 446 0018 04D1     		bne	.L38
 345:Drivers/STM32F1xx_HAL_Driver/Src/stm32f1xx_hal_adc_ex.c ****      HAL_IS_BIT_CLR(hadc->Instance->CR1, ADC_CR1_JAUTO)   )
 447              		.loc 1 345 6 view .LVU129
 448 001a 0368     		ldr	r3, [r0]
 449 001c 5B68     		ldr	r3, [r3, #4]
 344:Drivers/STM32F1xx_HAL_Driver/Src/stm32f1xx_hal_adc_ex.c ****      HAL_IS_BIT_CLR(hadc->Instance->CR1, ADC_CR1_JAUTO)   )
 450              		.loc 1 344 57 discriminator 1 view .LVU130
 451 001e 13F4806F 		tst	r3, #1024
 452 0022 08D0     		beq	.L45
ARM GAS  /var/folders/y0/yl1wrqfd209ghqq3s8k8qc1m0000gn/T//ccTpawhR.s 			page 16


 453              	.L38:
 346:Drivers/STM32F1xx_HAL_Driver/Src/stm32f1xx_hal_adc_ex.c ****   {
 347:Drivers/STM32F1xx_HAL_Driver/Src/stm32f1xx_hal_adc_ex.c ****     /* Stop potential conversion on going, on regular and injected groups */
 348:Drivers/STM32F1xx_HAL_Driver/Src/stm32f1xx_hal_adc_ex.c ****     /* Disable ADC peripheral */
 349:Drivers/STM32F1xx_HAL_Driver/Src/stm32f1xx_hal_adc_ex.c ****     tmp_hal_status = ADC_ConversionStop_Disable(hadc);
 350:Drivers/STM32F1xx_HAL_Driver/Src/stm32f1xx_hal_adc_ex.c ****     
 351:Drivers/STM32F1xx_HAL_Driver/Src/stm32f1xx_hal_adc_ex.c ****     /* Check if ADC is effectively disabled */
 352:Drivers/STM32F1xx_HAL_Driver/Src/stm32f1xx_hal_adc_ex.c ****     if (tmp_hal_status == HAL_OK)
 353:Drivers/STM32F1xx_HAL_Driver/Src/stm32f1xx_hal_adc_ex.c ****     {
 354:Drivers/STM32F1xx_HAL_Driver/Src/stm32f1xx_hal_adc_ex.c ****       /* Set ADC state */
 355:Drivers/STM32F1xx_HAL_Driver/Src/stm32f1xx_hal_adc_ex.c ****       ADC_STATE_CLR_SET(hadc->State,
 356:Drivers/STM32F1xx_HAL_Driver/Src/stm32f1xx_hal_adc_ex.c ****                         HAL_ADC_STATE_REG_BUSY | HAL_ADC_STATE_INJ_BUSY,
 357:Drivers/STM32F1xx_HAL_Driver/Src/stm32f1xx_hal_adc_ex.c ****                         HAL_ADC_STATE_READY);
 358:Drivers/STM32F1xx_HAL_Driver/Src/stm32f1xx_hal_adc_ex.c ****     }
 359:Drivers/STM32F1xx_HAL_Driver/Src/stm32f1xx_hal_adc_ex.c ****   }
 360:Drivers/STM32F1xx_HAL_Driver/Src/stm32f1xx_hal_adc_ex.c ****   else
 361:Drivers/STM32F1xx_HAL_Driver/Src/stm32f1xx_hal_adc_ex.c ****   {
 362:Drivers/STM32F1xx_HAL_Driver/Src/stm32f1xx_hal_adc_ex.c ****     /* Update ADC state machine to error */
 363:Drivers/STM32F1xx_HAL_Driver/Src/stm32f1xx_hal_adc_ex.c ****     SET_BIT(hadc->State, HAL_ADC_STATE_ERROR_CONFIG);
 454              		.loc 1 363 5 is_stmt 1 view .LVU131
 455 0024 A36A     		ldr	r3, [r4, #40]
 456 0026 43F02003 		orr	r3, r3, #32
 457 002a A362     		str	r3, [r4, #40]
 364:Drivers/STM32F1xx_HAL_Driver/Src/stm32f1xx_hal_adc_ex.c ****       
 365:Drivers/STM32F1xx_HAL_Driver/Src/stm32f1xx_hal_adc_ex.c ****     tmp_hal_status = HAL_ERROR;
 458              		.loc 1 365 5 view .LVU132
 459              	.LVL25:
 460              		.loc 1 365 20 is_stmt 0 view .LVU133
 461 002c 0120     		movs	r0, #1
 462              	.LVL26:
 463              	.L39:
 366:Drivers/STM32F1xx_HAL_Driver/Src/stm32f1xx_hal_adc_ex.c ****   }
 367:Drivers/STM32F1xx_HAL_Driver/Src/stm32f1xx_hal_adc_ex.c ****   
 368:Drivers/STM32F1xx_HAL_Driver/Src/stm32f1xx_hal_adc_ex.c ****   /* Process unlocked */
 369:Drivers/STM32F1xx_HAL_Driver/Src/stm32f1xx_hal_adc_ex.c ****   __HAL_UNLOCK(hadc);
 464              		.loc 1 369 3 is_stmt 1 view .LVU134
 465              		.loc 1 369 3 view .LVU135
 466 002e 0023     		movs	r3, #0
 467 0030 84F82430 		strb	r3, [r4, #36]
 468              		.loc 1 369 3 view .LVU136
 370:Drivers/STM32F1xx_HAL_Driver/Src/stm32f1xx_hal_adc_ex.c ****   
 371:Drivers/STM32F1xx_HAL_Driver/Src/stm32f1xx_hal_adc_ex.c ****   /* Return function status */
 372:Drivers/STM32F1xx_HAL_Driver/Src/stm32f1xx_hal_adc_ex.c ****   return tmp_hal_status;
 469              		.loc 1 372 3 view .LVU137
 373:Drivers/STM32F1xx_HAL_Driver/Src/stm32f1xx_hal_adc_ex.c **** }
 470              		.loc 1 373 1 is_stmt 0 view .LVU138
 471 0034 10BD     		pop	{r4, pc}
 472              	.LVL27:
 473              	.L45:
 349:Drivers/STM32F1xx_HAL_Driver/Src/stm32f1xx_hal_adc_ex.c ****     
 474              		.loc 1 349 5 is_stmt 1 view .LVU139
 349:Drivers/STM32F1xx_HAL_Driver/Src/stm32f1xx_hal_adc_ex.c ****     
 475              		.loc 1 349 22 is_stmt 0 view .LVU140
 476 0036 FFF7FEFF 		bl	ADC_ConversionStop_Disable
 477              	.LVL28:
 352:Drivers/STM32F1xx_HAL_Driver/Src/stm32f1xx_hal_adc_ex.c ****     {
 478              		.loc 1 352 5 is_stmt 1 view .LVU141
ARM GAS  /var/folders/y0/yl1wrqfd209ghqq3s8k8qc1m0000gn/T//ccTpawhR.s 			page 17


 352:Drivers/STM32F1xx_HAL_Driver/Src/stm32f1xx_hal_adc_ex.c ****     {
 479              		.loc 1 352 8 is_stmt 0 view .LVU142
 480 003a 0028     		cmp	r0, #0
 481 003c F7D1     		bne	.L39
 355:Drivers/STM32F1xx_HAL_Driver/Src/stm32f1xx_hal_adc_ex.c ****                         HAL_ADC_STATE_REG_BUSY | HAL_ADC_STATE_INJ_BUSY,
 482              		.loc 1 355 7 is_stmt 1 view .LVU143
 483 003e A36A     		ldr	r3, [r4, #40]
 484 0040 23F48853 		bic	r3, r3, #4352
 485 0044 23F00103 		bic	r3, r3, #1
 486 0048 43F00103 		orr	r3, r3, #1
 487 004c A362     		str	r3, [r4, #40]
 488 004e EEE7     		b	.L39
 489              	.LVL29:
 490              	.L40:
 491              	.LCFI7:
 492              		.cfi_def_cfa_offset 0
 493              		.cfi_restore 4
 494              		.cfi_restore 14
 336:Drivers/STM32F1xx_HAL_Driver/Src/stm32f1xx_hal_adc_ex.c ****     
 495              		.loc 1 336 3 is_stmt 0 discriminator 1 view .LVU144
 496 0050 0220     		movs	r0, #2
 497              	.LVL30:
 498              		.loc 1 373 1 view .LVU145
 499 0052 7047     		bx	lr
 500              		.cfi_endproc
 501              	.LFE67:
 503              		.section	.text.HAL_ADCEx_InjectedPollForConversion,"ax",%progbits
 504              		.align	1
 505              		.global	HAL_ADCEx_InjectedPollForConversion
 506              		.syntax unified
 507              		.thumb
 508              		.thumb_func
 510              	HAL_ADCEx_InjectedPollForConversion:
 511              	.LVL31:
 512              	.LFB68:
 374:Drivers/STM32F1xx_HAL_Driver/Src/stm32f1xx_hal_adc_ex.c **** 
 375:Drivers/STM32F1xx_HAL_Driver/Src/stm32f1xx_hal_adc_ex.c **** /**
 376:Drivers/STM32F1xx_HAL_Driver/Src/stm32f1xx_hal_adc_ex.c ****   * @brief  Wait for injected group conversion to be completed.
 377:Drivers/STM32F1xx_HAL_Driver/Src/stm32f1xx_hal_adc_ex.c ****   * @param  hadc: ADC handle
 378:Drivers/STM32F1xx_HAL_Driver/Src/stm32f1xx_hal_adc_ex.c ****   * @param  Timeout: Timeout value in millisecond.
 379:Drivers/STM32F1xx_HAL_Driver/Src/stm32f1xx_hal_adc_ex.c ****   * @retval HAL status
 380:Drivers/STM32F1xx_HAL_Driver/Src/stm32f1xx_hal_adc_ex.c ****   */
 381:Drivers/STM32F1xx_HAL_Driver/Src/stm32f1xx_hal_adc_ex.c **** HAL_StatusTypeDef HAL_ADCEx_InjectedPollForConversion(ADC_HandleTypeDef* hadc, uint32_t Timeout)
 382:Drivers/STM32F1xx_HAL_Driver/Src/stm32f1xx_hal_adc_ex.c **** {
 513              		.loc 1 382 1 is_stmt 1 view -0
 514              		.cfi_startproc
 515              		@ args = 0, pretend = 0, frame = 8
 516              		@ frame_needed = 0, uses_anonymous_args = 0
 517              		.loc 1 382 1 is_stmt 0 view .LVU147
 518 0000 F0B5     		push	{r4, r5, r6, r7, lr}
 519              	.LCFI8:
 520              		.cfi_def_cfa_offset 20
 521              		.cfi_offset 4, -20
 522              		.cfi_offset 5, -16
 523              		.cfi_offset 6, -12
 524              		.cfi_offset 7, -8
 525              		.cfi_offset 14, -4
ARM GAS  /var/folders/y0/yl1wrqfd209ghqq3s8k8qc1m0000gn/T//ccTpawhR.s 			page 18


 526 0002 83B0     		sub	sp, sp, #12
 527              	.LCFI9:
 528              		.cfi_def_cfa_offset 32
 529 0004 0546     		mov	r5, r0
 530 0006 0C46     		mov	r4, r1
 383:Drivers/STM32F1xx_HAL_Driver/Src/stm32f1xx_hal_adc_ex.c ****   uint32_t tickstart;
 531              		.loc 1 383 3 is_stmt 1 view .LVU148
 384:Drivers/STM32F1xx_HAL_Driver/Src/stm32f1xx_hal_adc_ex.c **** 
 385:Drivers/STM32F1xx_HAL_Driver/Src/stm32f1xx_hal_adc_ex.c ****   /* Variables for polling in case of scan mode enabled and polling for each  */
 386:Drivers/STM32F1xx_HAL_Driver/Src/stm32f1xx_hal_adc_ex.c ****   /* conversion.                                                              */
 387:Drivers/STM32F1xx_HAL_Driver/Src/stm32f1xx_hal_adc_ex.c ****   __IO uint32_t Conversion_Timeout_CPU_cycles = 0U;
 532              		.loc 1 387 3 view .LVU149
 533              		.loc 1 387 17 is_stmt 0 view .LVU150
 534 0008 0023     		movs	r3, #0
 535 000a 0193     		str	r3, [sp, #4]
 388:Drivers/STM32F1xx_HAL_Driver/Src/stm32f1xx_hal_adc_ex.c ****   uint32_t Conversion_Timeout_CPU_cycles_max = 0U;
 536              		.loc 1 388 3 is_stmt 1 view .LVU151
 537              	.LVL32:
 389:Drivers/STM32F1xx_HAL_Driver/Src/stm32f1xx_hal_adc_ex.c ****   
 390:Drivers/STM32F1xx_HAL_Driver/Src/stm32f1xx_hal_adc_ex.c ****   /* Check the parameters */
 391:Drivers/STM32F1xx_HAL_Driver/Src/stm32f1xx_hal_adc_ex.c ****   assert_param(IS_ADC_ALL_INSTANCE(hadc->Instance));
 538              		.loc 1 391 3 view .LVU152
 392:Drivers/STM32F1xx_HAL_Driver/Src/stm32f1xx_hal_adc_ex.c **** 
 393:Drivers/STM32F1xx_HAL_Driver/Src/stm32f1xx_hal_adc_ex.c ****   /* Get timeout */
 394:Drivers/STM32F1xx_HAL_Driver/Src/stm32f1xx_hal_adc_ex.c ****   tickstart = HAL_GetTick();  
 539              		.loc 1 394 3 view .LVU153
 540              		.loc 1 394 15 is_stmt 0 view .LVU154
 541 000c FFF7FEFF 		bl	HAL_GetTick
 542              	.LVL33:
 543              		.loc 1 394 15 view .LVU155
 544 0010 0746     		mov	r7, r0
 545              	.LVL34:
 395:Drivers/STM32F1xx_HAL_Driver/Src/stm32f1xx_hal_adc_ex.c ****      
 396:Drivers/STM32F1xx_HAL_Driver/Src/stm32f1xx_hal_adc_ex.c ****   /* Polling for end of conversion: differentiation if single/sequence        */
 397:Drivers/STM32F1xx_HAL_Driver/Src/stm32f1xx_hal_adc_ex.c ****   /* conversion.                                                              */
 398:Drivers/STM32F1xx_HAL_Driver/Src/stm32f1xx_hal_adc_ex.c ****   /* For injected group, flag JEOC is set only at the end of the sequence,    */
 399:Drivers/STM32F1xx_HAL_Driver/Src/stm32f1xx_hal_adc_ex.c ****   /* not for each conversion within the sequence.                             */
 400:Drivers/STM32F1xx_HAL_Driver/Src/stm32f1xx_hal_adc_ex.c ****   /*  - If single conversion for injected group (scan mode disabled or        */
 401:Drivers/STM32F1xx_HAL_Driver/Src/stm32f1xx_hal_adc_ex.c ****   /*    InjectedNbrOfConversion ==1), flag JEOC is used to determine the      */
 402:Drivers/STM32F1xx_HAL_Driver/Src/stm32f1xx_hal_adc_ex.c ****   /*    conversion completion.                                                */
 403:Drivers/STM32F1xx_HAL_Driver/Src/stm32f1xx_hal_adc_ex.c ****   /*  - If sequence conversion for injected group (scan mode enabled and      */
 404:Drivers/STM32F1xx_HAL_Driver/Src/stm32f1xx_hal_adc_ex.c ****   /*    InjectedNbrOfConversion >=2), flag JEOC is set only at the end of the */
 405:Drivers/STM32F1xx_HAL_Driver/Src/stm32f1xx_hal_adc_ex.c ****   /*    sequence.                                                             */
 406:Drivers/STM32F1xx_HAL_Driver/Src/stm32f1xx_hal_adc_ex.c ****   /*    To poll for each conversion, the maximum conversion time is computed  */
 407:Drivers/STM32F1xx_HAL_Driver/Src/stm32f1xx_hal_adc_ex.c ****   /*    from ADC conversion time (selected sampling time + conversion time of */
 408:Drivers/STM32F1xx_HAL_Driver/Src/stm32f1xx_hal_adc_ex.c ****   /*    12.5 ADC clock cycles) and APB2/ADC clock prescalers (depending on    */
 409:Drivers/STM32F1xx_HAL_Driver/Src/stm32f1xx_hal_adc_ex.c ****   /*    settings, conversion time range can be from 28 to 32256 CPU cycles).  */
 410:Drivers/STM32F1xx_HAL_Driver/Src/stm32f1xx_hal_adc_ex.c ****   /*    As flag JEOC is not set after each conversion, no timeout status can  */
 411:Drivers/STM32F1xx_HAL_Driver/Src/stm32f1xx_hal_adc_ex.c ****   /*    be set.                                                               */
 412:Drivers/STM32F1xx_HAL_Driver/Src/stm32f1xx_hal_adc_ex.c ****   if ((hadc->Instance->JSQR & ADC_JSQR_JL) == RESET)
 546              		.loc 1 412 3 is_stmt 1 view .LVU156
 547              		.loc 1 412 12 is_stmt 0 view .LVU157
 548 0012 2B68     		ldr	r3, [r5]
 549              		.loc 1 412 22 view .LVU158
 550 0014 9B6B     		ldr	r3, [r3, #56]
 551              		.loc 1 412 6 view .LVU159
 552 0016 13F4401F 		tst	r3, #3145728
ARM GAS  /var/folders/y0/yl1wrqfd209ghqq3s8k8qc1m0000gn/T//ccTpawhR.s 			page 19


 553 001a 1CD1     		bne	.L74
 554              	.LVL35:
 555              	.L49:
 413:Drivers/STM32F1xx_HAL_Driver/Src/stm32f1xx_hal_adc_ex.c ****   {
 414:Drivers/STM32F1xx_HAL_Driver/Src/stm32f1xx_hal_adc_ex.c ****     /* Wait until End of Conversion flag is raised */
 415:Drivers/STM32F1xx_HAL_Driver/Src/stm32f1xx_hal_adc_ex.c ****     while(HAL_IS_BIT_CLR(hadc->Instance->SR, ADC_FLAG_JEOC))
 556              		.loc 1 415 11 is_stmt 1 view .LVU160
 557 001c 2B68     		ldr	r3, [r5]
 558 001e 1B68     		ldr	r3, [r3]
 559 0020 13F0040F 		tst	r3, #4
 560 0024 6ED1     		bne	.L54
 416:Drivers/STM32F1xx_HAL_Driver/Src/stm32f1xx_hal_adc_ex.c ****     {
 417:Drivers/STM32F1xx_HAL_Driver/Src/stm32f1xx_hal_adc_ex.c ****       /* Check if timeout is disabled (set to infinite wait) */
 418:Drivers/STM32F1xx_HAL_Driver/Src/stm32f1xx_hal_adc_ex.c ****       if(Timeout != HAL_MAX_DELAY)
 561              		.loc 1 418 7 view .LVU161
 562              		.loc 1 418 9 is_stmt 0 view .LVU162
 563 0026 B4F1FF3F 		cmp	r4, #-1
 564 002a F7D0     		beq	.L49
 419:Drivers/STM32F1xx_HAL_Driver/Src/stm32f1xx_hal_adc_ex.c ****       {
 420:Drivers/STM32F1xx_HAL_Driver/Src/stm32f1xx_hal_adc_ex.c ****         if((Timeout == 0U) || ((HAL_GetTick() - tickstart ) > Timeout))
 565              		.loc 1 420 9 is_stmt 1 view .LVU163
 566              		.loc 1 420 11 is_stmt 0 view .LVU164
 567 002c 6CB9     		cbnz	r4, .L75
 568              	.L50:
 421:Drivers/STM32F1xx_HAL_Driver/Src/stm32f1xx_hal_adc_ex.c ****         {
 422:Drivers/STM32F1xx_HAL_Driver/Src/stm32f1xx_hal_adc_ex.c ****           /* New check to avoid false timeout detection in case of preemption */
 423:Drivers/STM32F1xx_HAL_Driver/Src/stm32f1xx_hal_adc_ex.c ****           if(HAL_IS_BIT_CLR(hadc->Instance->SR, ADC_FLAG_JEOC))
 569              		.loc 1 423 11 is_stmt 1 view .LVU165
 570              		.loc 1 423 14 is_stmt 0 view .LVU166
 571 002e 2B68     		ldr	r3, [r5]
 572 0030 1B68     		ldr	r3, [r3]
 573              		.loc 1 423 13 view .LVU167
 574 0032 13F0040F 		tst	r3, #4
 575 0036 F1D1     		bne	.L49
 424:Drivers/STM32F1xx_HAL_Driver/Src/stm32f1xx_hal_adc_ex.c ****           {
 425:Drivers/STM32F1xx_HAL_Driver/Src/stm32f1xx_hal_adc_ex.c ****             /* Update ADC state machine to timeout */
 426:Drivers/STM32F1xx_HAL_Driver/Src/stm32f1xx_hal_adc_ex.c ****             SET_BIT(hadc->State, HAL_ADC_STATE_TIMEOUT);
 576              		.loc 1 426 13 is_stmt 1 view .LVU168
 577 0038 AB6A     		ldr	r3, [r5, #40]
 578 003a 43F00403 		orr	r3, r3, #4
 579 003e AB62     		str	r3, [r5, #40]
 427:Drivers/STM32F1xx_HAL_Driver/Src/stm32f1xx_hal_adc_ex.c **** 
 428:Drivers/STM32F1xx_HAL_Driver/Src/stm32f1xx_hal_adc_ex.c ****             /* Process unlocked */
 429:Drivers/STM32F1xx_HAL_Driver/Src/stm32f1xx_hal_adc_ex.c ****             __HAL_UNLOCK(hadc);
 580              		.loc 1 429 13 view .LVU169
 581              		.loc 1 429 13 view .LVU170
 582 0040 0023     		movs	r3, #0
 583 0042 85F82430 		strb	r3, [r5, #36]
 584              		.loc 1 429 13 view .LVU171
 430:Drivers/STM32F1xx_HAL_Driver/Src/stm32f1xx_hal_adc_ex.c **** 
 431:Drivers/STM32F1xx_HAL_Driver/Src/stm32f1xx_hal_adc_ex.c ****             return HAL_TIMEOUT;
 585              		.loc 1 431 13 view .LVU172
 586              		.loc 1 431 20 is_stmt 0 view .LVU173
 587 0046 0320     		movs	r0, #3
 588 0048 88E0     		b	.L52
 589              	.L75:
 420:Drivers/STM32F1xx_HAL_Driver/Src/stm32f1xx_hal_adc_ex.c ****         {
ARM GAS  /var/folders/y0/yl1wrqfd209ghqq3s8k8qc1m0000gn/T//ccTpawhR.s 			page 20


 590              		.loc 1 420 33 discriminator 1 view .LVU174
 591 004a FFF7FEFF 		bl	HAL_GetTick
 592              	.LVL36:
 420:Drivers/STM32F1xx_HAL_Driver/Src/stm32f1xx_hal_adc_ex.c ****         {
 593              		.loc 1 420 47 discriminator 2 view .LVU175
 594 004e C01B     		subs	r0, r0, r7
 420:Drivers/STM32F1xx_HAL_Driver/Src/stm32f1xx_hal_adc_ex.c ****         {
 595              		.loc 1 420 28 discriminator 2 view .LVU176
 596 0050 A042     		cmp	r0, r4
 597 0052 E3D9     		bls	.L49
 598 0054 EBE7     		b	.L50
 599              	.LVL37:
 600              	.L74:
 432:Drivers/STM32F1xx_HAL_Driver/Src/stm32f1xx_hal_adc_ex.c ****           }
 433:Drivers/STM32F1xx_HAL_Driver/Src/stm32f1xx_hal_adc_ex.c ****         }
 434:Drivers/STM32F1xx_HAL_Driver/Src/stm32f1xx_hal_adc_ex.c ****       }
 435:Drivers/STM32F1xx_HAL_Driver/Src/stm32f1xx_hal_adc_ex.c ****     }
 436:Drivers/STM32F1xx_HAL_Driver/Src/stm32f1xx_hal_adc_ex.c ****   }
 437:Drivers/STM32F1xx_HAL_Driver/Src/stm32f1xx_hal_adc_ex.c ****   else
 438:Drivers/STM32F1xx_HAL_Driver/Src/stm32f1xx_hal_adc_ex.c ****   {
 439:Drivers/STM32F1xx_HAL_Driver/Src/stm32f1xx_hal_adc_ex.c ****     /* Replace polling by wait for maximum conversion time */
 440:Drivers/STM32F1xx_HAL_Driver/Src/stm32f1xx_hal_adc_ex.c ****     /*  - Computation of CPU clock cycles corresponding to ADC clock cycles   */
 441:Drivers/STM32F1xx_HAL_Driver/Src/stm32f1xx_hal_adc_ex.c ****     /*    and ADC maximum conversion cycles on all channels.                  */
 442:Drivers/STM32F1xx_HAL_Driver/Src/stm32f1xx_hal_adc_ex.c ****     /*  - Wait for the expected ADC clock cycles delay                        */
 443:Drivers/STM32F1xx_HAL_Driver/Src/stm32f1xx_hal_adc_ex.c ****     Conversion_Timeout_CPU_cycles_max = ((SystemCoreClock
 601              		.loc 1 443 5 is_stmt 1 view .LVU177
 444:Drivers/STM32F1xx_HAL_Driver/Src/stm32f1xx_hal_adc_ex.c ****                                           / HAL_RCCEx_GetPeriphCLKFreq(RCC_PERIPHCLK_ADC))
 602              		.loc 1 444 43 is_stmt 0 view .LVU178
 603 0056 444B     		ldr	r3, .L78
 604 0058 1E68     		ldr	r6, [r3]
 605              		.loc 1 444 45 view .LVU179
 606 005a 0220     		movs	r0, #2
 607              	.LVL38:
 608              		.loc 1 444 45 view .LVU180
 609 005c FFF7FEFF 		bl	HAL_RCCEx_GetPeriphCLKFreq
 610              	.LVL39:
 611              		.loc 1 444 43 discriminator 1 view .LVU181
 612 0060 B6FBF0F6 		udiv	r6, r6, r0
 445:Drivers/STM32F1xx_HAL_Driver/Src/stm32f1xx_hal_adc_ex.c ****                                          * ADC_CONVCYCLES_MAX_RANGE(hadc)                 );
 613              		.loc 1 445 44 view .LVU182
 614 0064 2B68     		ldr	r3, [r5]
 615 0066 1969     		ldr	r1, [r3, #16]
 616 0068 404A     		ldr	r2, .L78+4
 617 006a 1142     		tst	r1, r2
 618 006c 0ED1     		bne	.L55
 619              		.loc 1 445 44 discriminator 1 view .LVU183
 620 006e D968     		ldr	r1, [r3, #12]
 621 0070 02F15C42 		add	r2, r2, #-603979776
 622 0074 1142     		tst	r1, r2
 623 0076 09D1     		bne	.L55
 624              		.loc 1 445 44 discriminator 3 view .LVU184
 625 0078 1969     		ldr	r1, [r3, #16]
 626 007a 3D4A     		ldr	r2, .L78+8
 627 007c 1142     		tst	r1, r2
 628 007e 18D1     		bne	.L63
 629              		.loc 1 445 44 discriminator 5 view .LVU185
 630 0080 DA68     		ldr	r2, [r3, #12]
ARM GAS  /var/folders/y0/yl1wrqfd209ghqq3s8k8qc1m0000gn/T//ccTpawhR.s 			page 21


 631 0082 3C4B     		ldr	r3, .L78+12
 632 0084 1A42     		tst	r2, r3
 633 0086 16D0     		beq	.L64
 634              		.loc 1 445 44 discriminator 8 view .LVU186
 635 0088 2923     		movs	r3, #41
 636 008a 19E0     		b	.L56
 637              	.L55:
 638              		.loc 1 445 44 discriminator 4 view .LVU187
 639 008c 1969     		ldr	r1, [r3, #16]
 640 008e 384A     		ldr	r2, .L78+8
 641 0090 1142     		tst	r1, r2
 642 0092 04D1     		bne	.L57
 643              		.loc 1 445 44 discriminator 9 view .LVU188
 644 0094 D968     		ldr	r1, [r3, #12]
 645 0096 02F16E42 		add	r2, r2, #-301989888
 646 009a 1142     		tst	r1, r2
 647 009c 0DD0     		beq	.L65
 648              	.L57:
 649              		.loc 1 445 44 discriminator 12 view .LVU189
 650 009e 1969     		ldr	r1, [r3, #16]
 651 00a0 354A     		ldr	r2, .L78+16
 652 00a2 0A40     		ands	r2, r2, r1
 653 00a4 5AB9     		cbnz	r2, .L66
 654              		.loc 1 445 44 discriminator 13 view .LVU190
 655 00a6 DA68     		ldr	r2, [r3, #12]
 656 00a8 334B     		ldr	r3, .L78+16
 657 00aa 1340     		ands	r3, r3, r2
 658 00ac 5BB1     		cbz	r3, .L67
 659              		.loc 1 445 44 discriminator 16 view .LVU191
 660 00ae FC23     		movs	r3, #252
 661 00b0 06E0     		b	.L56
 662              	.L63:
 663              		.loc 1 445 44 discriminator 8 view .LVU192
 664 00b2 2923     		movs	r3, #41
 665 00b4 04E0     		b	.L56
 666              	.L64:
 667              		.loc 1 445 44 discriminator 7 view .LVU193
 668 00b6 1423     		movs	r3, #20
 669 00b8 02E0     		b	.L56
 670              	.L65:
 671              		.loc 1 445 44 discriminator 15 view .LVU194
 672 00ba 5423     		movs	r3, #84
 673 00bc 00E0     		b	.L56
 674              	.L66:
 675              		.loc 1 445 44 discriminator 16 view .LVU195
 676 00be FC23     		movs	r3, #252
 677              	.L56:
 443:Drivers/STM32F1xx_HAL_Driver/Src/stm32f1xx_hal_adc_ex.c ****                                           / HAL_RCCEx_GetPeriphCLKFreq(RCC_PERIPHCLK_ADC))
 678              		.loc 1 443 39 view .LVU196
 679 00c0 03FB06F6 		mul	r6, r3, r6
 680              	.LVL40:
 446:Drivers/STM32F1xx_HAL_Driver/Src/stm32f1xx_hal_adc_ex.c ****     
 447:Drivers/STM32F1xx_HAL_Driver/Src/stm32f1xx_hal_adc_ex.c ****     while(Conversion_Timeout_CPU_cycles < Conversion_Timeout_CPU_cycles_max)
 681              		.loc 1 447 5 is_stmt 1 view .LVU197
 682              		.loc 1 447 10 is_stmt 0 view .LVU198
 683 00c4 07E0     		b	.L58
 684              	.LVL41:
ARM GAS  /var/folders/y0/yl1wrqfd209ghqq3s8k8qc1m0000gn/T//ccTpawhR.s 			page 22


 685              	.L67:
 445:Drivers/STM32F1xx_HAL_Driver/Src/stm32f1xx_hal_adc_ex.c ****     
 686              		.loc 1 445 44 discriminator 15 view .LVU199
 687 00c6 5423     		movs	r3, #84
 688 00c8 FAE7     		b	.L56
 689              	.LVL42:
 690              	.L60:
 448:Drivers/STM32F1xx_HAL_Driver/Src/stm32f1xx_hal_adc_ex.c ****     {
 449:Drivers/STM32F1xx_HAL_Driver/Src/stm32f1xx_hal_adc_ex.c ****       /* Check if timeout is disabled (set to infinite wait) */
 450:Drivers/STM32F1xx_HAL_Driver/Src/stm32f1xx_hal_adc_ex.c ****       if(Timeout != HAL_MAX_DELAY)
 451:Drivers/STM32F1xx_HAL_Driver/Src/stm32f1xx_hal_adc_ex.c ****       {
 452:Drivers/STM32F1xx_HAL_Driver/Src/stm32f1xx_hal_adc_ex.c ****         if((Timeout == 0)||((HAL_GetTick() - tickstart ) > Timeout))
 453:Drivers/STM32F1xx_HAL_Driver/Src/stm32f1xx_hal_adc_ex.c ****         {
 454:Drivers/STM32F1xx_HAL_Driver/Src/stm32f1xx_hal_adc_ex.c ****           /* New check to avoid false timeout detection in case of preemption */
 455:Drivers/STM32F1xx_HAL_Driver/Src/stm32f1xx_hal_adc_ex.c ****           if(Conversion_Timeout_CPU_cycles < Conversion_Timeout_CPU_cycles_max)
 691              		.loc 1 455 11 is_stmt 1 view .LVU200
 692              		.loc 1 455 44 is_stmt 0 view .LVU201
 693 00ca 019B     		ldr	r3, [sp, #4]
 694              		.loc 1 455 13 view .LVU202
 695 00cc B342     		cmp	r3, r6
 696 00ce 10D3     		bcc	.L76
 697              	.L59:
 456:Drivers/STM32F1xx_HAL_Driver/Src/stm32f1xx_hal_adc_ex.c ****           {
 457:Drivers/STM32F1xx_HAL_Driver/Src/stm32f1xx_hal_adc_ex.c ****             /* Update ADC state machine to timeout */
 458:Drivers/STM32F1xx_HAL_Driver/Src/stm32f1xx_hal_adc_ex.c ****             SET_BIT(hadc->State, HAL_ADC_STATE_TIMEOUT);
 459:Drivers/STM32F1xx_HAL_Driver/Src/stm32f1xx_hal_adc_ex.c **** 
 460:Drivers/STM32F1xx_HAL_Driver/Src/stm32f1xx_hal_adc_ex.c ****             /* Process unlocked */
 461:Drivers/STM32F1xx_HAL_Driver/Src/stm32f1xx_hal_adc_ex.c ****             __HAL_UNLOCK(hadc);
 462:Drivers/STM32F1xx_HAL_Driver/Src/stm32f1xx_hal_adc_ex.c **** 
 463:Drivers/STM32F1xx_HAL_Driver/Src/stm32f1xx_hal_adc_ex.c ****             return HAL_TIMEOUT;
 464:Drivers/STM32F1xx_HAL_Driver/Src/stm32f1xx_hal_adc_ex.c ****           }
 465:Drivers/STM32F1xx_HAL_Driver/Src/stm32f1xx_hal_adc_ex.c ****         }
 466:Drivers/STM32F1xx_HAL_Driver/Src/stm32f1xx_hal_adc_ex.c ****       }
 467:Drivers/STM32F1xx_HAL_Driver/Src/stm32f1xx_hal_adc_ex.c ****       Conversion_Timeout_CPU_cycles ++;
 698              		.loc 1 467 7 is_stmt 1 view .LVU203
 699              		.loc 1 467 37 is_stmt 0 view .LVU204
 700 00d0 019B     		ldr	r3, [sp, #4]
 701 00d2 0133     		adds	r3, r3, #1
 702 00d4 0193     		str	r3, [sp, #4]
 703              	.L58:
 447:Drivers/STM32F1xx_HAL_Driver/Src/stm32f1xx_hal_adc_ex.c ****     {
 704              		.loc 1 447 41 is_stmt 1 view .LVU205
 705 00d6 019B     		ldr	r3, [sp, #4]
 706 00d8 B342     		cmp	r3, r6
 707 00da 13D2     		bcs	.L54
 450:Drivers/STM32F1xx_HAL_Driver/Src/stm32f1xx_hal_adc_ex.c ****       {
 708              		.loc 1 450 7 view .LVU206
 450:Drivers/STM32F1xx_HAL_Driver/Src/stm32f1xx_hal_adc_ex.c ****       {
 709              		.loc 1 450 9 is_stmt 0 view .LVU207
 710 00dc B4F1FF3F 		cmp	r4, #-1
 711 00e0 F6D0     		beq	.L59
 452:Drivers/STM32F1xx_HAL_Driver/Src/stm32f1xx_hal_adc_ex.c ****         {
 712              		.loc 1 452 9 is_stmt 1 view .LVU208
 452:Drivers/STM32F1xx_HAL_Driver/Src/stm32f1xx_hal_adc_ex.c ****         {
 713              		.loc 1 452 11 is_stmt 0 view .LVU209
 714 00e2 002C     		cmp	r4, #0
 715 00e4 F1D0     		beq	.L60
ARM GAS  /var/folders/y0/yl1wrqfd209ghqq3s8k8qc1m0000gn/T//ccTpawhR.s 			page 23


 452:Drivers/STM32F1xx_HAL_Driver/Src/stm32f1xx_hal_adc_ex.c ****         {
 716              		.loc 1 452 30 discriminator 1 view .LVU210
 717 00e6 FFF7FEFF 		bl	HAL_GetTick
 718              	.LVL43:
 452:Drivers/STM32F1xx_HAL_Driver/Src/stm32f1xx_hal_adc_ex.c ****         {
 719              		.loc 1 452 44 discriminator 2 view .LVU211
 720 00ea C01B     		subs	r0, r0, r7
 452:Drivers/STM32F1xx_HAL_Driver/Src/stm32f1xx_hal_adc_ex.c ****         {
 721              		.loc 1 452 26 discriminator 2 view .LVU212
 722 00ec A042     		cmp	r0, r4
 723 00ee EFD9     		bls	.L59
 724 00f0 EBE7     		b	.L60
 725              	.L76:
 458:Drivers/STM32F1xx_HAL_Driver/Src/stm32f1xx_hal_adc_ex.c **** 
 726              		.loc 1 458 13 is_stmt 1 view .LVU213
 727 00f2 AB6A     		ldr	r3, [r5, #40]
 728 00f4 43F00403 		orr	r3, r3, #4
 729 00f8 AB62     		str	r3, [r5, #40]
 461:Drivers/STM32F1xx_HAL_Driver/Src/stm32f1xx_hal_adc_ex.c **** 
 730              		.loc 1 461 13 view .LVU214
 461:Drivers/STM32F1xx_HAL_Driver/Src/stm32f1xx_hal_adc_ex.c **** 
 731              		.loc 1 461 13 view .LVU215
 732 00fa 0023     		movs	r3, #0
 733 00fc 85F82430 		strb	r3, [r5, #36]
 461:Drivers/STM32F1xx_HAL_Driver/Src/stm32f1xx_hal_adc_ex.c **** 
 734              		.loc 1 461 13 view .LVU216
 463:Drivers/STM32F1xx_HAL_Driver/Src/stm32f1xx_hal_adc_ex.c ****           }
 735              		.loc 1 463 13 view .LVU217
 463:Drivers/STM32F1xx_HAL_Driver/Src/stm32f1xx_hal_adc_ex.c ****           }
 736              		.loc 1 463 20 is_stmt 0 view .LVU218
 737 0100 0320     		movs	r0, #3
 738 0102 2BE0     		b	.L52
 739              	.LVL44:
 740              	.L54:
 468:Drivers/STM32F1xx_HAL_Driver/Src/stm32f1xx_hal_adc_ex.c ****     }
 469:Drivers/STM32F1xx_HAL_Driver/Src/stm32f1xx_hal_adc_ex.c ****   }
 470:Drivers/STM32F1xx_HAL_Driver/Src/stm32f1xx_hal_adc_ex.c **** 
 471:Drivers/STM32F1xx_HAL_Driver/Src/stm32f1xx_hal_adc_ex.c ****   /* Clear injected group conversion flag */
 472:Drivers/STM32F1xx_HAL_Driver/Src/stm32f1xx_hal_adc_ex.c ****   /* Note: On STM32F1 ADC, clear regular conversion flag raised               */
 473:Drivers/STM32F1xx_HAL_Driver/Src/stm32f1xx_hal_adc_ex.c ****   /* simultaneously.                                                          */
 474:Drivers/STM32F1xx_HAL_Driver/Src/stm32f1xx_hal_adc_ex.c ****   __HAL_ADC_CLEAR_FLAG(hadc, ADC_FLAG_JSTRT | ADC_FLAG_JEOC | ADC_FLAG_EOC);
 741              		.loc 1 474 3 is_stmt 1 view .LVU219
 742 0104 2B68     		ldr	r3, [r5]
 743 0106 6FF00E02 		mvn	r2, #14
 744 010a 1A60     		str	r2, [r3]
 475:Drivers/STM32F1xx_HAL_Driver/Src/stm32f1xx_hal_adc_ex.c ****   
 476:Drivers/STM32F1xx_HAL_Driver/Src/stm32f1xx_hal_adc_ex.c ****   /* Update ADC state machine */
 477:Drivers/STM32F1xx_HAL_Driver/Src/stm32f1xx_hal_adc_ex.c ****   SET_BIT(hadc->State, HAL_ADC_STATE_INJ_EOC);
 745              		.loc 1 477 3 view .LVU220
 746 010c AB6A     		ldr	r3, [r5, #40]
 747 010e 43F40053 		orr	r3, r3, #8192
 748 0112 AB62     		str	r3, [r5, #40]
 478:Drivers/STM32F1xx_HAL_Driver/Src/stm32f1xx_hal_adc_ex.c ****   
 479:Drivers/STM32F1xx_HAL_Driver/Src/stm32f1xx_hal_adc_ex.c ****   /* Determine whether any further conversion upcoming on group injected      */
 480:Drivers/STM32F1xx_HAL_Driver/Src/stm32f1xx_hal_adc_ex.c ****   /* by external trigger or by automatic injected conversion                  */
 481:Drivers/STM32F1xx_HAL_Driver/Src/stm32f1xx_hal_adc_ex.c ****   /* from group regular.                                                      */
 482:Drivers/STM32F1xx_HAL_Driver/Src/stm32f1xx_hal_adc_ex.c ****   if(ADC_IS_SOFTWARE_START_INJECTED(hadc)                     || 
ARM GAS  /var/folders/y0/yl1wrqfd209ghqq3s8k8qc1m0000gn/T//ccTpawhR.s 			page 24


 749              		.loc 1 482 3 view .LVU221
 750              		.loc 1 482 6 is_stmt 0 view .LVU222
 751 0114 2A68     		ldr	r2, [r5]
 752 0116 9368     		ldr	r3, [r2, #8]
 753 0118 03F4E043 		and	r3, r3, #28672
 754              		.loc 1 482 5 view .LVU223
 755 011c B3F5E04F 		cmp	r3, #28672
 756 0120 0DD0     		beq	.L62
 483:Drivers/STM32F1xx_HAL_Driver/Src/stm32f1xx_hal_adc_ex.c ****      (HAL_IS_BIT_CLR(hadc->Instance->CR1, ADC_CR1_JAUTO) &&     
 757              		.loc 1 483 7 view .LVU224
 758 0122 5368     		ldr	r3, [r2, #4]
 482:Drivers/STM32F1xx_HAL_Driver/Src/stm32f1xx_hal_adc_ex.c ****      (HAL_IS_BIT_CLR(hadc->Instance->CR1, ADC_CR1_JAUTO) &&     
 759              		.loc 1 482 63 discriminator 1 view .LVU225
 760 0124 13F4806F 		tst	r3, #1024
 761 0128 17D1     		bne	.L68
 484:Drivers/STM32F1xx_HAL_Driver/Src/stm32f1xx_hal_adc_ex.c ****      (ADC_IS_SOFTWARE_START_REGULAR(hadc)        &&
 762              		.loc 1 484 7 view .LVU226
 763 012a 9368     		ldr	r3, [r2, #8]
 764 012c 03F46023 		and	r3, r3, #917504
 483:Drivers/STM32F1xx_HAL_Driver/Src/stm32f1xx_hal_adc_ex.c ****      (HAL_IS_BIT_CLR(hadc->Instance->CR1, ADC_CR1_JAUTO) &&     
 765              		.loc 1 483 58 view .LVU227
 766 0130 B3F5602F 		cmp	r3, #917504
 767 0134 01D0     		beq	.L77
 485:Drivers/STM32F1xx_HAL_Driver/Src/stm32f1xx_hal_adc_ex.c ****       (hadc->Init.ContinuousConvMode == DISABLE)   )        )   )
 486:Drivers/STM32F1xx_HAL_Driver/Src/stm32f1xx_hal_adc_ex.c ****   {
 487:Drivers/STM32F1xx_HAL_Driver/Src/stm32f1xx_hal_adc_ex.c ****     /* Set ADC state */
 488:Drivers/STM32F1xx_HAL_Driver/Src/stm32f1xx_hal_adc_ex.c ****     CLEAR_BIT(hadc->State, HAL_ADC_STATE_INJ_BUSY);   
 489:Drivers/STM32F1xx_HAL_Driver/Src/stm32f1xx_hal_adc_ex.c ****     
 490:Drivers/STM32F1xx_HAL_Driver/Src/stm32f1xx_hal_adc_ex.c ****     if (HAL_IS_BIT_CLR(hadc->State, HAL_ADC_STATE_REG_BUSY))
 491:Drivers/STM32F1xx_HAL_Driver/Src/stm32f1xx_hal_adc_ex.c ****     {
 492:Drivers/STM32F1xx_HAL_Driver/Src/stm32f1xx_hal_adc_ex.c ****       SET_BIT(hadc->State, HAL_ADC_STATE_READY);
 493:Drivers/STM32F1xx_HAL_Driver/Src/stm32f1xx_hal_adc_ex.c ****     }
 494:Drivers/STM32F1xx_HAL_Driver/Src/stm32f1xx_hal_adc_ex.c ****   }
 495:Drivers/STM32F1xx_HAL_Driver/Src/stm32f1xx_hal_adc_ex.c ****   
 496:Drivers/STM32F1xx_HAL_Driver/Src/stm32f1xx_hal_adc_ex.c ****   /* Return ADC state */
 497:Drivers/STM32F1xx_HAL_Driver/Src/stm32f1xx_hal_adc_ex.c ****   return HAL_OK;
 768              		.loc 1 497 10 view .LVU228
 769 0136 0020     		movs	r0, #0
 770 0138 10E0     		b	.L52
 771              	.L77:
 485:Drivers/STM32F1xx_HAL_Driver/Src/stm32f1xx_hal_adc_ex.c ****       (hadc->Init.ContinuousConvMode == DISABLE)   )        )   )
 772              		.loc 1 485 18 view .LVU229
 773 013a 2B7B     		ldrb	r3, [r5, #12]	@ zero_extendqisi2
 484:Drivers/STM32F1xx_HAL_Driver/Src/stm32f1xx_hal_adc_ex.c ****      (ADC_IS_SOFTWARE_START_REGULAR(hadc)        &&
 774              		.loc 1 484 50 view .LVU230
 775 013c 83B9     		cbnz	r3, .L70
 776              	.L62:
 488:Drivers/STM32F1xx_HAL_Driver/Src/stm32f1xx_hal_adc_ex.c ****     
 777              		.loc 1 488 5 is_stmt 1 view .LVU231
 778 013e AB6A     		ldr	r3, [r5, #40]
 779 0140 23F48053 		bic	r3, r3, #4096
 780 0144 AB62     		str	r3, [r5, #40]
 490:Drivers/STM32F1xx_HAL_Driver/Src/stm32f1xx_hal_adc_ex.c ****     {
 781              		.loc 1 490 5 view .LVU232
 490:Drivers/STM32F1xx_HAL_Driver/Src/stm32f1xx_hal_adc_ex.c ****     {
 782              		.loc 1 490 9 is_stmt 0 view .LVU233
 783 0146 AB6A     		ldr	r3, [r5, #40]
ARM GAS  /var/folders/y0/yl1wrqfd209ghqq3s8k8qc1m0000gn/T//ccTpawhR.s 			page 25


 490:Drivers/STM32F1xx_HAL_Driver/Src/stm32f1xx_hal_adc_ex.c ****     {
 784              		.loc 1 490 8 view .LVU234
 785 0148 13F4807F 		tst	r3, #256
 786 014c 0AD1     		bne	.L71
 492:Drivers/STM32F1xx_HAL_Driver/Src/stm32f1xx_hal_adc_ex.c ****     }
 787              		.loc 1 492 7 is_stmt 1 view .LVU235
 788 014e AB6A     		ldr	r3, [r5, #40]
 789 0150 43F00103 		orr	r3, r3, #1
 790 0154 AB62     		str	r3, [r5, #40]
 791              		.loc 1 497 10 is_stmt 0 view .LVU236
 792 0156 0020     		movs	r0, #0
 793 0158 00E0     		b	.L52
 794              	.L68:
 795              		.loc 1 497 10 view .LVU237
 796 015a 0020     		movs	r0, #0
 797              	.L52:
 498:Drivers/STM32F1xx_HAL_Driver/Src/stm32f1xx_hal_adc_ex.c **** }
 798              		.loc 1 498 1 view .LVU238
 799 015c 03B0     		add	sp, sp, #12
 800              	.LCFI10:
 801              		.cfi_remember_state
 802              		.cfi_def_cfa_offset 20
 803              		@ sp needed
 804 015e F0BD     		pop	{r4, r5, r6, r7, pc}
 805              	.LVL45:
 806              	.L70:
 807              	.LCFI11:
 808              		.cfi_restore_state
 497:Drivers/STM32F1xx_HAL_Driver/Src/stm32f1xx_hal_adc_ex.c **** }
 809              		.loc 1 497 10 view .LVU239
 810 0160 0020     		movs	r0, #0
 811 0162 FBE7     		b	.L52
 812              	.L71:
 497:Drivers/STM32F1xx_HAL_Driver/Src/stm32f1xx_hal_adc_ex.c **** }
 813              		.loc 1 497 10 view .LVU240
 814 0164 0020     		movs	r0, #0
 815 0166 F9E7     		b	.L52
 816              	.L79:
 817              		.align	2
 818              	.L78:
 819 0168 00000000 		.word	SystemCoreClock
 820 016c 24499224 		.word	613566756
 821 0170 92244912 		.word	306783378
 822 0174 92244900 		.word	4793490
 823 0178 49922400 		.word	2396745
 824              		.cfi_endproc
 825              	.LFE68:
 827              		.section	.text.HAL_ADCEx_InjectedStart_IT,"ax",%progbits
 828              		.align	1
 829              		.global	HAL_ADCEx_InjectedStart_IT
 830              		.syntax unified
 831              		.thumb
 832              		.thumb_func
 834              	HAL_ADCEx_InjectedStart_IT:
 835              	.LVL46:
 836              	.LFB69:
 499:Drivers/STM32F1xx_HAL_Driver/Src/stm32f1xx_hal_adc_ex.c **** 
ARM GAS  /var/folders/y0/yl1wrqfd209ghqq3s8k8qc1m0000gn/T//ccTpawhR.s 			page 26


 500:Drivers/STM32F1xx_HAL_Driver/Src/stm32f1xx_hal_adc_ex.c **** /**
 501:Drivers/STM32F1xx_HAL_Driver/Src/stm32f1xx_hal_adc_ex.c ****   * @brief  Enables ADC, starts conversion of injected group with interruption.
 502:Drivers/STM32F1xx_HAL_Driver/Src/stm32f1xx_hal_adc_ex.c ****   *          - JEOC (end of conversion of injected group)
 503:Drivers/STM32F1xx_HAL_Driver/Src/stm32f1xx_hal_adc_ex.c ****   *         Each of these interruptions has its dedicated callback function.
 504:Drivers/STM32F1xx_HAL_Driver/Src/stm32f1xx_hal_adc_ex.c ****   * @param  hadc: ADC handle
 505:Drivers/STM32F1xx_HAL_Driver/Src/stm32f1xx_hal_adc_ex.c ****   * @retval HAL status.
 506:Drivers/STM32F1xx_HAL_Driver/Src/stm32f1xx_hal_adc_ex.c ****   */
 507:Drivers/STM32F1xx_HAL_Driver/Src/stm32f1xx_hal_adc_ex.c **** HAL_StatusTypeDef HAL_ADCEx_InjectedStart_IT(ADC_HandleTypeDef* hadc)
 508:Drivers/STM32F1xx_HAL_Driver/Src/stm32f1xx_hal_adc_ex.c **** {
 837              		.loc 1 508 1 is_stmt 1 view -0
 838              		.cfi_startproc
 839              		@ args = 0, pretend = 0, frame = 0
 840              		@ frame_needed = 0, uses_anonymous_args = 0
 509:Drivers/STM32F1xx_HAL_Driver/Src/stm32f1xx_hal_adc_ex.c ****   HAL_StatusTypeDef tmp_hal_status = HAL_OK;
 841              		.loc 1 509 3 view .LVU242
 510:Drivers/STM32F1xx_HAL_Driver/Src/stm32f1xx_hal_adc_ex.c ****   
 511:Drivers/STM32F1xx_HAL_Driver/Src/stm32f1xx_hal_adc_ex.c ****   /* Check the parameters */
 512:Drivers/STM32F1xx_HAL_Driver/Src/stm32f1xx_hal_adc_ex.c ****   assert_param(IS_ADC_ALL_INSTANCE(hadc->Instance));
 842              		.loc 1 512 3 view .LVU243
 513:Drivers/STM32F1xx_HAL_Driver/Src/stm32f1xx_hal_adc_ex.c ****   
 514:Drivers/STM32F1xx_HAL_Driver/Src/stm32f1xx_hal_adc_ex.c ****   /* Process locked */
 515:Drivers/STM32F1xx_HAL_Driver/Src/stm32f1xx_hal_adc_ex.c ****   __HAL_LOCK(hadc);
 843              		.loc 1 515 3 view .LVU244
 844              		.loc 1 515 3 view .LVU245
 845 0000 90F82430 		ldrb	r3, [r0, #36]	@ zero_extendqisi2
 846 0004 012B     		cmp	r3, #1
 847 0006 57D0     		beq	.L89
 508:Drivers/STM32F1xx_HAL_Driver/Src/stm32f1xx_hal_adc_ex.c ****   HAL_StatusTypeDef tmp_hal_status = HAL_OK;
 848              		.loc 1 508 1 is_stmt 0 view .LVU246
 849 0008 10B5     		push	{r4, lr}
 850              	.LCFI12:
 851              		.cfi_def_cfa_offset 8
 852              		.cfi_offset 4, -8
 853              		.cfi_offset 14, -4
 854 000a 0446     		mov	r4, r0
 855              		.loc 1 515 3 is_stmt 1 discriminator 2 view .LVU247
 856 000c 0123     		movs	r3, #1
 857 000e 80F82430 		strb	r3, [r0, #36]
 858              		.loc 1 515 3 view .LVU248
 516:Drivers/STM32F1xx_HAL_Driver/Src/stm32f1xx_hal_adc_ex.c ****     
 517:Drivers/STM32F1xx_HAL_Driver/Src/stm32f1xx_hal_adc_ex.c ****   /* Enable the ADC peripheral */
 518:Drivers/STM32F1xx_HAL_Driver/Src/stm32f1xx_hal_adc_ex.c ****   tmp_hal_status = ADC_Enable(hadc);
 859              		.loc 1 518 3 view .LVU249
 860              		.loc 1 518 20 is_stmt 0 view .LVU250
 861 0012 FFF7FEFF 		bl	ADC_Enable
 862              	.LVL47:
 519:Drivers/STM32F1xx_HAL_Driver/Src/stm32f1xx_hal_adc_ex.c ****   
 520:Drivers/STM32F1xx_HAL_Driver/Src/stm32f1xx_hal_adc_ex.c ****   /* Start conversion if ADC is effectively enabled */
 521:Drivers/STM32F1xx_HAL_Driver/Src/stm32f1xx_hal_adc_ex.c ****   if (tmp_hal_status == HAL_OK)
 863              		.loc 1 521 3 is_stmt 1 view .LVU251
 864              		.loc 1 521 6 is_stmt 0 view .LVU252
 865 0016 0028     		cmp	r0, #0
 866 0018 4AD1     		bne	.L82
 522:Drivers/STM32F1xx_HAL_Driver/Src/stm32f1xx_hal_adc_ex.c ****   {
 523:Drivers/STM32F1xx_HAL_Driver/Src/stm32f1xx_hal_adc_ex.c ****     /* Set ADC state                                                          */
 524:Drivers/STM32F1xx_HAL_Driver/Src/stm32f1xx_hal_adc_ex.c ****     /* - Clear state bitfield related to injected group conversion results    */
 525:Drivers/STM32F1xx_HAL_Driver/Src/stm32f1xx_hal_adc_ex.c ****     /* - Set state bitfield related to injected operation                     */
ARM GAS  /var/folders/y0/yl1wrqfd209ghqq3s8k8qc1m0000gn/T//ccTpawhR.s 			page 27


 526:Drivers/STM32F1xx_HAL_Driver/Src/stm32f1xx_hal_adc_ex.c ****     ADC_STATE_CLR_SET(hadc->State,
 867              		.loc 1 526 5 is_stmt 1 view .LVU253
 868 001a A36A     		ldr	r3, [r4, #40]
 869 001c 23F44053 		bic	r3, r3, #12288
 870 0020 23F00103 		bic	r3, r3, #1
 871 0024 43F48053 		orr	r3, r3, #4096
 872 0028 A362     		str	r3, [r4, #40]
 527:Drivers/STM32F1xx_HAL_Driver/Src/stm32f1xx_hal_adc_ex.c ****                       HAL_ADC_STATE_READY | HAL_ADC_STATE_INJ_EOC,
 528:Drivers/STM32F1xx_HAL_Driver/Src/stm32f1xx_hal_adc_ex.c ****                       HAL_ADC_STATE_INJ_BUSY);
 529:Drivers/STM32F1xx_HAL_Driver/Src/stm32f1xx_hal_adc_ex.c ****     
 530:Drivers/STM32F1xx_HAL_Driver/Src/stm32f1xx_hal_adc_ex.c ****     /* Case of independent mode or multimode (for devices with several ADCs): */
 531:Drivers/STM32F1xx_HAL_Driver/Src/stm32f1xx_hal_adc_ex.c ****     /* Set multimode state.                                                   */
 532:Drivers/STM32F1xx_HAL_Driver/Src/stm32f1xx_hal_adc_ex.c ****     if (ADC_NONMULTIMODE_OR_MULTIMODEMASTER(hadc))
 873              		.loc 1 532 5 view .LVU254
 874              		.loc 1 532 9 is_stmt 0 view .LVU255
 875 002a 2268     		ldr	r2, [r4]
 876              		.loc 1 532 8 view .LVU256
 877 002c 234B     		ldr	r3, .L97
 878 002e 9A42     		cmp	r2, r3
 879 0030 24D0     		beq	.L94
 880              	.L83:
 533:Drivers/STM32F1xx_HAL_Driver/Src/stm32f1xx_hal_adc_ex.c ****     {
 534:Drivers/STM32F1xx_HAL_Driver/Src/stm32f1xx_hal_adc_ex.c ****       CLEAR_BIT(hadc->State, HAL_ADC_STATE_MULTIMODE_SLAVE);
 881              		.loc 1 534 7 is_stmt 1 view .LVU257
 882 0032 A36A     		ldr	r3, [r4, #40]
 883 0034 23F48013 		bic	r3, r3, #1048576
 884 0038 A362     		str	r3, [r4, #40]
 885              	.L85:
 535:Drivers/STM32F1xx_HAL_Driver/Src/stm32f1xx_hal_adc_ex.c ****     }
 536:Drivers/STM32F1xx_HAL_Driver/Src/stm32f1xx_hal_adc_ex.c ****     else
 537:Drivers/STM32F1xx_HAL_Driver/Src/stm32f1xx_hal_adc_ex.c ****     {
 538:Drivers/STM32F1xx_HAL_Driver/Src/stm32f1xx_hal_adc_ex.c ****       SET_BIT(hadc->State, HAL_ADC_STATE_MULTIMODE_SLAVE);
 539:Drivers/STM32F1xx_HAL_Driver/Src/stm32f1xx_hal_adc_ex.c ****     }
 540:Drivers/STM32F1xx_HAL_Driver/Src/stm32f1xx_hal_adc_ex.c ****     
 541:Drivers/STM32F1xx_HAL_Driver/Src/stm32f1xx_hal_adc_ex.c ****     /* Check if a regular conversion is ongoing */
 542:Drivers/STM32F1xx_HAL_Driver/Src/stm32f1xx_hal_adc_ex.c ****     /* Note: On this device, there is no ADC error code fields related to     */
 543:Drivers/STM32F1xx_HAL_Driver/Src/stm32f1xx_hal_adc_ex.c ****     /*       conversions on group injected only. In case of conversion on     */
 544:Drivers/STM32F1xx_HAL_Driver/Src/stm32f1xx_hal_adc_ex.c ****     /*       going on group regular, no error code is reset.                  */
 545:Drivers/STM32F1xx_HAL_Driver/Src/stm32f1xx_hal_adc_ex.c ****     if (HAL_IS_BIT_CLR(hadc->State, HAL_ADC_STATE_REG_BUSY))
 886              		.loc 1 545 5 view .LVU258
 887              		.loc 1 545 9 is_stmt 0 view .LVU259
 888 003a A36A     		ldr	r3, [r4, #40]
 889              		.loc 1 545 8 view .LVU260
 890 003c 13F4807F 		tst	r3, #256
 891 0040 01D1     		bne	.L86
 546:Drivers/STM32F1xx_HAL_Driver/Src/stm32f1xx_hal_adc_ex.c ****     {
 547:Drivers/STM32F1xx_HAL_Driver/Src/stm32f1xx_hal_adc_ex.c ****       /* Reset ADC all error code fields */
 548:Drivers/STM32F1xx_HAL_Driver/Src/stm32f1xx_hal_adc_ex.c ****       ADC_CLEAR_ERRORCODE(hadc);
 892              		.loc 1 548 7 is_stmt 1 view .LVU261
 893 0042 0023     		movs	r3, #0
 894 0044 E362     		str	r3, [r4, #44]
 895              	.L86:
 549:Drivers/STM32F1xx_HAL_Driver/Src/stm32f1xx_hal_adc_ex.c ****     }
 550:Drivers/STM32F1xx_HAL_Driver/Src/stm32f1xx_hal_adc_ex.c ****     
 551:Drivers/STM32F1xx_HAL_Driver/Src/stm32f1xx_hal_adc_ex.c ****     /* Process unlocked */
 552:Drivers/STM32F1xx_HAL_Driver/Src/stm32f1xx_hal_adc_ex.c ****     /* Unlock before starting ADC conversions: in case of potential           */
 553:Drivers/STM32F1xx_HAL_Driver/Src/stm32f1xx_hal_adc_ex.c ****     /* interruption, to let the process to ADC IRQ Handler.                   */
ARM GAS  /var/folders/y0/yl1wrqfd209ghqq3s8k8qc1m0000gn/T//ccTpawhR.s 			page 28


 554:Drivers/STM32F1xx_HAL_Driver/Src/stm32f1xx_hal_adc_ex.c ****     __HAL_UNLOCK(hadc);
 896              		.loc 1 554 5 view .LVU262
 897              		.loc 1 554 5 view .LVU263
 898 0046 0023     		movs	r3, #0
 899 0048 84F82430 		strb	r3, [r4, #36]
 900              		.loc 1 554 5 view .LVU264
 555:Drivers/STM32F1xx_HAL_Driver/Src/stm32f1xx_hal_adc_ex.c ****     
 556:Drivers/STM32F1xx_HAL_Driver/Src/stm32f1xx_hal_adc_ex.c ****     /* Clear injected group conversion flag */
 557:Drivers/STM32F1xx_HAL_Driver/Src/stm32f1xx_hal_adc_ex.c ****     /* (To ensure of no unknown state from potential previous ADC operations) */
 558:Drivers/STM32F1xx_HAL_Driver/Src/stm32f1xx_hal_adc_ex.c ****     __HAL_ADC_CLEAR_FLAG(hadc, ADC_FLAG_JEOC);
 901              		.loc 1 558 5 view .LVU265
 902 004c 6FF00403 		mvn	r3, #4
 903 0050 1360     		str	r3, [r2]
 559:Drivers/STM32F1xx_HAL_Driver/Src/stm32f1xx_hal_adc_ex.c ****     
 560:Drivers/STM32F1xx_HAL_Driver/Src/stm32f1xx_hal_adc_ex.c ****     /* Enable end of conversion interrupt for injected channels */
 561:Drivers/STM32F1xx_HAL_Driver/Src/stm32f1xx_hal_adc_ex.c ****     __HAL_ADC_ENABLE_IT(hadc, ADC_IT_JEOC);
 904              		.loc 1 561 5 view .LVU266
 905 0052 2268     		ldr	r2, [r4]
 906 0054 5368     		ldr	r3, [r2, #4]
 907 0056 43F08003 		orr	r3, r3, #128
 908 005a 5360     		str	r3, [r2, #4]
 562:Drivers/STM32F1xx_HAL_Driver/Src/stm32f1xx_hal_adc_ex.c ****     
 563:Drivers/STM32F1xx_HAL_Driver/Src/stm32f1xx_hal_adc_ex.c ****     /* Start conversion of injected group if software start has been selected */
 564:Drivers/STM32F1xx_HAL_Driver/Src/stm32f1xx_hal_adc_ex.c ****     /* and if automatic injected conversion is disabled.                      */
 565:Drivers/STM32F1xx_HAL_Driver/Src/stm32f1xx_hal_adc_ex.c ****     /* If external trigger has been selected, conversion will start at next   */
 566:Drivers/STM32F1xx_HAL_Driver/Src/stm32f1xx_hal_adc_ex.c ****     /* trigger event.                                                         */
 567:Drivers/STM32F1xx_HAL_Driver/Src/stm32f1xx_hal_adc_ex.c ****     /* If automatic injected conversion is enabled, conversion will start     */
 568:Drivers/STM32F1xx_HAL_Driver/Src/stm32f1xx_hal_adc_ex.c ****     /* after next regular group conversion.                                   */
 569:Drivers/STM32F1xx_HAL_Driver/Src/stm32f1xx_hal_adc_ex.c ****     if (HAL_IS_BIT_CLR(hadc->Instance->CR1, ADC_CR1_JAUTO))
 909              		.loc 1 569 5 view .LVU267
 910              		.loc 1 569 9 is_stmt 0 view .LVU268
 911 005c 2368     		ldr	r3, [r4]
 912 005e 5A68     		ldr	r2, [r3, #4]
 913              		.loc 1 569 8 view .LVU269
 914 0060 12F4806F 		tst	r2, #1024
 915 0064 27D1     		bne	.L81
 570:Drivers/STM32F1xx_HAL_Driver/Src/stm32f1xx_hal_adc_ex.c ****     {
 571:Drivers/STM32F1xx_HAL_Driver/Src/stm32f1xx_hal_adc_ex.c ****       if (ADC_IS_SOFTWARE_START_INJECTED(hadc)     &&
 916              		.loc 1 571 7 is_stmt 1 view .LVU270
 917              		.loc 1 571 11 is_stmt 0 view .LVU271
 918 0066 9A68     		ldr	r2, [r3, #8]
 919 0068 02F4E042 		and	r2, r2, #28672
 920              		.loc 1 571 10 view .LVU272
 921 006c B2F5E04F 		cmp	r2, #28672
 922 0070 0FD0     		beq	.L95
 923              	.L87:
 572:Drivers/STM32F1xx_HAL_Driver/Src/stm32f1xx_hal_adc_ex.c ****           ADC_NONMULTIMODE_OR_MULTIMODEMASTER(hadc)  )
 573:Drivers/STM32F1xx_HAL_Driver/Src/stm32f1xx_hal_adc_ex.c ****       {
 574:Drivers/STM32F1xx_HAL_Driver/Src/stm32f1xx_hal_adc_ex.c ****         /* Start ADC conversion on injected group with SW start */
 575:Drivers/STM32F1xx_HAL_Driver/Src/stm32f1xx_hal_adc_ex.c ****         SET_BIT(hadc->Instance->CR2, (ADC_CR2_JSWSTART | ADC_CR2_JEXTTRIG));
 576:Drivers/STM32F1xx_HAL_Driver/Src/stm32f1xx_hal_adc_ex.c ****       }
 577:Drivers/STM32F1xx_HAL_Driver/Src/stm32f1xx_hal_adc_ex.c ****       else
 578:Drivers/STM32F1xx_HAL_Driver/Src/stm32f1xx_hal_adc_ex.c ****       {
 579:Drivers/STM32F1xx_HAL_Driver/Src/stm32f1xx_hal_adc_ex.c ****         /* Start ADC conversion on injected group with external trigger */
 580:Drivers/STM32F1xx_HAL_Driver/Src/stm32f1xx_hal_adc_ex.c ****         SET_BIT(hadc->Instance->CR2, ADC_CR2_JEXTTRIG);
 924              		.loc 1 580 9 is_stmt 1 view .LVU273
 925 0072 9A68     		ldr	r2, [r3, #8]
ARM GAS  /var/folders/y0/yl1wrqfd209ghqq3s8k8qc1m0000gn/T//ccTpawhR.s 			page 29


 926 0074 42F40042 		orr	r2, r2, #32768
 927 0078 9A60     		str	r2, [r3, #8]
 928 007a 1CE0     		b	.L81
 929              	.L94:
 532:Drivers/STM32F1xx_HAL_Driver/Src/stm32f1xx_hal_adc_ex.c ****     {
 930              		.loc 1 532 9 is_stmt 0 discriminator 1 view .LVU274
 931 007c A3F58063 		sub	r3, r3, #1024
 932 0080 5B68     		ldr	r3, [r3, #4]
 933 0082 13F4702F 		tst	r3, #983040
 934 0086 D4D0     		beq	.L83
 538:Drivers/STM32F1xx_HAL_Driver/Src/stm32f1xx_hal_adc_ex.c ****     }
 935              		.loc 1 538 7 is_stmt 1 view .LVU275
 936 0088 A36A     		ldr	r3, [r4, #40]
 937 008a 43F48013 		orr	r3, r3, #1048576
 938 008e A362     		str	r3, [r4, #40]
 939 0090 D3E7     		b	.L85
 940              	.L95:
 571:Drivers/STM32F1xx_HAL_Driver/Src/stm32f1xx_hal_adc_ex.c ****           ADC_NONMULTIMODE_OR_MULTIMODEMASTER(hadc)  )
 941              		.loc 1 571 52 is_stmt 0 discriminator 1 view .LVU276
 942 0092 0A4A     		ldr	r2, .L97
 943 0094 9342     		cmp	r3, r2
 944 0096 04D0     		beq	.L96
 945              	.L88:
 575:Drivers/STM32F1xx_HAL_Driver/Src/stm32f1xx_hal_adc_ex.c ****       }
 946              		.loc 1 575 9 is_stmt 1 view .LVU277
 947 0098 9A68     		ldr	r2, [r3, #8]
 948 009a 42F40212 		orr	r2, r2, #2129920
 949 009e 9A60     		str	r2, [r3, #8]
 950 00a0 09E0     		b	.L81
 951              	.L96:
 572:Drivers/STM32F1xx_HAL_Driver/Src/stm32f1xx_hal_adc_ex.c ****       {
 952              		.loc 1 572 11 is_stmt 0 view .LVU278
 953 00a2 A2F58062 		sub	r2, r2, #1024
 954 00a6 5268     		ldr	r2, [r2, #4]
 571:Drivers/STM32F1xx_HAL_Driver/Src/stm32f1xx_hal_adc_ex.c ****           ADC_NONMULTIMODE_OR_MULTIMODEMASTER(hadc)  )
 955              		.loc 1 571 52 discriminator 2 view .LVU279
 956 00a8 12F4702F 		tst	r2, #983040
 957 00ac E1D1     		bne	.L87
 958 00ae F3E7     		b	.L88
 959              	.L82:
 581:Drivers/STM32F1xx_HAL_Driver/Src/stm32f1xx_hal_adc_ex.c ****       }
 582:Drivers/STM32F1xx_HAL_Driver/Src/stm32f1xx_hal_adc_ex.c ****     }
 583:Drivers/STM32F1xx_HAL_Driver/Src/stm32f1xx_hal_adc_ex.c ****   }
 584:Drivers/STM32F1xx_HAL_Driver/Src/stm32f1xx_hal_adc_ex.c ****   else
 585:Drivers/STM32F1xx_HAL_Driver/Src/stm32f1xx_hal_adc_ex.c ****   {
 586:Drivers/STM32F1xx_HAL_Driver/Src/stm32f1xx_hal_adc_ex.c ****     /* Process unlocked */
 587:Drivers/STM32F1xx_HAL_Driver/Src/stm32f1xx_hal_adc_ex.c ****     __HAL_UNLOCK(hadc);
 960              		.loc 1 587 5 is_stmt 1 view .LVU280
 961              		.loc 1 587 5 view .LVU281
 962 00b0 0023     		movs	r3, #0
 963 00b2 84F82430 		strb	r3, [r4, #36]
 964              	.L81:
 588:Drivers/STM32F1xx_HAL_Driver/Src/stm32f1xx_hal_adc_ex.c ****   }
 589:Drivers/STM32F1xx_HAL_Driver/Src/stm32f1xx_hal_adc_ex.c ****   
 590:Drivers/STM32F1xx_HAL_Driver/Src/stm32f1xx_hal_adc_ex.c ****   /* Return function status */
 591:Drivers/STM32F1xx_HAL_Driver/Src/stm32f1xx_hal_adc_ex.c ****   return tmp_hal_status;
 592:Drivers/STM32F1xx_HAL_Driver/Src/stm32f1xx_hal_adc_ex.c **** }
ARM GAS  /var/folders/y0/yl1wrqfd209ghqq3s8k8qc1m0000gn/T//ccTpawhR.s 			page 30


 965              		.loc 1 592 1 is_stmt 0 view .LVU282
 966 00b6 10BD     		pop	{r4, pc}
 967              	.LVL48:
 968              	.L89:
 969              	.LCFI13:
 970              		.cfi_def_cfa_offset 0
 971              		.cfi_restore 4
 972              		.cfi_restore 14
 515:Drivers/STM32F1xx_HAL_Driver/Src/stm32f1xx_hal_adc_ex.c ****     
 973              		.loc 1 515 3 discriminator 1 view .LVU283
 974 00b8 0220     		movs	r0, #2
 975              	.LVL49:
 976              		.loc 1 592 1 view .LVU284
 977 00ba 7047     		bx	lr
 978              	.L98:
 979              		.align	2
 980              	.L97:
 981 00bc 00280140 		.word	1073817600
 982              		.cfi_endproc
 983              	.LFE69:
 985              		.section	.text.HAL_ADCEx_InjectedStop_IT,"ax",%progbits
 986              		.align	1
 987              		.global	HAL_ADCEx_InjectedStop_IT
 988              		.syntax unified
 989              		.thumb
 990              		.thumb_func
 992              	HAL_ADCEx_InjectedStop_IT:
 993              	.LVL50:
 994              	.LFB70:
 593:Drivers/STM32F1xx_HAL_Driver/Src/stm32f1xx_hal_adc_ex.c **** 
 594:Drivers/STM32F1xx_HAL_Driver/Src/stm32f1xx_hal_adc_ex.c **** /**
 595:Drivers/STM32F1xx_HAL_Driver/Src/stm32f1xx_hal_adc_ex.c ****   * @brief  Stop conversion of injected channels, disable interruption of 
 596:Drivers/STM32F1xx_HAL_Driver/Src/stm32f1xx_hal_adc_ex.c ****   *         end-of-conversion. Disable ADC peripheral if no regular conversion
 597:Drivers/STM32F1xx_HAL_Driver/Src/stm32f1xx_hal_adc_ex.c ****   *         is on going.
 598:Drivers/STM32F1xx_HAL_Driver/Src/stm32f1xx_hal_adc_ex.c ****   * @note   If ADC must be disabled and if conversion is on going on 
 599:Drivers/STM32F1xx_HAL_Driver/Src/stm32f1xx_hal_adc_ex.c ****   *         regular group, function HAL_ADC_Stop must be used to stop both
 600:Drivers/STM32F1xx_HAL_Driver/Src/stm32f1xx_hal_adc_ex.c ****   *         injected and regular groups, and disable the ADC.
 601:Drivers/STM32F1xx_HAL_Driver/Src/stm32f1xx_hal_adc_ex.c ****   * @note   If injected group mode auto-injection is enabled,
 602:Drivers/STM32F1xx_HAL_Driver/Src/stm32f1xx_hal_adc_ex.c ****   *         function HAL_ADC_Stop must be used.
 603:Drivers/STM32F1xx_HAL_Driver/Src/stm32f1xx_hal_adc_ex.c ****   * @param  hadc: ADC handle
 604:Drivers/STM32F1xx_HAL_Driver/Src/stm32f1xx_hal_adc_ex.c ****   * @retval None
 605:Drivers/STM32F1xx_HAL_Driver/Src/stm32f1xx_hal_adc_ex.c ****   */
 606:Drivers/STM32F1xx_HAL_Driver/Src/stm32f1xx_hal_adc_ex.c **** HAL_StatusTypeDef HAL_ADCEx_InjectedStop_IT(ADC_HandleTypeDef* hadc)
 607:Drivers/STM32F1xx_HAL_Driver/Src/stm32f1xx_hal_adc_ex.c **** {
 995              		.loc 1 607 1 is_stmt 1 view -0
 996              		.cfi_startproc
 997              		@ args = 0, pretend = 0, frame = 0
 998              		@ frame_needed = 0, uses_anonymous_args = 0
 608:Drivers/STM32F1xx_HAL_Driver/Src/stm32f1xx_hal_adc_ex.c ****   HAL_StatusTypeDef tmp_hal_status = HAL_OK;
 999              		.loc 1 608 3 view .LVU286
 609:Drivers/STM32F1xx_HAL_Driver/Src/stm32f1xx_hal_adc_ex.c ****   
 610:Drivers/STM32F1xx_HAL_Driver/Src/stm32f1xx_hal_adc_ex.c ****   /* Check the parameters */
 611:Drivers/STM32F1xx_HAL_Driver/Src/stm32f1xx_hal_adc_ex.c ****   assert_param(IS_ADC_ALL_INSTANCE(hadc->Instance));
 1000              		.loc 1 611 3 view .LVU287
 612:Drivers/STM32F1xx_HAL_Driver/Src/stm32f1xx_hal_adc_ex.c **** 
 613:Drivers/STM32F1xx_HAL_Driver/Src/stm32f1xx_hal_adc_ex.c ****   /* Process locked */
 614:Drivers/STM32F1xx_HAL_Driver/Src/stm32f1xx_hal_adc_ex.c ****   __HAL_LOCK(hadc);
ARM GAS  /var/folders/y0/yl1wrqfd209ghqq3s8k8qc1m0000gn/T//ccTpawhR.s 			page 31


 1001              		.loc 1 614 3 view .LVU288
 1002              		.loc 1 614 3 view .LVU289
 1003 0000 90F82430 		ldrb	r3, [r0, #36]	@ zero_extendqisi2
 1004 0004 012B     		cmp	r3, #1
 1005 0006 28D0     		beq	.L103
 607:Drivers/STM32F1xx_HAL_Driver/Src/stm32f1xx_hal_adc_ex.c ****   HAL_StatusTypeDef tmp_hal_status = HAL_OK;
 1006              		.loc 1 607 1 is_stmt 0 view .LVU290
 1007 0008 10B5     		push	{r4, lr}
 1008              	.LCFI14:
 1009              		.cfi_def_cfa_offset 8
 1010              		.cfi_offset 4, -8
 1011              		.cfi_offset 14, -4
 1012 000a 0446     		mov	r4, r0
 1013              		.loc 1 614 3 is_stmt 1 discriminator 2 view .LVU291
 1014 000c 0123     		movs	r3, #1
 1015 000e 80F82430 		strb	r3, [r0, #36]
 1016              		.loc 1 614 3 view .LVU292
 615:Drivers/STM32F1xx_HAL_Driver/Src/stm32f1xx_hal_adc_ex.c ****     
 616:Drivers/STM32F1xx_HAL_Driver/Src/stm32f1xx_hal_adc_ex.c ****   /* Stop potential conversion and disable ADC peripheral                     */
 617:Drivers/STM32F1xx_HAL_Driver/Src/stm32f1xx_hal_adc_ex.c ****   /* Conditioned to:                                                          */
 618:Drivers/STM32F1xx_HAL_Driver/Src/stm32f1xx_hal_adc_ex.c ****   /* - No conversion on the other group (regular group) is intended to        */
 619:Drivers/STM32F1xx_HAL_Driver/Src/stm32f1xx_hal_adc_ex.c ****   /*   continue (injected and regular groups stop conversion and ADC disable  */
 620:Drivers/STM32F1xx_HAL_Driver/Src/stm32f1xx_hal_adc_ex.c ****   /*   are common)                                                            */
 621:Drivers/STM32F1xx_HAL_Driver/Src/stm32f1xx_hal_adc_ex.c ****   /* - In case of auto-injection mode, HAL_ADC_Stop must be used.             */ 
 622:Drivers/STM32F1xx_HAL_Driver/Src/stm32f1xx_hal_adc_ex.c ****   if(((hadc->State & HAL_ADC_STATE_REG_BUSY) == RESET)  &&
 1017              		.loc 1 622 3 view .LVU293
 1018              		.loc 1 622 12 is_stmt 0 view .LVU294
 1019 0012 836A     		ldr	r3, [r0, #40]
 1020              		.loc 1 622 5 view .LVU295
 1021 0014 13F4807F 		tst	r3, #256
 1022 0018 04D1     		bne	.L101
 623:Drivers/STM32F1xx_HAL_Driver/Src/stm32f1xx_hal_adc_ex.c ****      HAL_IS_BIT_CLR(hadc->Instance->CR1, ADC_CR1_JAUTO)   )
 1023              		.loc 1 623 6 view .LVU296
 1024 001a 0368     		ldr	r3, [r0]
 1025 001c 5B68     		ldr	r3, [r3, #4]
 622:Drivers/STM32F1xx_HAL_Driver/Src/stm32f1xx_hal_adc_ex.c ****      HAL_IS_BIT_CLR(hadc->Instance->CR1, ADC_CR1_JAUTO)   )
 1026              		.loc 1 622 57 discriminator 1 view .LVU297
 1027 001e 13F4806F 		tst	r3, #1024
 1028 0022 08D0     		beq	.L108
 1029              	.L101:
 624:Drivers/STM32F1xx_HAL_Driver/Src/stm32f1xx_hal_adc_ex.c ****   {
 625:Drivers/STM32F1xx_HAL_Driver/Src/stm32f1xx_hal_adc_ex.c ****     /* Stop potential conversion on going, on regular and injected groups */
 626:Drivers/STM32F1xx_HAL_Driver/Src/stm32f1xx_hal_adc_ex.c ****     /* Disable ADC peripheral */
 627:Drivers/STM32F1xx_HAL_Driver/Src/stm32f1xx_hal_adc_ex.c ****     tmp_hal_status = ADC_ConversionStop_Disable(hadc);
 628:Drivers/STM32F1xx_HAL_Driver/Src/stm32f1xx_hal_adc_ex.c ****     
 629:Drivers/STM32F1xx_HAL_Driver/Src/stm32f1xx_hal_adc_ex.c ****     /* Check if ADC is effectively disabled */
 630:Drivers/STM32F1xx_HAL_Driver/Src/stm32f1xx_hal_adc_ex.c ****     if (tmp_hal_status == HAL_OK)
 631:Drivers/STM32F1xx_HAL_Driver/Src/stm32f1xx_hal_adc_ex.c ****     {
 632:Drivers/STM32F1xx_HAL_Driver/Src/stm32f1xx_hal_adc_ex.c ****       /* Disable ADC end of conversion interrupt for injected channels */
 633:Drivers/STM32F1xx_HAL_Driver/Src/stm32f1xx_hal_adc_ex.c ****       __HAL_ADC_DISABLE_IT(hadc, ADC_IT_JEOC);
 634:Drivers/STM32F1xx_HAL_Driver/Src/stm32f1xx_hal_adc_ex.c ****       
 635:Drivers/STM32F1xx_HAL_Driver/Src/stm32f1xx_hal_adc_ex.c ****       /* Set ADC state */
 636:Drivers/STM32F1xx_HAL_Driver/Src/stm32f1xx_hal_adc_ex.c ****       ADC_STATE_CLR_SET(hadc->State,
 637:Drivers/STM32F1xx_HAL_Driver/Src/stm32f1xx_hal_adc_ex.c ****                         HAL_ADC_STATE_REG_BUSY | HAL_ADC_STATE_INJ_BUSY,
 638:Drivers/STM32F1xx_HAL_Driver/Src/stm32f1xx_hal_adc_ex.c ****                         HAL_ADC_STATE_READY);
 639:Drivers/STM32F1xx_HAL_Driver/Src/stm32f1xx_hal_adc_ex.c ****     }
 640:Drivers/STM32F1xx_HAL_Driver/Src/stm32f1xx_hal_adc_ex.c ****   }
ARM GAS  /var/folders/y0/yl1wrqfd209ghqq3s8k8qc1m0000gn/T//ccTpawhR.s 			page 32


 641:Drivers/STM32F1xx_HAL_Driver/Src/stm32f1xx_hal_adc_ex.c ****   else
 642:Drivers/STM32F1xx_HAL_Driver/Src/stm32f1xx_hal_adc_ex.c ****   {
 643:Drivers/STM32F1xx_HAL_Driver/Src/stm32f1xx_hal_adc_ex.c ****     /* Update ADC state machine to error */
 644:Drivers/STM32F1xx_HAL_Driver/Src/stm32f1xx_hal_adc_ex.c ****     SET_BIT(hadc->State, HAL_ADC_STATE_ERROR_CONFIG);
 1030              		.loc 1 644 5 is_stmt 1 view .LVU298
 1031 0024 A36A     		ldr	r3, [r4, #40]
 1032 0026 43F02003 		orr	r3, r3, #32
 1033 002a A362     		str	r3, [r4, #40]
 645:Drivers/STM32F1xx_HAL_Driver/Src/stm32f1xx_hal_adc_ex.c ****       
 646:Drivers/STM32F1xx_HAL_Driver/Src/stm32f1xx_hal_adc_ex.c ****     tmp_hal_status = HAL_ERROR;
 1034              		.loc 1 646 5 view .LVU299
 1035              	.LVL51:
 1036              		.loc 1 646 20 is_stmt 0 view .LVU300
 1037 002c 0120     		movs	r0, #1
 1038              	.LVL52:
 1039              	.L102:
 647:Drivers/STM32F1xx_HAL_Driver/Src/stm32f1xx_hal_adc_ex.c ****   }
 648:Drivers/STM32F1xx_HAL_Driver/Src/stm32f1xx_hal_adc_ex.c ****   
 649:Drivers/STM32F1xx_HAL_Driver/Src/stm32f1xx_hal_adc_ex.c ****   /* Process unlocked */
 650:Drivers/STM32F1xx_HAL_Driver/Src/stm32f1xx_hal_adc_ex.c ****   __HAL_UNLOCK(hadc);
 1040              		.loc 1 650 3 is_stmt 1 view .LVU301
 1041              		.loc 1 650 3 view .LVU302
 1042 002e 0023     		movs	r3, #0
 1043 0030 84F82430 		strb	r3, [r4, #36]
 1044              		.loc 1 650 3 view .LVU303
 651:Drivers/STM32F1xx_HAL_Driver/Src/stm32f1xx_hal_adc_ex.c ****   
 652:Drivers/STM32F1xx_HAL_Driver/Src/stm32f1xx_hal_adc_ex.c ****   /* Return function status */
 653:Drivers/STM32F1xx_HAL_Driver/Src/stm32f1xx_hal_adc_ex.c ****   return tmp_hal_status;
 1045              		.loc 1 653 3 view .LVU304
 654:Drivers/STM32F1xx_HAL_Driver/Src/stm32f1xx_hal_adc_ex.c **** }
 1046              		.loc 1 654 1 is_stmt 0 view .LVU305
 1047 0034 10BD     		pop	{r4, pc}
 1048              	.LVL53:
 1049              	.L108:
 627:Drivers/STM32F1xx_HAL_Driver/Src/stm32f1xx_hal_adc_ex.c ****     
 1050              		.loc 1 627 5 is_stmt 1 view .LVU306
 627:Drivers/STM32F1xx_HAL_Driver/Src/stm32f1xx_hal_adc_ex.c ****     
 1051              		.loc 1 627 22 is_stmt 0 view .LVU307
 1052 0036 FFF7FEFF 		bl	ADC_ConversionStop_Disable
 1053              	.LVL54:
 630:Drivers/STM32F1xx_HAL_Driver/Src/stm32f1xx_hal_adc_ex.c ****     {
 1054              		.loc 1 630 5 is_stmt 1 view .LVU308
 630:Drivers/STM32F1xx_HAL_Driver/Src/stm32f1xx_hal_adc_ex.c ****     {
 1055              		.loc 1 630 8 is_stmt 0 view .LVU309
 1056 003a 0028     		cmp	r0, #0
 1057 003c F7D1     		bne	.L102
 633:Drivers/STM32F1xx_HAL_Driver/Src/stm32f1xx_hal_adc_ex.c ****       
 1058              		.loc 1 633 7 is_stmt 1 view .LVU310
 1059 003e 2268     		ldr	r2, [r4]
 1060 0040 5368     		ldr	r3, [r2, #4]
 1061 0042 23F08003 		bic	r3, r3, #128
 1062 0046 5360     		str	r3, [r2, #4]
 636:Drivers/STM32F1xx_HAL_Driver/Src/stm32f1xx_hal_adc_ex.c ****                         HAL_ADC_STATE_REG_BUSY | HAL_ADC_STATE_INJ_BUSY,
 1063              		.loc 1 636 7 view .LVU311
 1064 0048 A36A     		ldr	r3, [r4, #40]
 1065 004a 23F48853 		bic	r3, r3, #4352
 1066 004e 23F00103 		bic	r3, r3, #1
ARM GAS  /var/folders/y0/yl1wrqfd209ghqq3s8k8qc1m0000gn/T//ccTpawhR.s 			page 33


 1067 0052 43F00103 		orr	r3, r3, #1
 1068 0056 A362     		str	r3, [r4, #40]
 1069 0058 E9E7     		b	.L102
 1070              	.LVL55:
 1071              	.L103:
 1072              	.LCFI15:
 1073              		.cfi_def_cfa_offset 0
 1074              		.cfi_restore 4
 1075              		.cfi_restore 14
 614:Drivers/STM32F1xx_HAL_Driver/Src/stm32f1xx_hal_adc_ex.c ****     
 1076              		.loc 1 614 3 is_stmt 0 discriminator 1 view .LVU312
 1077 005a 0220     		movs	r0, #2
 1078              	.LVL56:
 1079              		.loc 1 654 1 view .LVU313
 1080 005c 7047     		bx	lr
 1081              		.cfi_endproc
 1082              	.LFE70:
 1084              		.section	.text.HAL_ADCEx_MultiModeStart_DMA,"ax",%progbits
 1085              		.align	1
 1086              		.global	HAL_ADCEx_MultiModeStart_DMA
 1087              		.syntax unified
 1088              		.thumb
 1089              		.thumb_func
 1091              	HAL_ADCEx_MultiModeStart_DMA:
 1092              	.LVL57:
 1093              	.LFB71:
 655:Drivers/STM32F1xx_HAL_Driver/Src/stm32f1xx_hal_adc_ex.c **** 
 656:Drivers/STM32F1xx_HAL_Driver/Src/stm32f1xx_hal_adc_ex.c **** #if defined (STM32F103x6) || defined (STM32F103xB) || defined (STM32F105xC) || defined (STM32F107xC
 657:Drivers/STM32F1xx_HAL_Driver/Src/stm32f1xx_hal_adc_ex.c **** /**
 658:Drivers/STM32F1xx_HAL_Driver/Src/stm32f1xx_hal_adc_ex.c ****   * @brief  Enables ADC, starts conversion of regular group and transfers result
 659:Drivers/STM32F1xx_HAL_Driver/Src/stm32f1xx_hal_adc_ex.c ****   *         through DMA.
 660:Drivers/STM32F1xx_HAL_Driver/Src/stm32f1xx_hal_adc_ex.c ****   *         Multimode must have been previously configured using 
 661:Drivers/STM32F1xx_HAL_Driver/Src/stm32f1xx_hal_adc_ex.c ****   *         HAL_ADCEx_MultiModeConfigChannel() function.
 662:Drivers/STM32F1xx_HAL_Driver/Src/stm32f1xx_hal_adc_ex.c ****   *         Interruptions enabled in this function:
 663:Drivers/STM32F1xx_HAL_Driver/Src/stm32f1xx_hal_adc_ex.c ****   *          - DMA transfer complete
 664:Drivers/STM32F1xx_HAL_Driver/Src/stm32f1xx_hal_adc_ex.c ****   *          - DMA half transfer
 665:Drivers/STM32F1xx_HAL_Driver/Src/stm32f1xx_hal_adc_ex.c ****   *         Each of these interruptions has its dedicated callback function.
 666:Drivers/STM32F1xx_HAL_Driver/Src/stm32f1xx_hal_adc_ex.c ****   * @note:  On STM32F1 devices, ADC slave regular group must be configured 
 667:Drivers/STM32F1xx_HAL_Driver/Src/stm32f1xx_hal_adc_ex.c ****   *         with conversion trigger ADC_SOFTWARE_START.
 668:Drivers/STM32F1xx_HAL_Driver/Src/stm32f1xx_hal_adc_ex.c ****   * @note:  ADC slave can be enabled preliminarily using single-mode  
 669:Drivers/STM32F1xx_HAL_Driver/Src/stm32f1xx_hal_adc_ex.c ****   *         HAL_ADC_Start() function.
 670:Drivers/STM32F1xx_HAL_Driver/Src/stm32f1xx_hal_adc_ex.c ****   * @param  hadc: ADC handle of ADC master (handle of ADC slave must not be used)
 671:Drivers/STM32F1xx_HAL_Driver/Src/stm32f1xx_hal_adc_ex.c ****   * @param  pData: The destination Buffer address.
 672:Drivers/STM32F1xx_HAL_Driver/Src/stm32f1xx_hal_adc_ex.c ****   * @param  Length: The length of data to be transferred from ADC peripheral to memory.
 673:Drivers/STM32F1xx_HAL_Driver/Src/stm32f1xx_hal_adc_ex.c ****   * @retval None
 674:Drivers/STM32F1xx_HAL_Driver/Src/stm32f1xx_hal_adc_ex.c ****   */
 675:Drivers/STM32F1xx_HAL_Driver/Src/stm32f1xx_hal_adc_ex.c **** HAL_StatusTypeDef HAL_ADCEx_MultiModeStart_DMA(ADC_HandleTypeDef* hadc, uint32_t* pData, uint32_t L
 676:Drivers/STM32F1xx_HAL_Driver/Src/stm32f1xx_hal_adc_ex.c **** {
 1094              		.loc 1 676 1 is_stmt 1 view -0
 1095              		.cfi_startproc
 1096              		@ args = 0, pretend = 0, frame = 48
 1097              		@ frame_needed = 0, uses_anonymous_args = 0
 1098              		.loc 1 676 1 is_stmt 0 view .LVU315
 1099 0000 F0B5     		push	{r4, r5, r6, r7, lr}
 1100              	.LCFI16:
 1101              		.cfi_def_cfa_offset 20
 1102              		.cfi_offset 4, -20
ARM GAS  /var/folders/y0/yl1wrqfd209ghqq3s8k8qc1m0000gn/T//ccTpawhR.s 			page 34


 1103              		.cfi_offset 5, -16
 1104              		.cfi_offset 6, -12
 1105              		.cfi_offset 7, -8
 1106              		.cfi_offset 14, -4
 1107 0002 8DB0     		sub	sp, sp, #52
 1108              	.LCFI17:
 1109              		.cfi_def_cfa_offset 72
 1110 0004 0446     		mov	r4, r0
 1111 0006 0E46     		mov	r6, r1
 1112 0008 1746     		mov	r7, r2
 677:Drivers/STM32F1xx_HAL_Driver/Src/stm32f1xx_hal_adc_ex.c ****   HAL_StatusTypeDef tmp_hal_status = HAL_OK;
 1113              		.loc 1 677 3 is_stmt 1 view .LVU316
 1114              	.LVL58:
 678:Drivers/STM32F1xx_HAL_Driver/Src/stm32f1xx_hal_adc_ex.c ****   ADC_HandleTypeDef tmphadcSlave={0};
 1115              		.loc 1 678 3 view .LVU317
 1116              		.loc 1 678 21 is_stmt 0 view .LVU318
 1117 000a 3022     		movs	r2, #48
 1118              	.LVL59:
 1119              		.loc 1 678 21 view .LVU319
 1120 000c 0021     		movs	r1, #0
 1121              	.LVL60:
 1122              		.loc 1 678 21 view .LVU320
 1123 000e 6846     		mov	r0, sp
 1124              	.LVL61:
 1125              		.loc 1 678 21 view .LVU321
 1126 0010 FFF7FEFF 		bl	memset
 1127              	.LVL62:
 679:Drivers/STM32F1xx_HAL_Driver/Src/stm32f1xx_hal_adc_ex.c **** 
 680:Drivers/STM32F1xx_HAL_Driver/Src/stm32f1xx_hal_adc_ex.c ****   /* Check the parameters */
 681:Drivers/STM32F1xx_HAL_Driver/Src/stm32f1xx_hal_adc_ex.c ****   assert_param(IS_ADC_MULTIMODE_MASTER_INSTANCE(hadc->Instance));
 1128              		.loc 1 681 3 is_stmt 1 view .LVU322
 682:Drivers/STM32F1xx_HAL_Driver/Src/stm32f1xx_hal_adc_ex.c ****   assert_param(IS_FUNCTIONAL_STATE(hadc->Init.ContinuousConvMode));
 1129              		.loc 1 682 3 view .LVU323
 683:Drivers/STM32F1xx_HAL_Driver/Src/stm32f1xx_hal_adc_ex.c ****   
 684:Drivers/STM32F1xx_HAL_Driver/Src/stm32f1xx_hal_adc_ex.c ****   /* Process locked */
 685:Drivers/STM32F1xx_HAL_Driver/Src/stm32f1xx_hal_adc_ex.c ****   __HAL_LOCK(hadc);
 1130              		.loc 1 685 3 view .LVU324
 1131              		.loc 1 685 3 view .LVU325
 1132 0014 94F82410 		ldrb	r1, [r4, #36]	@ zero_extendqisi2
 1133 0018 0129     		cmp	r1, #1
 1134 001a 64D0     		beq	.L115
 1135              		.loc 1 685 3 discriminator 2 view .LVU326
 1136 001c 0123     		movs	r3, #1
 1137 001e 84F82430 		strb	r3, [r4, #36]
 1138              		.loc 1 685 3 view .LVU327
 686:Drivers/STM32F1xx_HAL_Driver/Src/stm32f1xx_hal_adc_ex.c **** 
 687:Drivers/STM32F1xx_HAL_Driver/Src/stm32f1xx_hal_adc_ex.c ****   /* Set a temporary handle of the ADC slave associated to the ADC master     */
 688:Drivers/STM32F1xx_HAL_Driver/Src/stm32f1xx_hal_adc_ex.c ****   ADC_MULTI_SLAVE(hadc, &tmphadcSlave);
 1139              		.loc 1 688 3 view .LVU328
 1140 0022 3249     		ldr	r1, .L119
 1141 0024 0091     		str	r1, [sp]
 689:Drivers/STM32F1xx_HAL_Driver/Src/stm32f1xx_hal_adc_ex.c ****   
 690:Drivers/STM32F1xx_HAL_Driver/Src/stm32f1xx_hal_adc_ex.c ****   /* On STM32F1 devices, ADC slave regular group must be configured with      */
 691:Drivers/STM32F1xx_HAL_Driver/Src/stm32f1xx_hal_adc_ex.c ****   /* conversion trigger ADC_SOFTWARE_START.                                   */
 692:Drivers/STM32F1xx_HAL_Driver/Src/stm32f1xx_hal_adc_ex.c ****   /* Note: External trigger of ADC slave must be enabled, it is already done  */
 693:Drivers/STM32F1xx_HAL_Driver/Src/stm32f1xx_hal_adc_ex.c ****   /*       into function "HAL_ADC_Init()".                                    */
 694:Drivers/STM32F1xx_HAL_Driver/Src/stm32f1xx_hal_adc_ex.c ****   if(!ADC_IS_SOFTWARE_START_REGULAR(&tmphadcSlave))  
ARM GAS  /var/folders/y0/yl1wrqfd209ghqq3s8k8qc1m0000gn/T//ccTpawhR.s 			page 35


 1142              		.loc 1 694 3 view .LVU329
 1143              		.loc 1 694 7 is_stmt 0 view .LVU330
 1144 0026 8868     		ldr	r0, [r1, #8]
 1145 0028 00F46020 		and	r0, r0, #917504
 1146              		.loc 1 694 5 view .LVU331
 1147 002c B0F5602F 		cmp	r0, #917504
 1148 0030 0BD0     		beq	.L111
 695:Drivers/STM32F1xx_HAL_Driver/Src/stm32f1xx_hal_adc_ex.c ****   {
 696:Drivers/STM32F1xx_HAL_Driver/Src/stm32f1xx_hal_adc_ex.c ****     /* Update ADC state machine to error */
 697:Drivers/STM32F1xx_HAL_Driver/Src/stm32f1xx_hal_adc_ex.c ****     SET_BIT(hadc->State, HAL_ADC_STATE_ERROR_CONFIG);
 1149              		.loc 1 697 5 is_stmt 1 view .LVU332
 1150 0032 A36A     		ldr	r3, [r4, #40]
 1151 0034 43F02003 		orr	r3, r3, #32
 1152 0038 A362     		str	r3, [r4, #40]
 698:Drivers/STM32F1xx_HAL_Driver/Src/stm32f1xx_hal_adc_ex.c ****     
 699:Drivers/STM32F1xx_HAL_Driver/Src/stm32f1xx_hal_adc_ex.c ****     /* Process unlocked */
 700:Drivers/STM32F1xx_HAL_Driver/Src/stm32f1xx_hal_adc_ex.c ****     __HAL_UNLOCK(hadc);
 1153              		.loc 1 700 5 view .LVU333
 1154              		.loc 1 700 5 view .LVU334
 1155 003a 0023     		movs	r3, #0
 1156 003c 84F82430 		strb	r3, [r4, #36]
 1157              		.loc 1 700 5 view .LVU335
 701:Drivers/STM32F1xx_HAL_Driver/Src/stm32f1xx_hal_adc_ex.c ****     
 702:Drivers/STM32F1xx_HAL_Driver/Src/stm32f1xx_hal_adc_ex.c ****     return HAL_ERROR;
 1158              		.loc 1 702 5 view .LVU336
 1159              		.loc 1 702 12 is_stmt 0 view .LVU337
 1160 0040 0123     		movs	r3, #1
 1161 0042 1D46     		mov	r5, r3
 1162              	.LVL63:
 1163              	.L110:
 703:Drivers/STM32F1xx_HAL_Driver/Src/stm32f1xx_hal_adc_ex.c ****   }
 704:Drivers/STM32F1xx_HAL_Driver/Src/stm32f1xx_hal_adc_ex.c ****   
 705:Drivers/STM32F1xx_HAL_Driver/Src/stm32f1xx_hal_adc_ex.c ****   /* Enable the ADC peripherals: master and slave (in case if not already     */
 706:Drivers/STM32F1xx_HAL_Driver/Src/stm32f1xx_hal_adc_ex.c ****   /* enabled previously)                                                      */
 707:Drivers/STM32F1xx_HAL_Driver/Src/stm32f1xx_hal_adc_ex.c ****   tmp_hal_status = ADC_Enable(hadc);
 708:Drivers/STM32F1xx_HAL_Driver/Src/stm32f1xx_hal_adc_ex.c ****   if (tmp_hal_status == HAL_OK)
 709:Drivers/STM32F1xx_HAL_Driver/Src/stm32f1xx_hal_adc_ex.c ****   {
 710:Drivers/STM32F1xx_HAL_Driver/Src/stm32f1xx_hal_adc_ex.c ****     tmp_hal_status = ADC_Enable(&tmphadcSlave);
 711:Drivers/STM32F1xx_HAL_Driver/Src/stm32f1xx_hal_adc_ex.c ****   }
 712:Drivers/STM32F1xx_HAL_Driver/Src/stm32f1xx_hal_adc_ex.c ****   
 713:Drivers/STM32F1xx_HAL_Driver/Src/stm32f1xx_hal_adc_ex.c ****   /* Start conversion if all ADCs of multimode are effectively enabled */
 714:Drivers/STM32F1xx_HAL_Driver/Src/stm32f1xx_hal_adc_ex.c ****   if (tmp_hal_status == HAL_OK)
 715:Drivers/STM32F1xx_HAL_Driver/Src/stm32f1xx_hal_adc_ex.c ****   {
 716:Drivers/STM32F1xx_HAL_Driver/Src/stm32f1xx_hal_adc_ex.c ****     /* Set ADC state (ADC master)                                             */
 717:Drivers/STM32F1xx_HAL_Driver/Src/stm32f1xx_hal_adc_ex.c ****     /* - Clear state bitfield related to regular group conversion results     */
 718:Drivers/STM32F1xx_HAL_Driver/Src/stm32f1xx_hal_adc_ex.c ****     /* - Set state bitfield related to regular operation                      */
 719:Drivers/STM32F1xx_HAL_Driver/Src/stm32f1xx_hal_adc_ex.c ****     ADC_STATE_CLR_SET(hadc->State,
 720:Drivers/STM32F1xx_HAL_Driver/Src/stm32f1xx_hal_adc_ex.c ****                       HAL_ADC_STATE_READY | HAL_ADC_STATE_REG_EOC | HAL_ADC_STATE_MULTIMODE_SLAVE,
 721:Drivers/STM32F1xx_HAL_Driver/Src/stm32f1xx_hal_adc_ex.c ****                       HAL_ADC_STATE_REG_BUSY);
 722:Drivers/STM32F1xx_HAL_Driver/Src/stm32f1xx_hal_adc_ex.c ****       
 723:Drivers/STM32F1xx_HAL_Driver/Src/stm32f1xx_hal_adc_ex.c ****     /* If conversions on group regular are also triggering group injected,    */
 724:Drivers/STM32F1xx_HAL_Driver/Src/stm32f1xx_hal_adc_ex.c ****     /* update ADC state.                                                      */
 725:Drivers/STM32F1xx_HAL_Driver/Src/stm32f1xx_hal_adc_ex.c ****     if (READ_BIT(hadc->Instance->CR1, ADC_CR1_JAUTO) != RESET)
 726:Drivers/STM32F1xx_HAL_Driver/Src/stm32f1xx_hal_adc_ex.c ****     {
 727:Drivers/STM32F1xx_HAL_Driver/Src/stm32f1xx_hal_adc_ex.c ****       ADC_STATE_CLR_SET(hadc->State, HAL_ADC_STATE_INJ_EOC, HAL_ADC_STATE_INJ_BUSY);  
 728:Drivers/STM32F1xx_HAL_Driver/Src/stm32f1xx_hal_adc_ex.c ****     }
 729:Drivers/STM32F1xx_HAL_Driver/Src/stm32f1xx_hal_adc_ex.c ****     
ARM GAS  /var/folders/y0/yl1wrqfd209ghqq3s8k8qc1m0000gn/T//ccTpawhR.s 			page 36


 730:Drivers/STM32F1xx_HAL_Driver/Src/stm32f1xx_hal_adc_ex.c ****     /* Process unlocked */
 731:Drivers/STM32F1xx_HAL_Driver/Src/stm32f1xx_hal_adc_ex.c ****     /* Unlock before starting ADC conversions: in case of potential           */
 732:Drivers/STM32F1xx_HAL_Driver/Src/stm32f1xx_hal_adc_ex.c ****     /* interruption, to let the process to ADC IRQ Handler.                   */
 733:Drivers/STM32F1xx_HAL_Driver/Src/stm32f1xx_hal_adc_ex.c ****     __HAL_UNLOCK(hadc);
 734:Drivers/STM32F1xx_HAL_Driver/Src/stm32f1xx_hal_adc_ex.c ****     
 735:Drivers/STM32F1xx_HAL_Driver/Src/stm32f1xx_hal_adc_ex.c ****     /* Set ADC error code to none */
 736:Drivers/STM32F1xx_HAL_Driver/Src/stm32f1xx_hal_adc_ex.c ****     ADC_CLEAR_ERRORCODE(hadc);
 737:Drivers/STM32F1xx_HAL_Driver/Src/stm32f1xx_hal_adc_ex.c ****     
 738:Drivers/STM32F1xx_HAL_Driver/Src/stm32f1xx_hal_adc_ex.c ****     
 739:Drivers/STM32F1xx_HAL_Driver/Src/stm32f1xx_hal_adc_ex.c ****     /* Set the DMA transfer complete callback */
 740:Drivers/STM32F1xx_HAL_Driver/Src/stm32f1xx_hal_adc_ex.c ****     hadc->DMA_Handle->XferCpltCallback = ADC_DMAConvCplt;
 741:Drivers/STM32F1xx_HAL_Driver/Src/stm32f1xx_hal_adc_ex.c ****        
 742:Drivers/STM32F1xx_HAL_Driver/Src/stm32f1xx_hal_adc_ex.c ****     /* Set the DMA half transfer complete callback */
 743:Drivers/STM32F1xx_HAL_Driver/Src/stm32f1xx_hal_adc_ex.c ****     hadc->DMA_Handle->XferHalfCpltCallback = ADC_DMAHalfConvCplt;
 744:Drivers/STM32F1xx_HAL_Driver/Src/stm32f1xx_hal_adc_ex.c ****     
 745:Drivers/STM32F1xx_HAL_Driver/Src/stm32f1xx_hal_adc_ex.c ****     /* Set the DMA error callback */
 746:Drivers/STM32F1xx_HAL_Driver/Src/stm32f1xx_hal_adc_ex.c ****     hadc->DMA_Handle->XferErrorCallback = ADC_DMAError;
 747:Drivers/STM32F1xx_HAL_Driver/Src/stm32f1xx_hal_adc_ex.c **** 
 748:Drivers/STM32F1xx_HAL_Driver/Src/stm32f1xx_hal_adc_ex.c ****     
 749:Drivers/STM32F1xx_HAL_Driver/Src/stm32f1xx_hal_adc_ex.c ****     /* Manage ADC and DMA start: ADC overrun interruption, DMA start, ADC     */
 750:Drivers/STM32F1xx_HAL_Driver/Src/stm32f1xx_hal_adc_ex.c ****     /* start (in case of SW start):                                           */
 751:Drivers/STM32F1xx_HAL_Driver/Src/stm32f1xx_hal_adc_ex.c ****     
 752:Drivers/STM32F1xx_HAL_Driver/Src/stm32f1xx_hal_adc_ex.c ****     /* Clear regular group conversion flag and overrun flag */
 753:Drivers/STM32F1xx_HAL_Driver/Src/stm32f1xx_hal_adc_ex.c ****     /* (To ensure of no unknown state from potential previous ADC operations) */
 754:Drivers/STM32F1xx_HAL_Driver/Src/stm32f1xx_hal_adc_ex.c ****     __HAL_ADC_CLEAR_FLAG(hadc, ADC_FLAG_EOC);
 755:Drivers/STM32F1xx_HAL_Driver/Src/stm32f1xx_hal_adc_ex.c ****     
 756:Drivers/STM32F1xx_HAL_Driver/Src/stm32f1xx_hal_adc_ex.c ****     /* Enable ADC DMA mode of ADC master */
 757:Drivers/STM32F1xx_HAL_Driver/Src/stm32f1xx_hal_adc_ex.c ****     SET_BIT(hadc->Instance->CR2, ADC_CR2_DMA);
 758:Drivers/STM32F1xx_HAL_Driver/Src/stm32f1xx_hal_adc_ex.c ****     
 759:Drivers/STM32F1xx_HAL_Driver/Src/stm32f1xx_hal_adc_ex.c ****     /* Start the DMA channel */
 760:Drivers/STM32F1xx_HAL_Driver/Src/stm32f1xx_hal_adc_ex.c ****     HAL_DMA_Start_IT(hadc->DMA_Handle, (uint32_t)&hadc->Instance->DR, (uint32_t)pData, Length);
 761:Drivers/STM32F1xx_HAL_Driver/Src/stm32f1xx_hal_adc_ex.c ****     
 762:Drivers/STM32F1xx_HAL_Driver/Src/stm32f1xx_hal_adc_ex.c ****     /* Start conversion of regular group if software start has been selected. */
 763:Drivers/STM32F1xx_HAL_Driver/Src/stm32f1xx_hal_adc_ex.c ****     /* If external trigger has been selected, conversion will start at next   */
 764:Drivers/STM32F1xx_HAL_Driver/Src/stm32f1xx_hal_adc_ex.c ****     /* trigger event.                                                         */
 765:Drivers/STM32F1xx_HAL_Driver/Src/stm32f1xx_hal_adc_ex.c ****     /* Note: Alternate trigger for single conversion could be to force an     */
 766:Drivers/STM32F1xx_HAL_Driver/Src/stm32f1xx_hal_adc_ex.c ****     /*       additional set of bit ADON "hadc->Instance->CR2 |= ADC_CR2_ADON;"*/
 767:Drivers/STM32F1xx_HAL_Driver/Src/stm32f1xx_hal_adc_ex.c ****     if (ADC_IS_SOFTWARE_START_REGULAR(hadc))
 768:Drivers/STM32F1xx_HAL_Driver/Src/stm32f1xx_hal_adc_ex.c ****     {
 769:Drivers/STM32F1xx_HAL_Driver/Src/stm32f1xx_hal_adc_ex.c ****       /* Start ADC conversion on regular group with SW start */
 770:Drivers/STM32F1xx_HAL_Driver/Src/stm32f1xx_hal_adc_ex.c ****       SET_BIT(hadc->Instance->CR2, (ADC_CR2_SWSTART | ADC_CR2_EXTTRIG));
 771:Drivers/STM32F1xx_HAL_Driver/Src/stm32f1xx_hal_adc_ex.c ****     }
 772:Drivers/STM32F1xx_HAL_Driver/Src/stm32f1xx_hal_adc_ex.c ****     else
 773:Drivers/STM32F1xx_HAL_Driver/Src/stm32f1xx_hal_adc_ex.c ****     {
 774:Drivers/STM32F1xx_HAL_Driver/Src/stm32f1xx_hal_adc_ex.c ****       /* Start ADC conversion on regular group with external trigger */
 775:Drivers/STM32F1xx_HAL_Driver/Src/stm32f1xx_hal_adc_ex.c ****       SET_BIT(hadc->Instance->CR2, ADC_CR2_EXTTRIG);
 776:Drivers/STM32F1xx_HAL_Driver/Src/stm32f1xx_hal_adc_ex.c ****     }
 777:Drivers/STM32F1xx_HAL_Driver/Src/stm32f1xx_hal_adc_ex.c ****   }
 778:Drivers/STM32F1xx_HAL_Driver/Src/stm32f1xx_hal_adc_ex.c ****   else
 779:Drivers/STM32F1xx_HAL_Driver/Src/stm32f1xx_hal_adc_ex.c ****   {
 780:Drivers/STM32F1xx_HAL_Driver/Src/stm32f1xx_hal_adc_ex.c ****     /* Process unlocked */
 781:Drivers/STM32F1xx_HAL_Driver/Src/stm32f1xx_hal_adc_ex.c ****     __HAL_UNLOCK(hadc);
 782:Drivers/STM32F1xx_HAL_Driver/Src/stm32f1xx_hal_adc_ex.c ****   }
 783:Drivers/STM32F1xx_HAL_Driver/Src/stm32f1xx_hal_adc_ex.c ****   
 784:Drivers/STM32F1xx_HAL_Driver/Src/stm32f1xx_hal_adc_ex.c ****   /* Return function status */
 785:Drivers/STM32F1xx_HAL_Driver/Src/stm32f1xx_hal_adc_ex.c ****   return tmp_hal_status;
 786:Drivers/STM32F1xx_HAL_Driver/Src/stm32f1xx_hal_adc_ex.c **** }
ARM GAS  /var/folders/y0/yl1wrqfd209ghqq3s8k8qc1m0000gn/T//ccTpawhR.s 			page 37


 1164              		.loc 1 786 1 view .LVU338
 1165 0044 2846     		mov	r0, r5
 1166 0046 0DB0     		add	sp, sp, #52
 1167              	.LCFI18:
 1168              		.cfi_remember_state
 1169              		.cfi_def_cfa_offset 20
 1170              		@ sp needed
 1171 0048 F0BD     		pop	{r4, r5, r6, r7, pc}
 1172              	.LVL64:
 1173              	.L111:
 1174              	.LCFI19:
 1175              		.cfi_restore_state
 707:Drivers/STM32F1xx_HAL_Driver/Src/stm32f1xx_hal_adc_ex.c ****   if (tmp_hal_status == HAL_OK)
 1176              		.loc 1 707 3 is_stmt 1 view .LVU339
 707:Drivers/STM32F1xx_HAL_Driver/Src/stm32f1xx_hal_adc_ex.c ****   if (tmp_hal_status == HAL_OK)
 1177              		.loc 1 707 20 is_stmt 0 view .LVU340
 1178 004a 2046     		mov	r0, r4
 1179 004c FFF7FEFF 		bl	ADC_Enable
 1180              	.LVL65:
 708:Drivers/STM32F1xx_HAL_Driver/Src/stm32f1xx_hal_adc_ex.c ****   {
 1181              		.loc 1 708 3 is_stmt 1 view .LVU341
 708:Drivers/STM32F1xx_HAL_Driver/Src/stm32f1xx_hal_adc_ex.c ****   {
 1182              		.loc 1 708 6 is_stmt 0 view .LVU342
 1183 0050 0546     		mov	r5, r0
 1184 0052 18B1     		cbz	r0, .L117
 1185              	.L112:
 1186              	.LVL66:
 781:Drivers/STM32F1xx_HAL_Driver/Src/stm32f1xx_hal_adc_ex.c ****   }
 1187              		.loc 1 781 5 is_stmt 1 view .LVU343
 781:Drivers/STM32F1xx_HAL_Driver/Src/stm32f1xx_hal_adc_ex.c ****   }
 1188              		.loc 1 781 5 view .LVU344
 1189 0054 0023     		movs	r3, #0
 1190 0056 84F82430 		strb	r3, [r4, #36]
 1191 005a F3E7     		b	.L110
 1192              	.LVL67:
 1193              	.L117:
 710:Drivers/STM32F1xx_HAL_Driver/Src/stm32f1xx_hal_adc_ex.c ****   }
 1194              		.loc 1 710 5 view .LVU345
 710:Drivers/STM32F1xx_HAL_Driver/Src/stm32f1xx_hal_adc_ex.c ****   }
 1195              		.loc 1 710 22 is_stmt 0 view .LVU346
 1196 005c 6846     		mov	r0, sp
 1197              	.LVL68:
 710:Drivers/STM32F1xx_HAL_Driver/Src/stm32f1xx_hal_adc_ex.c ****   }
 1198              		.loc 1 710 22 view .LVU347
 1199 005e FFF7FEFF 		bl	ADC_Enable
 1200              	.LVL69:
 714:Drivers/STM32F1xx_HAL_Driver/Src/stm32f1xx_hal_adc_ex.c ****   {
 1201              		.loc 1 714 3 is_stmt 1 view .LVU348
 714:Drivers/STM32F1xx_HAL_Driver/Src/stm32f1xx_hal_adc_ex.c ****   {
 1202              		.loc 1 714 6 is_stmt 0 view .LVU349
 1203 0062 0546     		mov	r5, r0
 1204 0064 0028     		cmp	r0, #0
 1205 0066 F5D1     		bne	.L112
 719:Drivers/STM32F1xx_HAL_Driver/Src/stm32f1xx_hal_adc_ex.c ****                       HAL_ADC_STATE_READY | HAL_ADC_STATE_REG_EOC | HAL_ADC_STATE_MULTIMODE_SLAVE,
 1206              		.loc 1 719 5 is_stmt 1 view .LVU350
 1207 0068 A26A     		ldr	r2, [r4, #40]
 1208 006a 214B     		ldr	r3, .L119+4
ARM GAS  /var/folders/y0/yl1wrqfd209ghqq3s8k8qc1m0000gn/T//ccTpawhR.s 			page 38


 1209 006c 1340     		ands	r3, r3, r2
 1210 006e 43F48073 		orr	r3, r3, #256
 1211 0072 A362     		str	r3, [r4, #40]
 725:Drivers/STM32F1xx_HAL_Driver/Src/stm32f1xx_hal_adc_ex.c ****     {
 1212              		.loc 1 725 5 view .LVU351
 725:Drivers/STM32F1xx_HAL_Driver/Src/stm32f1xx_hal_adc_ex.c ****     {
 1213              		.loc 1 725 9 is_stmt 0 view .LVU352
 1214 0074 2368     		ldr	r3, [r4]
 1215 0076 5B68     		ldr	r3, [r3, #4]
 725:Drivers/STM32F1xx_HAL_Driver/Src/stm32f1xx_hal_adc_ex.c ****     {
 1216              		.loc 1 725 8 view .LVU353
 1217 0078 13F4806F 		tst	r3, #1024
 1218 007c 05D0     		beq	.L113
 727:Drivers/STM32F1xx_HAL_Driver/Src/stm32f1xx_hal_adc_ex.c ****     }
 1219              		.loc 1 727 7 is_stmt 1 view .LVU354
 1220 007e A36A     		ldr	r3, [r4, #40]
 1221 0080 23F44053 		bic	r3, r3, #12288
 1222 0084 43F48053 		orr	r3, r3, #4096
 1223 0088 A362     		str	r3, [r4, #40]
 1224              	.L113:
 733:Drivers/STM32F1xx_HAL_Driver/Src/stm32f1xx_hal_adc_ex.c ****     
 1225              		.loc 1 733 5 view .LVU355
 733:Drivers/STM32F1xx_HAL_Driver/Src/stm32f1xx_hal_adc_ex.c ****     
 1226              		.loc 1 733 5 view .LVU356
 1227 008a 0023     		movs	r3, #0
 1228 008c 84F82430 		strb	r3, [r4, #36]
 733:Drivers/STM32F1xx_HAL_Driver/Src/stm32f1xx_hal_adc_ex.c ****     
 1229              		.loc 1 733 5 view .LVU357
 736:Drivers/STM32F1xx_HAL_Driver/Src/stm32f1xx_hal_adc_ex.c ****     
 1230              		.loc 1 736 5 view .LVU358
 1231 0090 E362     		str	r3, [r4, #44]
 740:Drivers/STM32F1xx_HAL_Driver/Src/stm32f1xx_hal_adc_ex.c ****        
 1232              		.loc 1 740 5 view .LVU359
 740:Drivers/STM32F1xx_HAL_Driver/Src/stm32f1xx_hal_adc_ex.c ****        
 1233              		.loc 1 740 9 is_stmt 0 view .LVU360
 1234 0092 236A     		ldr	r3, [r4, #32]
 740:Drivers/STM32F1xx_HAL_Driver/Src/stm32f1xx_hal_adc_ex.c ****        
 1235              		.loc 1 740 40 view .LVU361
 1236 0094 174A     		ldr	r2, .L119+8
 1237 0096 9A62     		str	r2, [r3, #40]
 743:Drivers/STM32F1xx_HAL_Driver/Src/stm32f1xx_hal_adc_ex.c ****     
 1238              		.loc 1 743 5 is_stmt 1 view .LVU362
 743:Drivers/STM32F1xx_HAL_Driver/Src/stm32f1xx_hal_adc_ex.c ****     
 1239              		.loc 1 743 9 is_stmt 0 view .LVU363
 1240 0098 236A     		ldr	r3, [r4, #32]
 743:Drivers/STM32F1xx_HAL_Driver/Src/stm32f1xx_hal_adc_ex.c ****     
 1241              		.loc 1 743 44 view .LVU364
 1242 009a 174A     		ldr	r2, .L119+12
 1243 009c DA62     		str	r2, [r3, #44]
 746:Drivers/STM32F1xx_HAL_Driver/Src/stm32f1xx_hal_adc_ex.c **** 
 1244              		.loc 1 746 5 is_stmt 1 view .LVU365
 746:Drivers/STM32F1xx_HAL_Driver/Src/stm32f1xx_hal_adc_ex.c **** 
 1245              		.loc 1 746 9 is_stmt 0 view .LVU366
 1246 009e 236A     		ldr	r3, [r4, #32]
 746:Drivers/STM32F1xx_HAL_Driver/Src/stm32f1xx_hal_adc_ex.c **** 
 1247              		.loc 1 746 41 view .LVU367
 1248 00a0 164A     		ldr	r2, .L119+16
ARM GAS  /var/folders/y0/yl1wrqfd209ghqq3s8k8qc1m0000gn/T//ccTpawhR.s 			page 39


 1249 00a2 1A63     		str	r2, [r3, #48]
 754:Drivers/STM32F1xx_HAL_Driver/Src/stm32f1xx_hal_adc_ex.c ****     
 1250              		.loc 1 754 5 is_stmt 1 view .LVU368
 1251 00a4 2368     		ldr	r3, [r4]
 1252 00a6 6FF00202 		mvn	r2, #2
 1253 00aa 1A60     		str	r2, [r3]
 757:Drivers/STM32F1xx_HAL_Driver/Src/stm32f1xx_hal_adc_ex.c ****     
 1254              		.loc 1 757 5 view .LVU369
 1255 00ac 2268     		ldr	r2, [r4]
 1256 00ae 9368     		ldr	r3, [r2, #8]
 1257 00b0 43F48073 		orr	r3, r3, #256
 1258 00b4 9360     		str	r3, [r2, #8]
 760:Drivers/STM32F1xx_HAL_Driver/Src/stm32f1xx_hal_adc_ex.c ****     
 1259              		.loc 1 760 5 view .LVU370
 760:Drivers/STM32F1xx_HAL_Driver/Src/stm32f1xx_hal_adc_ex.c ****     
 1260              		.loc 1 760 55 is_stmt 0 view .LVU371
 1261 00b6 2168     		ldr	r1, [r4]
 760:Drivers/STM32F1xx_HAL_Driver/Src/stm32f1xx_hal_adc_ex.c ****     
 1262              		.loc 1 760 5 view .LVU372
 1263 00b8 3B46     		mov	r3, r7
 1264 00ba 3246     		mov	r2, r6
 1265 00bc 4C31     		adds	r1, r1, #76
 1266 00be 206A     		ldr	r0, [r4, #32]
 1267              	.LVL70:
 760:Drivers/STM32F1xx_HAL_Driver/Src/stm32f1xx_hal_adc_ex.c ****     
 1268              		.loc 1 760 5 view .LVU373
 1269 00c0 FFF7FEFF 		bl	HAL_DMA_Start_IT
 1270              	.LVL71:
 767:Drivers/STM32F1xx_HAL_Driver/Src/stm32f1xx_hal_adc_ex.c ****     {
 1271              		.loc 1 767 5 is_stmt 1 view .LVU374
 767:Drivers/STM32F1xx_HAL_Driver/Src/stm32f1xx_hal_adc_ex.c ****     {
 1272              		.loc 1 767 9 is_stmt 0 view .LVU375
 1273 00c4 2368     		ldr	r3, [r4]
 1274 00c6 9A68     		ldr	r2, [r3, #8]
 1275 00c8 02F46022 		and	r2, r2, #917504
 767:Drivers/STM32F1xx_HAL_Driver/Src/stm32f1xx_hal_adc_ex.c ****     {
 1276              		.loc 1 767 8 view .LVU376
 1277 00cc B2F5602F 		cmp	r2, #917504
 1278 00d0 04D0     		beq	.L118
 775:Drivers/STM32F1xx_HAL_Driver/Src/stm32f1xx_hal_adc_ex.c ****     }
 1279              		.loc 1 775 7 is_stmt 1 view .LVU377
 1280 00d2 9A68     		ldr	r2, [r3, #8]
 1281 00d4 42F48012 		orr	r2, r2, #1048576
 1282 00d8 9A60     		str	r2, [r3, #8]
 1283 00da B3E7     		b	.L110
 1284              	.L118:
 770:Drivers/STM32F1xx_HAL_Driver/Src/stm32f1xx_hal_adc_ex.c ****     }
 1285              		.loc 1 770 7 view .LVU378
 1286 00dc 9A68     		ldr	r2, [r3, #8]
 1287 00de 42F4A002 		orr	r2, r2, #5242880
 1288 00e2 9A60     		str	r2, [r3, #8]
 1289 00e4 AEE7     		b	.L110
 1290              	.LVL72:
 1291              	.L115:
 685:Drivers/STM32F1xx_HAL_Driver/Src/stm32f1xx_hal_adc_ex.c **** 
 1292              		.loc 1 685 3 is_stmt 0 discriminator 1 view .LVU379
 1293 00e6 0223     		movs	r3, #2
ARM GAS  /var/folders/y0/yl1wrqfd209ghqq3s8k8qc1m0000gn/T//ccTpawhR.s 			page 40


 1294 00e8 1D46     		mov	r5, r3
 1295 00ea ABE7     		b	.L110
 1296              	.L120:
 1297              		.align	2
 1298              	.L119:
 1299 00ec 00280140 		.word	1073817600
 1300 00f0 FEFCEFFF 		.word	-1049346
 1301 00f4 00000000 		.word	ADC_DMAConvCplt
 1302 00f8 00000000 		.word	ADC_DMAHalfConvCplt
 1303 00fc 00000000 		.word	ADC_DMAError
 1304              		.cfi_endproc
 1305              	.LFE71:
 1307              		.section	.text.HAL_ADCEx_MultiModeStop_DMA,"ax",%progbits
 1308              		.align	1
 1309              		.global	HAL_ADCEx_MultiModeStop_DMA
 1310              		.syntax unified
 1311              		.thumb
 1312              		.thumb_func
 1314              	HAL_ADCEx_MultiModeStop_DMA:
 1315              	.LVL73:
 1316              	.LFB72:
 787:Drivers/STM32F1xx_HAL_Driver/Src/stm32f1xx_hal_adc_ex.c **** 
 788:Drivers/STM32F1xx_HAL_Driver/Src/stm32f1xx_hal_adc_ex.c **** /**
 789:Drivers/STM32F1xx_HAL_Driver/Src/stm32f1xx_hal_adc_ex.c ****   * @brief  Stop ADC conversion of regular group (and injected channels in 
 790:Drivers/STM32F1xx_HAL_Driver/Src/stm32f1xx_hal_adc_ex.c ****   *         case of auto_injection mode), disable ADC DMA transfer, disable 
 791:Drivers/STM32F1xx_HAL_Driver/Src/stm32f1xx_hal_adc_ex.c ****   *         ADC peripheral.
 792:Drivers/STM32F1xx_HAL_Driver/Src/stm32f1xx_hal_adc_ex.c ****   * @note   Multimode is kept enabled after this function. To disable multimode 
 793:Drivers/STM32F1xx_HAL_Driver/Src/stm32f1xx_hal_adc_ex.c ****   *         (set with HAL_ADCEx_MultiModeConfigChannel(), ADC must be 
 794:Drivers/STM32F1xx_HAL_Driver/Src/stm32f1xx_hal_adc_ex.c ****   *         reinitialized using HAL_ADC_Init() or HAL_ADC_ReInit().
 795:Drivers/STM32F1xx_HAL_Driver/Src/stm32f1xx_hal_adc_ex.c ****   * @note   In case of DMA configured in circular mode, function 
 796:Drivers/STM32F1xx_HAL_Driver/Src/stm32f1xx_hal_adc_ex.c ****   *         HAL_ADC_Stop_DMA must be called after this function with handle of
 797:Drivers/STM32F1xx_HAL_Driver/Src/stm32f1xx_hal_adc_ex.c ****   *         ADC slave, to properly disable the DMA channel.
 798:Drivers/STM32F1xx_HAL_Driver/Src/stm32f1xx_hal_adc_ex.c ****   * @param  hadc: ADC handle of ADC master (handle of ADC slave must not be used)
 799:Drivers/STM32F1xx_HAL_Driver/Src/stm32f1xx_hal_adc_ex.c ****   * @retval None
 800:Drivers/STM32F1xx_HAL_Driver/Src/stm32f1xx_hal_adc_ex.c ****   */
 801:Drivers/STM32F1xx_HAL_Driver/Src/stm32f1xx_hal_adc_ex.c **** HAL_StatusTypeDef HAL_ADCEx_MultiModeStop_DMA(ADC_HandleTypeDef* hadc)
 802:Drivers/STM32F1xx_HAL_Driver/Src/stm32f1xx_hal_adc_ex.c **** {
 1317              		.loc 1 802 1 is_stmt 1 view -0
 1318              		.cfi_startproc
 1319              		@ args = 0, pretend = 0, frame = 48
 1320              		@ frame_needed = 0, uses_anonymous_args = 0
 1321              		.loc 1 802 1 is_stmt 0 view .LVU381
 1322 0000 10B5     		push	{r4, lr}
 1323              	.LCFI20:
 1324              		.cfi_def_cfa_offset 8
 1325              		.cfi_offset 4, -8
 1326              		.cfi_offset 14, -4
 1327 0002 8CB0     		sub	sp, sp, #48
 1328              	.LCFI21:
 1329              		.cfi_def_cfa_offset 56
 1330 0004 0446     		mov	r4, r0
 803:Drivers/STM32F1xx_HAL_Driver/Src/stm32f1xx_hal_adc_ex.c ****   HAL_StatusTypeDef tmp_hal_status = HAL_OK;
 1331              		.loc 1 803 3 is_stmt 1 view .LVU382
 1332              	.LVL74:
 804:Drivers/STM32F1xx_HAL_Driver/Src/stm32f1xx_hal_adc_ex.c ****   ADC_HandleTypeDef tmphadcSlave={0};
 1333              		.loc 1 804 3 view .LVU383
 1334              		.loc 1 804 21 is_stmt 0 view .LVU384
ARM GAS  /var/folders/y0/yl1wrqfd209ghqq3s8k8qc1m0000gn/T//ccTpawhR.s 			page 41


 1335 0006 3022     		movs	r2, #48
 1336 0008 0021     		movs	r1, #0
 1337 000a 6846     		mov	r0, sp
 1338              	.LVL75:
 1339              		.loc 1 804 21 view .LVU385
 1340 000c FFF7FEFF 		bl	memset
 1341              	.LVL76:
 805:Drivers/STM32F1xx_HAL_Driver/Src/stm32f1xx_hal_adc_ex.c ****   
 806:Drivers/STM32F1xx_HAL_Driver/Src/stm32f1xx_hal_adc_ex.c ****   /* Check the parameters */
 807:Drivers/STM32F1xx_HAL_Driver/Src/stm32f1xx_hal_adc_ex.c ****   assert_param(IS_ADC_MULTIMODE_MASTER_INSTANCE(hadc->Instance));
 1342              		.loc 1 807 3 is_stmt 1 view .LVU386
 808:Drivers/STM32F1xx_HAL_Driver/Src/stm32f1xx_hal_adc_ex.c ****   
 809:Drivers/STM32F1xx_HAL_Driver/Src/stm32f1xx_hal_adc_ex.c ****   /* Process locked */
 810:Drivers/STM32F1xx_HAL_Driver/Src/stm32f1xx_hal_adc_ex.c ****   __HAL_LOCK(hadc);
 1343              		.loc 1 810 3 view .LVU387
 1344              		.loc 1 810 3 view .LVU388
 1345 0010 94F82430 		ldrb	r3, [r4, #36]	@ zero_extendqisi2
 1346 0014 012B     		cmp	r3, #1
 1347 0016 30D0     		beq	.L125
 1348              		.loc 1 810 3 discriminator 2 view .LVU389
 1349 0018 0123     		movs	r3, #1
 1350 001a 84F82430 		strb	r3, [r4, #36]
 1351              		.loc 1 810 3 view .LVU390
 811:Drivers/STM32F1xx_HAL_Driver/Src/stm32f1xx_hal_adc_ex.c **** 
 812:Drivers/STM32F1xx_HAL_Driver/Src/stm32f1xx_hal_adc_ex.c ****   /* Stop potential conversion on going, on regular and injected groups */
 813:Drivers/STM32F1xx_HAL_Driver/Src/stm32f1xx_hal_adc_ex.c ****   /* Disable ADC master peripheral */
 814:Drivers/STM32F1xx_HAL_Driver/Src/stm32f1xx_hal_adc_ex.c ****   tmp_hal_status = ADC_ConversionStop_Disable(hadc);
 1352              		.loc 1 814 3 view .LVU391
 1353              		.loc 1 814 20 is_stmt 0 view .LVU392
 1354 001e 2046     		mov	r0, r4
 1355 0020 FFF7FEFF 		bl	ADC_ConversionStop_Disable
 1356              	.LVL77:
 815:Drivers/STM32F1xx_HAL_Driver/Src/stm32f1xx_hal_adc_ex.c ****   
 816:Drivers/STM32F1xx_HAL_Driver/Src/stm32f1xx_hal_adc_ex.c ****   /* Check if ADC is effectively disabled */
 817:Drivers/STM32F1xx_HAL_Driver/Src/stm32f1xx_hal_adc_ex.c ****   if(tmp_hal_status == HAL_OK)
 1357              		.loc 1 817 3 is_stmt 1 view .LVU393
 1358              		.loc 1 817 5 is_stmt 0 view .LVU394
 1359 0024 20B1     		cbz	r0, .L127
 1360              	.L123:
 818:Drivers/STM32F1xx_HAL_Driver/Src/stm32f1xx_hal_adc_ex.c ****   {
 819:Drivers/STM32F1xx_HAL_Driver/Src/stm32f1xx_hal_adc_ex.c ****     /* Set a temporary handle of the ADC slave associated to the ADC master   */
 820:Drivers/STM32F1xx_HAL_Driver/Src/stm32f1xx_hal_adc_ex.c ****     ADC_MULTI_SLAVE(hadc, &tmphadcSlave);
 821:Drivers/STM32F1xx_HAL_Driver/Src/stm32f1xx_hal_adc_ex.c **** 
 822:Drivers/STM32F1xx_HAL_Driver/Src/stm32f1xx_hal_adc_ex.c ****     /* Disable ADC slave peripheral */
 823:Drivers/STM32F1xx_HAL_Driver/Src/stm32f1xx_hal_adc_ex.c ****     tmp_hal_status = ADC_ConversionStop_Disable(&tmphadcSlave);
 824:Drivers/STM32F1xx_HAL_Driver/Src/stm32f1xx_hal_adc_ex.c **** 
 825:Drivers/STM32F1xx_HAL_Driver/Src/stm32f1xx_hal_adc_ex.c ****     /* Check if ADC is effectively disabled */
 826:Drivers/STM32F1xx_HAL_Driver/Src/stm32f1xx_hal_adc_ex.c ****     if(tmp_hal_status != HAL_OK)
 827:Drivers/STM32F1xx_HAL_Driver/Src/stm32f1xx_hal_adc_ex.c ****     {
 828:Drivers/STM32F1xx_HAL_Driver/Src/stm32f1xx_hal_adc_ex.c ****       /* Update ADC state machine to error */
 829:Drivers/STM32F1xx_HAL_Driver/Src/stm32f1xx_hal_adc_ex.c ****       SET_BIT(hadc->State, HAL_ADC_STATE_ERROR_INTERNAL);
 830:Drivers/STM32F1xx_HAL_Driver/Src/stm32f1xx_hal_adc_ex.c **** 
 831:Drivers/STM32F1xx_HAL_Driver/Src/stm32f1xx_hal_adc_ex.c ****       /* Process unlocked */
 832:Drivers/STM32F1xx_HAL_Driver/Src/stm32f1xx_hal_adc_ex.c ****       __HAL_UNLOCK(hadc);
 833:Drivers/STM32F1xx_HAL_Driver/Src/stm32f1xx_hal_adc_ex.c **** 
 834:Drivers/STM32F1xx_HAL_Driver/Src/stm32f1xx_hal_adc_ex.c ****       return HAL_ERROR;
 835:Drivers/STM32F1xx_HAL_Driver/Src/stm32f1xx_hal_adc_ex.c ****     }
ARM GAS  /var/folders/y0/yl1wrqfd209ghqq3s8k8qc1m0000gn/T//ccTpawhR.s 			page 42


 836:Drivers/STM32F1xx_HAL_Driver/Src/stm32f1xx_hal_adc_ex.c **** 
 837:Drivers/STM32F1xx_HAL_Driver/Src/stm32f1xx_hal_adc_ex.c ****     /* Disable ADC DMA mode */
 838:Drivers/STM32F1xx_HAL_Driver/Src/stm32f1xx_hal_adc_ex.c ****     CLEAR_BIT(hadc->Instance->CR2, ADC_CR2_DMA);
 839:Drivers/STM32F1xx_HAL_Driver/Src/stm32f1xx_hal_adc_ex.c ****     
 840:Drivers/STM32F1xx_HAL_Driver/Src/stm32f1xx_hal_adc_ex.c ****     /* Reset configuration of ADC DMA continuous request for dual mode */
 841:Drivers/STM32F1xx_HAL_Driver/Src/stm32f1xx_hal_adc_ex.c ****     CLEAR_BIT(hadc->Instance->CR1, ADC_CR1_DUALMOD);
 842:Drivers/STM32F1xx_HAL_Driver/Src/stm32f1xx_hal_adc_ex.c ****         
 843:Drivers/STM32F1xx_HAL_Driver/Src/stm32f1xx_hal_adc_ex.c ****     /* Disable the DMA channel (in case of DMA in circular mode or stop while */
 844:Drivers/STM32F1xx_HAL_Driver/Src/stm32f1xx_hal_adc_ex.c ****     /* while DMA transfer is on going)                                        */
 845:Drivers/STM32F1xx_HAL_Driver/Src/stm32f1xx_hal_adc_ex.c ****     tmp_hal_status = HAL_DMA_Abort(hadc->DMA_Handle);
 846:Drivers/STM32F1xx_HAL_Driver/Src/stm32f1xx_hal_adc_ex.c **** 
 847:Drivers/STM32F1xx_HAL_Driver/Src/stm32f1xx_hal_adc_ex.c ****     /* Change ADC state (ADC master) */
 848:Drivers/STM32F1xx_HAL_Driver/Src/stm32f1xx_hal_adc_ex.c ****     ADC_STATE_CLR_SET(hadc->State,
 849:Drivers/STM32F1xx_HAL_Driver/Src/stm32f1xx_hal_adc_ex.c ****                       HAL_ADC_STATE_REG_BUSY | HAL_ADC_STATE_INJ_BUSY,
 850:Drivers/STM32F1xx_HAL_Driver/Src/stm32f1xx_hal_adc_ex.c ****                       HAL_ADC_STATE_READY);
 851:Drivers/STM32F1xx_HAL_Driver/Src/stm32f1xx_hal_adc_ex.c ****   }
 852:Drivers/STM32F1xx_HAL_Driver/Src/stm32f1xx_hal_adc_ex.c ****   
 853:Drivers/STM32F1xx_HAL_Driver/Src/stm32f1xx_hal_adc_ex.c ****   /* Process unlocked */
 854:Drivers/STM32F1xx_HAL_Driver/Src/stm32f1xx_hal_adc_ex.c ****   __HAL_UNLOCK(hadc);
 1361              		.loc 1 854 3 is_stmt 1 view .LVU395
 1362              		.loc 1 854 3 view .LVU396
 1363 0026 0023     		movs	r3, #0
 1364 0028 84F82430 		strb	r3, [r4, #36]
 1365              		.loc 1 854 3 view .LVU397
 855:Drivers/STM32F1xx_HAL_Driver/Src/stm32f1xx_hal_adc_ex.c ****   
 856:Drivers/STM32F1xx_HAL_Driver/Src/stm32f1xx_hal_adc_ex.c ****   /* Return function status */
 857:Drivers/STM32F1xx_HAL_Driver/Src/stm32f1xx_hal_adc_ex.c ****   return tmp_hal_status;
 1366              		.loc 1 857 3 view .LVU398
 1367              	.LVL78:
 1368              	.L122:
 858:Drivers/STM32F1xx_HAL_Driver/Src/stm32f1xx_hal_adc_ex.c **** }
 1369              		.loc 1 858 1 is_stmt 0 view .LVU399
 1370 002c 0CB0     		add	sp, sp, #48
 1371              	.LCFI22:
 1372              		.cfi_remember_state
 1373              		.cfi_def_cfa_offset 8
 1374              		@ sp needed
 1375 002e 10BD     		pop	{r4, pc}
 1376              	.LVL79:
 1377              	.L127:
 1378              	.LCFI23:
 1379              		.cfi_restore_state
 820:Drivers/STM32F1xx_HAL_Driver/Src/stm32f1xx_hal_adc_ex.c **** 
 1380              		.loc 1 820 5 is_stmt 1 view .LVU400
 1381 0030 134B     		ldr	r3, .L128
 1382 0032 0093     		str	r3, [sp]
 823:Drivers/STM32F1xx_HAL_Driver/Src/stm32f1xx_hal_adc_ex.c **** 
 1383              		.loc 1 823 5 view .LVU401
 823:Drivers/STM32F1xx_HAL_Driver/Src/stm32f1xx_hal_adc_ex.c **** 
 1384              		.loc 1 823 22 is_stmt 0 view .LVU402
 1385 0034 6846     		mov	r0, sp
 1386              	.LVL80:
 823:Drivers/STM32F1xx_HAL_Driver/Src/stm32f1xx_hal_adc_ex.c **** 
 1387              		.loc 1 823 22 view .LVU403
 1388 0036 FFF7FEFF 		bl	ADC_ConversionStop_Disable
 1389              	.LVL81:
 826:Drivers/STM32F1xx_HAL_Driver/Src/stm32f1xx_hal_adc_ex.c ****     {
ARM GAS  /var/folders/y0/yl1wrqfd209ghqq3s8k8qc1m0000gn/T//ccTpawhR.s 			page 43


 1390              		.loc 1 826 5 is_stmt 1 view .LVU404
 826:Drivers/STM32F1xx_HAL_Driver/Src/stm32f1xx_hal_adc_ex.c ****     {
 1391              		.loc 1 826 7 is_stmt 0 view .LVU405
 1392 003a 40B1     		cbz	r0, .L124
 829:Drivers/STM32F1xx_HAL_Driver/Src/stm32f1xx_hal_adc_ex.c **** 
 1393              		.loc 1 829 7 is_stmt 1 view .LVU406
 1394 003c A36A     		ldr	r3, [r4, #40]
 1395 003e 43F01003 		orr	r3, r3, #16
 1396 0042 A362     		str	r3, [r4, #40]
 832:Drivers/STM32F1xx_HAL_Driver/Src/stm32f1xx_hal_adc_ex.c **** 
 1397              		.loc 1 832 7 view .LVU407
 832:Drivers/STM32F1xx_HAL_Driver/Src/stm32f1xx_hal_adc_ex.c **** 
 1398              		.loc 1 832 7 view .LVU408
 1399 0044 0023     		movs	r3, #0
 1400 0046 84F82430 		strb	r3, [r4, #36]
 832:Drivers/STM32F1xx_HAL_Driver/Src/stm32f1xx_hal_adc_ex.c **** 
 1401              		.loc 1 832 7 view .LVU409
 834:Drivers/STM32F1xx_HAL_Driver/Src/stm32f1xx_hal_adc_ex.c ****     }
 1402              		.loc 1 834 7 view .LVU410
 834:Drivers/STM32F1xx_HAL_Driver/Src/stm32f1xx_hal_adc_ex.c ****     }
 1403              		.loc 1 834 14 is_stmt 0 view .LVU411
 1404 004a 0120     		movs	r0, #1
 1405              	.LVL82:
 834:Drivers/STM32F1xx_HAL_Driver/Src/stm32f1xx_hal_adc_ex.c ****     }
 1406              		.loc 1 834 14 view .LVU412
 1407 004c EEE7     		b	.L122
 1408              	.LVL83:
 1409              	.L124:
 838:Drivers/STM32F1xx_HAL_Driver/Src/stm32f1xx_hal_adc_ex.c ****     
 1410              		.loc 1 838 5 is_stmt 1 view .LVU413
 1411 004e 2268     		ldr	r2, [r4]
 1412 0050 9368     		ldr	r3, [r2, #8]
 1413 0052 23F48073 		bic	r3, r3, #256
 1414 0056 9360     		str	r3, [r2, #8]
 841:Drivers/STM32F1xx_HAL_Driver/Src/stm32f1xx_hal_adc_ex.c ****         
 1415              		.loc 1 841 5 view .LVU414
 1416 0058 2268     		ldr	r2, [r4]
 1417 005a 5368     		ldr	r3, [r2, #4]
 1418 005c 23F47023 		bic	r3, r3, #983040
 1419 0060 5360     		str	r3, [r2, #4]
 845:Drivers/STM32F1xx_HAL_Driver/Src/stm32f1xx_hal_adc_ex.c **** 
 1420              		.loc 1 845 5 view .LVU415
 845:Drivers/STM32F1xx_HAL_Driver/Src/stm32f1xx_hal_adc_ex.c **** 
 1421              		.loc 1 845 22 is_stmt 0 view .LVU416
 1422 0062 206A     		ldr	r0, [r4, #32]
 1423              	.LVL84:
 845:Drivers/STM32F1xx_HAL_Driver/Src/stm32f1xx_hal_adc_ex.c **** 
 1424              		.loc 1 845 22 view .LVU417
 1425 0064 FFF7FEFF 		bl	HAL_DMA_Abort
 1426              	.LVL85:
 848:Drivers/STM32F1xx_HAL_Driver/Src/stm32f1xx_hal_adc_ex.c ****                       HAL_ADC_STATE_REG_BUSY | HAL_ADC_STATE_INJ_BUSY,
 1427              		.loc 1 848 5 is_stmt 1 view .LVU418
 1428 0068 A36A     		ldr	r3, [r4, #40]
 1429 006a 23F48853 		bic	r3, r3, #4352
 1430 006e 23F00103 		bic	r3, r3, #1
 1431 0072 43F00103 		orr	r3, r3, #1
 1432 0076 A362     		str	r3, [r4, #40]
ARM GAS  /var/folders/y0/yl1wrqfd209ghqq3s8k8qc1m0000gn/T//ccTpawhR.s 			page 44


 1433 0078 D5E7     		b	.L123
 1434              	.LVL86:
 1435              	.L125:
 810:Drivers/STM32F1xx_HAL_Driver/Src/stm32f1xx_hal_adc_ex.c **** 
 1436              		.loc 1 810 3 is_stmt 0 discriminator 1 view .LVU419
 1437 007a 0220     		movs	r0, #2
 1438 007c D6E7     		b	.L122
 1439              	.L129:
 1440 007e 00BF     		.align	2
 1441              	.L128:
 1442 0080 00280140 		.word	1073817600
 1443              		.cfi_endproc
 1444              	.LFE72:
 1446              		.section	.text.HAL_ADCEx_InjectedGetValue,"ax",%progbits
 1447              		.align	1
 1448              		.global	HAL_ADCEx_InjectedGetValue
 1449              		.syntax unified
 1450              		.thumb
 1451              		.thumb_func
 1453              	HAL_ADCEx_InjectedGetValue:
 1454              	.LVL87:
 1455              	.LFB73:
 859:Drivers/STM32F1xx_HAL_Driver/Src/stm32f1xx_hal_adc_ex.c **** #endif /* defined STM32F103x6 || defined STM32F103xB || defined STM32F105xC || defined STM32F107xC 
 860:Drivers/STM32F1xx_HAL_Driver/Src/stm32f1xx_hal_adc_ex.c **** 
 861:Drivers/STM32F1xx_HAL_Driver/Src/stm32f1xx_hal_adc_ex.c **** /**
 862:Drivers/STM32F1xx_HAL_Driver/Src/stm32f1xx_hal_adc_ex.c ****   * @brief  Get ADC injected group conversion result.
 863:Drivers/STM32F1xx_HAL_Driver/Src/stm32f1xx_hal_adc_ex.c ****   * @note   Reading register JDRx automatically clears ADC flag JEOC
 864:Drivers/STM32F1xx_HAL_Driver/Src/stm32f1xx_hal_adc_ex.c ****   *         (ADC group injected end of unitary conversion).
 865:Drivers/STM32F1xx_HAL_Driver/Src/stm32f1xx_hal_adc_ex.c ****   * @note   This function does not clear ADC flag JEOS 
 866:Drivers/STM32F1xx_HAL_Driver/Src/stm32f1xx_hal_adc_ex.c ****   *         (ADC group injected end of sequence conversion)
 867:Drivers/STM32F1xx_HAL_Driver/Src/stm32f1xx_hal_adc_ex.c ****   *         Occurrence of flag JEOS rising:
 868:Drivers/STM32F1xx_HAL_Driver/Src/stm32f1xx_hal_adc_ex.c ****   *          - If sequencer is composed of 1 rank, flag JEOS is equivalent
 869:Drivers/STM32F1xx_HAL_Driver/Src/stm32f1xx_hal_adc_ex.c ****   *            to flag JEOC.
 870:Drivers/STM32F1xx_HAL_Driver/Src/stm32f1xx_hal_adc_ex.c ****   *          - If sequencer is composed of several ranks, during the scan
 871:Drivers/STM32F1xx_HAL_Driver/Src/stm32f1xx_hal_adc_ex.c ****   *            sequence flag JEOC only is raised, at the end of the scan sequence
 872:Drivers/STM32F1xx_HAL_Driver/Src/stm32f1xx_hal_adc_ex.c ****   *            both flags JEOC and EOS are raised.
 873:Drivers/STM32F1xx_HAL_Driver/Src/stm32f1xx_hal_adc_ex.c ****   *         Flag JEOS must not be cleared by this function because
 874:Drivers/STM32F1xx_HAL_Driver/Src/stm32f1xx_hal_adc_ex.c ****   *         it would not be compliant with low power features
 875:Drivers/STM32F1xx_HAL_Driver/Src/stm32f1xx_hal_adc_ex.c ****   *         (feature low power auto-wait, not available on all STM32 families).
 876:Drivers/STM32F1xx_HAL_Driver/Src/stm32f1xx_hal_adc_ex.c ****   *         To clear this flag, either use function: 
 877:Drivers/STM32F1xx_HAL_Driver/Src/stm32f1xx_hal_adc_ex.c ****   *         in programming model IT: @ref HAL_ADC_IRQHandler(), in programming
 878:Drivers/STM32F1xx_HAL_Driver/Src/stm32f1xx_hal_adc_ex.c ****   *         model polling: @ref HAL_ADCEx_InjectedPollForConversion() 
 879:Drivers/STM32F1xx_HAL_Driver/Src/stm32f1xx_hal_adc_ex.c ****   *         or @ref __HAL_ADC_CLEAR_FLAG(&hadc, ADC_FLAG_JEOS).
 880:Drivers/STM32F1xx_HAL_Driver/Src/stm32f1xx_hal_adc_ex.c ****   * @param  hadc: ADC handle
 881:Drivers/STM32F1xx_HAL_Driver/Src/stm32f1xx_hal_adc_ex.c ****   * @param  InjectedRank: the converted ADC injected rank.
 882:Drivers/STM32F1xx_HAL_Driver/Src/stm32f1xx_hal_adc_ex.c ****   *          This parameter can be one of the following values:
 883:Drivers/STM32F1xx_HAL_Driver/Src/stm32f1xx_hal_adc_ex.c ****   *            @arg ADC_INJECTED_RANK_1: Injected Channel1 selected
 884:Drivers/STM32F1xx_HAL_Driver/Src/stm32f1xx_hal_adc_ex.c ****   *            @arg ADC_INJECTED_RANK_2: Injected Channel2 selected
 885:Drivers/STM32F1xx_HAL_Driver/Src/stm32f1xx_hal_adc_ex.c ****   *            @arg ADC_INJECTED_RANK_3: Injected Channel3 selected
 886:Drivers/STM32F1xx_HAL_Driver/Src/stm32f1xx_hal_adc_ex.c ****   *            @arg ADC_INJECTED_RANK_4: Injected Channel4 selected
 887:Drivers/STM32F1xx_HAL_Driver/Src/stm32f1xx_hal_adc_ex.c ****   * @retval ADC group injected conversion data
 888:Drivers/STM32F1xx_HAL_Driver/Src/stm32f1xx_hal_adc_ex.c ****   */
 889:Drivers/STM32F1xx_HAL_Driver/Src/stm32f1xx_hal_adc_ex.c **** uint32_t HAL_ADCEx_InjectedGetValue(ADC_HandleTypeDef* hadc, uint32_t InjectedRank)
 890:Drivers/STM32F1xx_HAL_Driver/Src/stm32f1xx_hal_adc_ex.c **** {
 1456              		.loc 1 890 1 is_stmt 1 view -0
 1457              		.cfi_startproc
 1458              		@ args = 0, pretend = 0, frame = 0
ARM GAS  /var/folders/y0/yl1wrqfd209ghqq3s8k8qc1m0000gn/T//ccTpawhR.s 			page 45


 1459              		@ frame_needed = 0, uses_anonymous_args = 0
 1460              		@ link register save eliminated.
 891:Drivers/STM32F1xx_HAL_Driver/Src/stm32f1xx_hal_adc_ex.c ****   uint32_t tmp_jdr = 0U;
 1461              		.loc 1 891 3 view .LVU421
 892:Drivers/STM32F1xx_HAL_Driver/Src/stm32f1xx_hal_adc_ex.c ****   
 893:Drivers/STM32F1xx_HAL_Driver/Src/stm32f1xx_hal_adc_ex.c ****   /* Check the parameters */
 894:Drivers/STM32F1xx_HAL_Driver/Src/stm32f1xx_hal_adc_ex.c ****   assert_param(IS_ADC_ALL_INSTANCE(hadc->Instance));
 1462              		.loc 1 894 3 view .LVU422
 895:Drivers/STM32F1xx_HAL_Driver/Src/stm32f1xx_hal_adc_ex.c ****   assert_param(IS_ADC_INJECTED_RANK(InjectedRank));
 1463              		.loc 1 895 3 view .LVU423
 896:Drivers/STM32F1xx_HAL_Driver/Src/stm32f1xx_hal_adc_ex.c ****   
 897:Drivers/STM32F1xx_HAL_Driver/Src/stm32f1xx_hal_adc_ex.c ****   /* Get ADC converted value */ 
 898:Drivers/STM32F1xx_HAL_Driver/Src/stm32f1xx_hal_adc_ex.c ****   switch(InjectedRank)
 1464              		.loc 1 898 3 view .LVU424
 1465 0000 0329     		cmp	r1, #3
 1466 0002 09D0     		beq	.L131
 1467 0004 0429     		cmp	r1, #4
 1468 0006 04D0     		beq	.L132
 1469 0008 0229     		cmp	r1, #2
 1470 000a 08D0     		beq	.L133
 899:Drivers/STM32F1xx_HAL_Driver/Src/stm32f1xx_hal_adc_ex.c ****   {  
 900:Drivers/STM32F1xx_HAL_Driver/Src/stm32f1xx_hal_adc_ex.c ****     case ADC_INJECTED_RANK_4: 
 901:Drivers/STM32F1xx_HAL_Driver/Src/stm32f1xx_hal_adc_ex.c ****       tmp_jdr = hadc->Instance->JDR4;
 902:Drivers/STM32F1xx_HAL_Driver/Src/stm32f1xx_hal_adc_ex.c ****       break;
 903:Drivers/STM32F1xx_HAL_Driver/Src/stm32f1xx_hal_adc_ex.c ****     case ADC_INJECTED_RANK_3: 
 904:Drivers/STM32F1xx_HAL_Driver/Src/stm32f1xx_hal_adc_ex.c ****       tmp_jdr = hadc->Instance->JDR3;
 905:Drivers/STM32F1xx_HAL_Driver/Src/stm32f1xx_hal_adc_ex.c ****       break;
 906:Drivers/STM32F1xx_HAL_Driver/Src/stm32f1xx_hal_adc_ex.c ****     case ADC_INJECTED_RANK_2: 
 907:Drivers/STM32F1xx_HAL_Driver/Src/stm32f1xx_hal_adc_ex.c ****       tmp_jdr = hadc->Instance->JDR2;
 908:Drivers/STM32F1xx_HAL_Driver/Src/stm32f1xx_hal_adc_ex.c ****       break;
 909:Drivers/STM32F1xx_HAL_Driver/Src/stm32f1xx_hal_adc_ex.c ****     case ADC_INJECTED_RANK_1:
 910:Drivers/STM32F1xx_HAL_Driver/Src/stm32f1xx_hal_adc_ex.c ****     default:
 911:Drivers/STM32F1xx_HAL_Driver/Src/stm32f1xx_hal_adc_ex.c ****       tmp_jdr = hadc->Instance->JDR1;
 1471              		.loc 1 911 7 view .LVU425
 1472              		.loc 1 911 21 is_stmt 0 view .LVU426
 1473 000c 0368     		ldr	r3, [r0]
 1474              		.loc 1 911 15 view .LVU427
 1475 000e D86B     		ldr	r0, [r3, #60]
 1476              	.LVL88:
 912:Drivers/STM32F1xx_HAL_Driver/Src/stm32f1xx_hal_adc_ex.c ****       break;
 1477              		.loc 1 912 7 is_stmt 1 view .LVU428
 913:Drivers/STM32F1xx_HAL_Driver/Src/stm32f1xx_hal_adc_ex.c ****   }
 914:Drivers/STM32F1xx_HAL_Driver/Src/stm32f1xx_hal_adc_ex.c ****   
 915:Drivers/STM32F1xx_HAL_Driver/Src/stm32f1xx_hal_adc_ex.c ****   /* Return ADC converted value */ 
 916:Drivers/STM32F1xx_HAL_Driver/Src/stm32f1xx_hal_adc_ex.c ****   return tmp_jdr;
 1478              		.loc 1 916 3 view .LVU429
 917:Drivers/STM32F1xx_HAL_Driver/Src/stm32f1xx_hal_adc_ex.c **** }
 1479              		.loc 1 917 1 is_stmt 0 view .LVU430
 1480 0010 7047     		bx	lr
 1481              	.LVL89:
 1482              	.L132:
 901:Drivers/STM32F1xx_HAL_Driver/Src/stm32f1xx_hal_adc_ex.c ****       break;
 1483              		.loc 1 901 7 is_stmt 1 view .LVU431
 901:Drivers/STM32F1xx_HAL_Driver/Src/stm32f1xx_hal_adc_ex.c ****       break;
 1484              		.loc 1 901 21 is_stmt 0 view .LVU432
 1485 0012 0368     		ldr	r3, [r0]
 901:Drivers/STM32F1xx_HAL_Driver/Src/stm32f1xx_hal_adc_ex.c ****       break;
ARM GAS  /var/folders/y0/yl1wrqfd209ghqq3s8k8qc1m0000gn/T//ccTpawhR.s 			page 46


 1486              		.loc 1 901 15 view .LVU433
 1487 0014 986C     		ldr	r0, [r3, #72]
 1488              	.LVL90:
 902:Drivers/STM32F1xx_HAL_Driver/Src/stm32f1xx_hal_adc_ex.c ****     case ADC_INJECTED_RANK_3: 
 1489              		.loc 1 902 7 is_stmt 1 view .LVU434
 1490 0016 7047     		bx	lr
 1491              	.LVL91:
 1492              	.L131:
 904:Drivers/STM32F1xx_HAL_Driver/Src/stm32f1xx_hal_adc_ex.c ****       break;
 1493              		.loc 1 904 7 view .LVU435
 904:Drivers/STM32F1xx_HAL_Driver/Src/stm32f1xx_hal_adc_ex.c ****       break;
 1494              		.loc 1 904 21 is_stmt 0 view .LVU436
 1495 0018 0368     		ldr	r3, [r0]
 904:Drivers/STM32F1xx_HAL_Driver/Src/stm32f1xx_hal_adc_ex.c ****       break;
 1496              		.loc 1 904 15 view .LVU437
 1497 001a 586C     		ldr	r0, [r3, #68]
 1498              	.LVL92:
 905:Drivers/STM32F1xx_HAL_Driver/Src/stm32f1xx_hal_adc_ex.c ****     case ADC_INJECTED_RANK_2: 
 1499              		.loc 1 905 7 is_stmt 1 view .LVU438
 1500 001c 7047     		bx	lr
 1501              	.LVL93:
 1502              	.L133:
 907:Drivers/STM32F1xx_HAL_Driver/Src/stm32f1xx_hal_adc_ex.c ****       break;
 1503              		.loc 1 907 7 view .LVU439
 907:Drivers/STM32F1xx_HAL_Driver/Src/stm32f1xx_hal_adc_ex.c ****       break;
 1504              		.loc 1 907 21 is_stmt 0 view .LVU440
 1505 001e 0368     		ldr	r3, [r0]
 907:Drivers/STM32F1xx_HAL_Driver/Src/stm32f1xx_hal_adc_ex.c ****       break;
 1506              		.loc 1 907 15 view .LVU441
 1507 0020 186C     		ldr	r0, [r3, #64]
 1508              	.LVL94:
 908:Drivers/STM32F1xx_HAL_Driver/Src/stm32f1xx_hal_adc_ex.c ****     case ADC_INJECTED_RANK_1:
 1509              		.loc 1 908 7 is_stmt 1 view .LVU442
 1510 0022 7047     		bx	lr
 1511              		.cfi_endproc
 1512              	.LFE73:
 1514              		.section	.text.HAL_ADCEx_MultiModeGetValue,"ax",%progbits
 1515              		.align	1
 1516              		.global	HAL_ADCEx_MultiModeGetValue
 1517              		.syntax unified
 1518              		.thumb
 1519              		.thumb_func
 1521              	HAL_ADCEx_MultiModeGetValue:
 1522              	.LVL95:
 1523              	.LFB74:
 918:Drivers/STM32F1xx_HAL_Driver/Src/stm32f1xx_hal_adc_ex.c **** 
 919:Drivers/STM32F1xx_HAL_Driver/Src/stm32f1xx_hal_adc_ex.c **** #if defined (STM32F103x6) || defined (STM32F103xB) || defined (STM32F105xC) || defined (STM32F107xC
 920:Drivers/STM32F1xx_HAL_Driver/Src/stm32f1xx_hal_adc_ex.c **** /**
 921:Drivers/STM32F1xx_HAL_Driver/Src/stm32f1xx_hal_adc_ex.c ****   * @brief  Returns the last ADC Master&Slave regular conversions results data
 922:Drivers/STM32F1xx_HAL_Driver/Src/stm32f1xx_hal_adc_ex.c ****   *         in the selected multi mode.
 923:Drivers/STM32F1xx_HAL_Driver/Src/stm32f1xx_hal_adc_ex.c ****   * @param  hadc: ADC handle of ADC master (handle of ADC slave must not be used)
 924:Drivers/STM32F1xx_HAL_Driver/Src/stm32f1xx_hal_adc_ex.c ****   * @retval The converted data value.
 925:Drivers/STM32F1xx_HAL_Driver/Src/stm32f1xx_hal_adc_ex.c ****   */
 926:Drivers/STM32F1xx_HAL_Driver/Src/stm32f1xx_hal_adc_ex.c **** uint32_t HAL_ADCEx_MultiModeGetValue(ADC_HandleTypeDef* hadc)
 927:Drivers/STM32F1xx_HAL_Driver/Src/stm32f1xx_hal_adc_ex.c **** {
 1524              		.loc 1 927 1 view -0
 1525              		.cfi_startproc
ARM GAS  /var/folders/y0/yl1wrqfd209ghqq3s8k8qc1m0000gn/T//ccTpawhR.s 			page 47


 1526              		@ args = 0, pretend = 0, frame = 0
 1527              		@ frame_needed = 0, uses_anonymous_args = 0
 1528              		@ link register save eliminated.
 928:Drivers/STM32F1xx_HAL_Driver/Src/stm32f1xx_hal_adc_ex.c ****   uint32_t tmpDR = 0U;
 1529              		.loc 1 928 3 view .LVU444
 929:Drivers/STM32F1xx_HAL_Driver/Src/stm32f1xx_hal_adc_ex.c ****   
 930:Drivers/STM32F1xx_HAL_Driver/Src/stm32f1xx_hal_adc_ex.c ****   /* Check the parameters */
 931:Drivers/STM32F1xx_HAL_Driver/Src/stm32f1xx_hal_adc_ex.c ****   assert_param(IS_ADC_MULTIMODE_MASTER_INSTANCE(hadc->Instance));
 1530              		.loc 1 931 3 view .LVU445
 932:Drivers/STM32F1xx_HAL_Driver/Src/stm32f1xx_hal_adc_ex.c ****   
 933:Drivers/STM32F1xx_HAL_Driver/Src/stm32f1xx_hal_adc_ex.c ****   /* Check the parameters */
 934:Drivers/STM32F1xx_HAL_Driver/Src/stm32f1xx_hal_adc_ex.c ****   assert_param(IS_ADC_ALL_INSTANCE(hadc->Instance));
 1531              		.loc 1 934 3 view .LVU446
 935:Drivers/STM32F1xx_HAL_Driver/Src/stm32f1xx_hal_adc_ex.c **** 
 936:Drivers/STM32F1xx_HAL_Driver/Src/stm32f1xx_hal_adc_ex.c ****   /* Note: EOC flag is not cleared here by software because automatically     */
 937:Drivers/STM32F1xx_HAL_Driver/Src/stm32f1xx_hal_adc_ex.c ****   /*       cleared by hardware when reading register DR.                      */
 938:Drivers/STM32F1xx_HAL_Driver/Src/stm32f1xx_hal_adc_ex.c ****   
 939:Drivers/STM32F1xx_HAL_Driver/Src/stm32f1xx_hal_adc_ex.c ****   /* On STM32F1 devices, ADC1 data register DR contains ADC2 conversions      */
 940:Drivers/STM32F1xx_HAL_Driver/Src/stm32f1xx_hal_adc_ex.c ****   /* only if ADC1 DMA mode is enabled.                                        */
 941:Drivers/STM32F1xx_HAL_Driver/Src/stm32f1xx_hal_adc_ex.c ****   tmpDR = hadc->Instance->DR;
 1532              		.loc 1 941 3 view .LVU447
 1533              		.loc 1 941 15 is_stmt 0 view .LVU448
 1534 0000 0368     		ldr	r3, [r0]
 1535              		.loc 1 941 9 view .LVU449
 1536 0002 D86C     		ldr	r0, [r3, #76]
 1537              	.LVL96:
 942:Drivers/STM32F1xx_HAL_Driver/Src/stm32f1xx_hal_adc_ex.c **** 
 943:Drivers/STM32F1xx_HAL_Driver/Src/stm32f1xx_hal_adc_ex.c ****   if (HAL_IS_BIT_CLR(ADC1->CR2, ADC_CR2_DMA))
 1538              		.loc 1 943 3 is_stmt 1 view .LVU450
 1539              		.loc 1 943 7 is_stmt 0 view .LVU451
 1540 0004 044B     		ldr	r3, .L139
 1541 0006 9B68     		ldr	r3, [r3, #8]
 1542              		.loc 1 943 6 view .LVU452
 1543 0008 13F4807F 		tst	r3, #256
 1544 000c 03D1     		bne	.L137
 944:Drivers/STM32F1xx_HAL_Driver/Src/stm32f1xx_hal_adc_ex.c ****   {
 945:Drivers/STM32F1xx_HAL_Driver/Src/stm32f1xx_hal_adc_ex.c ****     tmpDR |= (ADC2->DR << 16U);
 1545              		.loc 1 945 5 is_stmt 1 view .LVU453
 1546              		.loc 1 945 19 is_stmt 0 view .LVU454
 1547 000e 034B     		ldr	r3, .L139+4
 1548 0010 DB6C     		ldr	r3, [r3, #76]
 1549              		.loc 1 945 11 view .LVU455
 1550 0012 40EA0340 		orr	r0, r0, r3, lsl #16
 1551              	.LVL97:
 946:Drivers/STM32F1xx_HAL_Driver/Src/stm32f1xx_hal_adc_ex.c ****   }
 947:Drivers/STM32F1xx_HAL_Driver/Src/stm32f1xx_hal_adc_ex.c ****     
 948:Drivers/STM32F1xx_HAL_Driver/Src/stm32f1xx_hal_adc_ex.c ****   /* Return ADC converted value */ 
 949:Drivers/STM32F1xx_HAL_Driver/Src/stm32f1xx_hal_adc_ex.c ****   return tmpDR;
 1552              		.loc 1 949 3 is_stmt 1 view .LVU456
 1553              	.L137:
 950:Drivers/STM32F1xx_HAL_Driver/Src/stm32f1xx_hal_adc_ex.c **** }
 1554              		.loc 1 950 1 is_stmt 0 view .LVU457
 1555 0016 7047     		bx	lr
 1556              	.L140:
 1557              		.align	2
 1558              	.L139:
 1559 0018 00240140 		.word	1073816576
ARM GAS  /var/folders/y0/yl1wrqfd209ghqq3s8k8qc1m0000gn/T//ccTpawhR.s 			page 48


 1560 001c 00280140 		.word	1073817600
 1561              		.cfi_endproc
 1562              	.LFE74:
 1564              		.section	.text.HAL_ADCEx_InjectedConvCpltCallback,"ax",%progbits
 1565              		.align	1
 1566              		.weak	HAL_ADCEx_InjectedConvCpltCallback
 1567              		.syntax unified
 1568              		.thumb
 1569              		.thumb_func
 1571              	HAL_ADCEx_InjectedConvCpltCallback:
 1572              	.LVL98:
 1573              	.LFB75:
 951:Drivers/STM32F1xx_HAL_Driver/Src/stm32f1xx_hal_adc_ex.c **** #endif /* defined STM32F103x6 || defined STM32F103xB || defined STM32F105xC || defined STM32F107xC 
 952:Drivers/STM32F1xx_HAL_Driver/Src/stm32f1xx_hal_adc_ex.c **** 
 953:Drivers/STM32F1xx_HAL_Driver/Src/stm32f1xx_hal_adc_ex.c **** /**
 954:Drivers/STM32F1xx_HAL_Driver/Src/stm32f1xx_hal_adc_ex.c ****   * @brief  Injected conversion complete callback in non blocking mode 
 955:Drivers/STM32F1xx_HAL_Driver/Src/stm32f1xx_hal_adc_ex.c ****   * @param  hadc: ADC handle
 956:Drivers/STM32F1xx_HAL_Driver/Src/stm32f1xx_hal_adc_ex.c ****   * @retval None
 957:Drivers/STM32F1xx_HAL_Driver/Src/stm32f1xx_hal_adc_ex.c ****   */
 958:Drivers/STM32F1xx_HAL_Driver/Src/stm32f1xx_hal_adc_ex.c **** __weak void HAL_ADCEx_InjectedConvCpltCallback(ADC_HandleTypeDef* hadc)
 959:Drivers/STM32F1xx_HAL_Driver/Src/stm32f1xx_hal_adc_ex.c **** {
 1574              		.loc 1 959 1 is_stmt 1 view -0
 1575              		.cfi_startproc
 1576              		@ args = 0, pretend = 0, frame = 0
 1577              		@ frame_needed = 0, uses_anonymous_args = 0
 1578              		@ link register save eliminated.
 960:Drivers/STM32F1xx_HAL_Driver/Src/stm32f1xx_hal_adc_ex.c ****   /* Prevent unused argument(s) compilation warning */
 961:Drivers/STM32F1xx_HAL_Driver/Src/stm32f1xx_hal_adc_ex.c ****   UNUSED(hadc);
 1579              		.loc 1 961 3 view .LVU459
 962:Drivers/STM32F1xx_HAL_Driver/Src/stm32f1xx_hal_adc_ex.c ****   /* NOTE : This function Should not be modified, when the callback is needed,
 963:Drivers/STM32F1xx_HAL_Driver/Src/stm32f1xx_hal_adc_ex.c ****             the HAL_ADCEx_InjectedConvCpltCallback could be implemented in the user file
 964:Drivers/STM32F1xx_HAL_Driver/Src/stm32f1xx_hal_adc_ex.c ****   */
 965:Drivers/STM32F1xx_HAL_Driver/Src/stm32f1xx_hal_adc_ex.c **** }
 1580              		.loc 1 965 1 is_stmt 0 view .LVU460
 1581 0000 7047     		bx	lr
 1582              		.cfi_endproc
 1583              	.LFE75:
 1585              		.section	.text.HAL_ADCEx_InjectedConfigChannel,"ax",%progbits
 1586              		.align	1
 1587              		.global	HAL_ADCEx_InjectedConfigChannel
 1588              		.syntax unified
 1589              		.thumb
 1590              		.thumb_func
 1592              	HAL_ADCEx_InjectedConfigChannel:
 1593              	.LVL99:
 1594              	.LFB76:
 966:Drivers/STM32F1xx_HAL_Driver/Src/stm32f1xx_hal_adc_ex.c **** 
 967:Drivers/STM32F1xx_HAL_Driver/Src/stm32f1xx_hal_adc_ex.c **** /**
 968:Drivers/STM32F1xx_HAL_Driver/Src/stm32f1xx_hal_adc_ex.c ****   * @}
 969:Drivers/STM32F1xx_HAL_Driver/Src/stm32f1xx_hal_adc_ex.c ****   */
 970:Drivers/STM32F1xx_HAL_Driver/Src/stm32f1xx_hal_adc_ex.c **** 
 971:Drivers/STM32F1xx_HAL_Driver/Src/stm32f1xx_hal_adc_ex.c **** /** @defgroup ADCEx_Exported_Functions_Group2 Extended Peripheral Control functions
 972:Drivers/STM32F1xx_HAL_Driver/Src/stm32f1xx_hal_adc_ex.c ****   * @brief    Extended Peripheral Control functions
 973:Drivers/STM32F1xx_HAL_Driver/Src/stm32f1xx_hal_adc_ex.c ****   *
 974:Drivers/STM32F1xx_HAL_Driver/Src/stm32f1xx_hal_adc_ex.c **** @verbatim   
 975:Drivers/STM32F1xx_HAL_Driver/Src/stm32f1xx_hal_adc_ex.c ****  ===============================================================================
 976:Drivers/STM32F1xx_HAL_Driver/Src/stm32f1xx_hal_adc_ex.c ****              ##### Peripheral Control functions #####
ARM GAS  /var/folders/y0/yl1wrqfd209ghqq3s8k8qc1m0000gn/T//ccTpawhR.s 			page 49


 977:Drivers/STM32F1xx_HAL_Driver/Src/stm32f1xx_hal_adc_ex.c ****  ===============================================================================  
 978:Drivers/STM32F1xx_HAL_Driver/Src/stm32f1xx_hal_adc_ex.c ****     [..]  This section provides functions allowing to:
 979:Drivers/STM32F1xx_HAL_Driver/Src/stm32f1xx_hal_adc_ex.c ****       (+) Configure channels on injected group
 980:Drivers/STM32F1xx_HAL_Driver/Src/stm32f1xx_hal_adc_ex.c ****       (+) Configure multimode
 981:Drivers/STM32F1xx_HAL_Driver/Src/stm32f1xx_hal_adc_ex.c **** 
 982:Drivers/STM32F1xx_HAL_Driver/Src/stm32f1xx_hal_adc_ex.c **** @endverbatim
 983:Drivers/STM32F1xx_HAL_Driver/Src/stm32f1xx_hal_adc_ex.c ****   * @{
 984:Drivers/STM32F1xx_HAL_Driver/Src/stm32f1xx_hal_adc_ex.c ****   */
 985:Drivers/STM32F1xx_HAL_Driver/Src/stm32f1xx_hal_adc_ex.c **** 
 986:Drivers/STM32F1xx_HAL_Driver/Src/stm32f1xx_hal_adc_ex.c **** /**
 987:Drivers/STM32F1xx_HAL_Driver/Src/stm32f1xx_hal_adc_ex.c ****   * @brief  Configures the ADC injected group and the selected channel to be
 988:Drivers/STM32F1xx_HAL_Driver/Src/stm32f1xx_hal_adc_ex.c ****   *         linked to the injected group.
 989:Drivers/STM32F1xx_HAL_Driver/Src/stm32f1xx_hal_adc_ex.c ****   * @note   Possibility to update parameters on the fly:
 990:Drivers/STM32F1xx_HAL_Driver/Src/stm32f1xx_hal_adc_ex.c ****   *         This function initializes injected group, following calls to this 
 991:Drivers/STM32F1xx_HAL_Driver/Src/stm32f1xx_hal_adc_ex.c ****   *         function can be used to reconfigure some parameters of structure
 992:Drivers/STM32F1xx_HAL_Driver/Src/stm32f1xx_hal_adc_ex.c ****   *         "ADC_InjectionConfTypeDef" on the fly, without resetting the ADC.
 993:Drivers/STM32F1xx_HAL_Driver/Src/stm32f1xx_hal_adc_ex.c ****   *         The setting of these parameters is conditioned to ADC state: 
 994:Drivers/STM32F1xx_HAL_Driver/Src/stm32f1xx_hal_adc_ex.c ****   *         this function must be called when ADC is not under conversion.
 995:Drivers/STM32F1xx_HAL_Driver/Src/stm32f1xx_hal_adc_ex.c ****   * @param  hadc: ADC handle
 996:Drivers/STM32F1xx_HAL_Driver/Src/stm32f1xx_hal_adc_ex.c ****   * @param  sConfigInjected: Structure of ADC injected group and ADC channel for
 997:Drivers/STM32F1xx_HAL_Driver/Src/stm32f1xx_hal_adc_ex.c ****   *         injected group.
 998:Drivers/STM32F1xx_HAL_Driver/Src/stm32f1xx_hal_adc_ex.c ****   * @retval None
 999:Drivers/STM32F1xx_HAL_Driver/Src/stm32f1xx_hal_adc_ex.c ****   */
1000:Drivers/STM32F1xx_HAL_Driver/Src/stm32f1xx_hal_adc_ex.c **** HAL_StatusTypeDef HAL_ADCEx_InjectedConfigChannel(ADC_HandleTypeDef* hadc, ADC_InjectionConfTypeDef
1001:Drivers/STM32F1xx_HAL_Driver/Src/stm32f1xx_hal_adc_ex.c **** {
 1595              		.loc 1 1001 1 is_stmt 1 view -0
 1596              		.cfi_startproc
 1597              		@ args = 0, pretend = 0, frame = 8
 1598              		@ frame_needed = 0, uses_anonymous_args = 0
 1599              		.loc 1 1001 1 is_stmt 0 view .LVU462
 1600 0000 10B5     		push	{r4, lr}
 1601              	.LCFI24:
 1602              		.cfi_def_cfa_offset 8
 1603              		.cfi_offset 4, -8
 1604              		.cfi_offset 14, -4
 1605 0002 82B0     		sub	sp, sp, #8
 1606              	.LCFI25:
 1607              		.cfi_def_cfa_offset 16
1002:Drivers/STM32F1xx_HAL_Driver/Src/stm32f1xx_hal_adc_ex.c ****   HAL_StatusTypeDef tmp_hal_status = HAL_OK;
 1608              		.loc 1 1002 3 is_stmt 1 view .LVU463
 1609              	.LVL100:
1003:Drivers/STM32F1xx_HAL_Driver/Src/stm32f1xx_hal_adc_ex.c ****   __IO uint32_t wait_loop_index = 0U;
 1610              		.loc 1 1003 3 view .LVU464
 1611              		.loc 1 1003 17 is_stmt 0 view .LVU465
 1612 0004 0022     		movs	r2, #0
 1613 0006 0192     		str	r2, [sp, #4]
1004:Drivers/STM32F1xx_HAL_Driver/Src/stm32f1xx_hal_adc_ex.c ****   
1005:Drivers/STM32F1xx_HAL_Driver/Src/stm32f1xx_hal_adc_ex.c ****   /* Check the parameters */
1006:Drivers/STM32F1xx_HAL_Driver/Src/stm32f1xx_hal_adc_ex.c ****   assert_param(IS_ADC_ALL_INSTANCE(hadc->Instance));
 1614              		.loc 1 1006 3 is_stmt 1 view .LVU466
1007:Drivers/STM32F1xx_HAL_Driver/Src/stm32f1xx_hal_adc_ex.c ****   assert_param(IS_ADC_CHANNEL(sConfigInjected->InjectedChannel));
 1615              		.loc 1 1007 3 view .LVU467
1008:Drivers/STM32F1xx_HAL_Driver/Src/stm32f1xx_hal_adc_ex.c ****   assert_param(IS_ADC_SAMPLE_TIME(sConfigInjected->InjectedSamplingTime));
 1616              		.loc 1 1008 3 view .LVU468
1009:Drivers/STM32F1xx_HAL_Driver/Src/stm32f1xx_hal_adc_ex.c ****   assert_param(IS_FUNCTIONAL_STATE(sConfigInjected->AutoInjectedConv));
 1617              		.loc 1 1009 3 view .LVU469
1010:Drivers/STM32F1xx_HAL_Driver/Src/stm32f1xx_hal_adc_ex.c ****   assert_param(IS_ADC_EXTTRIGINJEC(sConfigInjected->ExternalTrigInjecConv));
ARM GAS  /var/folders/y0/yl1wrqfd209ghqq3s8k8qc1m0000gn/T//ccTpawhR.s 			page 50


 1618              		.loc 1 1010 3 view .LVU470
1011:Drivers/STM32F1xx_HAL_Driver/Src/stm32f1xx_hal_adc_ex.c ****   assert_param(IS_ADC_RANGE(sConfigInjected->InjectedOffset));
 1619              		.loc 1 1011 3 view .LVU471
1012:Drivers/STM32F1xx_HAL_Driver/Src/stm32f1xx_hal_adc_ex.c ****   
1013:Drivers/STM32F1xx_HAL_Driver/Src/stm32f1xx_hal_adc_ex.c ****   if(hadc->Init.ScanConvMode != ADC_SCAN_DISABLE)
 1620              		.loc 1 1013 3 view .LVU472
1014:Drivers/STM32F1xx_HAL_Driver/Src/stm32f1xx_hal_adc_ex.c ****   {
1015:Drivers/STM32F1xx_HAL_Driver/Src/stm32f1xx_hal_adc_ex.c ****     assert_param(IS_ADC_INJECTED_RANK(sConfigInjected->InjectedRank));
 1621              		.loc 1 1015 5 view .LVU473
1016:Drivers/STM32F1xx_HAL_Driver/Src/stm32f1xx_hal_adc_ex.c ****     assert_param(IS_ADC_INJECTED_NB_CONV(sConfigInjected->InjectedNbrOfConversion));
 1622              		.loc 1 1016 5 view .LVU474
1017:Drivers/STM32F1xx_HAL_Driver/Src/stm32f1xx_hal_adc_ex.c ****     assert_param(IS_FUNCTIONAL_STATE(sConfigInjected->InjectedDiscontinuousConvMode));
 1623              		.loc 1 1017 5 view .LVU475
1018:Drivers/STM32F1xx_HAL_Driver/Src/stm32f1xx_hal_adc_ex.c ****   }
1019:Drivers/STM32F1xx_HAL_Driver/Src/stm32f1xx_hal_adc_ex.c ****   
1020:Drivers/STM32F1xx_HAL_Driver/Src/stm32f1xx_hal_adc_ex.c ****   /* Process locked */
1021:Drivers/STM32F1xx_HAL_Driver/Src/stm32f1xx_hal_adc_ex.c ****   __HAL_LOCK(hadc);
 1624              		.loc 1 1021 3 view .LVU476
 1625              		.loc 1 1021 3 view .LVU477
 1626 0008 90F82420 		ldrb	r2, [r0, #36]	@ zero_extendqisi2
 1627 000c 012A     		cmp	r2, #1
 1628 000e 00F02E81 		beq	.L164
 1629 0012 0346     		mov	r3, r0
 1630              		.loc 1 1021 3 discriminator 2 view .LVU478
 1631 0014 0122     		movs	r2, #1
 1632 0016 80F82420 		strb	r2, [r0, #36]
 1633              		.loc 1 1021 3 view .LVU479
1022:Drivers/STM32F1xx_HAL_Driver/Src/stm32f1xx_hal_adc_ex.c ****   
1023:Drivers/STM32F1xx_HAL_Driver/Src/stm32f1xx_hal_adc_ex.c ****   /* Configuration of injected group sequencer:                               */
1024:Drivers/STM32F1xx_HAL_Driver/Src/stm32f1xx_hal_adc_ex.c ****   /* - if scan mode is disabled, injected channels sequence length is set to  */
1025:Drivers/STM32F1xx_HAL_Driver/Src/stm32f1xx_hal_adc_ex.c ****   /*   0x00: 1 channel converted (channel on regular rank 1)                  */
1026:Drivers/STM32F1xx_HAL_Driver/Src/stm32f1xx_hal_adc_ex.c ****   /*   Parameter "InjectedNbrOfConversion" is discarded.                      */
1027:Drivers/STM32F1xx_HAL_Driver/Src/stm32f1xx_hal_adc_ex.c ****   /*   Note: Scan mode is present by hardware on this device and, if          */
1028:Drivers/STM32F1xx_HAL_Driver/Src/stm32f1xx_hal_adc_ex.c ****   /*   disabled, discards automatically nb of conversions. Anyway, nb of      */
1029:Drivers/STM32F1xx_HAL_Driver/Src/stm32f1xx_hal_adc_ex.c ****   /*   conversions is forced to 0x00 for alignment over all STM32 devices.    */
1030:Drivers/STM32F1xx_HAL_Driver/Src/stm32f1xx_hal_adc_ex.c ****   /* - if scan mode is enabled, injected channels sequence length is set to   */
1031:Drivers/STM32F1xx_HAL_Driver/Src/stm32f1xx_hal_adc_ex.c ****   /*   parameter "InjectedNbrOfConversion".                                   */
1032:Drivers/STM32F1xx_HAL_Driver/Src/stm32f1xx_hal_adc_ex.c ****   if (hadc->Init.ScanConvMode == ADC_SCAN_DISABLE)
 1634              		.loc 1 1032 3 view .LVU480
 1635              		.loc 1 1032 17 is_stmt 0 view .LVU481
 1636 001a 8268     		ldr	r2, [r0, #8]
 1637              		.loc 1 1032 6 view .LVU482
 1638 001c 002A     		cmp	r2, #0
 1639 001e 63D1     		bne	.L144
1033:Drivers/STM32F1xx_HAL_Driver/Src/stm32f1xx_hal_adc_ex.c ****   {
1034:Drivers/STM32F1xx_HAL_Driver/Src/stm32f1xx_hal_adc_ex.c ****     if (sConfigInjected->InjectedRank == ADC_INJECTED_RANK_1)
 1640              		.loc 1 1034 5 is_stmt 1 view .LVU483
 1641              		.loc 1 1034 24 is_stmt 0 view .LVU484
 1642 0020 4A68     		ldr	r2, [r1, #4]
 1643              		.loc 1 1034 8 view .LVU485
 1644 0022 012A     		cmp	r2, #1
 1645 0024 56D0     		beq	.L166
1035:Drivers/STM32F1xx_HAL_Driver/Src/stm32f1xx_hal_adc_ex.c ****     {
1036:Drivers/STM32F1xx_HAL_Driver/Src/stm32f1xx_hal_adc_ex.c ****       /* Clear the old SQx bits for all injected ranks */
1037:Drivers/STM32F1xx_HAL_Driver/Src/stm32f1xx_hal_adc_ex.c ****       MODIFY_REG(hadc->Instance->JSQR                             ,
1038:Drivers/STM32F1xx_HAL_Driver/Src/stm32f1xx_hal_adc_ex.c ****                  ADC_JSQR_JL   |
1039:Drivers/STM32F1xx_HAL_Driver/Src/stm32f1xx_hal_adc_ex.c ****                  ADC_JSQR_JSQ4 |
ARM GAS  /var/folders/y0/yl1wrqfd209ghqq3s8k8qc1m0000gn/T//ccTpawhR.s 			page 51


1040:Drivers/STM32F1xx_HAL_Driver/Src/stm32f1xx_hal_adc_ex.c ****                  ADC_JSQR_JSQ3 |
1041:Drivers/STM32F1xx_HAL_Driver/Src/stm32f1xx_hal_adc_ex.c ****                  ADC_JSQR_JSQ2 |
1042:Drivers/STM32F1xx_HAL_Driver/Src/stm32f1xx_hal_adc_ex.c ****                  ADC_JSQR_JSQ1                                    ,
1043:Drivers/STM32F1xx_HAL_Driver/Src/stm32f1xx_hal_adc_ex.c ****                  ADC_JSQR_RK_JL(sConfigInjected->InjectedChannel,
1044:Drivers/STM32F1xx_HAL_Driver/Src/stm32f1xx_hal_adc_ex.c ****                                   ADC_INJECTED_RANK_1,
1045:Drivers/STM32F1xx_HAL_Driver/Src/stm32f1xx_hal_adc_ex.c ****                                   0x01U));
1046:Drivers/STM32F1xx_HAL_Driver/Src/stm32f1xx_hal_adc_ex.c ****     }
1047:Drivers/STM32F1xx_HAL_Driver/Src/stm32f1xx_hal_adc_ex.c ****     /* If another injected rank than rank1 was intended to be set, and could  */
1048:Drivers/STM32F1xx_HAL_Driver/Src/stm32f1xx_hal_adc_ex.c ****     /* not due to ScanConvMode disabled, error is reported.                   */
1049:Drivers/STM32F1xx_HAL_Driver/Src/stm32f1xx_hal_adc_ex.c ****     else
1050:Drivers/STM32F1xx_HAL_Driver/Src/stm32f1xx_hal_adc_ex.c ****     {
1051:Drivers/STM32F1xx_HAL_Driver/Src/stm32f1xx_hal_adc_ex.c ****       /* Update ADC state machine to error */
1052:Drivers/STM32F1xx_HAL_Driver/Src/stm32f1xx_hal_adc_ex.c ****       SET_BIT(hadc->State, HAL_ADC_STATE_ERROR_CONFIG);
 1646              		.loc 1 1052 7 is_stmt 1 view .LVU486
 1647 0026 826A     		ldr	r2, [r0, #40]
 1648 0028 42F02002 		orr	r2, r2, #32
 1649 002c 8262     		str	r2, [r0, #40]
1053:Drivers/STM32F1xx_HAL_Driver/Src/stm32f1xx_hal_adc_ex.c ****       
1054:Drivers/STM32F1xx_HAL_Driver/Src/stm32f1xx_hal_adc_ex.c ****       tmp_hal_status = HAL_ERROR;
 1650              		.loc 1 1054 7 view .LVU487
 1651              	.LVL101:
 1652              		.loc 1 1054 22 is_stmt 0 view .LVU488
 1653 002e 0120     		movs	r0, #1
 1654              	.LVL102:
 1655              	.L146:
1055:Drivers/STM32F1xx_HAL_Driver/Src/stm32f1xx_hal_adc_ex.c ****     }
1056:Drivers/STM32F1xx_HAL_Driver/Src/stm32f1xx_hal_adc_ex.c ****   }
1057:Drivers/STM32F1xx_HAL_Driver/Src/stm32f1xx_hal_adc_ex.c ****   else
1058:Drivers/STM32F1xx_HAL_Driver/Src/stm32f1xx_hal_adc_ex.c ****   {
1059:Drivers/STM32F1xx_HAL_Driver/Src/stm32f1xx_hal_adc_ex.c ****     /* Since injected channels rank conv. order depends on total number of   */
1060:Drivers/STM32F1xx_HAL_Driver/Src/stm32f1xx_hal_adc_ex.c ****     /* injected conversions, selected rank must be below or equal to total   */
1061:Drivers/STM32F1xx_HAL_Driver/Src/stm32f1xx_hal_adc_ex.c ****     /* number of injected conversions to be updated.                         */
1062:Drivers/STM32F1xx_HAL_Driver/Src/stm32f1xx_hal_adc_ex.c ****     if (sConfigInjected->InjectedRank <= sConfigInjected->InjectedNbrOfConversion)
1063:Drivers/STM32F1xx_HAL_Driver/Src/stm32f1xx_hal_adc_ex.c ****     {
1064:Drivers/STM32F1xx_HAL_Driver/Src/stm32f1xx_hal_adc_ex.c ****       /* Clear the old SQx bits for the selected rank */
1065:Drivers/STM32F1xx_HAL_Driver/Src/stm32f1xx_hal_adc_ex.c ****       /* Set the SQx bits for the selected rank */
1066:Drivers/STM32F1xx_HAL_Driver/Src/stm32f1xx_hal_adc_ex.c ****       MODIFY_REG(hadc->Instance->JSQR                                         ,
1067:Drivers/STM32F1xx_HAL_Driver/Src/stm32f1xx_hal_adc_ex.c ****                  
1068:Drivers/STM32F1xx_HAL_Driver/Src/stm32f1xx_hal_adc_ex.c ****                  ADC_JSQR_JL                                               |
1069:Drivers/STM32F1xx_HAL_Driver/Src/stm32f1xx_hal_adc_ex.c ****                  ADC_JSQR_RK_JL(ADC_JSQR_JSQ1,                         
1070:Drivers/STM32F1xx_HAL_Driver/Src/stm32f1xx_hal_adc_ex.c ****                                   sConfigInjected->InjectedRank,         
1071:Drivers/STM32F1xx_HAL_Driver/Src/stm32f1xx_hal_adc_ex.c ****                                   sConfigInjected->InjectedNbrOfConversion)   ,
1072:Drivers/STM32F1xx_HAL_Driver/Src/stm32f1xx_hal_adc_ex.c ****                  
1073:Drivers/STM32F1xx_HAL_Driver/Src/stm32f1xx_hal_adc_ex.c ****                  ADC_JSQR_JL_SHIFT(sConfigInjected->InjectedNbrOfConversion) |
1074:Drivers/STM32F1xx_HAL_Driver/Src/stm32f1xx_hal_adc_ex.c ****                  ADC_JSQR_RK_JL(sConfigInjected->InjectedChannel,      
1075:Drivers/STM32F1xx_HAL_Driver/Src/stm32f1xx_hal_adc_ex.c ****                                   sConfigInjected->InjectedRank,         
1076:Drivers/STM32F1xx_HAL_Driver/Src/stm32f1xx_hal_adc_ex.c ****                                   sConfigInjected->InjectedNbrOfConversion)    );
1077:Drivers/STM32F1xx_HAL_Driver/Src/stm32f1xx_hal_adc_ex.c ****     }
1078:Drivers/STM32F1xx_HAL_Driver/Src/stm32f1xx_hal_adc_ex.c ****     else
1079:Drivers/STM32F1xx_HAL_Driver/Src/stm32f1xx_hal_adc_ex.c ****     {
1080:Drivers/STM32F1xx_HAL_Driver/Src/stm32f1xx_hal_adc_ex.c ****       /* Clear the old SQx bits for the selected rank */
1081:Drivers/STM32F1xx_HAL_Driver/Src/stm32f1xx_hal_adc_ex.c ****       MODIFY_REG(hadc->Instance->JSQR                                       ,
1082:Drivers/STM32F1xx_HAL_Driver/Src/stm32f1xx_hal_adc_ex.c ****                  
1083:Drivers/STM32F1xx_HAL_Driver/Src/stm32f1xx_hal_adc_ex.c ****                  ADC_JSQR_JL                                               |
1084:Drivers/STM32F1xx_HAL_Driver/Src/stm32f1xx_hal_adc_ex.c ****                  ADC_JSQR_RK_JL(ADC_JSQR_JSQ1,                         
1085:Drivers/STM32F1xx_HAL_Driver/Src/stm32f1xx_hal_adc_ex.c ****                                   sConfigInjected->InjectedRank,         
1086:Drivers/STM32F1xx_HAL_Driver/Src/stm32f1xx_hal_adc_ex.c ****                                   sConfigInjected->InjectedNbrOfConversion) ,
ARM GAS  /var/folders/y0/yl1wrqfd209ghqq3s8k8qc1m0000gn/T//ccTpawhR.s 			page 52


1087:Drivers/STM32F1xx_HAL_Driver/Src/stm32f1xx_hal_adc_ex.c ****                  
1088:Drivers/STM32F1xx_HAL_Driver/Src/stm32f1xx_hal_adc_ex.c ****                  0x00000000U);
1089:Drivers/STM32F1xx_HAL_Driver/Src/stm32f1xx_hal_adc_ex.c ****     }
1090:Drivers/STM32F1xx_HAL_Driver/Src/stm32f1xx_hal_adc_ex.c ****   } 
1091:Drivers/STM32F1xx_HAL_Driver/Src/stm32f1xx_hal_adc_ex.c ****     
1092:Drivers/STM32F1xx_HAL_Driver/Src/stm32f1xx_hal_adc_ex.c ****   /* Configuration of injected group                                          */
1093:Drivers/STM32F1xx_HAL_Driver/Src/stm32f1xx_hal_adc_ex.c ****   /* Parameters update conditioned to ADC state:                              */
1094:Drivers/STM32F1xx_HAL_Driver/Src/stm32f1xx_hal_adc_ex.c ****   /* Parameters that can be updated only when ADC is disabled:                */
1095:Drivers/STM32F1xx_HAL_Driver/Src/stm32f1xx_hal_adc_ex.c ****   /*  - external trigger to start conversion                                  */
1096:Drivers/STM32F1xx_HAL_Driver/Src/stm32f1xx_hal_adc_ex.c ****   /* Parameters update not conditioned to ADC state:                          */
1097:Drivers/STM32F1xx_HAL_Driver/Src/stm32f1xx_hal_adc_ex.c ****   /*  - Automatic injected conversion                                         */
1098:Drivers/STM32F1xx_HAL_Driver/Src/stm32f1xx_hal_adc_ex.c ****   /*  - Injected discontinuous mode                                           */
1099:Drivers/STM32F1xx_HAL_Driver/Src/stm32f1xx_hal_adc_ex.c ****   /* Note: In case of ADC already enabled, caution to not launch an unwanted  */
1100:Drivers/STM32F1xx_HAL_Driver/Src/stm32f1xx_hal_adc_ex.c ****   /*       conversion while modifying register CR2 by writing 1 to bit ADON.  */
1101:Drivers/STM32F1xx_HAL_Driver/Src/stm32f1xx_hal_adc_ex.c ****   if (ADC_IS_ENABLE(hadc) == RESET)
 1656              		.loc 1 1101 3 is_stmt 1 view .LVU489
 1657              		.loc 1 1101 7 is_stmt 0 view .LVU490
 1658 0030 D3F800C0 		ldr	ip, [r3]
 1659 0034 DCF80820 		ldr	r2, [ip, #8]
 1660              		.loc 1 1101 6 view .LVU491
 1661 0038 12F0010F 		tst	r2, #1
 1662 003c 09D1     		bne	.L148
1102:Drivers/STM32F1xx_HAL_Driver/Src/stm32f1xx_hal_adc_ex.c ****   {    
1103:Drivers/STM32F1xx_HAL_Driver/Src/stm32f1xx_hal_adc_ex.c ****     MODIFY_REG(hadc->Instance->CR2                                           ,
 1663              		.loc 1 1103 5 is_stmt 1 view .LVU492
 1664 003e DCF80820 		ldr	r2, [ip, #8]
 1665 0042 22F4E042 		bic	r2, r2, #28672
 1666 0046 22F00102 		bic	r2, r2, #1
 1667 004a 8C69     		ldr	r4, [r1, #24]
 1668 004c 2243     		orrs	r2, r2, r4
 1669 004e CCF80820 		str	r2, [ip, #8]
 1670              	.L148:
1104:Drivers/STM32F1xx_HAL_Driver/Src/stm32f1xx_hal_adc_ex.c ****                ADC_CR2_JEXTSEL |
1105:Drivers/STM32F1xx_HAL_Driver/Src/stm32f1xx_hal_adc_ex.c ****                ADC_CR2_ADON                                                  ,
1106:Drivers/STM32F1xx_HAL_Driver/Src/stm32f1xx_hal_adc_ex.c ****                ADC_CFGR_JEXTSEL(hadc, sConfigInjected->ExternalTrigInjecConv) );
1107:Drivers/STM32F1xx_HAL_Driver/Src/stm32f1xx_hal_adc_ex.c ****   }
1108:Drivers/STM32F1xx_HAL_Driver/Src/stm32f1xx_hal_adc_ex.c ****   
1109:Drivers/STM32F1xx_HAL_Driver/Src/stm32f1xx_hal_adc_ex.c ****   
1110:Drivers/STM32F1xx_HAL_Driver/Src/stm32f1xx_hal_adc_ex.c ****   /* Configuration of injected group                                          */
1111:Drivers/STM32F1xx_HAL_Driver/Src/stm32f1xx_hal_adc_ex.c ****   /*  - Automatic injected conversion                                         */
1112:Drivers/STM32F1xx_HAL_Driver/Src/stm32f1xx_hal_adc_ex.c ****   /*  - Injected discontinuous mode                                           */
1113:Drivers/STM32F1xx_HAL_Driver/Src/stm32f1xx_hal_adc_ex.c ****   
1114:Drivers/STM32F1xx_HAL_Driver/Src/stm32f1xx_hal_adc_ex.c ****     /* Automatic injected conversion can be enabled if injected group         */
1115:Drivers/STM32F1xx_HAL_Driver/Src/stm32f1xx_hal_adc_ex.c ****     /* external triggers are disabled.                                        */
1116:Drivers/STM32F1xx_HAL_Driver/Src/stm32f1xx_hal_adc_ex.c ****     if (sConfigInjected->AutoInjectedConv == ENABLE)
 1671              		.loc 1 1116 5 view .LVU493
 1672              		.loc 1 1116 24 is_stmt 0 view .LVU494
 1673 0052 4A7D     		ldrb	r2, [r1, #21]	@ zero_extendqisi2
 1674              		.loc 1 1116 8 view .LVU495
 1675 0054 012A     		cmp	r2, #1
 1676 0056 79D0     		beq	.L167
 1677              	.LVL103:
 1678              	.L149:
1117:Drivers/STM32F1xx_HAL_Driver/Src/stm32f1xx_hal_adc_ex.c ****     {
1118:Drivers/STM32F1xx_HAL_Driver/Src/stm32f1xx_hal_adc_ex.c ****       if (sConfigInjected->ExternalTrigInjecConv == ADC_INJECTED_SOFTWARE_START)
1119:Drivers/STM32F1xx_HAL_Driver/Src/stm32f1xx_hal_adc_ex.c ****       {
1120:Drivers/STM32F1xx_HAL_Driver/Src/stm32f1xx_hal_adc_ex.c ****         SET_BIT(hadc->Instance->CR1, ADC_CR1_JAUTO);
ARM GAS  /var/folders/y0/yl1wrqfd209ghqq3s8k8qc1m0000gn/T//ccTpawhR.s 			page 53


1121:Drivers/STM32F1xx_HAL_Driver/Src/stm32f1xx_hal_adc_ex.c ****       }
1122:Drivers/STM32F1xx_HAL_Driver/Src/stm32f1xx_hal_adc_ex.c ****       else
1123:Drivers/STM32F1xx_HAL_Driver/Src/stm32f1xx_hal_adc_ex.c ****       {
1124:Drivers/STM32F1xx_HAL_Driver/Src/stm32f1xx_hal_adc_ex.c ****         /* Update ADC state machine to error */
1125:Drivers/STM32F1xx_HAL_Driver/Src/stm32f1xx_hal_adc_ex.c ****         SET_BIT(hadc->State, HAL_ADC_STATE_ERROR_CONFIG);
1126:Drivers/STM32F1xx_HAL_Driver/Src/stm32f1xx_hal_adc_ex.c ****         
1127:Drivers/STM32F1xx_HAL_Driver/Src/stm32f1xx_hal_adc_ex.c ****         tmp_hal_status = HAL_ERROR;
1128:Drivers/STM32F1xx_HAL_Driver/Src/stm32f1xx_hal_adc_ex.c ****       }
1129:Drivers/STM32F1xx_HAL_Driver/Src/stm32f1xx_hal_adc_ex.c ****     }
1130:Drivers/STM32F1xx_HAL_Driver/Src/stm32f1xx_hal_adc_ex.c ****     
1131:Drivers/STM32F1xx_HAL_Driver/Src/stm32f1xx_hal_adc_ex.c ****     /* Injected discontinuous can be enabled only if auto-injected mode is    */
1132:Drivers/STM32F1xx_HAL_Driver/Src/stm32f1xx_hal_adc_ex.c ****     /* disabled.                                                              */  
1133:Drivers/STM32F1xx_HAL_Driver/Src/stm32f1xx_hal_adc_ex.c ****     if (sConfigInjected->InjectedDiscontinuousConvMode == ENABLE)
 1679              		.loc 1 1133 5 is_stmt 1 view .LVU496
 1680              		.loc 1 1133 24 is_stmt 0 view .LVU497
 1681 0058 0A7D     		ldrb	r2, [r1, #20]	@ zero_extendqisi2
 1682              		.loc 1 1133 8 view .LVU498
 1683 005a 012A     		cmp	r2, #1
 1684 005c 00F08980 		beq	.L168
 1685              	.LVL104:
 1686              	.L151:
1134:Drivers/STM32F1xx_HAL_Driver/Src/stm32f1xx_hal_adc_ex.c ****     {
1135:Drivers/STM32F1xx_HAL_Driver/Src/stm32f1xx_hal_adc_ex.c ****       if (sConfigInjected->AutoInjectedConv == DISABLE)
1136:Drivers/STM32F1xx_HAL_Driver/Src/stm32f1xx_hal_adc_ex.c ****       {
1137:Drivers/STM32F1xx_HAL_Driver/Src/stm32f1xx_hal_adc_ex.c ****         SET_BIT(hadc->Instance->CR1, ADC_CR1_JDISCEN);
1138:Drivers/STM32F1xx_HAL_Driver/Src/stm32f1xx_hal_adc_ex.c ****       } 
1139:Drivers/STM32F1xx_HAL_Driver/Src/stm32f1xx_hal_adc_ex.c ****       else
1140:Drivers/STM32F1xx_HAL_Driver/Src/stm32f1xx_hal_adc_ex.c ****       {
1141:Drivers/STM32F1xx_HAL_Driver/Src/stm32f1xx_hal_adc_ex.c ****         /* Update ADC state machine to error */
1142:Drivers/STM32F1xx_HAL_Driver/Src/stm32f1xx_hal_adc_ex.c ****         SET_BIT(hadc->State, HAL_ADC_STATE_ERROR_CONFIG);
1143:Drivers/STM32F1xx_HAL_Driver/Src/stm32f1xx_hal_adc_ex.c ****         
1144:Drivers/STM32F1xx_HAL_Driver/Src/stm32f1xx_hal_adc_ex.c ****         tmp_hal_status = HAL_ERROR;
1145:Drivers/STM32F1xx_HAL_Driver/Src/stm32f1xx_hal_adc_ex.c ****       }
1146:Drivers/STM32F1xx_HAL_Driver/Src/stm32f1xx_hal_adc_ex.c ****     }
1147:Drivers/STM32F1xx_HAL_Driver/Src/stm32f1xx_hal_adc_ex.c **** 
1148:Drivers/STM32F1xx_HAL_Driver/Src/stm32f1xx_hal_adc_ex.c **** 
1149:Drivers/STM32F1xx_HAL_Driver/Src/stm32f1xx_hal_adc_ex.c ****   /* InjectedChannel sampling time configuration */
1150:Drivers/STM32F1xx_HAL_Driver/Src/stm32f1xx_hal_adc_ex.c ****   /* For channels 10 to 17 */
1151:Drivers/STM32F1xx_HAL_Driver/Src/stm32f1xx_hal_adc_ex.c ****   if (sConfigInjected->InjectedChannel >= ADC_CHANNEL_10)
 1687              		.loc 1 1151 3 is_stmt 1 view .LVU499
 1688              		.loc 1 1151 22 is_stmt 0 view .LVU500
 1689 0060 0A68     		ldr	r2, [r1]
 1690              		.loc 1 1151 6 view .LVU501
 1691 0062 092A     		cmp	r2, #9
 1692 0064 40F29980 		bls	.L153
1152:Drivers/STM32F1xx_HAL_Driver/Src/stm32f1xx_hal_adc_ex.c ****   {
1153:Drivers/STM32F1xx_HAL_Driver/Src/stm32f1xx_hal_adc_ex.c ****     MODIFY_REG(hadc->Instance->SMPR1                                                             ,
 1693              		.loc 1 1153 5 is_stmt 1 view .LVU502
 1694 0068 1C68     		ldr	r4, [r3]
 1695 006a D4F80CC0 		ldr	ip, [r4, #12]
 1696 006e 0A3A     		subs	r2, r2, #10
 1697 0070 02EB4202 		add	r2, r2, r2, lsl #1
 1698 0074 4FF0070E 		mov	lr, #7
 1699 0078 0EFA02FE 		lsl	lr, lr, r2
 1700 007c 2CEA0E0C 		bic	ip, ip, lr
 1701 0080 8C68     		ldr	r4, [r1, #8]
 1702 0082 04FA02F2 		lsl	r2, r4, r2
ARM GAS  /var/folders/y0/yl1wrqfd209ghqq3s8k8qc1m0000gn/T//ccTpawhR.s 			page 54


 1703 0086 4CEA0202 		orr	r2, ip, r2
 1704 008a 1C68     		ldr	r4, [r3]
 1705 008c E260     		str	r2, [r4, #12]
 1706              	.L154:
1154:Drivers/STM32F1xx_HAL_Driver/Src/stm32f1xx_hal_adc_ex.c ****                ADC_SMPR1(ADC_SMPR1_SMP10, sConfigInjected->InjectedChannel)                      ,
1155:Drivers/STM32F1xx_HAL_Driver/Src/stm32f1xx_hal_adc_ex.c ****                ADC_SMPR1(sConfigInjected->InjectedSamplingTime, sConfigInjected->InjectedChannel) )
1156:Drivers/STM32F1xx_HAL_Driver/Src/stm32f1xx_hal_adc_ex.c ****   }
1157:Drivers/STM32F1xx_HAL_Driver/Src/stm32f1xx_hal_adc_ex.c ****   else /* For channels 0 to 9 */
1158:Drivers/STM32F1xx_HAL_Driver/Src/stm32f1xx_hal_adc_ex.c ****   {
1159:Drivers/STM32F1xx_HAL_Driver/Src/stm32f1xx_hal_adc_ex.c ****     MODIFY_REG(hadc->Instance->SMPR2                                                             ,
1160:Drivers/STM32F1xx_HAL_Driver/Src/stm32f1xx_hal_adc_ex.c ****                ADC_SMPR2(ADC_SMPR2_SMP0, sConfigInjected->InjectedChannel)                       ,
1161:Drivers/STM32F1xx_HAL_Driver/Src/stm32f1xx_hal_adc_ex.c ****                ADC_SMPR2(sConfigInjected->InjectedSamplingTime, sConfigInjected->InjectedChannel) )
1162:Drivers/STM32F1xx_HAL_Driver/Src/stm32f1xx_hal_adc_ex.c ****   }
1163:Drivers/STM32F1xx_HAL_Driver/Src/stm32f1xx_hal_adc_ex.c ****   
1164:Drivers/STM32F1xx_HAL_Driver/Src/stm32f1xx_hal_adc_ex.c ****   /* If ADC1 InjectedChannel_16 or InjectedChannel_17 is selected, enable Temperature sensor  */
1165:Drivers/STM32F1xx_HAL_Driver/Src/stm32f1xx_hal_adc_ex.c ****   /* and VREFINT measurement path.                                            */
1166:Drivers/STM32F1xx_HAL_Driver/Src/stm32f1xx_hal_adc_ex.c ****   if ((sConfigInjected->InjectedChannel == ADC_CHANNEL_TEMPSENSOR) ||
 1707              		.loc 1 1166 3 view .LVU503
 1708              		.loc 1 1166 23 is_stmt 0 view .LVU504
 1709 008e 0A68     		ldr	r2, [r1]
 1710              		.loc 1 1166 68 view .LVU505
 1711 0090 103A     		subs	r2, r2, #16
 1712              		.loc 1 1166 6 view .LVU506
 1713 0092 012A     		cmp	r2, #1
 1714 0094 40F29480 		bls	.L169
 1715              	.L155:
1167:Drivers/STM32F1xx_HAL_Driver/Src/stm32f1xx_hal_adc_ex.c ****       (sConfigInjected->InjectedChannel == ADC_CHANNEL_VREFINT)      )
1168:Drivers/STM32F1xx_HAL_Driver/Src/stm32f1xx_hal_adc_ex.c ****   {
1169:Drivers/STM32F1xx_HAL_Driver/Src/stm32f1xx_hal_adc_ex.c ****     SET_BIT(hadc->Instance->CR2, ADC_CR2_TSVREFE);
1170:Drivers/STM32F1xx_HAL_Driver/Src/stm32f1xx_hal_adc_ex.c ****   }
1171:Drivers/STM32F1xx_HAL_Driver/Src/stm32f1xx_hal_adc_ex.c ****   
1172:Drivers/STM32F1xx_HAL_Driver/Src/stm32f1xx_hal_adc_ex.c ****   
1173:Drivers/STM32F1xx_HAL_Driver/Src/stm32f1xx_hal_adc_ex.c ****   /* Configure the offset: offset enable/disable, InjectedChannel, offset value */
1174:Drivers/STM32F1xx_HAL_Driver/Src/stm32f1xx_hal_adc_ex.c ****   switch(sConfigInjected->InjectedRank)
 1716              		.loc 1 1174 3 is_stmt 1 view .LVU507
 1717              		.loc 1 1174 25 is_stmt 0 view .LVU508
 1718 0098 4A68     		ldr	r2, [r1, #4]
 1719              		.loc 1 1174 3 view .LVU509
 1720 009a 022A     		cmp	r2, #2
 1721 009c 00F09980 		beq	.L156
 1722 00a0 032A     		cmp	r2, #3
 1723 00a2 00F0A180 		beq	.L157
 1724 00a6 012A     		cmp	r2, #1
 1725 00a8 40F0A980 		bne	.L158
1175:Drivers/STM32F1xx_HAL_Driver/Src/stm32f1xx_hal_adc_ex.c ****   {
1176:Drivers/STM32F1xx_HAL_Driver/Src/stm32f1xx_hal_adc_ex.c ****     case 1:
1177:Drivers/STM32F1xx_HAL_Driver/Src/stm32f1xx_hal_adc_ex.c ****       /* Set injected channel 1 offset */
1178:Drivers/STM32F1xx_HAL_Driver/Src/stm32f1xx_hal_adc_ex.c ****       MODIFY_REG(hadc->Instance->JOFR1,
 1726              		.loc 1 1178 7 is_stmt 1 view .LVU510
 1727 00ac D3F800C0 		ldr	ip, [r3]
 1728 00b0 DCF81420 		ldr	r2, [ip, #20]
 1729 00b4 6FF30B02 		bfc	r2, #0, #12
 1730 00b8 CC68     		ldr	r4, [r1, #12]
 1731 00ba 2243     		orrs	r2, r2, r4
 1732 00bc CCF81420 		str	r2, [ip, #20]
1179:Drivers/STM32F1xx_HAL_Driver/Src/stm32f1xx_hal_adc_ex.c ****                  ADC_JOFR1_JOFFSET1,
1180:Drivers/STM32F1xx_HAL_Driver/Src/stm32f1xx_hal_adc_ex.c ****                  sConfigInjected->InjectedOffset);
ARM GAS  /var/folders/y0/yl1wrqfd209ghqq3s8k8qc1m0000gn/T//ccTpawhR.s 			page 55


1181:Drivers/STM32F1xx_HAL_Driver/Src/stm32f1xx_hal_adc_ex.c ****       break;
 1733              		.loc 1 1181 7 view .LVU511
 1734              	.L159:
1182:Drivers/STM32F1xx_HAL_Driver/Src/stm32f1xx_hal_adc_ex.c ****     case 2:
1183:Drivers/STM32F1xx_HAL_Driver/Src/stm32f1xx_hal_adc_ex.c ****       /* Set injected channel 2 offset */
1184:Drivers/STM32F1xx_HAL_Driver/Src/stm32f1xx_hal_adc_ex.c ****       MODIFY_REG(hadc->Instance->JOFR2,
1185:Drivers/STM32F1xx_HAL_Driver/Src/stm32f1xx_hal_adc_ex.c ****                  ADC_JOFR2_JOFFSET2,
1186:Drivers/STM32F1xx_HAL_Driver/Src/stm32f1xx_hal_adc_ex.c ****                  sConfigInjected->InjectedOffset);
1187:Drivers/STM32F1xx_HAL_Driver/Src/stm32f1xx_hal_adc_ex.c ****       break;
1188:Drivers/STM32F1xx_HAL_Driver/Src/stm32f1xx_hal_adc_ex.c ****     case 3:
1189:Drivers/STM32F1xx_HAL_Driver/Src/stm32f1xx_hal_adc_ex.c ****       /* Set injected channel 3 offset */
1190:Drivers/STM32F1xx_HAL_Driver/Src/stm32f1xx_hal_adc_ex.c ****       MODIFY_REG(hadc->Instance->JOFR3,
1191:Drivers/STM32F1xx_HAL_Driver/Src/stm32f1xx_hal_adc_ex.c ****                  ADC_JOFR3_JOFFSET3,
1192:Drivers/STM32F1xx_HAL_Driver/Src/stm32f1xx_hal_adc_ex.c ****                  sConfigInjected->InjectedOffset);
1193:Drivers/STM32F1xx_HAL_Driver/Src/stm32f1xx_hal_adc_ex.c ****       break;
1194:Drivers/STM32F1xx_HAL_Driver/Src/stm32f1xx_hal_adc_ex.c ****     case 4:
1195:Drivers/STM32F1xx_HAL_Driver/Src/stm32f1xx_hal_adc_ex.c ****     default:
1196:Drivers/STM32F1xx_HAL_Driver/Src/stm32f1xx_hal_adc_ex.c ****       MODIFY_REG(hadc->Instance->JOFR4,
1197:Drivers/STM32F1xx_HAL_Driver/Src/stm32f1xx_hal_adc_ex.c ****                  ADC_JOFR4_JOFFSET4,
1198:Drivers/STM32F1xx_HAL_Driver/Src/stm32f1xx_hal_adc_ex.c ****                  sConfigInjected->InjectedOffset);
1199:Drivers/STM32F1xx_HAL_Driver/Src/stm32f1xx_hal_adc_ex.c ****       break;
1200:Drivers/STM32F1xx_HAL_Driver/Src/stm32f1xx_hal_adc_ex.c ****   }
1201:Drivers/STM32F1xx_HAL_Driver/Src/stm32f1xx_hal_adc_ex.c ****   
1202:Drivers/STM32F1xx_HAL_Driver/Src/stm32f1xx_hal_adc_ex.c ****   /* If ADC1 Channel_16 or Channel_17 is selected, enable Temperature sensor  */
1203:Drivers/STM32F1xx_HAL_Driver/Src/stm32f1xx_hal_adc_ex.c ****   /* and VREFINT measurement path.                                            */
1204:Drivers/STM32F1xx_HAL_Driver/Src/stm32f1xx_hal_adc_ex.c ****   if ((sConfigInjected->InjectedChannel == ADC_CHANNEL_TEMPSENSOR) ||
 1735              		.loc 1 1204 3 view .LVU512
 1736              		.loc 1 1204 23 is_stmt 0 view .LVU513
 1737 00c0 0A68     		ldr	r2, [r1]
 1738              		.loc 1 1204 68 view .LVU514
 1739 00c2 103A     		subs	r2, r2, #16
 1740              		.loc 1 1204 6 view .LVU515
 1741 00c4 012A     		cmp	r2, #1
 1742 00c6 40F2A580 		bls	.L170
 1743              	.LVL105:
 1744              	.L160:
1205:Drivers/STM32F1xx_HAL_Driver/Src/stm32f1xx_hal_adc_ex.c ****       (sConfigInjected->InjectedChannel == ADC_CHANNEL_VREFINT)      )
1206:Drivers/STM32F1xx_HAL_Driver/Src/stm32f1xx_hal_adc_ex.c ****   {
1207:Drivers/STM32F1xx_HAL_Driver/Src/stm32f1xx_hal_adc_ex.c ****     /* For STM32F1 devices with several ADC: Only ADC1 can access internal    */
1208:Drivers/STM32F1xx_HAL_Driver/Src/stm32f1xx_hal_adc_ex.c ****     /* measurement channels (VrefInt/TempSensor). If these channels are       */
1209:Drivers/STM32F1xx_HAL_Driver/Src/stm32f1xx_hal_adc_ex.c ****     /* intended to be set on other ADC instances, an error is reported.       */
1210:Drivers/STM32F1xx_HAL_Driver/Src/stm32f1xx_hal_adc_ex.c ****     if (hadc->Instance == ADC1)
1211:Drivers/STM32F1xx_HAL_Driver/Src/stm32f1xx_hal_adc_ex.c ****     {
1212:Drivers/STM32F1xx_HAL_Driver/Src/stm32f1xx_hal_adc_ex.c ****       if (READ_BIT(hadc->Instance->CR2, ADC_CR2_TSVREFE) == RESET)
1213:Drivers/STM32F1xx_HAL_Driver/Src/stm32f1xx_hal_adc_ex.c ****       {
1214:Drivers/STM32F1xx_HAL_Driver/Src/stm32f1xx_hal_adc_ex.c ****         SET_BIT(hadc->Instance->CR2, ADC_CR2_TSVREFE);
1215:Drivers/STM32F1xx_HAL_Driver/Src/stm32f1xx_hal_adc_ex.c ****         
1216:Drivers/STM32F1xx_HAL_Driver/Src/stm32f1xx_hal_adc_ex.c ****         if ((sConfigInjected->InjectedChannel == ADC_CHANNEL_TEMPSENSOR))
1217:Drivers/STM32F1xx_HAL_Driver/Src/stm32f1xx_hal_adc_ex.c ****         {
1218:Drivers/STM32F1xx_HAL_Driver/Src/stm32f1xx_hal_adc_ex.c ****           /* Delay for temperature sensor stabilization time */
1219:Drivers/STM32F1xx_HAL_Driver/Src/stm32f1xx_hal_adc_ex.c ****           /* Compute number of CPU cycles to wait for */
1220:Drivers/STM32F1xx_HAL_Driver/Src/stm32f1xx_hal_adc_ex.c ****           wait_loop_index = (ADC_TEMPSENSOR_DELAY_US * (SystemCoreClock / 1000000U));
1221:Drivers/STM32F1xx_HAL_Driver/Src/stm32f1xx_hal_adc_ex.c ****           while(wait_loop_index != 0U)
1222:Drivers/STM32F1xx_HAL_Driver/Src/stm32f1xx_hal_adc_ex.c ****           {
1223:Drivers/STM32F1xx_HAL_Driver/Src/stm32f1xx_hal_adc_ex.c ****             wait_loop_index--;
1224:Drivers/STM32F1xx_HAL_Driver/Src/stm32f1xx_hal_adc_ex.c ****           }
1225:Drivers/STM32F1xx_HAL_Driver/Src/stm32f1xx_hal_adc_ex.c ****         }
ARM GAS  /var/folders/y0/yl1wrqfd209ghqq3s8k8qc1m0000gn/T//ccTpawhR.s 			page 56


1226:Drivers/STM32F1xx_HAL_Driver/Src/stm32f1xx_hal_adc_ex.c ****       }
1227:Drivers/STM32F1xx_HAL_Driver/Src/stm32f1xx_hal_adc_ex.c ****     }
1228:Drivers/STM32F1xx_HAL_Driver/Src/stm32f1xx_hal_adc_ex.c ****     else
1229:Drivers/STM32F1xx_HAL_Driver/Src/stm32f1xx_hal_adc_ex.c ****     {
1230:Drivers/STM32F1xx_HAL_Driver/Src/stm32f1xx_hal_adc_ex.c ****       /* Update ADC state machine to error */
1231:Drivers/STM32F1xx_HAL_Driver/Src/stm32f1xx_hal_adc_ex.c ****       SET_BIT(hadc->State, HAL_ADC_STATE_ERROR_CONFIG);
1232:Drivers/STM32F1xx_HAL_Driver/Src/stm32f1xx_hal_adc_ex.c ****       
1233:Drivers/STM32F1xx_HAL_Driver/Src/stm32f1xx_hal_adc_ex.c ****       tmp_hal_status = HAL_ERROR;
1234:Drivers/STM32F1xx_HAL_Driver/Src/stm32f1xx_hal_adc_ex.c ****     }
1235:Drivers/STM32F1xx_HAL_Driver/Src/stm32f1xx_hal_adc_ex.c ****   }
1236:Drivers/STM32F1xx_HAL_Driver/Src/stm32f1xx_hal_adc_ex.c ****   
1237:Drivers/STM32F1xx_HAL_Driver/Src/stm32f1xx_hal_adc_ex.c ****   /* Process unlocked */
1238:Drivers/STM32F1xx_HAL_Driver/Src/stm32f1xx_hal_adc_ex.c ****   __HAL_UNLOCK(hadc);
 1745              		.loc 1 1238 3 is_stmt 1 view .LVU516
 1746              		.loc 1 1238 3 view .LVU517
 1747 00ca 0022     		movs	r2, #0
 1748 00cc 83F82420 		strb	r2, [r3, #36]
 1749              		.loc 1 1238 3 view .LVU518
1239:Drivers/STM32F1xx_HAL_Driver/Src/stm32f1xx_hal_adc_ex.c ****   
1240:Drivers/STM32F1xx_HAL_Driver/Src/stm32f1xx_hal_adc_ex.c ****   /* Return function status */
1241:Drivers/STM32F1xx_HAL_Driver/Src/stm32f1xx_hal_adc_ex.c ****   return tmp_hal_status;
 1750              		.loc 1 1241 3 view .LVU519
 1751              	.LVL106:
 1752              	.L143:
1242:Drivers/STM32F1xx_HAL_Driver/Src/stm32f1xx_hal_adc_ex.c **** }
 1753              		.loc 1 1242 1 is_stmt 0 view .LVU520
 1754 00d0 02B0     		add	sp, sp, #8
 1755              	.LCFI26:
 1756              		.cfi_remember_state
 1757              		.cfi_def_cfa_offset 8
 1758              		@ sp needed
 1759 00d2 10BD     		pop	{r4, pc}
 1760              	.LVL107:
 1761              	.L166:
 1762              	.LCFI27:
 1763              		.cfi_restore_state
1037:Drivers/STM32F1xx_HAL_Driver/Src/stm32f1xx_hal_adc_ex.c ****                  ADC_JSQR_JL   |
 1764              		.loc 1 1037 7 is_stmt 1 view .LVU521
 1765 00d4 0068     		ldr	r0, [r0]
 1766              	.LVL108:
1037:Drivers/STM32F1xx_HAL_Driver/Src/stm32f1xx_hal_adc_ex.c ****                  ADC_JSQR_JL   |
 1767              		.loc 1 1037 7 is_stmt 0 view .LVU522
 1768 00d6 826B     		ldr	r2, [r0, #56]
 1769 00d8 6FF31502 		bfc	r2, #0, #22
 1770 00dc 0C68     		ldr	r4, [r1]
 1771 00de 42EAC432 		orr	r2, r2, r4, lsl #15
 1772 00e2 8263     		str	r2, [r0, #56]
1002:Drivers/STM32F1xx_HAL_Driver/Src/stm32f1xx_hal_adc_ex.c ****   __IO uint32_t wait_loop_index = 0U;
 1773              		.loc 1 1002 21 view .LVU523
 1774 00e4 0020     		movs	r0, #0
 1775 00e6 A3E7     		b	.L146
 1776              	.LVL109:
 1777              	.L144:
1062:Drivers/STM32F1xx_HAL_Driver/Src/stm32f1xx_hal_adc_ex.c ****     {
 1778              		.loc 1 1062 5 is_stmt 1 view .LVU524
1062:Drivers/STM32F1xx_HAL_Driver/Src/stm32f1xx_hal_adc_ex.c ****     {
 1779              		.loc 1 1062 24 is_stmt 0 view .LVU525
ARM GAS  /var/folders/y0/yl1wrqfd209ghqq3s8k8qc1m0000gn/T//ccTpawhR.s 			page 57


 1780 00e8 4A68     		ldr	r2, [r1, #4]
1062:Drivers/STM32F1xx_HAL_Driver/Src/stm32f1xx_hal_adc_ex.c ****     {
 1781              		.loc 1 1062 57 view .LVU526
 1782 00ea 0869     		ldr	r0, [r1, #16]
 1783              	.LVL110:
1062:Drivers/STM32F1xx_HAL_Driver/Src/stm32f1xx_hal_adc_ex.c ****     {
 1784              		.loc 1 1062 8 view .LVU527
 1785 00ec 8242     		cmp	r2, r0
 1786 00ee 1AD8     		bhi	.L147
1066:Drivers/STM32F1xx_HAL_Driver/Src/stm32f1xx_hal_adc_ex.c ****                  
 1787              		.loc 1 1066 7 is_stmt 1 view .LVU528
 1788 00f0 1C68     		ldr	r4, [r3]
 1789 00f2 D4F838C0 		ldr	ip, [r4, #56]
 1790 00f6 121A     		subs	r2, r2, r0
 1791 00f8 02EB8202 		add	r2, r2, r2, lsl #2
 1792 00fc 0F32     		adds	r2, r2, #15
 1793 00fe 4FF01F0E 		mov	lr, #31
 1794 0102 0EFA02FE 		lsl	lr, lr, r2
 1795 0106 4EF4401E 		orr	lr, lr, #3145728
 1796 010a 2CEA0E0C 		bic	ip, ip, lr
 1797 010e 0138     		subs	r0, r0, #1
 1798 0110 0C68     		ldr	r4, [r1]
 1799 0112 04FA02F2 		lsl	r2, r4, r2
 1800 0116 42EA0052 		orr	r2, r2, r0, lsl #20
 1801 011a 4CEA0202 		orr	r2, ip, r2
 1802 011e 1868     		ldr	r0, [r3]
 1803 0120 8263     		str	r2, [r0, #56]
1002:Drivers/STM32F1xx_HAL_Driver/Src/stm32f1xx_hal_adc_ex.c ****   __IO uint32_t wait_loop_index = 0U;
 1804              		.loc 1 1002 21 is_stmt 0 view .LVU529
 1805 0122 0020     		movs	r0, #0
 1806 0124 84E7     		b	.L146
 1807              	.L147:
1081:Drivers/STM32F1xx_HAL_Driver/Src/stm32f1xx_hal_adc_ex.c ****                  
 1808              		.loc 1 1081 7 is_stmt 1 view .LVU530
 1809 0126 D3F800E0 		ldr	lr, [r3]
 1810 012a DEF838C0 		ldr	ip, [lr, #56]
 1811 012e 121A     		subs	r2, r2, r0
 1812 0130 02EB8202 		add	r2, r2, r2, lsl #2
 1813 0134 0F32     		adds	r2, r2, #15
 1814 0136 1F20     		movs	r0, #31
 1815 0138 00FA02F2 		lsl	r2, r0, r2
 1816 013c 42F44012 		orr	r2, r2, #3145728
 1817 0140 2CEA0202 		bic	r2, ip, r2
 1818 0144 CEF83820 		str	r2, [lr, #56]
1002:Drivers/STM32F1xx_HAL_Driver/Src/stm32f1xx_hal_adc_ex.c ****   __IO uint32_t wait_loop_index = 0U;
 1819              		.loc 1 1002 21 is_stmt 0 view .LVU531
 1820 0148 0020     		movs	r0, #0
 1821 014a 71E7     		b	.L146
 1822              	.LVL111:
 1823              	.L167:
1118:Drivers/STM32F1xx_HAL_Driver/Src/stm32f1xx_hal_adc_ex.c ****       {
 1824              		.loc 1 1118 7 is_stmt 1 view .LVU532
1118:Drivers/STM32F1xx_HAL_Driver/Src/stm32f1xx_hal_adc_ex.c ****       {
 1825              		.loc 1 1118 10 is_stmt 0 view .LVU533
 1826 014c 8C69     		ldr	r4, [r1, #24]
 1827 014e B4F5E04F 		cmp	r4, #28672
 1828 0152 05D0     		beq	.L171
ARM GAS  /var/folders/y0/yl1wrqfd209ghqq3s8k8qc1m0000gn/T//ccTpawhR.s 			page 58


1125:Drivers/STM32F1xx_HAL_Driver/Src/stm32f1xx_hal_adc_ex.c ****         
 1829              		.loc 1 1125 9 is_stmt 1 view .LVU534
 1830 0154 986A     		ldr	r0, [r3, #40]
 1831              	.LVL112:
1125:Drivers/STM32F1xx_HAL_Driver/Src/stm32f1xx_hal_adc_ex.c ****         
 1832              		.loc 1 1125 9 is_stmt 0 view .LVU535
 1833 0156 40F02000 		orr	r0, r0, #32
 1834 015a 9862     		str	r0, [r3, #40]
1127:Drivers/STM32F1xx_HAL_Driver/Src/stm32f1xx_hal_adc_ex.c ****       }
 1835              		.loc 1 1127 9 is_stmt 1 view .LVU536
 1836              	.LVL113:
1127:Drivers/STM32F1xx_HAL_Driver/Src/stm32f1xx_hal_adc_ex.c ****       }
 1837              		.loc 1 1127 24 is_stmt 0 view .LVU537
 1838 015c 1046     		mov	r0, r2
 1839 015e 7BE7     		b	.L149
 1840              	.LVL114:
 1841              	.L171:
1120:Drivers/STM32F1xx_HAL_Driver/Src/stm32f1xx_hal_adc_ex.c ****       }
 1842              		.loc 1 1120 9 is_stmt 1 view .LVU538
 1843 0160 D3F800C0 		ldr	ip, [r3]
 1844 0164 DCF80420 		ldr	r2, [ip, #4]
 1845 0168 42F48062 		orr	r2, r2, #1024
 1846 016c CCF80420 		str	r2, [ip, #4]
 1847 0170 72E7     		b	.L149
 1848              	.L168:
1135:Drivers/STM32F1xx_HAL_Driver/Src/stm32f1xx_hal_adc_ex.c ****       {
 1849              		.loc 1 1135 7 view .LVU539
1135:Drivers/STM32F1xx_HAL_Driver/Src/stm32f1xx_hal_adc_ex.c ****       {
 1850              		.loc 1 1135 26 is_stmt 0 view .LVU540
 1851 0172 91F815C0 		ldrb	ip, [r1, #21]	@ zero_extendqisi2
1135:Drivers/STM32F1xx_HAL_Driver/Src/stm32f1xx_hal_adc_ex.c ****       {
 1852              		.loc 1 1135 10 view .LVU541
 1853 0176 BCF1000F 		cmp	ip, #0
 1854 017a 08D1     		bne	.L152
1137:Drivers/STM32F1xx_HAL_Driver/Src/stm32f1xx_hal_adc_ex.c ****       } 
 1855              		.loc 1 1137 9 is_stmt 1 view .LVU542
 1856 017c D3F800C0 		ldr	ip, [r3]
 1857 0180 DCF80420 		ldr	r2, [ip, #4]
 1858 0184 42F48052 		orr	r2, r2, #4096
 1859 0188 CCF80420 		str	r2, [ip, #4]
 1860 018c 68E7     		b	.L151
 1861              	.L152:
1142:Drivers/STM32F1xx_HAL_Driver/Src/stm32f1xx_hal_adc_ex.c ****         
 1862              		.loc 1 1142 9 view .LVU543
 1863 018e 986A     		ldr	r0, [r3, #40]
 1864              	.LVL115:
1142:Drivers/STM32F1xx_HAL_Driver/Src/stm32f1xx_hal_adc_ex.c ****         
 1865              		.loc 1 1142 9 is_stmt 0 view .LVU544
 1866 0190 40F02000 		orr	r0, r0, #32
 1867 0194 9862     		str	r0, [r3, #40]
1144:Drivers/STM32F1xx_HAL_Driver/Src/stm32f1xx_hal_adc_ex.c ****       }
 1868              		.loc 1 1144 9 is_stmt 1 view .LVU545
 1869              	.LVL116:
1144:Drivers/STM32F1xx_HAL_Driver/Src/stm32f1xx_hal_adc_ex.c ****       }
 1870              		.loc 1 1144 24 is_stmt 0 view .LVU546
 1871 0196 1046     		mov	r0, r2
 1872 0198 62E7     		b	.L151
ARM GAS  /var/folders/y0/yl1wrqfd209ghqq3s8k8qc1m0000gn/T//ccTpawhR.s 			page 59


 1873              	.LVL117:
 1874              	.L153:
1159:Drivers/STM32F1xx_HAL_Driver/Src/stm32f1xx_hal_adc_ex.c ****                ADC_SMPR2(ADC_SMPR2_SMP0, sConfigInjected->InjectedChannel)                       ,
 1875              		.loc 1 1159 5 is_stmt 1 view .LVU547
 1876 019a 1C68     		ldr	r4, [r3]
 1877 019c D4F810C0 		ldr	ip, [r4, #16]
 1878 01a0 02EB4202 		add	r2, r2, r2, lsl #1
 1879 01a4 4FF0070E 		mov	lr, #7
 1880 01a8 0EFA02FE 		lsl	lr, lr, r2
 1881 01ac 2CEA0E0C 		bic	ip, ip, lr
 1882 01b0 8C68     		ldr	r4, [r1, #8]
 1883 01b2 04FA02F2 		lsl	r2, r4, r2
 1884 01b6 4CEA0202 		orr	r2, ip, r2
 1885 01ba 1C68     		ldr	r4, [r3]
 1886 01bc 2261     		str	r2, [r4, #16]
 1887 01be 66E7     		b	.L154
 1888              	.L169:
1169:Drivers/STM32F1xx_HAL_Driver/Src/stm32f1xx_hal_adc_ex.c ****   }
 1889              		.loc 1 1169 5 view .LVU548
 1890 01c0 D3F800C0 		ldr	ip, [r3]
 1891 01c4 DCF80820 		ldr	r2, [ip, #8]
 1892 01c8 42F40002 		orr	r2, r2, #8388608
 1893 01cc CCF80820 		str	r2, [ip, #8]
 1894 01d0 62E7     		b	.L155
 1895              	.L156:
1184:Drivers/STM32F1xx_HAL_Driver/Src/stm32f1xx_hal_adc_ex.c ****                  ADC_JOFR2_JOFFSET2,
 1896              		.loc 1 1184 7 view .LVU549
 1897 01d2 D3F800C0 		ldr	ip, [r3]
 1898 01d6 DCF81820 		ldr	r2, [ip, #24]
 1899 01da 6FF30B02 		bfc	r2, #0, #12
 1900 01de CC68     		ldr	r4, [r1, #12]
 1901 01e0 2243     		orrs	r2, r2, r4
 1902 01e2 CCF81820 		str	r2, [ip, #24]
1187:Drivers/STM32F1xx_HAL_Driver/Src/stm32f1xx_hal_adc_ex.c ****     case 3:
 1903              		.loc 1 1187 7 view .LVU550
 1904 01e6 6BE7     		b	.L159
 1905              	.L157:
1190:Drivers/STM32F1xx_HAL_Driver/Src/stm32f1xx_hal_adc_ex.c ****                  ADC_JOFR3_JOFFSET3,
 1906              		.loc 1 1190 7 view .LVU551
 1907 01e8 D3F800C0 		ldr	ip, [r3]
 1908 01ec DCF81C20 		ldr	r2, [ip, #28]
 1909 01f0 6FF30B02 		bfc	r2, #0, #12
 1910 01f4 CC68     		ldr	r4, [r1, #12]
 1911 01f6 2243     		orrs	r2, r2, r4
 1912 01f8 CCF81C20 		str	r2, [ip, #28]
1193:Drivers/STM32F1xx_HAL_Driver/Src/stm32f1xx_hal_adc_ex.c ****     case 4:
 1913              		.loc 1 1193 7 view .LVU552
 1914 01fc 60E7     		b	.L159
 1915              	.L158:
1196:Drivers/STM32F1xx_HAL_Driver/Src/stm32f1xx_hal_adc_ex.c ****                  ADC_JOFR4_JOFFSET4,
 1916              		.loc 1 1196 7 view .LVU553
 1917 01fe D3F800C0 		ldr	ip, [r3]
 1918 0202 DCF82020 		ldr	r2, [ip, #32]
 1919 0206 6FF30B02 		bfc	r2, #0, #12
 1920 020a CC68     		ldr	r4, [r1, #12]
 1921 020c 2243     		orrs	r2, r2, r4
 1922 020e CCF82020 		str	r2, [ip, #32]
ARM GAS  /var/folders/y0/yl1wrqfd209ghqq3s8k8qc1m0000gn/T//ccTpawhR.s 			page 60


1199:Drivers/STM32F1xx_HAL_Driver/Src/stm32f1xx_hal_adc_ex.c ****   }
 1923              		.loc 1 1199 7 view .LVU554
 1924 0212 55E7     		b	.L159
 1925              	.L170:
1210:Drivers/STM32F1xx_HAL_Driver/Src/stm32f1xx_hal_adc_ex.c ****     {
 1926              		.loc 1 1210 5 view .LVU555
1210:Drivers/STM32F1xx_HAL_Driver/Src/stm32f1xx_hal_adc_ex.c ****     {
 1927              		.loc 1 1210 13 is_stmt 0 view .LVU556
 1928 0214 1A68     		ldr	r2, [r3]
1210:Drivers/STM32F1xx_HAL_Driver/Src/stm32f1xx_hal_adc_ex.c ****     {
 1929              		.loc 1 1210 8 view .LVU557
 1930 0216 DFF85CC0 		ldr	ip, .L173
 1931 021a 6245     		cmp	r2, ip
 1932 021c 05D0     		beq	.L172
1231:Drivers/STM32F1xx_HAL_Driver/Src/stm32f1xx_hal_adc_ex.c ****       
 1933              		.loc 1 1231 7 is_stmt 1 view .LVU558
 1934 021e 9A6A     		ldr	r2, [r3, #40]
 1935 0220 42F02002 		orr	r2, r2, #32
 1936 0224 9A62     		str	r2, [r3, #40]
1233:Drivers/STM32F1xx_HAL_Driver/Src/stm32f1xx_hal_adc_ex.c ****     }
 1937              		.loc 1 1233 7 view .LVU559
 1938              	.LVL118:
1233:Drivers/STM32F1xx_HAL_Driver/Src/stm32f1xx_hal_adc_ex.c ****     }
 1939              		.loc 1 1233 22 is_stmt 0 view .LVU560
 1940 0226 0120     		movs	r0, #1
 1941 0228 4FE7     		b	.L160
 1942              	.LVL119:
 1943              	.L172:
1212:Drivers/STM32F1xx_HAL_Driver/Src/stm32f1xx_hal_adc_ex.c ****       {
 1944              		.loc 1 1212 7 is_stmt 1 view .LVU561
1212:Drivers/STM32F1xx_HAL_Driver/Src/stm32f1xx_hal_adc_ex.c ****       {
 1945              		.loc 1 1212 11 is_stmt 0 view .LVU562
 1946 022a D2F808C0 		ldr	ip, [r2, #8]
1212:Drivers/STM32F1xx_HAL_Driver/Src/stm32f1xx_hal_adc_ex.c ****       {
 1947              		.loc 1 1212 10 view .LVU563
 1948 022e 1CF4000F 		tst	ip, #8388608
 1949 0232 7FF44AAF 		bne	.L160
1214:Drivers/STM32F1xx_HAL_Driver/Src/stm32f1xx_hal_adc_ex.c ****         
 1950              		.loc 1 1214 9 is_stmt 1 view .LVU564
 1951 0236 D2F808C0 		ldr	ip, [r2, #8]
 1952 023a 4CF4000C 		orr	ip, ip, #8388608
 1953 023e C2F808C0 		str	ip, [r2, #8]
1216:Drivers/STM32F1xx_HAL_Driver/Src/stm32f1xx_hal_adc_ex.c ****         {
 1954              		.loc 1 1216 9 view .LVU565
1216:Drivers/STM32F1xx_HAL_Driver/Src/stm32f1xx_hal_adc_ex.c ****         {
 1955              		.loc 1 1216 29 is_stmt 0 view .LVU566
 1956 0242 0A68     		ldr	r2, [r1]
1216:Drivers/STM32F1xx_HAL_Driver/Src/stm32f1xx_hal_adc_ex.c ****         {
 1957              		.loc 1 1216 12 view .LVU567
 1958 0244 102A     		cmp	r2, #16
 1959 0246 7FF440AF 		bne	.L160
1220:Drivers/STM32F1xx_HAL_Driver/Src/stm32f1xx_hal_adc_ex.c ****           while(wait_loop_index != 0U)
 1960              		.loc 1 1220 11 is_stmt 1 view .LVU568
1220:Drivers/STM32F1xx_HAL_Driver/Src/stm32f1xx_hal_adc_ex.c ****           while(wait_loop_index != 0U)
 1961              		.loc 1 1220 73 is_stmt 0 view .LVU569
 1962 024a 0B4A     		ldr	r2, .L173+4
 1963 024c 1268     		ldr	r2, [r2]
ARM GAS  /var/folders/y0/yl1wrqfd209ghqq3s8k8qc1m0000gn/T//ccTpawhR.s 			page 61


 1964 024e 0B49     		ldr	r1, .L173+8
 1965              	.LVL120:
1220:Drivers/STM32F1xx_HAL_Driver/Src/stm32f1xx_hal_adc_ex.c ****           while(wait_loop_index != 0U)
 1966              		.loc 1 1220 73 view .LVU570
 1967 0250 A1FB0212 		umull	r1, r2, r1, r2
 1968 0254 920C     		lsrs	r2, r2, #18
1220:Drivers/STM32F1xx_HAL_Driver/Src/stm32f1xx_hal_adc_ex.c ****           while(wait_loop_index != 0U)
 1969              		.loc 1 1220 54 view .LVU571
 1970 0256 02EB8202 		add	r2, r2, r2, lsl #2
 1971 025a 5200     		lsls	r2, r2, #1
1220:Drivers/STM32F1xx_HAL_Driver/Src/stm32f1xx_hal_adc_ex.c ****           while(wait_loop_index != 0U)
 1972              		.loc 1 1220 27 view .LVU572
 1973 025c 0192     		str	r2, [sp, #4]
1221:Drivers/STM32F1xx_HAL_Driver/Src/stm32f1xx_hal_adc_ex.c ****           {
 1974              		.loc 1 1221 11 is_stmt 1 view .LVU573
1221:Drivers/STM32F1xx_HAL_Driver/Src/stm32f1xx_hal_adc_ex.c ****           {
 1975              		.loc 1 1221 16 is_stmt 0 view .LVU574
 1976 025e 02E0     		b	.L162
 1977              	.L163:
1223:Drivers/STM32F1xx_HAL_Driver/Src/stm32f1xx_hal_adc_ex.c ****           }
 1978              		.loc 1 1223 13 is_stmt 1 view .LVU575
1223:Drivers/STM32F1xx_HAL_Driver/Src/stm32f1xx_hal_adc_ex.c ****           }
 1979              		.loc 1 1223 28 is_stmt 0 view .LVU576
 1980 0260 019A     		ldr	r2, [sp, #4]
 1981 0262 013A     		subs	r2, r2, #1
 1982 0264 0192     		str	r2, [sp, #4]
 1983              	.L162:
1221:Drivers/STM32F1xx_HAL_Driver/Src/stm32f1xx_hal_adc_ex.c ****           {
 1984              		.loc 1 1221 33 is_stmt 1 view .LVU577
 1985 0266 019A     		ldr	r2, [sp, #4]
 1986 0268 002A     		cmp	r2, #0
 1987 026a F9D1     		bne	.L163
 1988 026c 2DE7     		b	.L160
 1989              	.LVL121:
 1990              	.L164:
1021:Drivers/STM32F1xx_HAL_Driver/Src/stm32f1xx_hal_adc_ex.c ****   
 1991              		.loc 1 1021 3 is_stmt 0 discriminator 1 view .LVU578
 1992 026e 0220     		movs	r0, #2
 1993              	.LVL122:
1021:Drivers/STM32F1xx_HAL_Driver/Src/stm32f1xx_hal_adc_ex.c ****   
 1994              		.loc 1 1021 3 discriminator 1 view .LVU579
 1995 0270 2EE7     		b	.L143
 1996              	.L174:
 1997 0272 00BF     		.align	2
 1998              	.L173:
 1999 0274 00240140 		.word	1073816576
 2000 0278 00000000 		.word	SystemCoreClock
 2001 027c 83DE1B43 		.word	1125899907
 2002              		.cfi_endproc
 2003              	.LFE76:
 2005              		.section	.text.HAL_ADCEx_MultiModeConfigChannel,"ax",%progbits
 2006              		.align	1
 2007              		.global	HAL_ADCEx_MultiModeConfigChannel
 2008              		.syntax unified
 2009              		.thumb
 2010              		.thumb_func
 2012              	HAL_ADCEx_MultiModeConfigChannel:
ARM GAS  /var/folders/y0/yl1wrqfd209ghqq3s8k8qc1m0000gn/T//ccTpawhR.s 			page 62


 2013              	.LVL123:
 2014              	.LFB77:
1243:Drivers/STM32F1xx_HAL_Driver/Src/stm32f1xx_hal_adc_ex.c **** 
1244:Drivers/STM32F1xx_HAL_Driver/Src/stm32f1xx_hal_adc_ex.c **** #if defined (STM32F103x6) || defined (STM32F103xB) || defined (STM32F105xC) || defined (STM32F107xC
1245:Drivers/STM32F1xx_HAL_Driver/Src/stm32f1xx_hal_adc_ex.c **** /**
1246:Drivers/STM32F1xx_HAL_Driver/Src/stm32f1xx_hal_adc_ex.c ****   * @brief  Enable ADC multimode and configure multimode parameters
1247:Drivers/STM32F1xx_HAL_Driver/Src/stm32f1xx_hal_adc_ex.c ****   * @note   Possibility to update parameters on the fly:
1248:Drivers/STM32F1xx_HAL_Driver/Src/stm32f1xx_hal_adc_ex.c ****   *         This function initializes multimode parameters, following  
1249:Drivers/STM32F1xx_HAL_Driver/Src/stm32f1xx_hal_adc_ex.c ****   *         calls to this function can be used to reconfigure some parameters 
1250:Drivers/STM32F1xx_HAL_Driver/Src/stm32f1xx_hal_adc_ex.c ****   *         of structure "ADC_MultiModeTypeDef" on the fly, without resetting 
1251:Drivers/STM32F1xx_HAL_Driver/Src/stm32f1xx_hal_adc_ex.c ****   *         the ADCs (both ADCs of the common group).
1252:Drivers/STM32F1xx_HAL_Driver/Src/stm32f1xx_hal_adc_ex.c ****   *         The setting of these parameters is conditioned to ADC state.
1253:Drivers/STM32F1xx_HAL_Driver/Src/stm32f1xx_hal_adc_ex.c ****   *         For parameters constraints, see comments of structure 
1254:Drivers/STM32F1xx_HAL_Driver/Src/stm32f1xx_hal_adc_ex.c ****   *         "ADC_MultiModeTypeDef".
1255:Drivers/STM32F1xx_HAL_Driver/Src/stm32f1xx_hal_adc_ex.c ****   * @note   To change back configuration from multimode to single mode, ADC must
1256:Drivers/STM32F1xx_HAL_Driver/Src/stm32f1xx_hal_adc_ex.c ****   *         be reset (using function HAL_ADC_Init() ).
1257:Drivers/STM32F1xx_HAL_Driver/Src/stm32f1xx_hal_adc_ex.c ****   * @param  hadc: ADC handle
1258:Drivers/STM32F1xx_HAL_Driver/Src/stm32f1xx_hal_adc_ex.c ****   * @param  multimode: Structure of ADC multimode configuration
1259:Drivers/STM32F1xx_HAL_Driver/Src/stm32f1xx_hal_adc_ex.c ****   * @retval HAL status
1260:Drivers/STM32F1xx_HAL_Driver/Src/stm32f1xx_hal_adc_ex.c ****   */
1261:Drivers/STM32F1xx_HAL_Driver/Src/stm32f1xx_hal_adc_ex.c **** HAL_StatusTypeDef HAL_ADCEx_MultiModeConfigChannel(ADC_HandleTypeDef* hadc, ADC_MultiModeTypeDef* m
1262:Drivers/STM32F1xx_HAL_Driver/Src/stm32f1xx_hal_adc_ex.c **** {
 2015              		.loc 1 1262 1 is_stmt 1 view -0
 2016              		.cfi_startproc
 2017              		@ args = 0, pretend = 0, frame = 48
 2018              		@ frame_needed = 0, uses_anonymous_args = 0
 2019              		.loc 1 1262 1 is_stmt 0 view .LVU581
 2020 0000 30B5     		push	{r4, r5, lr}
 2021              	.LCFI28:
 2022              		.cfi_def_cfa_offset 12
 2023              		.cfi_offset 4, -12
 2024              		.cfi_offset 5, -8
 2025              		.cfi_offset 14, -4
 2026 0002 8DB0     		sub	sp, sp, #52
 2027              	.LCFI29:
 2028              		.cfi_def_cfa_offset 64
 2029 0004 0446     		mov	r4, r0
 2030 0006 0D46     		mov	r5, r1
1263:Drivers/STM32F1xx_HAL_Driver/Src/stm32f1xx_hal_adc_ex.c ****   HAL_StatusTypeDef tmp_hal_status = HAL_OK;
 2031              		.loc 1 1263 3 is_stmt 1 view .LVU582
 2032              	.LVL124:
1264:Drivers/STM32F1xx_HAL_Driver/Src/stm32f1xx_hal_adc_ex.c ****   ADC_HandleTypeDef tmphadcSlave={0};
 2033              		.loc 1 1264 3 view .LVU583
 2034              		.loc 1 1264 21 is_stmt 0 view .LVU584
 2035 0008 3022     		movs	r2, #48
 2036 000a 0021     		movs	r1, #0
 2037              	.LVL125:
 2038              		.loc 1 1264 21 view .LVU585
 2039 000c 6846     		mov	r0, sp
 2040              	.LVL126:
 2041              		.loc 1 1264 21 view .LVU586
 2042 000e FFF7FEFF 		bl	memset
 2043              	.LVL127:
1265:Drivers/STM32F1xx_HAL_Driver/Src/stm32f1xx_hal_adc_ex.c ****   
1266:Drivers/STM32F1xx_HAL_Driver/Src/stm32f1xx_hal_adc_ex.c ****   /* Check the parameters */
1267:Drivers/STM32F1xx_HAL_Driver/Src/stm32f1xx_hal_adc_ex.c ****   assert_param(IS_ADC_MULTIMODE_MASTER_INSTANCE(hadc->Instance));
 2044              		.loc 1 1267 3 is_stmt 1 view .LVU587
ARM GAS  /var/folders/y0/yl1wrqfd209ghqq3s8k8qc1m0000gn/T//ccTpawhR.s 			page 63


1268:Drivers/STM32F1xx_HAL_Driver/Src/stm32f1xx_hal_adc_ex.c ****   assert_param(IS_ADC_MODE(multimode->Mode));
 2045              		.loc 1 1268 3 view .LVU588
1269:Drivers/STM32F1xx_HAL_Driver/Src/stm32f1xx_hal_adc_ex.c ****   
1270:Drivers/STM32F1xx_HAL_Driver/Src/stm32f1xx_hal_adc_ex.c ****   /* Process locked */
1271:Drivers/STM32F1xx_HAL_Driver/Src/stm32f1xx_hal_adc_ex.c ****   __HAL_LOCK(hadc);
 2046              		.loc 1 1271 3 view .LVU589
 2047              		.loc 1 1271 3 view .LVU590
 2048 0012 94F82430 		ldrb	r3, [r4, #36]	@ zero_extendqisi2
 2049 0016 012B     		cmp	r3, #1
 2050 0018 23D0     		beq	.L179
 2051              		.loc 1 1271 3 discriminator 2 view .LVU591
 2052 001a 0123     		movs	r3, #1
 2053 001c 84F82430 		strb	r3, [r4, #36]
 2054              		.loc 1 1271 3 view .LVU592
1272:Drivers/STM32F1xx_HAL_Driver/Src/stm32f1xx_hal_adc_ex.c ****   
1273:Drivers/STM32F1xx_HAL_Driver/Src/stm32f1xx_hal_adc_ex.c ****   /* Set a temporary handle of the ADC slave associated to the ADC master     */
1274:Drivers/STM32F1xx_HAL_Driver/Src/stm32f1xx_hal_adc_ex.c ****   ADC_MULTI_SLAVE(hadc, &tmphadcSlave);
 2055              		.loc 1 1274 3 view .LVU593
 2056 0020 114B     		ldr	r3, .L182
 2057 0022 0093     		str	r3, [sp]
1275:Drivers/STM32F1xx_HAL_Driver/Src/stm32f1xx_hal_adc_ex.c ****   
1276:Drivers/STM32F1xx_HAL_Driver/Src/stm32f1xx_hal_adc_ex.c ****   /* Parameters update conditioned to ADC state:                              */
1277:Drivers/STM32F1xx_HAL_Driver/Src/stm32f1xx_hal_adc_ex.c ****   /* Parameters that can be updated when ADC is disabled or enabled without   */
1278:Drivers/STM32F1xx_HAL_Driver/Src/stm32f1xx_hal_adc_ex.c ****   /* conversion on going on regular group:                                    */
1279:Drivers/STM32F1xx_HAL_Driver/Src/stm32f1xx_hal_adc_ex.c ****   /*  - ADC master and ADC slave DMA configuration                            */
1280:Drivers/STM32F1xx_HAL_Driver/Src/stm32f1xx_hal_adc_ex.c ****   /* Parameters that can be updated only when ADC is disabled:                */
1281:Drivers/STM32F1xx_HAL_Driver/Src/stm32f1xx_hal_adc_ex.c ****   /*  - Multimode mode selection                                              */
1282:Drivers/STM32F1xx_HAL_Driver/Src/stm32f1xx_hal_adc_ex.c ****   /* To optimize code, all multimode settings can be set when both ADCs of    */
1283:Drivers/STM32F1xx_HAL_Driver/Src/stm32f1xx_hal_adc_ex.c ****   /* the common group are in state: disabled.                                 */
1284:Drivers/STM32F1xx_HAL_Driver/Src/stm32f1xx_hal_adc_ex.c ****   if ((ADC_IS_ENABLE(hadc) == RESET)                     &&
 2058              		.loc 1 1284 3 view .LVU594
 2059              		.loc 1 1284 8 is_stmt 0 view .LVU595
 2060 0024 2368     		ldr	r3, [r4]
 2061 0026 9A68     		ldr	r2, [r3, #8]
 2062              		.loc 1 1284 6 view .LVU596
 2063 0028 12F0010F 		tst	r2, #1
 2064 002c 07D1     		bne	.L177
1285:Drivers/STM32F1xx_HAL_Driver/Src/stm32f1xx_hal_adc_ex.c ****       (ADC_IS_ENABLE(&tmphadcSlave) == RESET)            &&
 2065              		.loc 1 1285 8 view .LVU597
 2066 002e 0E4A     		ldr	r2, .L182
 2067 0030 9268     		ldr	r2, [r2, #8]
1284:Drivers/STM32F1xx_HAL_Driver/Src/stm32f1xx_hal_adc_ex.c ****       (ADC_IS_ENABLE(&tmphadcSlave) == RESET)            &&
 2068              		.loc 1 1284 58 discriminator 1 view .LVU598
 2069 0032 12F0010F 		tst	r2, #1
 2070 0036 02D1     		bne	.L177
 2071              		.loc 1 1285 58 view .LVU599
 2072 0038 0C4A     		ldr	r2, .L182+4
 2073 003a 9342     		cmp	r3, r2
 2074 003c 09D0     		beq	.L181
 2075              	.L177:
1286:Drivers/STM32F1xx_HAL_Driver/Src/stm32f1xx_hal_adc_ex.c ****       (IS_ADC_MULTIMODE_MASTER_INSTANCE(hadc->Instance))   )
1287:Drivers/STM32F1xx_HAL_Driver/Src/stm32f1xx_hal_adc_ex.c ****   {
1288:Drivers/STM32F1xx_HAL_Driver/Src/stm32f1xx_hal_adc_ex.c ****     MODIFY_REG(hadc->Instance->CR1,
1289:Drivers/STM32F1xx_HAL_Driver/Src/stm32f1xx_hal_adc_ex.c ****                ADC_CR1_DUALMOD    ,
1290:Drivers/STM32F1xx_HAL_Driver/Src/stm32f1xx_hal_adc_ex.c ****                multimode->Mode     );
1291:Drivers/STM32F1xx_HAL_Driver/Src/stm32f1xx_hal_adc_ex.c ****   }
1292:Drivers/STM32F1xx_HAL_Driver/Src/stm32f1xx_hal_adc_ex.c ****   /* If one of the ADC sharing the same common group is enabled, no update    */
ARM GAS  /var/folders/y0/yl1wrqfd209ghqq3s8k8qc1m0000gn/T//ccTpawhR.s 			page 64


1293:Drivers/STM32F1xx_HAL_Driver/Src/stm32f1xx_hal_adc_ex.c ****   /* could be done on neither of the multimode structure parameters.          */
1294:Drivers/STM32F1xx_HAL_Driver/Src/stm32f1xx_hal_adc_ex.c ****   else
1295:Drivers/STM32F1xx_HAL_Driver/Src/stm32f1xx_hal_adc_ex.c ****   {
1296:Drivers/STM32F1xx_HAL_Driver/Src/stm32f1xx_hal_adc_ex.c ****     /* Update ADC state machine to error */
1297:Drivers/STM32F1xx_HAL_Driver/Src/stm32f1xx_hal_adc_ex.c ****     SET_BIT(hadc->State, HAL_ADC_STATE_ERROR_CONFIG);
 2076              		.loc 1 1297 5 is_stmt 1 view .LVU600
 2077 003e A36A     		ldr	r3, [r4, #40]
 2078 0040 43F02003 		orr	r3, r3, #32
 2079 0044 A362     		str	r3, [r4, #40]
1298:Drivers/STM32F1xx_HAL_Driver/Src/stm32f1xx_hal_adc_ex.c ****     
1299:Drivers/STM32F1xx_HAL_Driver/Src/stm32f1xx_hal_adc_ex.c ****     tmp_hal_status = HAL_ERROR;
 2080              		.loc 1 1299 5 view .LVU601
 2081              	.LVL128:
 2082              		.loc 1 1299 20 is_stmt 0 view .LVU602
 2083 0046 0120     		movs	r0, #1
 2084              	.LVL129:
 2085              	.L178:
1300:Drivers/STM32F1xx_HAL_Driver/Src/stm32f1xx_hal_adc_ex.c ****   }
1301:Drivers/STM32F1xx_HAL_Driver/Src/stm32f1xx_hal_adc_ex.c ****     
1302:Drivers/STM32F1xx_HAL_Driver/Src/stm32f1xx_hal_adc_ex.c ****     
1303:Drivers/STM32F1xx_HAL_Driver/Src/stm32f1xx_hal_adc_ex.c ****   /* Process unlocked */
1304:Drivers/STM32F1xx_HAL_Driver/Src/stm32f1xx_hal_adc_ex.c ****   __HAL_UNLOCK(hadc);
 2086              		.loc 1 1304 3 is_stmt 1 view .LVU603
 2087              		.loc 1 1304 3 view .LVU604
 2088 0048 0023     		movs	r3, #0
 2089 004a 84F82430 		strb	r3, [r4, #36]
 2090              		.loc 1 1304 3 view .LVU605
1305:Drivers/STM32F1xx_HAL_Driver/Src/stm32f1xx_hal_adc_ex.c ****   
1306:Drivers/STM32F1xx_HAL_Driver/Src/stm32f1xx_hal_adc_ex.c ****   /* Return function status */
1307:Drivers/STM32F1xx_HAL_Driver/Src/stm32f1xx_hal_adc_ex.c ****   return tmp_hal_status;
 2091              		.loc 1 1307 3 view .LVU606
 2092              	.LVL130:
 2093              	.L176:
1308:Drivers/STM32F1xx_HAL_Driver/Src/stm32f1xx_hal_adc_ex.c **** } 
 2094              		.loc 1 1308 1 is_stmt 0 view .LVU607
 2095 004e 0DB0     		add	sp, sp, #52
 2096              	.LCFI30:
 2097              		.cfi_remember_state
 2098              		.cfi_def_cfa_offset 12
 2099              		@ sp needed
 2100 0050 30BD     		pop	{r4, r5, pc}
 2101              	.LVL131:
 2102              	.L181:
 2103              	.LCFI31:
 2104              		.cfi_restore_state
1288:Drivers/STM32F1xx_HAL_Driver/Src/stm32f1xx_hal_adc_ex.c ****                ADC_CR1_DUALMOD    ,
 2105              		.loc 1 1288 5 is_stmt 1 view .LVU608
 2106 0052 5A68     		ldr	r2, [r3, #4]
 2107 0054 22F47022 		bic	r2, r2, #983040
 2108 0058 2968     		ldr	r1, [r5]
 2109 005a 0A43     		orrs	r2, r2, r1
 2110 005c 5A60     		str	r2, [r3, #4]
1263:Drivers/STM32F1xx_HAL_Driver/Src/stm32f1xx_hal_adc_ex.c ****   ADC_HandleTypeDef tmphadcSlave={0};
 2111              		.loc 1 1263 21 is_stmt 0 view .LVU609
 2112 005e 0020     		movs	r0, #0
1288:Drivers/STM32F1xx_HAL_Driver/Src/stm32f1xx_hal_adc_ex.c ****                ADC_CR1_DUALMOD    ,
 2113              		.loc 1 1288 5 view .LVU610
ARM GAS  /var/folders/y0/yl1wrqfd209ghqq3s8k8qc1m0000gn/T//ccTpawhR.s 			page 65


 2114 0060 F2E7     		b	.L178
 2115              	.L179:
1271:Drivers/STM32F1xx_HAL_Driver/Src/stm32f1xx_hal_adc_ex.c ****   
 2116              		.loc 1 1271 3 discriminator 1 view .LVU611
 2117 0062 0220     		movs	r0, #2
 2118 0064 F3E7     		b	.L176
 2119              	.L183:
 2120 0066 00BF     		.align	2
 2121              	.L182:
 2122 0068 00280140 		.word	1073817600
 2123 006c 00240140 		.word	1073816576
 2124              		.cfi_endproc
 2125              	.LFE77:
 2127              		.text
 2128              	.Letext0:
 2129              		.file 2 "/Applications/ArmGNUToolchain/15.3.rel1/arm-none-eabi/arm-none-eabi/include/machine/_defa
 2130              		.file 3 "/Applications/ArmGNUToolchain/15.3.rel1/arm-none-eabi/arm-none-eabi/include/sys/_stdint.h
 2131              		.file 4 "Drivers/CMSIS/Device/ST/STM32F1xx/Include/stm32f103xb.h"
 2132              		.file 5 "Drivers/CMSIS/Device/ST/STM32F1xx/Include/stm32f1xx.h"
 2133              		.file 6 "Drivers/STM32F1xx_HAL_Driver/Inc/stm32f1xx_hal_def.h"
 2134              		.file 7 "Drivers/STM32F1xx_HAL_Driver/Inc/stm32f1xx_hal_dma.h"
 2135              		.file 8 "Drivers/STM32F1xx_HAL_Driver/Inc/stm32f1xx_hal_adc.h"
 2136              		.file 9 "Drivers/STM32F1xx_HAL_Driver/Inc/stm32f1xx_hal_adc_ex.h"
 2137              		.file 10 "Drivers/STM32F1xx_HAL_Driver/Inc/stm32f1xx_hal_rcc_ex.h"
 2138              		.file 11 "Drivers/CMSIS/Device/ST/STM32F1xx/Include/system_stm32f1xx.h"
 2139              		.file 12 "Drivers/STM32F1xx_HAL_Driver/Inc/stm32f1xx_hal.h"
 2140              		.file 13 "<built-in>"
ARM GAS  /var/folders/y0/yl1wrqfd209ghqq3s8k8qc1m0000gn/T//ccTpawhR.s 			page 66


DEFINED SYMBOLS
                            *ABS*:00000000 stm32f1xx_hal_adc_ex.c
/var/folders/y0/yl1wrqfd209ghqq3s8k8qc1m0000gn/T//ccTpawhR.s:19     .text.HAL_ADCEx_Calibration_Start:00000000 $t
/var/folders/y0/yl1wrqfd209ghqq3s8k8qc1m0000gn/T//ccTpawhR.s:25     .text.HAL_ADCEx_Calibration_Start:00000000 HAL_ADCEx_Calibration_Start
/var/folders/y0/yl1wrqfd209ghqq3s8k8qc1m0000gn/T//ccTpawhR.s:252    .text.HAL_ADCEx_Calibration_Start:00000100 $d
/var/folders/y0/yl1wrqfd209ghqq3s8k8qc1m0000gn/T//ccTpawhR.s:257    .text.HAL_ADCEx_InjectedStart:00000000 $t
/var/folders/y0/yl1wrqfd209ghqq3s8k8qc1m0000gn/T//ccTpawhR.s:263    .text.HAL_ADCEx_InjectedStart:00000000 HAL_ADCEx_InjectedStart
/var/folders/y0/yl1wrqfd209ghqq3s8k8qc1m0000gn/T//ccTpawhR.s:405    .text.HAL_ADCEx_InjectedStart:000000b4 $d
/var/folders/y0/yl1wrqfd209ghqq3s8k8qc1m0000gn/T//ccTpawhR.s:410    .text.HAL_ADCEx_InjectedStop:00000000 $t
/var/folders/y0/yl1wrqfd209ghqq3s8k8qc1m0000gn/T//ccTpawhR.s:416    .text.HAL_ADCEx_InjectedStop:00000000 HAL_ADCEx_InjectedStop
/var/folders/y0/yl1wrqfd209ghqq3s8k8qc1m0000gn/T//ccTpawhR.s:504    .text.HAL_ADCEx_InjectedPollForConversion:00000000 $t
/var/folders/y0/yl1wrqfd209ghqq3s8k8qc1m0000gn/T//ccTpawhR.s:510    .text.HAL_ADCEx_InjectedPollForConversion:00000000 HAL_ADCEx_InjectedPollForConversion
/var/folders/y0/yl1wrqfd209ghqq3s8k8qc1m0000gn/T//ccTpawhR.s:819    .text.HAL_ADCEx_InjectedPollForConversion:00000168 $d
/var/folders/y0/yl1wrqfd209ghqq3s8k8qc1m0000gn/T//ccTpawhR.s:828    .text.HAL_ADCEx_InjectedStart_IT:00000000 $t
/var/folders/y0/yl1wrqfd209ghqq3s8k8qc1m0000gn/T//ccTpawhR.s:834    .text.HAL_ADCEx_InjectedStart_IT:00000000 HAL_ADCEx_InjectedStart_IT
/var/folders/y0/yl1wrqfd209ghqq3s8k8qc1m0000gn/T//ccTpawhR.s:981    .text.HAL_ADCEx_InjectedStart_IT:000000bc $d
/var/folders/y0/yl1wrqfd209ghqq3s8k8qc1m0000gn/T//ccTpawhR.s:986    .text.HAL_ADCEx_InjectedStop_IT:00000000 $t
/var/folders/y0/yl1wrqfd209ghqq3s8k8qc1m0000gn/T//ccTpawhR.s:992    .text.HAL_ADCEx_InjectedStop_IT:00000000 HAL_ADCEx_InjectedStop_IT
/var/folders/y0/yl1wrqfd209ghqq3s8k8qc1m0000gn/T//ccTpawhR.s:1085   .text.HAL_ADCEx_MultiModeStart_DMA:00000000 $t
/var/folders/y0/yl1wrqfd209ghqq3s8k8qc1m0000gn/T//ccTpawhR.s:1091   .text.HAL_ADCEx_MultiModeStart_DMA:00000000 HAL_ADCEx_MultiModeStart_DMA
/var/folders/y0/yl1wrqfd209ghqq3s8k8qc1m0000gn/T//ccTpawhR.s:1299   .text.HAL_ADCEx_MultiModeStart_DMA:000000ec $d
/var/folders/y0/yl1wrqfd209ghqq3s8k8qc1m0000gn/T//ccTpawhR.s:1308   .text.HAL_ADCEx_MultiModeStop_DMA:00000000 $t
/var/folders/y0/yl1wrqfd209ghqq3s8k8qc1m0000gn/T//ccTpawhR.s:1314   .text.HAL_ADCEx_MultiModeStop_DMA:00000000 HAL_ADCEx_MultiModeStop_DMA
/var/folders/y0/yl1wrqfd209ghqq3s8k8qc1m0000gn/T//ccTpawhR.s:1442   .text.HAL_ADCEx_MultiModeStop_DMA:00000080 $d
/var/folders/y0/yl1wrqfd209ghqq3s8k8qc1m0000gn/T//ccTpawhR.s:1447   .text.HAL_ADCEx_InjectedGetValue:00000000 $t
/var/folders/y0/yl1wrqfd209ghqq3s8k8qc1m0000gn/T//ccTpawhR.s:1453   .text.HAL_ADCEx_InjectedGetValue:00000000 HAL_ADCEx_InjectedGetValue
/var/folders/y0/yl1wrqfd209ghqq3s8k8qc1m0000gn/T//ccTpawhR.s:1515   .text.HAL_ADCEx_MultiModeGetValue:00000000 $t
/var/folders/y0/yl1wrqfd209ghqq3s8k8qc1m0000gn/T//ccTpawhR.s:1521   .text.HAL_ADCEx_MultiModeGetValue:00000000 HAL_ADCEx_MultiModeGetValue
/var/folders/y0/yl1wrqfd209ghqq3s8k8qc1m0000gn/T//ccTpawhR.s:1559   .text.HAL_ADCEx_MultiModeGetValue:00000018 $d
/var/folders/y0/yl1wrqfd209ghqq3s8k8qc1m0000gn/T//ccTpawhR.s:1565   .text.HAL_ADCEx_InjectedConvCpltCallback:00000000 $t
/var/folders/y0/yl1wrqfd209ghqq3s8k8qc1m0000gn/T//ccTpawhR.s:1571   .text.HAL_ADCEx_InjectedConvCpltCallback:00000000 HAL_ADCEx_InjectedConvCpltCallback
/var/folders/y0/yl1wrqfd209ghqq3s8k8qc1m0000gn/T//ccTpawhR.s:1586   .text.HAL_ADCEx_InjectedConfigChannel:00000000 $t
/var/folders/y0/yl1wrqfd209ghqq3s8k8qc1m0000gn/T//ccTpawhR.s:1592   .text.HAL_ADCEx_InjectedConfigChannel:00000000 HAL_ADCEx_InjectedConfigChannel
/var/folders/y0/yl1wrqfd209ghqq3s8k8qc1m0000gn/T//ccTpawhR.s:1999   .text.HAL_ADCEx_InjectedConfigChannel:00000274 $d
/var/folders/y0/yl1wrqfd209ghqq3s8k8qc1m0000gn/T//ccTpawhR.s:2006   .text.HAL_ADCEx_MultiModeConfigChannel:00000000 $t
/var/folders/y0/yl1wrqfd209ghqq3s8k8qc1m0000gn/T//ccTpawhR.s:2012   .text.HAL_ADCEx_MultiModeConfigChannel:00000000 HAL_ADCEx_MultiModeConfigChannel
/var/folders/y0/yl1wrqfd209ghqq3s8k8qc1m0000gn/T//ccTpawhR.s:2122   .text.HAL_ADCEx_MultiModeConfigChannel:00000068 $d

UNDEFINED SYMBOLS
ADC_ConversionStop_Disable
ADC_Enable
HAL_RCCEx_GetPeriphCLKFreq
HAL_GetTick
SystemCoreClock
memset
HAL_DMA_Start_IT
ADC_DMAConvCplt
ADC_DMAHalfConvCplt
ADC_DMAError
HAL_DMA_Abort
