ARM GAS  /var/folders/y0/yl1wrqfd209ghqq3s8k8qc1m0000gn/T//ccIYkVUE.s 			page 1


   1              		.cpu cortex-m3
   2              		.arch armv7-m
   3              		.fpu softvfp
   4              		.eabi_attribute 20, 1
   5              		.eabi_attribute 21, 1
   6              		.eabi_attribute 23, 3
   7              		.eabi_attribute 24, 1
   8              		.eabi_attribute 25, 1
   9              		.eabi_attribute 26, 1
  10              		.eabi_attribute 30, 1
  11              		.eabi_attribute 34, 1
  12              		.eabi_attribute 18, 4
  13              		.file	"driver_max7219.c"
  14              		.text
  15              	.Ltext0:
  16              		.cfi_sections	.debug_frame
  17              		.file 1 "Core/Src/driver_max7219.c"
  18              		.section	.rodata.max7219_set_display.str1.4,"aMS",%progbits,1
  19              		.align	2
  20              	.LC0:
  21 0000 6D617837 		.ascii	"max7219: write failed.\012\000"
  21      3231393A 
  21      20777269 
  21      74652066 
  21      61696C65 
  22              		.section	.text.max7219_set_display,"ax",%progbits
  23              		.align	1
  24              		.global	max7219_set_display
  25              		.syntax unified
  26              		.thumb
  27              		.thumb_func
  29              	max7219_set_display:
  30              	.LVL0:
  31              	.LFB3:
   1:Core/Src/driver_max7219.c **** /**
   2:Core/Src/driver_max7219.c ****  * Copyright (c) 2015 - present LibDriver All rights reserved
   3:Core/Src/driver_max7219.c ****  * 
   4:Core/Src/driver_max7219.c ****  * The MIT License (MIT)
   5:Core/Src/driver_max7219.c ****  *
   6:Core/Src/driver_max7219.c ****  * Permission is hereby granted, free of charge, to any person obtaining a copy
   7:Core/Src/driver_max7219.c ****  * of this software and associated documentation files (the "Software"), to deal
   8:Core/Src/driver_max7219.c ****  * in the Software without restriction, including without limitation the rights
   9:Core/Src/driver_max7219.c ****  * to use, copy, modify, merge, publish, distribute, sublicense, and/or sell
  10:Core/Src/driver_max7219.c ****  * copies of the Software, and to permit persons to whom the Software is
  11:Core/Src/driver_max7219.c ****  * furnished to do so, subject to the following conditions:
  12:Core/Src/driver_max7219.c ****  *
  13:Core/Src/driver_max7219.c ****  * The above copyright notice and this permission notice shall be included in all
  14:Core/Src/driver_max7219.c ****  * copies or substantial portions of the Software.
  15:Core/Src/driver_max7219.c ****  *
  16:Core/Src/driver_max7219.c ****  * THE SOFTWARE IS PROVIDED "AS IS", WITHOUT WARRANTY OF ANY KIND, EXPRESS OR
  17:Core/Src/driver_max7219.c ****  * IMPLIED, INCLUDING BUT NOT LIMITED TO THE WARRANTIES OF MERCHANTABILITY,
  18:Core/Src/driver_max7219.c ****  * FITNESS FOR A PARTICULAR PURPOSE AND NONINFRINGEMENT. IN NO EVENT SHALL THE
  19:Core/Src/driver_max7219.c ****  * AUTHORS OR COPYRIGHT HOLDERS BE LIABLE FOR ANY CLAIM, DAMAGES OR OTHER
  20:Core/Src/driver_max7219.c ****  * LIABILITY, WHETHER IN AN ACTION OF CONTRACT, TORT OR OTHERWISE, ARISING FROM,
  21:Core/Src/driver_max7219.c ****  * OUT OF OR IN CONNECTION WITH THE SOFTWARE OR THE USE OR OTHER DEALINGS IN THE
  22:Core/Src/driver_max7219.c ****  * SOFTWARE. 
  23:Core/Src/driver_max7219.c ****  *
ARM GAS  /var/folders/y0/yl1wrqfd209ghqq3s8k8qc1m0000gn/T//ccIYkVUE.s 			page 2


  24:Core/Src/driver_max7219.c ****  * @file      driver_max7219.c
  25:Core/Src/driver_max7219.c ****  * @brief     driver max7219 source file
  26:Core/Src/driver_max7219.c ****  * @version   2.0.0
  27:Core/Src/driver_max7219.c ****  * @author    Shifeng Li
  28:Core/Src/driver_max7219.c ****  * @date      2021-03-22
  29:Core/Src/driver_max7219.c ****  *
  30:Core/Src/driver_max7219.c ****  * <h3>history</h3>
  31:Core/Src/driver_max7219.c ****  * <table>
  32:Core/Src/driver_max7219.c ****  * <tr><th>Date        <th>Version  <th>Author      <th>Description
  33:Core/Src/driver_max7219.c ****  * <tr><td>2021/03/22  <td>2.0      <td>Shifeng Li  <td>format the code
  34:Core/Src/driver_max7219.c ****  * <tr><td>2020/12/05  <td>1.0      <td>Shifeng Li  <td>first upload
  35:Core/Src/driver_max7219.c ****  * </table>
  36:Core/Src/driver_max7219.c ****  */
  37:Core/Src/driver_max7219.c ****   
  38:Core/Src/driver_max7219.c **** #include "driver_max7219.h"
  39:Core/Src/driver_max7219.c **** 
  40:Core/Src/driver_max7219.c **** /**
  41:Core/Src/driver_max7219.c ****  * @brief chip information definition
  42:Core/Src/driver_max7219.c ****  */
  43:Core/Src/driver_max7219.c **** #define CHIP_NAME                 "Maxim Integrated MAX7219"        /**< chip name */
  44:Core/Src/driver_max7219.c **** #define MANUFACTURER_NAME         "Maxim Integrated"                /**< manufacturer name */
  45:Core/Src/driver_max7219.c **** #define SUPPLY_VOLTAGE_MIN        4.0f                              /**< chip min supply voltage */
  46:Core/Src/driver_max7219.c **** #define SUPPLY_VOLTAGE_MAX        5.5f                              /**< chip max supply voltage */
  47:Core/Src/driver_max7219.c **** #define MAX_CURRENT               320.0f                            /**< chip max current */
  48:Core/Src/driver_max7219.c **** #define TEMPERATURE_MIN           -40.0f                            /**< chip min operating tempera
  49:Core/Src/driver_max7219.c **** #define TEMPERATURE_MAX           85.0f                             /**< chip max operating tempera
  50:Core/Src/driver_max7219.c **** #define DRIVER_VERSION            2000                              /**< driver version */
  51:Core/Src/driver_max7219.c **** 
  52:Core/Src/driver_max7219.c **** /**
  53:Core/Src/driver_max7219.c ****  * @brief chip register definition
  54:Core/Src/driver_max7219.c ****  */
  55:Core/Src/driver_max7219.c **** #define MAX7219_REG_DECODE              0x09        /**< decode register */
  56:Core/Src/driver_max7219.c **** #define MAX7219_REG_INTENSITY           0x0A        /**< intensity register */
  57:Core/Src/driver_max7219.c **** #define MAX7219_REG_SCAN_LIMIT          0x0B        /**< scan limit register */
  58:Core/Src/driver_max7219.c **** #define MAX7219_REG_SHUT_DOWN           0x0C        /**< shut down register */
  59:Core/Src/driver_max7219.c **** #define MAX7219_REG_DISPLAY_TEST        0x0F        /**< display test register */
  60:Core/Src/driver_max7219.c **** 
  61:Core/Src/driver_max7219.c **** /**
  62:Core/Src/driver_max7219.c ****  * @brief     set the display content
  63:Core/Src/driver_max7219.c ****  * @param[in] *handle pointer to a max7219 handle structure
  64:Core/Src/driver_max7219.c ****  * @param[in] digital set part
  65:Core/Src/driver_max7219.c ****  * @param[in] data set data
  66:Core/Src/driver_max7219.c ****  * @return    status code
  67:Core/Src/driver_max7219.c ****  *            - 0 success
  68:Core/Src/driver_max7219.c ****  *            - 1 set display failed
  69:Core/Src/driver_max7219.c ****  *            - 2 handle is NULL
  70:Core/Src/driver_max7219.c ****  *            - 3 handle is not initialized
  71:Core/Src/driver_max7219.c ****  * @note      none
  72:Core/Src/driver_max7219.c ****  */
  73:Core/Src/driver_max7219.c **** uint8_t max7219_set_display(max7219_handle_t *handle, max7219_digital_t digital, uint8_t data)
  74:Core/Src/driver_max7219.c **** {
  32              		.loc 1 74 1 view -0
  33              		.cfi_startproc
  34              		@ args = 0, pretend = 0, frame = 8
  35              		@ frame_needed = 0, uses_anonymous_args = 0
  36              		.loc 1 74 1 is_stmt 0 view .LVU1
  37 0000 30B5     		push	{r4, r5, lr}
ARM GAS  /var/folders/y0/yl1wrqfd209ghqq3s8k8qc1m0000gn/T//ccIYkVUE.s 			page 3


  38              	.LCFI0:
  39              		.cfi_def_cfa_offset 12
  40              		.cfi_offset 4, -12
  41              		.cfi_offset 5, -8
  42              		.cfi_offset 14, -4
  43 0002 83B0     		sub	sp, sp, #12
  44              	.LCFI1:
  45              		.cfi_def_cfa_offset 24
  46 0004 8DF80720 		strb	r2, [sp, #7]
  75:Core/Src/driver_max7219.c ****     uint8_t res;
  47              		.loc 1 75 5 is_stmt 1 view .LVU2
  76:Core/Src/driver_max7219.c ****     
  77:Core/Src/driver_max7219.c ****     if (handle == NULL)                                         /* check handle */
  48              		.loc 1 77 5 view .LVU3
  49              		.loc 1 77 8 is_stmt 0 view .LVU4
  50 0008 98B1     		cbz	r0, .L3
  51 000a 0B46     		mov	r3, r1
  52 000c 0446     		mov	r4, r0
  78:Core/Src/driver_max7219.c ****     {
  79:Core/Src/driver_max7219.c ****         return 2;                                               /* return error */
  80:Core/Src/driver_max7219.c ****     }
  81:Core/Src/driver_max7219.c ****     if (handle->inited != 1)                                    /* check handle initialization */
  53              		.loc 1 81 5 is_stmt 1 view .LVU5
  54              		.loc 1 81 15 is_stmt 0 view .LVU6
  55 000e 90F81821 		ldrb	r2, [r0, #280]	@ zero_extendqisi2
  56              	.LVL1:
  57              		.loc 1 81 15 view .LVU7
  58 0012 1546     		mov	r5, r2
  59              		.loc 1 81 8 view .LVU8
  60 0014 012A     		cmp	r2, #1
  61 0016 0ED1     		bne	.L4
  82:Core/Src/driver_max7219.c ****     {
  83:Core/Src/driver_max7219.c ****         return 3;                                               /* return error */
  84:Core/Src/driver_max7219.c ****     }
  85:Core/Src/driver_max7219.c ****     
  86:Core/Src/driver_max7219.c ****     res = handle->spi_write(digital, &data, 1);                 /* spi write data */
  62              		.loc 1 86 5 is_stmt 1 view .LVU9
  63              		.loc 1 86 11 is_stmt 0 view .LVU10
  64 0018 0DF10701 		add	r1, sp, #7
  65              	.LVL2:
  66              		.loc 1 86 11 view .LVU11
  67 001c 1846     		mov	r0, r3
  68              	.LVL3:
  69              		.loc 1 86 11 view .LVU12
  70 001e E368     		ldr	r3, [r4, #12]
  71              	.LVL4:
  72              		.loc 1 86 11 view .LVU13
  73 0020 9847     		blx	r3
  74              	.LVL5:
  87:Core/Src/driver_max7219.c ****     if (res != 0)                                               /* check result */
  75              		.loc 1 87 5 is_stmt 1 view .LVU14
  76              		.loc 1 87 8 is_stmt 0 view .LVU15
  77 0022 08B9     		cbnz	r0, .L6
  78              	.LVL6:
  79              	.L2:
  88:Core/Src/driver_max7219.c ****     {
  89:Core/Src/driver_max7219.c ****         handle->debug_print("max7219: write failed.\n");        /* write failed */
ARM GAS  /var/folders/y0/yl1wrqfd209ghqq3s8k8qc1m0000gn/T//ccIYkVUE.s 			page 4


  90:Core/Src/driver_max7219.c ****        
  91:Core/Src/driver_max7219.c ****         return 1;                                               /* return error */
  92:Core/Src/driver_max7219.c ****     }
  93:Core/Src/driver_max7219.c ****     
  94:Core/Src/driver_max7219.c ****     return 0;                                                   /* success return 0 */
  95:Core/Src/driver_max7219.c **** }
  80              		.loc 1 95 1 view .LVU16
  81 0024 03B0     		add	sp, sp, #12
  82              	.LCFI2:
  83              		.cfi_remember_state
  84              		.cfi_def_cfa_offset 12
  85              		@ sp needed
  86 0026 30BD     		pop	{r4, r5, pc}
  87              	.LVL7:
  88              	.L6:
  89              	.LCFI3:
  90              		.cfi_restore_state
  89:Core/Src/driver_max7219.c ****        
  91              		.loc 1 89 9 is_stmt 1 view .LVU17
  89:Core/Src/driver_max7219.c ****        
  92              		.loc 1 89 15 is_stmt 0 view .LVU18
  93 0028 6369     		ldr	r3, [r4, #20]
  89:Core/Src/driver_max7219.c ****        
  94              		.loc 1 89 9 view .LVU19
  95 002a 0448     		ldr	r0, .L7
  96              	.LVL8:
  89:Core/Src/driver_max7219.c ****        
  97              		.loc 1 89 9 view .LVU20
  98 002c 9847     		blx	r3
  99              	.LVL9:
  91:Core/Src/driver_max7219.c ****     }
 100              		.loc 1 91 9 is_stmt 1 view .LVU21
  91:Core/Src/driver_max7219.c ****     }
 101              		.loc 1 91 16 is_stmt 0 view .LVU22
 102 002e 2846     		mov	r0, r5
 103 0030 F8E7     		b	.L2
 104              	.LVL10:
 105              	.L3:
  79:Core/Src/driver_max7219.c ****     }
 106              		.loc 1 79 16 view .LVU23
 107 0032 0220     		movs	r0, #2
 108              	.LVL11:
  79:Core/Src/driver_max7219.c ****     }
 109              		.loc 1 79 16 view .LVU24
 110 0034 F6E7     		b	.L2
 111              	.LVL12:
 112              	.L4:
  83:Core/Src/driver_max7219.c ****     }
 113              		.loc 1 83 16 view .LVU25
 114 0036 0320     		movs	r0, #3
 115              	.LVL13:
  83:Core/Src/driver_max7219.c ****     }
 116              		.loc 1 83 16 view .LVU26
 117 0038 F4E7     		b	.L2
 118              	.L8:
 119 003a 00BF     		.align	2
 120              	.L7:
ARM GAS  /var/folders/y0/yl1wrqfd209ghqq3s8k8qc1m0000gn/T//ccIYkVUE.s 			page 5


 121 003c 00000000 		.word	.LC0
 122              		.cfi_endproc
 123              	.LFE3:
 125              		.section	.text.max7219_set_matrix,"ax",%progbits
 126              		.align	1
 127              		.global	max7219_set_matrix
 128              		.syntax unified
 129              		.thumb
 130              		.thumb_func
 132              	max7219_set_matrix:
 133              	.LVL14:
 134              	.LFB4:
  96:Core/Src/driver_max7219.c **** 
  97:Core/Src/driver_max7219.c **** /**
  98:Core/Src/driver_max7219.c ****  * @brief     set the content matrix
  99:Core/Src/driver_max7219.c ****  * @param[in] *handle pointer to a max7219 handle structure
 100:Core/Src/driver_max7219.c ****  * @param[in] *matrix pointer to a content matrix
 101:Core/Src/driver_max7219.c ****  * @return    status code
 102:Core/Src/driver_max7219.c ****  *            - 0 success
 103:Core/Src/driver_max7219.c ****  *            - 1 set matrix failed
 104:Core/Src/driver_max7219.c ****  *            - 2 handle is NULL
 105:Core/Src/driver_max7219.c ****  *            - 3 handle is not initialized
 106:Core/Src/driver_max7219.c ****  * @note      none
 107:Core/Src/driver_max7219.c ****  */
 108:Core/Src/driver_max7219.c **** uint8_t max7219_set_matrix(max7219_handle_t *handle, uint8_t matrix[8])
 109:Core/Src/driver_max7219.c **** {
 135              		.loc 1 109 1 is_stmt 1 view -0
 136              		.cfi_startproc
 137              		@ args = 0, pretend = 0, frame = 0
 138              		@ frame_needed = 0, uses_anonymous_args = 0
 139              		.loc 1 109 1 is_stmt 0 view .LVU28
 140 0000 F8B5     		push	{r3, r4, r5, r6, r7, lr}
 141              	.LCFI4:
 142              		.cfi_def_cfa_offset 24
 143              		.cfi_offset 3, -24
 144              		.cfi_offset 4, -20
 145              		.cfi_offset 5, -16
 146              		.cfi_offset 6, -12
 147              		.cfi_offset 7, -8
 148              		.cfi_offset 14, -4
 110:Core/Src/driver_max7219.c ****     uint8_t res;
 149              		.loc 1 110 5 is_stmt 1 view .LVU29
 111:Core/Src/driver_max7219.c ****     uint8_t i;
 150              		.loc 1 111 5 view .LVU30
 112:Core/Src/driver_max7219.c ****     
 113:Core/Src/driver_max7219.c ****     if (handle == NULL)                                             /* check handle */
 151              		.loc 1 113 5 view .LVU31
 152              		.loc 1 113 8 is_stmt 0 view .LVU32
 153 0002 C8B1     		cbz	r0, .L13
 154 0004 0D46     		mov	r5, r1
 155 0006 0646     		mov	r6, r0
 114:Core/Src/driver_max7219.c ****     {
 115:Core/Src/driver_max7219.c ****         return 2;                                                   /* return error */
 116:Core/Src/driver_max7219.c ****     }
 117:Core/Src/driver_max7219.c ****     if (handle->inited != 1)                                        /* check handle initialization 
 156              		.loc 1 117 5 is_stmt 1 view .LVU33
 157              		.loc 1 117 15 is_stmt 0 view .LVU34
ARM GAS  /var/folders/y0/yl1wrqfd209ghqq3s8k8qc1m0000gn/T//ccIYkVUE.s 			page 6


 158 0008 90F81871 		ldrb	r7, [r0, #280]	@ zero_extendqisi2
 159              		.loc 1 117 8 view .LVU35
 160 000c 012F     		cmp	r7, #1
 161 000e 15D1     		bne	.L14
 118:Core/Src/driver_max7219.c ****     {
 119:Core/Src/driver_max7219.c ****         return 3;                                                   /* return error */
 120:Core/Src/driver_max7219.c ****     }
 121:Core/Src/driver_max7219.c ****     
 122:Core/Src/driver_max7219.c ****     for (i = 0; i < 8; i++)
 162              		.loc 1 122 12 view .LVU36
 163 0010 0021     		movs	r1, #0
 164              	.LVL15:
 165              	.L11:
 166              		.loc 1 122 19 is_stmt 1 discriminator 1 view .LVU37
 167 0012 0729     		cmp	r1, #7
 168 0014 0DD8     		bhi	.L17
 123:Core/Src/driver_max7219.c ****     {
 124:Core/Src/driver_max7219.c ****         res = handle->spi_write(i + 1, &matrix[i], 1);              /* spi write data */
 169              		.loc 1 124 9 view .LVU38
 170              		.loc 1 124 21 is_stmt 0 view .LVU39
 171 0016 F368     		ldr	r3, [r6, #12]
 172              		.loc 1 124 15 view .LVU40
 173 0018 4C1C     		adds	r4, r1, #1
 174 001a E4B2     		uxtb	r4, r4
 175 001c 0122     		movs	r2, #1
 176 001e 2944     		add	r1, r1, r5
 177              	.LVL16:
 178              		.loc 1 124 15 view .LVU41
 179 0020 2046     		mov	r0, r4
 180 0022 9847     		blx	r3
 181              	.LVL17:
 125:Core/Src/driver_max7219.c ****         if (res != 0)                                               /* check result */
 182              		.loc 1 125 9 is_stmt 1 view .LVU42
 183              		.loc 1 125 12 is_stmt 0 view .LVU43
 184 0024 08B9     		cbnz	r0, .L18
 122:Core/Src/driver_max7219.c ****     {
 185              		.loc 1 122 25 discriminator 2 view .LVU44
 186 0026 2146     		mov	r1, r4
 187 0028 F3E7     		b	.L11
 188              	.L18:
 126:Core/Src/driver_max7219.c ****         {
 127:Core/Src/driver_max7219.c ****             handle->debug_print("max7219: write failed.\n");        /* write failed */
 189              		.loc 1 127 13 is_stmt 1 view .LVU45
 190              		.loc 1 127 19 is_stmt 0 view .LVU46
 191 002a 7369     		ldr	r3, [r6, #20]
 192              		.loc 1 127 13 view .LVU47
 193 002c 0448     		ldr	r0, .L19
 194              	.LVL18:
 195              		.loc 1 127 13 view .LVU48
 196 002e 9847     		blx	r3
 197              	.LVL19:
 128:Core/Src/driver_max7219.c ****            
 129:Core/Src/driver_max7219.c ****             return 1;                                               /* return error */
 198              		.loc 1 129 13 is_stmt 1 view .LVU49
 199              		.loc 1 129 20 is_stmt 0 view .LVU50
 200 0030 00E0     		b	.L10
 201              	.LVL20:
ARM GAS  /var/folders/y0/yl1wrqfd209ghqq3s8k8qc1m0000gn/T//ccIYkVUE.s 			page 7


 202              	.L17:
 130:Core/Src/driver_max7219.c ****         }
 131:Core/Src/driver_max7219.c ****     }
 132:Core/Src/driver_max7219.c ****     
 133:Core/Src/driver_max7219.c ****     return 0;                                                       /* success return 0 */
 203              		.loc 1 133 12 view .LVU51
 204 0032 0027     		movs	r7, #0
 205              	.LVL21:
 206              	.L10:
 134:Core/Src/driver_max7219.c **** }
 207              		.loc 1 134 1 view .LVU52
 208 0034 3846     		mov	r0, r7
 209 0036 F8BD     		pop	{r3, r4, r5, r6, r7, pc}
 210              	.LVL22:
 211              	.L13:
 115:Core/Src/driver_max7219.c ****     }
 212              		.loc 1 115 16 view .LVU53
 213 0038 0227     		movs	r7, #2
 214 003a FBE7     		b	.L10
 215              	.L14:
 119:Core/Src/driver_max7219.c ****     }
 216              		.loc 1 119 16 view .LVU54
 217 003c 0327     		movs	r7, #3
 218 003e F9E7     		b	.L10
 219              	.L20:
 220              		.align	2
 221              	.L19:
 222 0040 00000000 		.word	.LC0
 223              		.cfi_endproc
 224              	.LFE4:
 226              		.section	.rodata.max7219_set_cascade.str1.4,"aMS",%progbits,1
 227              		.align	2
 228              	.LC1:
 229 0000 6D617837 		.ascii	"max7219: len is over MAX7219_MAX_CASCADE_SIZE.\012\000"
 229      3231393A 
 229      206C656E 
 229      20697320 
 229      6F766572 
 230              		.align	2
 231              	.LC2:
 232 0030 6D617837 		.ascii	"max7219: write command failed.\012\000"
 232      3231393A 
 232      20777269 
 232      74652063 
 232      6F6D6D61 
 233              		.section	.text.max7219_set_cascade,"ax",%progbits
 234              		.align	1
 235              		.global	max7219_set_cascade
 236              		.syntax unified
 237              		.thumb
 238              		.thumb_func
 240              	max7219_set_cascade:
 241              	.LVL23:
 242              	.LFB5:
 135:Core/Src/driver_max7219.c **** 
 136:Core/Src/driver_max7219.c **** /**
 137:Core/Src/driver_max7219.c ****  * @brief     set the cascade data
ARM GAS  /var/folders/y0/yl1wrqfd209ghqq3s8k8qc1m0000gn/T//ccIYkVUE.s 			page 8


 138:Core/Src/driver_max7219.c ****  * @param[in] *handle pointer to a max7219 handle structure
 139:Core/Src/driver_max7219.c ****  * @param[in] *cascade pointer to a cascade structure
 140:Core/Src/driver_max7219.c ****  * @param[in] len cascade length
 141:Core/Src/driver_max7219.c ****  * @return    status code
 142:Core/Src/driver_max7219.c ****  *            - 0 success
 143:Core/Src/driver_max7219.c ****  *            - 1 set cascade failed
 144:Core/Src/driver_max7219.c ****  *            - 2 handle is NULL
 145:Core/Src/driver_max7219.c ****  *            - 3 handle is not initialized
 146:Core/Src/driver_max7219.c ****  * @note      none
 147:Core/Src/driver_max7219.c ****  */
 148:Core/Src/driver_max7219.c **** uint8_t max7219_set_cascade(max7219_handle_t *handle, max7219_cascade_t *cascade, uint16_t len)
 149:Core/Src/driver_max7219.c **** {
 243              		.loc 1 149 1 is_stmt 1 view -0
 244              		.cfi_startproc
 245              		@ args = 0, pretend = 0, frame = 0
 246              		@ frame_needed = 0, uses_anonymous_args = 0
 150:Core/Src/driver_max7219.c ****     uint8_t res;
 247              		.loc 1 150 5 view .LVU56
 151:Core/Src/driver_max7219.c ****     uint16_t i;
 248              		.loc 1 151 5 view .LVU57
 152:Core/Src/driver_max7219.c ****     
 153:Core/Src/driver_max7219.c ****     if (handle == NULL)                                                                 /* check ha
 249              		.loc 1 153 5 view .LVU58
 250              		.loc 1 153 8 is_stmt 0 view .LVU59
 251 0000 70B3     		cbz	r0, .L25
 149:Core/Src/driver_max7219.c ****     uint8_t res;
 252              		.loc 1 149 1 view .LVU60
 253 0002 70B5     		push	{r4, r5, r6, lr}
 254              	.LCFI5:
 255              		.cfi_def_cfa_offset 16
 256              		.cfi_offset 4, -16
 257              		.cfi_offset 5, -12
 258              		.cfi_offset 6, -8
 259              		.cfi_offset 14, -4
 260 0004 0446     		mov	r4, r0
 154:Core/Src/driver_max7219.c ****     {
 155:Core/Src/driver_max7219.c ****         return 2;                                                                       /* return e
 156:Core/Src/driver_max7219.c ****     }
 157:Core/Src/driver_max7219.c ****     if (handle->inited != 1)                                                            /* check ha
 261              		.loc 1 157 5 is_stmt 1 view .LVU61
 262              		.loc 1 157 15 is_stmt 0 view .LVU62
 263 0006 90F81831 		ldrb	r3, [r0, #280]	@ zero_extendqisi2
 264 000a 1E46     		mov	r6, r3
 265              		.loc 1 157 8 view .LVU63
 266 000c 012B     		cmp	r3, #1
 267 000e 29D1     		bne	.L26
 158:Core/Src/driver_max7219.c ****     {
 159:Core/Src/driver_max7219.c ****         return 3;                                                                       /* return e
 160:Core/Src/driver_max7219.c ****     }
 161:Core/Src/driver_max7219.c ****     
 162:Core/Src/driver_max7219.c ****     if (len > MAX7219_MAX_CASCADE_SIZE)                                                 /* check le
 268              		.loc 1 162 5 is_stmt 1 view .LVU64
 269              		.loc 1 162 8 is_stmt 0 view .LVU65
 270 0010 802A     		cmp	r2, #128
 271 0012 01D8     		bhi	.L32
 163:Core/Src/driver_max7219.c ****     {
 164:Core/Src/driver_max7219.c ****         handle->debug_print("max7219: len is over MAX7219_MAX_CASCADE_SIZE.\n");        /* write fa
ARM GAS  /var/folders/y0/yl1wrqfd209ghqq3s8k8qc1m0000gn/T//ccIYkVUE.s 			page 9


 165:Core/Src/driver_max7219.c ****        
 166:Core/Src/driver_max7219.c ****         return 3;                                                                       /* return e
 167:Core/Src/driver_max7219.c ****     }
 168:Core/Src/driver_max7219.c ****     
 169:Core/Src/driver_max7219.c ****     for (i = 0; i < len; i++)                                                           /* set buf 
 272              		.loc 1 169 12 view .LVU66
 273 0014 0023     		movs	r3, #0
 274 0016 15E0     		b	.L23
 275              	.L32:
 164:Core/Src/driver_max7219.c ****        
 276              		.loc 1 164 9 is_stmt 1 view .LVU67
 164:Core/Src/driver_max7219.c ****        
 277              		.loc 1 164 15 is_stmt 0 view .LVU68
 278 0018 4369     		ldr	r3, [r0, #20]
 164:Core/Src/driver_max7219.c ****        
 279              		.loc 1 164 9 view .LVU69
 280 001a 1348     		ldr	r0, .L33
 281              	.LVL24:
 164:Core/Src/driver_max7219.c ****        
 282              		.loc 1 164 9 view .LVU70
 283 001c 9847     		blx	r3
 284              	.LVL25:
 166:Core/Src/driver_max7219.c ****     }
 285              		.loc 1 166 9 is_stmt 1 view .LVU71
 166:Core/Src/driver_max7219.c ****     }
 286              		.loc 1 166 16 is_stmt 0 view .LVU72
 287 001e 0320     		movs	r0, #3
 288 0020 21E0     		b	.L22
 289              	.LVL26:
 290              	.L24:
 170:Core/Src/driver_max7219.c ****     {
 171:Core/Src/driver_max7219.c ****         handle->buf[i * 2 + 0] = cascade[i].command;                                    /* set comm
 291              		.loc 1 171 9 is_stmt 1 view .LVU73
 292              		.loc 1 171 41 is_stmt 0 view .LVU74
 293 0022 5800     		lsls	r0, r3, #1
 294 0024 01EB430C 		add	ip, r1, r3, lsl #1
 295              		.loc 1 171 44 view .LVU75
 296 0028 11F81350 		ldrb	r5, [r1, r3, lsl #1]	@ zero_extendqisi2
 297              		.loc 1 171 32 view .LVU76
 298 002c 04EB430E 		add	lr, r4, r3, lsl #1
 299 0030 8EF81850 		strb	r5, [lr, #24]
 172:Core/Src/driver_max7219.c ****         handle->buf[i * 2 + 1] = cascade[i].data;                                       /* set data
 300              		.loc 1 172 9 is_stmt 1 view .LVU77
 301              		.loc 1 172 27 is_stmt 0 view .LVU78
 302 0034 0130     		adds	r0, r0, #1
 303              		.loc 1 172 44 view .LVU79
 304 0036 9CF801C0 		ldrb	ip, [ip, #1]	@ zero_extendqisi2
 305              		.loc 1 172 32 view .LVU80
 306 003a 2044     		add	r0, r0, r4
 307 003c 80F818C0 		strb	ip, [r0, #24]
 169:Core/Src/driver_max7219.c ****     {
 308              		.loc 1 169 27 is_stmt 1 discriminator 3 view .LVU81
 309 0040 0133     		adds	r3, r3, #1
 310              	.LVL27:
 169:Core/Src/driver_max7219.c ****     {
 311              		.loc 1 169 27 is_stmt 0 discriminator 3 view .LVU82
 312 0042 9BB2     		uxth	r3, r3
ARM GAS  /var/folders/y0/yl1wrqfd209ghqq3s8k8qc1m0000gn/T//ccIYkVUE.s 			page 10


 313              	.LVL28:
 314              	.L23:
 169:Core/Src/driver_max7219.c ****     {
 315              		.loc 1 169 19 is_stmt 1 discriminator 1 view .LVU83
 316 0044 9342     		cmp	r3, r2
 317 0046 ECD3     		bcc	.L24
 173:Core/Src/driver_max7219.c ****     }
 174:Core/Src/driver_max7219.c ****     res = handle->spi_write_cmd(handle->buf, len * 2);                                  /* write co
 318              		.loc 1 174 5 view .LVU84
 319              		.loc 1 174 17 is_stmt 0 view .LVU85
 320 0048 A368     		ldr	r3, [r4, #8]
 321              	.LVL29:
 322              		.loc 1 174 11 view .LVU86
 323 004a 5100     		lsls	r1, r2, #1
 324              	.LVL30:
 325              		.loc 1 174 11 view .LVU87
 326 004c 89B2     		uxth	r1, r1
 327 004e 04F11800 		add	r0, r4, #24
 328 0052 9847     		blx	r3
 329              	.LVL31:
 175:Core/Src/driver_max7219.c ****     if (res != 0)                                                                       /* check re
 330              		.loc 1 175 5 is_stmt 1 view .LVU88
 331              		.loc 1 175 8 is_stmt 0 view .LVU89
 332 0054 38B1     		cbz	r0, .L22
 176:Core/Src/driver_max7219.c ****     {
 177:Core/Src/driver_max7219.c ****         handle->debug_print("max7219: write command failed.\n");                        /* write fa
 333              		.loc 1 177 9 is_stmt 1 view .LVU90
 334              		.loc 1 177 15 is_stmt 0 view .LVU91
 335 0056 6369     		ldr	r3, [r4, #20]
 336              		.loc 1 177 9 view .LVU92
 337 0058 0448     		ldr	r0, .L33+4
 338              	.LVL32:
 339              		.loc 1 177 9 view .LVU93
 340 005a 9847     		blx	r3
 341              	.LVL33:
 178:Core/Src/driver_max7219.c ****        
 179:Core/Src/driver_max7219.c ****         return 1;                                                                       /* return e
 342              		.loc 1 179 9 is_stmt 1 view .LVU94
 343              		.loc 1 179 16 is_stmt 0 view .LVU95
 344 005c 3046     		mov	r0, r6
 345 005e 02E0     		b	.L22
 346              	.LVL34:
 347              	.L25:
 348              	.LCFI6:
 349              		.cfi_def_cfa_offset 0
 350              		.cfi_restore 4
 351              		.cfi_restore 5
 352              		.cfi_restore 6
 353              		.cfi_restore 14
 155:Core/Src/driver_max7219.c ****     }
 354              		.loc 1 155 16 view .LVU96
 355 0060 0220     		movs	r0, #2
 356              	.LVL35:
 180:Core/Src/driver_max7219.c ****     }
 181:Core/Src/driver_max7219.c ****     
 182:Core/Src/driver_max7219.c ****     return 0;                                                                           /* success 
 183:Core/Src/driver_max7219.c **** }
ARM GAS  /var/folders/y0/yl1wrqfd209ghqq3s8k8qc1m0000gn/T//ccIYkVUE.s 			page 11


 357              		.loc 1 183 1 view .LVU97
 358 0062 7047     		bx	lr
 359              	.LVL36:
 360              	.L26:
 361              	.LCFI7:
 362              		.cfi_def_cfa_offset 16
 363              		.cfi_offset 4, -16
 364              		.cfi_offset 5, -12
 365              		.cfi_offset 6, -8
 366              		.cfi_offset 14, -4
 159:Core/Src/driver_max7219.c ****     }
 367              		.loc 1 159 16 view .LVU98
 368 0064 0320     		movs	r0, #3
 369              	.LVL37:
 370              	.L22:
 371              		.loc 1 183 1 view .LVU99
 372 0066 70BD     		pop	{r4, r5, r6, pc}
 373              	.LVL38:
 374              	.L34:
 375              		.loc 1 183 1 view .LVU100
 376              		.align	2
 377              	.L33:
 378 0068 00000000 		.word	.LC1
 379 006c 30000000 		.word	.LC2
 380              		.cfi_endproc
 381              	.LFE5:
 383              		.section	.rodata.max7219_set_decode.str1.4,"aMS",%progbits,1
 384              		.align	2
 385              	.LC3:
 386 0000 6D617837 		.ascii	"max7219: set decode failed.\012\000"
 386      3231393A 
 386      20736574 
 386      20646563 
 386      6F646520 
 387              		.section	.text.max7219_set_decode,"ax",%progbits
 388              		.align	1
 389              		.global	max7219_set_decode
 390              		.syntax unified
 391              		.thumb
 392              		.thumb_func
 394              	max7219_set_decode:
 395              	.LVL39:
 396              	.LFB6:
 184:Core/Src/driver_max7219.c **** 
 185:Core/Src/driver_max7219.c **** /**
 186:Core/Src/driver_max7219.c ****  * @brief     set the decode mode
 187:Core/Src/driver_max7219.c ****  * @param[in] *handle pointer to a max7219 handle structure
 188:Core/Src/driver_max7219.c ****  * @param[in] decode decode mode
 189:Core/Src/driver_max7219.c ****  * @return    status code
 190:Core/Src/driver_max7219.c ****  *            - 0 success
 191:Core/Src/driver_max7219.c ****  *            - 1 set decode failed
 192:Core/Src/driver_max7219.c ****  *            - 2 handle is NULL
 193:Core/Src/driver_max7219.c ****  *            - 3 handle is not initialized
 194:Core/Src/driver_max7219.c ****  * @note      none
 195:Core/Src/driver_max7219.c ****  */
 196:Core/Src/driver_max7219.c **** uint8_t max7219_set_decode(max7219_handle_t *handle, max7219_decode_t decode)
 197:Core/Src/driver_max7219.c **** {
ARM GAS  /var/folders/y0/yl1wrqfd209ghqq3s8k8qc1m0000gn/T//ccIYkVUE.s 			page 12


 397              		.loc 1 197 1 is_stmt 1 view -0
 398              		.cfi_startproc
 399              		@ args = 0, pretend = 0, frame = 8
 400              		@ frame_needed = 0, uses_anonymous_args = 0
 198:Core/Src/driver_max7219.c ****     uint8_t res;
 401              		.loc 1 198 5 view .LVU102
 199:Core/Src/driver_max7219.c ****     uint8_t d;
 402              		.loc 1 199 5 view .LVU103
 200:Core/Src/driver_max7219.c ****     
 201:Core/Src/driver_max7219.c ****     if (handle == NULL)                                                   /* check handle */
 403              		.loc 1 201 5 view .LVU104
 404              		.loc 1 201 8 is_stmt 0 view .LVU105
 405 0000 B8B1     		cbz	r0, .L37
 197:Core/Src/driver_max7219.c ****     uint8_t res;
 406              		.loc 1 197 1 view .LVU106
 407 0002 30B5     		push	{r4, r5, lr}
 408              	.LCFI8:
 409              		.cfi_def_cfa_offset 12
 410              		.cfi_offset 4, -12
 411              		.cfi_offset 5, -8
 412              		.cfi_offset 14, -4
 413 0004 83B0     		sub	sp, sp, #12
 414              	.LCFI9:
 415              		.cfi_def_cfa_offset 24
 416 0006 0446     		mov	r4, r0
 202:Core/Src/driver_max7219.c ****     {
 203:Core/Src/driver_max7219.c ****         return 2;                                                         /* return error */
 204:Core/Src/driver_max7219.c ****     }
 205:Core/Src/driver_max7219.c ****     if (handle->inited != 1)                                              /* check handle initializ
 417              		.loc 1 205 5 is_stmt 1 view .LVU107
 418              		.loc 1 205 15 is_stmt 0 view .LVU108
 419 0008 90F81831 		ldrb	r3, [r0, #280]	@ zero_extendqisi2
 420 000c 1D46     		mov	r5, r3
 421              		.loc 1 205 8 view .LVU109
 422 000e 012B     		cmp	r3, #1
 423 0010 11D1     		bne	.L38
 206:Core/Src/driver_max7219.c ****     {
 207:Core/Src/driver_max7219.c ****         return 3;                                                         /* return error */
 208:Core/Src/driver_max7219.c ****     }
 209:Core/Src/driver_max7219.c ****     
 210:Core/Src/driver_max7219.c ****     d = (uint8_t)decode;                                                  /* set the decode */
 424              		.loc 1 210 5 is_stmt 1 view .LVU110
 425              		.loc 1 210 7 is_stmt 0 view .LVU111
 426 0012 8DF80710 		strb	r1, [sp, #7]
 211:Core/Src/driver_max7219.c ****     res = handle->spi_write(MAX7219_REG_DECODE, (uint8_t *)&d, 1);        /* spi write data */
 427              		.loc 1 211 5 is_stmt 1 view .LVU112
 428              		.loc 1 211 17 is_stmt 0 view .LVU113
 429 0016 C368     		ldr	r3, [r0, #12]
 430              		.loc 1 211 11 view .LVU114
 431 0018 0122     		movs	r2, #1
 432 001a 0DF10701 		add	r1, sp, #7
 433              	.LVL40:
 434              		.loc 1 211 11 view .LVU115
 435 001e 0920     		movs	r0, #9
 436              	.LVL41:
 437              		.loc 1 211 11 view .LVU116
 438 0020 9847     		blx	r3
ARM GAS  /var/folders/y0/yl1wrqfd209ghqq3s8k8qc1m0000gn/T//ccIYkVUE.s 			page 13


 439              	.LVL42:
 212:Core/Src/driver_max7219.c ****     if (res != 0)                                                         /* check result */
 440              		.loc 1 212 5 is_stmt 1 view .LVU117
 441              		.loc 1 212 8 is_stmt 0 view .LVU118
 442 0022 08B9     		cbnz	r0, .L43
 443              	.LVL43:
 444              	.L36:
 213:Core/Src/driver_max7219.c ****     {
 214:Core/Src/driver_max7219.c ****         handle->debug_print("max7219: set decode failed.\n");             /* write failed */
 215:Core/Src/driver_max7219.c ****        
 216:Core/Src/driver_max7219.c ****         return 1;                                                         /* return error */
 217:Core/Src/driver_max7219.c ****     }
 218:Core/Src/driver_max7219.c ****     
 219:Core/Src/driver_max7219.c ****     return 0;                                                             /* success return 0 */
 220:Core/Src/driver_max7219.c **** }
 445              		.loc 1 220 1 view .LVU119
 446 0024 03B0     		add	sp, sp, #12
 447              	.LCFI10:
 448              		.cfi_remember_state
 449              		.cfi_def_cfa_offset 12
 450              		@ sp needed
 451 0026 30BD     		pop	{r4, r5, pc}
 452              	.LVL44:
 453              	.L43:
 454              	.LCFI11:
 455              		.cfi_restore_state
 214:Core/Src/driver_max7219.c ****        
 456              		.loc 1 214 9 is_stmt 1 view .LVU120
 214:Core/Src/driver_max7219.c ****        
 457              		.loc 1 214 15 is_stmt 0 view .LVU121
 458 0028 6369     		ldr	r3, [r4, #20]
 214:Core/Src/driver_max7219.c ****        
 459              		.loc 1 214 9 view .LVU122
 460 002a 0448     		ldr	r0, .L44
 461              	.LVL45:
 214:Core/Src/driver_max7219.c ****        
 462              		.loc 1 214 9 view .LVU123
 463 002c 9847     		blx	r3
 464              	.LVL46:
 216:Core/Src/driver_max7219.c ****     }
 465              		.loc 1 216 9 is_stmt 1 view .LVU124
 216:Core/Src/driver_max7219.c ****     }
 466              		.loc 1 216 16 is_stmt 0 view .LVU125
 467 002e 2846     		mov	r0, r5
 468 0030 F8E7     		b	.L36
 469              	.LVL47:
 470              	.L37:
 471              	.LCFI12:
 472              		.cfi_def_cfa_offset 0
 473              		.cfi_restore 4
 474              		.cfi_restore 5
 475              		.cfi_restore 14
 203:Core/Src/driver_max7219.c ****     }
 476              		.loc 1 203 16 view .LVU126
 477 0032 0220     		movs	r0, #2
 478              	.LVL48:
 479              		.loc 1 220 1 view .LVU127
ARM GAS  /var/folders/y0/yl1wrqfd209ghqq3s8k8qc1m0000gn/T//ccIYkVUE.s 			page 14


 480 0034 7047     		bx	lr
 481              	.LVL49:
 482              	.L38:
 483              	.LCFI13:
 484              		.cfi_def_cfa_offset 24
 485              		.cfi_offset 4, -12
 486              		.cfi_offset 5, -8
 487              		.cfi_offset 14, -4
 207:Core/Src/driver_max7219.c ****     }
 488              		.loc 1 207 16 view .LVU128
 489 0036 0320     		movs	r0, #3
 490              	.LVL50:
 207:Core/Src/driver_max7219.c ****     }
 491              		.loc 1 207 16 view .LVU129
 492 0038 F4E7     		b	.L36
 493              	.L45:
 494 003a 00BF     		.align	2
 495              	.L44:
 496 003c 00000000 		.word	.LC3
 497              		.cfi_endproc
 498              	.LFE6:
 500              		.section	.rodata.max7219_set_mode.str1.4,"aMS",%progbits,1
 501              		.align	2
 502              	.LC4:
 503 0000 6D617837 		.ascii	"max7219: set mode failed.\012\000"
 503      3231393A 
 503      20736574 
 503      206D6F64 
 503      65206661 
 504              		.section	.text.max7219_set_mode,"ax",%progbits
 505              		.align	1
 506              		.global	max7219_set_mode
 507              		.syntax unified
 508              		.thumb
 509              		.thumb_func
 511              	max7219_set_mode:
 512              	.LVL51:
 513              	.LFB7:
 221:Core/Src/driver_max7219.c **** 
 222:Core/Src/driver_max7219.c **** /**
 223:Core/Src/driver_max7219.c ****  * @brief     set the chip mode
 224:Core/Src/driver_max7219.c ****  * @param[in] *handle pointer to a max7219 handle structure
 225:Core/Src/driver_max7219.c ****  * @param[in] mode chip mode
 226:Core/Src/driver_max7219.c ****  * @return    status code
 227:Core/Src/driver_max7219.c ****  *            - 0 success
 228:Core/Src/driver_max7219.c ****  *            - 1 set mode failed
 229:Core/Src/driver_max7219.c ****  *            - 2 handle is NULL
 230:Core/Src/driver_max7219.c ****  *            - 3 handle is not initialized
 231:Core/Src/driver_max7219.c ****  * @note      none
 232:Core/Src/driver_max7219.c ****  */
 233:Core/Src/driver_max7219.c **** uint8_t max7219_set_mode(max7219_handle_t *handle, max7219_mode_t mode)
 234:Core/Src/driver_max7219.c **** {
 514              		.loc 1 234 1 is_stmt 1 view -0
 515              		.cfi_startproc
 516              		@ args = 0, pretend = 0, frame = 8
 517              		@ frame_needed = 0, uses_anonymous_args = 0
 235:Core/Src/driver_max7219.c ****     uint8_t res;
ARM GAS  /var/folders/y0/yl1wrqfd209ghqq3s8k8qc1m0000gn/T//ccIYkVUE.s 			page 15


 518              		.loc 1 235 5 view .LVU131
 236:Core/Src/driver_max7219.c ****     uint8_t m;
 519              		.loc 1 236 5 view .LVU132
 237:Core/Src/driver_max7219.c ****     
 238:Core/Src/driver_max7219.c ****     if (handle == NULL)                                                      /* check handle */
 520              		.loc 1 238 5 view .LVU133
 521              		.loc 1 238 8 is_stmt 0 view .LVU134
 522 0000 B8B1     		cbz	r0, .L48
 234:Core/Src/driver_max7219.c ****     uint8_t res;
 523              		.loc 1 234 1 view .LVU135
 524 0002 30B5     		push	{r4, r5, lr}
 525              	.LCFI14:
 526              		.cfi_def_cfa_offset 12
 527              		.cfi_offset 4, -12
 528              		.cfi_offset 5, -8
 529              		.cfi_offset 14, -4
 530 0004 83B0     		sub	sp, sp, #12
 531              	.LCFI15:
 532              		.cfi_def_cfa_offset 24
 533 0006 0446     		mov	r4, r0
 239:Core/Src/driver_max7219.c ****     {
 240:Core/Src/driver_max7219.c ****         return 2;                                                            /* return error */
 241:Core/Src/driver_max7219.c ****     }
 242:Core/Src/driver_max7219.c ****     if (handle->inited != 1)                                                 /* check handle initia
 534              		.loc 1 242 5 is_stmt 1 view .LVU136
 535              		.loc 1 242 15 is_stmt 0 view .LVU137
 536 0008 90F81831 		ldrb	r3, [r0, #280]	@ zero_extendqisi2
 537 000c 1D46     		mov	r5, r3
 538              		.loc 1 242 8 view .LVU138
 539 000e 012B     		cmp	r3, #1
 540 0010 11D1     		bne	.L49
 243:Core/Src/driver_max7219.c ****     {
 244:Core/Src/driver_max7219.c ****         return 3;                                                            /* return error */
 245:Core/Src/driver_max7219.c ****     }
 246:Core/Src/driver_max7219.c ****     
 247:Core/Src/driver_max7219.c ****     m = (uint8_t)mode;                                                       /* set the mode */
 541              		.loc 1 247 5 is_stmt 1 view .LVU139
 542              		.loc 1 247 7 is_stmt 0 view .LVU140
 543 0012 8DF80710 		strb	r1, [sp, #7]
 248:Core/Src/driver_max7219.c ****     res = handle->spi_write(MAX7219_REG_SHUT_DOWN, (uint8_t *)&m, 1);        /* spi write data */
 544              		.loc 1 248 5 is_stmt 1 view .LVU141
 545              		.loc 1 248 17 is_stmt 0 view .LVU142
 546 0016 C368     		ldr	r3, [r0, #12]
 547              		.loc 1 248 11 view .LVU143
 548 0018 0122     		movs	r2, #1
 549 001a 0DF10701 		add	r1, sp, #7
 550              	.LVL52:
 551              		.loc 1 248 11 view .LVU144
 552 001e 0C20     		movs	r0, #12
 553              	.LVL53:
 554              		.loc 1 248 11 view .LVU145
 555 0020 9847     		blx	r3
 556              	.LVL54:
 249:Core/Src/driver_max7219.c ****     if (res != 0)                                                            /* check result */
 557              		.loc 1 249 5 is_stmt 1 view .LVU146
 558              		.loc 1 249 8 is_stmt 0 view .LVU147
 559 0022 08B9     		cbnz	r0, .L54
ARM GAS  /var/folders/y0/yl1wrqfd209ghqq3s8k8qc1m0000gn/T//ccIYkVUE.s 			page 16


 560              	.LVL55:
 561              	.L47:
 250:Core/Src/driver_max7219.c ****     {
 251:Core/Src/driver_max7219.c ****         handle->debug_print("max7219: set mode failed.\n");                  /* write failed */
 252:Core/Src/driver_max7219.c ****        
 253:Core/Src/driver_max7219.c ****         return 1;                                                            /* return error */
 254:Core/Src/driver_max7219.c ****     }
 255:Core/Src/driver_max7219.c ****     
 256:Core/Src/driver_max7219.c ****     return 0;                                                                /* success return 0 */
 257:Core/Src/driver_max7219.c **** }
 562              		.loc 1 257 1 view .LVU148
 563 0024 03B0     		add	sp, sp, #12
 564              	.LCFI16:
 565              		.cfi_remember_state
 566              		.cfi_def_cfa_offset 12
 567              		@ sp needed
 568 0026 30BD     		pop	{r4, r5, pc}
 569              	.LVL56:
 570              	.L54:
 571              	.LCFI17:
 572              		.cfi_restore_state
 251:Core/Src/driver_max7219.c ****        
 573              		.loc 1 251 9 is_stmt 1 view .LVU149
 251:Core/Src/driver_max7219.c ****        
 574              		.loc 1 251 15 is_stmt 0 view .LVU150
 575 0028 6369     		ldr	r3, [r4, #20]
 251:Core/Src/driver_max7219.c ****        
 576              		.loc 1 251 9 view .LVU151
 577 002a 0448     		ldr	r0, .L55
 578              	.LVL57:
 251:Core/Src/driver_max7219.c ****        
 579              		.loc 1 251 9 view .LVU152
 580 002c 9847     		blx	r3
 581              	.LVL58:
 253:Core/Src/driver_max7219.c ****     }
 582              		.loc 1 253 9 is_stmt 1 view .LVU153
 253:Core/Src/driver_max7219.c ****     }
 583              		.loc 1 253 16 is_stmt 0 view .LVU154
 584 002e 2846     		mov	r0, r5
 585 0030 F8E7     		b	.L47
 586              	.LVL59:
 587              	.L48:
 588              	.LCFI18:
 589              		.cfi_def_cfa_offset 0
 590              		.cfi_restore 4
 591              		.cfi_restore 5
 592              		.cfi_restore 14
 240:Core/Src/driver_max7219.c ****     }
 593              		.loc 1 240 16 view .LVU155
 594 0032 0220     		movs	r0, #2
 595              	.LVL60:
 596              		.loc 1 257 1 view .LVU156
 597 0034 7047     		bx	lr
 598              	.LVL61:
 599              	.L49:
 600              	.LCFI19:
 601              		.cfi_def_cfa_offset 24
ARM GAS  /var/folders/y0/yl1wrqfd209ghqq3s8k8qc1m0000gn/T//ccIYkVUE.s 			page 17


 602              		.cfi_offset 4, -12
 603              		.cfi_offset 5, -8
 604              		.cfi_offset 14, -4
 244:Core/Src/driver_max7219.c ****     }
 605              		.loc 1 244 16 view .LVU157
 606 0036 0320     		movs	r0, #3
 607              	.LVL62:
 244:Core/Src/driver_max7219.c ****     }
 608              		.loc 1 244 16 view .LVU158
 609 0038 F4E7     		b	.L47
 610              	.L56:
 611 003a 00BF     		.align	2
 612              	.L55:
 613 003c 00000000 		.word	.LC4
 614              		.cfi_endproc
 615              	.LFE7:
 617              		.section	.text.max7219_set_display_test_mode,"ax",%progbits
 618              		.align	1
 619              		.global	max7219_set_display_test_mode
 620              		.syntax unified
 621              		.thumb
 622              		.thumb_func
 624              	max7219_set_display_test_mode:
 625              	.LVL63:
 626              	.LFB8:
 258:Core/Src/driver_max7219.c **** 
 259:Core/Src/driver_max7219.c **** /**
 260:Core/Src/driver_max7219.c ****  * @brief     set the display test mode
 261:Core/Src/driver_max7219.c ****  * @param[in] *handle pointer to a max7219 handle structure
 262:Core/Src/driver_max7219.c ****  * @param[in] mode display test mode
 263:Core/Src/driver_max7219.c ****  * @return    status code
 264:Core/Src/driver_max7219.c ****  *            - 0 success
 265:Core/Src/driver_max7219.c ****  *            - 1 set display test mode failed
 266:Core/Src/driver_max7219.c ****  *            - 2 handle is NULL
 267:Core/Src/driver_max7219.c ****  *            - 3 handle is not initialized
 268:Core/Src/driver_max7219.c ****  * @note      none
 269:Core/Src/driver_max7219.c ****  */
 270:Core/Src/driver_max7219.c **** uint8_t max7219_set_display_test_mode(max7219_handle_t *handle, max7219_display_test_mode_t mode)
 271:Core/Src/driver_max7219.c **** {
 627              		.loc 1 271 1 is_stmt 1 view -0
 628              		.cfi_startproc
 629              		@ args = 0, pretend = 0, frame = 8
 630              		@ frame_needed = 0, uses_anonymous_args = 0
 272:Core/Src/driver_max7219.c ****     uint8_t res;
 631              		.loc 1 272 5 view .LVU160
 273:Core/Src/driver_max7219.c ****     uint8_t m;
 632              		.loc 1 273 5 view .LVU161
 274:Core/Src/driver_max7219.c ****     
 275:Core/Src/driver_max7219.c ****     if (handle == NULL)                                                         /* check handle */
 633              		.loc 1 275 5 view .LVU162
 634              		.loc 1 275 8 is_stmt 0 view .LVU163
 635 0000 B8B1     		cbz	r0, .L59
 271:Core/Src/driver_max7219.c ****     uint8_t res;
 636              		.loc 1 271 1 view .LVU164
 637 0002 30B5     		push	{r4, r5, lr}
 638              	.LCFI20:
 639              		.cfi_def_cfa_offset 12
ARM GAS  /var/folders/y0/yl1wrqfd209ghqq3s8k8qc1m0000gn/T//ccIYkVUE.s 			page 18


 640              		.cfi_offset 4, -12
 641              		.cfi_offset 5, -8
 642              		.cfi_offset 14, -4
 643 0004 83B0     		sub	sp, sp, #12
 644              	.LCFI21:
 645              		.cfi_def_cfa_offset 24
 646 0006 0446     		mov	r4, r0
 276:Core/Src/driver_max7219.c ****     {
 277:Core/Src/driver_max7219.c ****         return 2;                                                               /* return error */
 278:Core/Src/driver_max7219.c ****     }
 279:Core/Src/driver_max7219.c ****     if (handle->inited != 1)                                                    /* check handle ini
 647              		.loc 1 279 5 is_stmt 1 view .LVU165
 648              		.loc 1 279 15 is_stmt 0 view .LVU166
 649 0008 90F81831 		ldrb	r3, [r0, #280]	@ zero_extendqisi2
 650 000c 1D46     		mov	r5, r3
 651              		.loc 1 279 8 view .LVU167
 652 000e 012B     		cmp	r3, #1
 653 0010 11D1     		bne	.L60
 280:Core/Src/driver_max7219.c ****     {
 281:Core/Src/driver_max7219.c ****         return 3;                                                               /* return error */
 282:Core/Src/driver_max7219.c ****     }
 283:Core/Src/driver_max7219.c ****     
 284:Core/Src/driver_max7219.c ****     m = (uint8_t)mode;                                                          /* set the mode */
 654              		.loc 1 284 5 is_stmt 1 view .LVU168
 655              		.loc 1 284 7 is_stmt 0 view .LVU169
 656 0012 8DF80710 		strb	r1, [sp, #7]
 285:Core/Src/driver_max7219.c ****     res = handle->spi_write(MAX7219_REG_DISPLAY_TEST, (uint8_t *)&m, 1);        /* spi write data *
 657              		.loc 1 285 5 is_stmt 1 view .LVU170
 658              		.loc 1 285 17 is_stmt 0 view .LVU171
 659 0016 C368     		ldr	r3, [r0, #12]
 660              		.loc 1 285 11 view .LVU172
 661 0018 0122     		movs	r2, #1
 662 001a 0DF10701 		add	r1, sp, #7
 663              	.LVL64:
 664              		.loc 1 285 11 view .LVU173
 665 001e 0F20     		movs	r0, #15
 666              	.LVL65:
 667              		.loc 1 285 11 view .LVU174
 668 0020 9847     		blx	r3
 669              	.LVL66:
 286:Core/Src/driver_max7219.c ****     if (res != 0)                                                               /* check result */
 670              		.loc 1 286 5 is_stmt 1 view .LVU175
 671              		.loc 1 286 8 is_stmt 0 view .LVU176
 672 0022 08B9     		cbnz	r0, .L65
 673              	.LVL67:
 674              	.L58:
 287:Core/Src/driver_max7219.c ****     {
 288:Core/Src/driver_max7219.c ****         handle->debug_print("max7219: set mode failed.\n");                     /* write failed */
 289:Core/Src/driver_max7219.c ****        
 290:Core/Src/driver_max7219.c ****         return 1;                                                               /* return error */
 291:Core/Src/driver_max7219.c ****     }
 292:Core/Src/driver_max7219.c ****     
 293:Core/Src/driver_max7219.c ****     return 0;                                                                   /* success return 0
 294:Core/Src/driver_max7219.c **** }
 675              		.loc 1 294 1 view .LVU177
 676 0024 03B0     		add	sp, sp, #12
 677              	.LCFI22:
ARM GAS  /var/folders/y0/yl1wrqfd209ghqq3s8k8qc1m0000gn/T//ccIYkVUE.s 			page 19


 678              		.cfi_remember_state
 679              		.cfi_def_cfa_offset 12
 680              		@ sp needed
 681 0026 30BD     		pop	{r4, r5, pc}
 682              	.LVL68:
 683              	.L65:
 684              	.LCFI23:
 685              		.cfi_restore_state
 288:Core/Src/driver_max7219.c ****        
 686              		.loc 1 288 9 is_stmt 1 view .LVU178
 288:Core/Src/driver_max7219.c ****        
 687              		.loc 1 288 15 is_stmt 0 view .LVU179
 688 0028 6369     		ldr	r3, [r4, #20]
 288:Core/Src/driver_max7219.c ****        
 689              		.loc 1 288 9 view .LVU180
 690 002a 0448     		ldr	r0, .L66
 691              	.LVL69:
 288:Core/Src/driver_max7219.c ****        
 692              		.loc 1 288 9 view .LVU181
 693 002c 9847     		blx	r3
 694              	.LVL70:
 290:Core/Src/driver_max7219.c ****     }
 695              		.loc 1 290 9 is_stmt 1 view .LVU182
 290:Core/Src/driver_max7219.c ****     }
 696              		.loc 1 290 16 is_stmt 0 view .LVU183
 697 002e 2846     		mov	r0, r5
 698 0030 F8E7     		b	.L58
 699              	.LVL71:
 700              	.L59:
 701              	.LCFI24:
 702              		.cfi_def_cfa_offset 0
 703              		.cfi_restore 4
 704              		.cfi_restore 5
 705              		.cfi_restore 14
 277:Core/Src/driver_max7219.c ****     }
 706              		.loc 1 277 16 view .LVU184
 707 0032 0220     		movs	r0, #2
 708              	.LVL72:
 709              		.loc 1 294 1 view .LVU185
 710 0034 7047     		bx	lr
 711              	.LVL73:
 712              	.L60:
 713              	.LCFI25:
 714              		.cfi_def_cfa_offset 24
 715              		.cfi_offset 4, -12
 716              		.cfi_offset 5, -8
 717              		.cfi_offset 14, -4
 281:Core/Src/driver_max7219.c ****     }
 718              		.loc 1 281 16 view .LVU186
 719 0036 0320     		movs	r0, #3
 720              	.LVL74:
 281:Core/Src/driver_max7219.c ****     }
 721              		.loc 1 281 16 view .LVU187
 722 0038 F4E7     		b	.L58
 723              	.L67:
 724 003a 00BF     		.align	2
 725              	.L66:
ARM GAS  /var/folders/y0/yl1wrqfd209ghqq3s8k8qc1m0000gn/T//ccIYkVUE.s 			page 20


 726 003c 00000000 		.word	.LC4
 727              		.cfi_endproc
 728              	.LFE8:
 730              		.section	.rodata.max7219_set_intensity.str1.4,"aMS",%progbits,1
 731              		.align	2
 732              	.LC5:
 733 0000 6D617837 		.ascii	"max7219: set intensity failed.\012\000"
 733      3231393A 
 733      20736574 
 733      20696E74 
 733      656E7369 
 734              		.section	.text.max7219_set_intensity,"ax",%progbits
 735              		.align	1
 736              		.global	max7219_set_intensity
 737              		.syntax unified
 738              		.thumb
 739              		.thumb_func
 741              	max7219_set_intensity:
 742              	.LVL75:
 743              	.LFB9:
 295:Core/Src/driver_max7219.c **** 
 296:Core/Src/driver_max7219.c **** /**
 297:Core/Src/driver_max7219.c ****  * @brief     set the display intensity
 298:Core/Src/driver_max7219.c ****  * @param[in] *handle pointer to a max7219 handle structure
 299:Core/Src/driver_max7219.c ****  * @param[in] intensity display intensity
 300:Core/Src/driver_max7219.c ****  * @return    status code
 301:Core/Src/driver_max7219.c ****  *            - 0 success
 302:Core/Src/driver_max7219.c ****  *            - 1 set intensity failed
 303:Core/Src/driver_max7219.c ****  *            - 2 handle is NULL
 304:Core/Src/driver_max7219.c ****  *            - 3 handle is not initialized
 305:Core/Src/driver_max7219.c ****  * @note      none
 306:Core/Src/driver_max7219.c ****  */
 307:Core/Src/driver_max7219.c **** uint8_t max7219_set_intensity(max7219_handle_t *handle, max7219_intensity_t intensity)
 308:Core/Src/driver_max7219.c **** {
 744              		.loc 1 308 1 is_stmt 1 view -0
 745              		.cfi_startproc
 746              		@ args = 0, pretend = 0, frame = 8
 747              		@ frame_needed = 0, uses_anonymous_args = 0
 309:Core/Src/driver_max7219.c ****     uint8_t res;
 748              		.loc 1 309 5 view .LVU189
 310:Core/Src/driver_max7219.c ****     uint8_t in;
 749              		.loc 1 310 5 view .LVU190
 311:Core/Src/driver_max7219.c ****     
 312:Core/Src/driver_max7219.c ****     if (handle == NULL)                                                       /* check handle */
 750              		.loc 1 312 5 view .LVU191
 751              		.loc 1 312 8 is_stmt 0 view .LVU192
 752 0000 B8B1     		cbz	r0, .L70
 308:Core/Src/driver_max7219.c ****     uint8_t res;
 753              		.loc 1 308 1 view .LVU193
 754 0002 30B5     		push	{r4, r5, lr}
 755              	.LCFI26:
 756              		.cfi_def_cfa_offset 12
 757              		.cfi_offset 4, -12
 758              		.cfi_offset 5, -8
 759              		.cfi_offset 14, -4
 760 0004 83B0     		sub	sp, sp, #12
 761              	.LCFI27:
ARM GAS  /var/folders/y0/yl1wrqfd209ghqq3s8k8qc1m0000gn/T//ccIYkVUE.s 			page 21


 762              		.cfi_def_cfa_offset 24
 763 0006 0446     		mov	r4, r0
 313:Core/Src/driver_max7219.c ****     {
 314:Core/Src/driver_max7219.c ****         return 2;                                                             /* return error */
 315:Core/Src/driver_max7219.c ****     }
 316:Core/Src/driver_max7219.c ****     if (handle->inited != 1)                                                  /* check handle initi
 764              		.loc 1 316 5 is_stmt 1 view .LVU194
 765              		.loc 1 316 15 is_stmt 0 view .LVU195
 766 0008 90F81831 		ldrb	r3, [r0, #280]	@ zero_extendqisi2
 767 000c 1D46     		mov	r5, r3
 768              		.loc 1 316 8 view .LVU196
 769 000e 012B     		cmp	r3, #1
 770 0010 11D1     		bne	.L71
 317:Core/Src/driver_max7219.c ****     {
 318:Core/Src/driver_max7219.c ****         return 3;                                                             /* return error */
 319:Core/Src/driver_max7219.c ****     }
 320:Core/Src/driver_max7219.c ****     
 321:Core/Src/driver_max7219.c ****     in = (uint8_t)intensity;                                                  /* set the intensity 
 771              		.loc 1 321 5 is_stmt 1 view .LVU197
 772              		.loc 1 321 8 is_stmt 0 view .LVU198
 773 0012 8DF80710 		strb	r1, [sp, #7]
 322:Core/Src/driver_max7219.c ****     res = handle->spi_write(MAX7219_REG_INTENSITY, (uint8_t *)&in, 1);        /* spi write data */
 774              		.loc 1 322 5 is_stmt 1 view .LVU199
 775              		.loc 1 322 17 is_stmt 0 view .LVU200
 776 0016 C368     		ldr	r3, [r0, #12]
 777              		.loc 1 322 11 view .LVU201
 778 0018 0122     		movs	r2, #1
 779 001a 0DF10701 		add	r1, sp, #7
 780              	.LVL76:
 781              		.loc 1 322 11 view .LVU202
 782 001e 0A20     		movs	r0, #10
 783              	.LVL77:
 784              		.loc 1 322 11 view .LVU203
 785 0020 9847     		blx	r3
 786              	.LVL78:
 323:Core/Src/driver_max7219.c ****     if (res != 0)                                                             /* check result */
 787              		.loc 1 323 5 is_stmt 1 view .LVU204
 788              		.loc 1 323 8 is_stmt 0 view .LVU205
 789 0022 08B9     		cbnz	r0, .L76
 790              	.LVL79:
 791              	.L69:
 324:Core/Src/driver_max7219.c ****     {
 325:Core/Src/driver_max7219.c ****         handle->debug_print("max7219: set intensity failed.\n");              /* write failed */
 326:Core/Src/driver_max7219.c ****        
 327:Core/Src/driver_max7219.c ****         return 1;                                                             /* return error */
 328:Core/Src/driver_max7219.c ****     }
 329:Core/Src/driver_max7219.c ****     
 330:Core/Src/driver_max7219.c ****     return 0;                                                                 /* success return 0 *
 331:Core/Src/driver_max7219.c **** }
 792              		.loc 1 331 1 view .LVU206
 793 0024 03B0     		add	sp, sp, #12
 794              	.LCFI28:
 795              		.cfi_remember_state
 796              		.cfi_def_cfa_offset 12
 797              		@ sp needed
 798 0026 30BD     		pop	{r4, r5, pc}
 799              	.LVL80:
ARM GAS  /var/folders/y0/yl1wrqfd209ghqq3s8k8qc1m0000gn/T//ccIYkVUE.s 			page 22


 800              	.L76:
 801              	.LCFI29:
 802              		.cfi_restore_state
 325:Core/Src/driver_max7219.c ****        
 803              		.loc 1 325 9 is_stmt 1 view .LVU207
 325:Core/Src/driver_max7219.c ****        
 804              		.loc 1 325 15 is_stmt 0 view .LVU208
 805 0028 6369     		ldr	r3, [r4, #20]
 325:Core/Src/driver_max7219.c ****        
 806              		.loc 1 325 9 view .LVU209
 807 002a 0448     		ldr	r0, .L77
 808              	.LVL81:
 325:Core/Src/driver_max7219.c ****        
 809              		.loc 1 325 9 view .LVU210
 810 002c 9847     		blx	r3
 811              	.LVL82:
 327:Core/Src/driver_max7219.c ****     }
 812              		.loc 1 327 9 is_stmt 1 view .LVU211
 327:Core/Src/driver_max7219.c ****     }
 813              		.loc 1 327 16 is_stmt 0 view .LVU212
 814 002e 2846     		mov	r0, r5
 815 0030 F8E7     		b	.L69
 816              	.LVL83:
 817              	.L70:
 818              	.LCFI30:
 819              		.cfi_def_cfa_offset 0
 820              		.cfi_restore 4
 821              		.cfi_restore 5
 822              		.cfi_restore 14
 314:Core/Src/driver_max7219.c ****     }
 823              		.loc 1 314 16 view .LVU213
 824 0032 0220     		movs	r0, #2
 825              	.LVL84:
 826              		.loc 1 331 1 view .LVU214
 827 0034 7047     		bx	lr
 828              	.LVL85:
 829              	.L71:
 830              	.LCFI31:
 831              		.cfi_def_cfa_offset 24
 832              		.cfi_offset 4, -12
 833              		.cfi_offset 5, -8
 834              		.cfi_offset 14, -4
 318:Core/Src/driver_max7219.c ****     }
 835              		.loc 1 318 16 view .LVU215
 836 0036 0320     		movs	r0, #3
 837              	.LVL86:
 318:Core/Src/driver_max7219.c ****     }
 838              		.loc 1 318 16 view .LVU216
 839 0038 F4E7     		b	.L69
 840              	.L78:
 841 003a 00BF     		.align	2
 842              	.L77:
 843 003c 00000000 		.word	.LC5
 844              		.cfi_endproc
 845              	.LFE9:
 847              		.section	.rodata.max7219_set_scan_limit.str1.4,"aMS",%progbits,1
 848              		.align	2
ARM GAS  /var/folders/y0/yl1wrqfd209ghqq3s8k8qc1m0000gn/T//ccIYkVUE.s 			page 23


 849              	.LC6:
 850 0000 6D617837 		.ascii	"max7219: set scan limit failed.\012\000"
 850      3231393A 
 850      20736574 
 850      20736361 
 850      6E206C69 
 851              		.section	.text.max7219_set_scan_limit,"ax",%progbits
 852              		.align	1
 853              		.global	max7219_set_scan_limit
 854              		.syntax unified
 855              		.thumb
 856              		.thumb_func
 858              	max7219_set_scan_limit:
 859              	.LVL87:
 860              	.LFB10:
 332:Core/Src/driver_max7219.c **** 
 333:Core/Src/driver_max7219.c **** /**
 334:Core/Src/driver_max7219.c ****  * @brief     set the scan limit
 335:Core/Src/driver_max7219.c ****  * @param[in] *handle pointer to a max7219 handle structure
 336:Core/Src/driver_max7219.c ****  * @param[in] limit scan limit
 337:Core/Src/driver_max7219.c ****  * @return    status code
 338:Core/Src/driver_max7219.c ****  *            - 0 success
 339:Core/Src/driver_max7219.c ****  *            - 1 set scan limit failed
 340:Core/Src/driver_max7219.c ****  *            - 2 handle is NULL
 341:Core/Src/driver_max7219.c ****  *            - 3 handle is not initialized
 342:Core/Src/driver_max7219.c ****  * @note      none
 343:Core/Src/driver_max7219.c ****  */
 344:Core/Src/driver_max7219.c **** uint8_t max7219_set_scan_limit(max7219_handle_t *handle, max7219_scan_limit_t limit)
 345:Core/Src/driver_max7219.c **** {
 861              		.loc 1 345 1 is_stmt 1 view -0
 862              		.cfi_startproc
 863              		@ args = 0, pretend = 0, frame = 8
 864              		@ frame_needed = 0, uses_anonymous_args = 0
 346:Core/Src/driver_max7219.c ****     uint8_t res;
 865              		.loc 1 346 5 view .LVU218
 347:Core/Src/driver_max7219.c ****     uint8_t l;
 866              		.loc 1 347 5 view .LVU219
 348:Core/Src/driver_max7219.c ****     
 349:Core/Src/driver_max7219.c ****     if (handle == NULL)                                                       /* check handle */
 867              		.loc 1 349 5 view .LVU220
 868              		.loc 1 349 8 is_stmt 0 view .LVU221
 869 0000 B8B1     		cbz	r0, .L81
 345:Core/Src/driver_max7219.c ****     uint8_t res;
 870              		.loc 1 345 1 view .LVU222
 871 0002 30B5     		push	{r4, r5, lr}
 872              	.LCFI32:
 873              		.cfi_def_cfa_offset 12
 874              		.cfi_offset 4, -12
 875              		.cfi_offset 5, -8
 876              		.cfi_offset 14, -4
 877 0004 83B0     		sub	sp, sp, #12
 878              	.LCFI33:
 879              		.cfi_def_cfa_offset 24
 880 0006 0446     		mov	r4, r0
 350:Core/Src/driver_max7219.c ****     {
 351:Core/Src/driver_max7219.c ****         return 2;                                                             /* return error */
 352:Core/Src/driver_max7219.c ****     }
ARM GAS  /var/folders/y0/yl1wrqfd209ghqq3s8k8qc1m0000gn/T//ccIYkVUE.s 			page 24


 353:Core/Src/driver_max7219.c ****     if (handle->inited != 1)                                                  /* check handle initi
 881              		.loc 1 353 5 is_stmt 1 view .LVU223
 882              		.loc 1 353 15 is_stmt 0 view .LVU224
 883 0008 90F81831 		ldrb	r3, [r0, #280]	@ zero_extendqisi2
 884 000c 1D46     		mov	r5, r3
 885              		.loc 1 353 8 view .LVU225
 886 000e 012B     		cmp	r3, #1
 887 0010 11D1     		bne	.L82
 354:Core/Src/driver_max7219.c ****     {
 355:Core/Src/driver_max7219.c ****         return 3;                                                             /* return error */
 356:Core/Src/driver_max7219.c ****     }
 357:Core/Src/driver_max7219.c ****     
 358:Core/Src/driver_max7219.c ****     l = (uint8_t)limit;                                                       /* set the limit */
 888              		.loc 1 358 5 is_stmt 1 view .LVU226
 889              		.loc 1 358 7 is_stmt 0 view .LVU227
 890 0012 8DF80710 		strb	r1, [sp, #7]
 359:Core/Src/driver_max7219.c ****     res = handle->spi_write(MAX7219_REG_SCAN_LIMIT, (uint8_t *)&l, 1);        /* spi write data */
 891              		.loc 1 359 5 is_stmt 1 view .LVU228
 892              		.loc 1 359 17 is_stmt 0 view .LVU229
 893 0016 C368     		ldr	r3, [r0, #12]
 894              		.loc 1 359 11 view .LVU230
 895 0018 0122     		movs	r2, #1
 896 001a 0DF10701 		add	r1, sp, #7
 897              	.LVL88:
 898              		.loc 1 359 11 view .LVU231
 899 001e 0B20     		movs	r0, #11
 900              	.LVL89:
 901              		.loc 1 359 11 view .LVU232
 902 0020 9847     		blx	r3
 903              	.LVL90:
 360:Core/Src/driver_max7219.c ****     if (res != 0)                                                             /* check result */
 904              		.loc 1 360 5 is_stmt 1 view .LVU233
 905              		.loc 1 360 8 is_stmt 0 view .LVU234
 906 0022 08B9     		cbnz	r0, .L87
 907              	.LVL91:
 908              	.L80:
 361:Core/Src/driver_max7219.c ****     {
 362:Core/Src/driver_max7219.c ****         handle->debug_print("max7219: set scan limit failed.\n");             /* write failed */
 363:Core/Src/driver_max7219.c ****        
 364:Core/Src/driver_max7219.c ****         return 1;                                                             /* return error */
 365:Core/Src/driver_max7219.c ****     }
 366:Core/Src/driver_max7219.c ****     
 367:Core/Src/driver_max7219.c ****     return 0;                                                                 /* success return 0 *
 368:Core/Src/driver_max7219.c **** }
 909              		.loc 1 368 1 view .LVU235
 910 0024 03B0     		add	sp, sp, #12
 911              	.LCFI34:
 912              		.cfi_remember_state
 913              		.cfi_def_cfa_offset 12
 914              		@ sp needed
 915 0026 30BD     		pop	{r4, r5, pc}
 916              	.LVL92:
 917              	.L87:
 918              	.LCFI35:
 919              		.cfi_restore_state
 362:Core/Src/driver_max7219.c ****        
 920              		.loc 1 362 9 is_stmt 1 view .LVU236
ARM GAS  /var/folders/y0/yl1wrqfd209ghqq3s8k8qc1m0000gn/T//ccIYkVUE.s 			page 25


 362:Core/Src/driver_max7219.c ****        
 921              		.loc 1 362 15 is_stmt 0 view .LVU237
 922 0028 6369     		ldr	r3, [r4, #20]
 362:Core/Src/driver_max7219.c ****        
 923              		.loc 1 362 9 view .LVU238
 924 002a 0448     		ldr	r0, .L88
 925              	.LVL93:
 362:Core/Src/driver_max7219.c ****        
 926              		.loc 1 362 9 view .LVU239
 927 002c 9847     		blx	r3
 928              	.LVL94:
 364:Core/Src/driver_max7219.c ****     }
 929              		.loc 1 364 9 is_stmt 1 view .LVU240
 364:Core/Src/driver_max7219.c ****     }
 930              		.loc 1 364 16 is_stmt 0 view .LVU241
 931 002e 2846     		mov	r0, r5
 932 0030 F8E7     		b	.L80
 933              	.LVL95:
 934              	.L81:
 935              	.LCFI36:
 936              		.cfi_def_cfa_offset 0
 937              		.cfi_restore 4
 938              		.cfi_restore 5
 939              		.cfi_restore 14
 351:Core/Src/driver_max7219.c ****     }
 940              		.loc 1 351 16 view .LVU242
 941 0032 0220     		movs	r0, #2
 942              	.LVL96:
 943              		.loc 1 368 1 view .LVU243
 944 0034 7047     		bx	lr
 945              	.LVL97:
 946              	.L82:
 947              	.LCFI37:
 948              		.cfi_def_cfa_offset 24
 949              		.cfi_offset 4, -12
 950              		.cfi_offset 5, -8
 951              		.cfi_offset 14, -4
 355:Core/Src/driver_max7219.c ****     }
 952              		.loc 1 355 16 view .LVU244
 953 0036 0320     		movs	r0, #3
 954              	.LVL98:
 355:Core/Src/driver_max7219.c ****     }
 955              		.loc 1 355 16 view .LVU245
 956 0038 F4E7     		b	.L80
 957              	.L89:
 958 003a 00BF     		.align	2
 959              	.L88:
 960 003c 00000000 		.word	.LC6
 961              		.cfi_endproc
 962              	.LFE10:
 964              		.section	.rodata.max7219_init.str1.4,"aMS",%progbits,1
 965              		.align	2
 966              	.LC7:
 967 0000 6D617837 		.ascii	"max7219: spi_init is null.\012\000"
 967      3231393A 
 967      20737069 
 967      5F696E69 
ARM GAS  /var/folders/y0/yl1wrqfd209ghqq3s8k8qc1m0000gn/T//ccIYkVUE.s 			page 26


 967      74206973 
 968              		.align	2
 969              	.LC8:
 970 001c 6D617837 		.ascii	"max7219: spi_deinit is null.\012\000"
 970      3231393A 
 970      20737069 
 970      5F646569 
 970      6E697420 
 971 003a 0000     		.align	2
 972              	.LC9:
 973 003c 6D617837 		.ascii	"max7219: spi_write_cmd is null.\012\000"
 973      3231393A 
 973      20737069 
 973      5F777269 
 973      74655F63 
 974 005d 000000   		.align	2
 975              	.LC10:
 976 0060 6D617837 		.ascii	"max7219: spi_write is null.\012\000"
 976      3231393A 
 976      20737069 
 976      5F777269 
 976      74652069 
 977 007d 000000   		.align	2
 978              	.LC11:
 979 0080 6D617837 		.ascii	"max7219: delay_ms is null.\012\000"
 979      3231393A 
 979      2064656C 
 979      61795F6D 
 979      73206973 
 980              		.align	2
 981              	.LC12:
 982 009c 6D617837 		.ascii	"max7219: spi init failed.\012\000"
 982      3231393A 
 982      20737069 
 982      20696E69 
 982      74206661 
 983              		.section	.text.max7219_init,"ax",%progbits
 984              		.align	1
 985              		.global	max7219_init
 986              		.syntax unified
 987              		.thumb
 988              		.thumb_func
 990              	max7219_init:
 991              	.LVL99:
 992              	.LFB11:
 369:Core/Src/driver_max7219.c **** 
 370:Core/Src/driver_max7219.c **** /**
 371:Core/Src/driver_max7219.c ****  * @brief     initialize the chip
 372:Core/Src/driver_max7219.c ****  * @param[in] *handle pointer to a max7219 handle structure
 373:Core/Src/driver_max7219.c ****  * @return    status code
 374:Core/Src/driver_max7219.c ****  *            - 0 success
 375:Core/Src/driver_max7219.c ****  *            - 1 spi initialization failed
 376:Core/Src/driver_max7219.c ****  *            - 2 handle is NULL
 377:Core/Src/driver_max7219.c ****  *            - 3 linked functions is NULL
 378:Core/Src/driver_max7219.c ****  * @note      none
 379:Core/Src/driver_max7219.c ****  */
 380:Core/Src/driver_max7219.c **** uint8_t max7219_init(max7219_handle_t *handle)
ARM GAS  /var/folders/y0/yl1wrqfd209ghqq3s8k8qc1m0000gn/T//ccIYkVUE.s 			page 27


 381:Core/Src/driver_max7219.c **** {
 993              		.loc 1 381 1 is_stmt 1 view -0
 994              		.cfi_startproc
 995              		@ args = 0, pretend = 0, frame = 0
 996              		@ frame_needed = 0, uses_anonymous_args = 0
 382:Core/Src/driver_max7219.c ****     if (handle == NULL)                                                  /* check handle */
 997              		.loc 1 382 5 view .LVU247
 998              		.loc 1 382 8 is_stmt 0 view .LVU248
 999 0000 0028     		cmp	r0, #0
 1000 0002 2CD0     		beq	.L98
 381:Core/Src/driver_max7219.c ****     if (handle == NULL)                                                  /* check handle */
 1001              		.loc 1 381 1 view .LVU249
 1002 0004 10B5     		push	{r4, lr}
 1003              	.LCFI38:
 1004              		.cfi_def_cfa_offset 8
 1005              		.cfi_offset 4, -8
 1006              		.cfi_offset 14, -4
 1007 0006 0446     		mov	r4, r0
 383:Core/Src/driver_max7219.c ****     {
 384:Core/Src/driver_max7219.c ****         return 2;                                                        /* return error */
 385:Core/Src/driver_max7219.c ****     }
 386:Core/Src/driver_max7219.c ****     if (handle->debug_print == NULL)                                     /* check debug_print */
 1008              		.loc 1 386 5 is_stmt 1 view .LVU250
 1009              		.loc 1 386 15 is_stmt 0 view .LVU251
 1010 0008 4369     		ldr	r3, [r0, #20]
 1011              		.loc 1 386 8 view .LVU252
 1012 000a 53B3     		cbz	r3, .L99
 387:Core/Src/driver_max7219.c ****     {
 388:Core/Src/driver_max7219.c ****         return 3;                                                        /* return error */
 389:Core/Src/driver_max7219.c ****     }
 390:Core/Src/driver_max7219.c ****     if (handle->spi_init == NULL)                                        /* check spi_init */
 1013              		.loc 1 390 5 is_stmt 1 view .LVU253
 1014              		.loc 1 390 15 is_stmt 0 view .LVU254
 1015 000c 0268     		ldr	r2, [r0]
 1016              		.loc 1 390 8 view .LVU255
 1017 000e 6AB1     		cbz	r2, .L104
 391:Core/Src/driver_max7219.c ****     {
 392:Core/Src/driver_max7219.c ****         handle->debug_print("max7219: spi_init is null.\n");             /* spi_init is null */
 393:Core/Src/driver_max7219.c ****        
 394:Core/Src/driver_max7219.c ****         return 3;                                                        /* return error */
 395:Core/Src/driver_max7219.c ****     }
 396:Core/Src/driver_max7219.c ****     if (handle->spi_deinit == NULL)                                      /* check spi_deinit */
 1018              		.loc 1 396 5 is_stmt 1 view .LVU256
 1019              		.loc 1 396 15 is_stmt 0 view .LVU257
 1020 0010 4168     		ldr	r1, [r0, #4]
 1021              		.loc 1 396 8 view .LVU258
 1022 0012 79B1     		cbz	r1, .L105
 397:Core/Src/driver_max7219.c ****     {
 398:Core/Src/driver_max7219.c ****         handle->debug_print("max7219: spi_deinit is null.\n");           /* spi_deinit is null */
 399:Core/Src/driver_max7219.c ****        
 400:Core/Src/driver_max7219.c ****         return 3;                                                        /* return error */
 401:Core/Src/driver_max7219.c ****     }
 402:Core/Src/driver_max7219.c ****     if (handle->spi_write_cmd == NULL)                                   /* check spi_write_cmd */
 1023              		.loc 1 402 5 is_stmt 1 view .LVU259
 1024              		.loc 1 402 15 is_stmt 0 view .LVU260
 1025 0014 8168     		ldr	r1, [r0, #8]
 1026              		.loc 1 402 8 view .LVU261
ARM GAS  /var/folders/y0/yl1wrqfd209ghqq3s8k8qc1m0000gn/T//ccIYkVUE.s 			page 28


 1027 0016 89B1     		cbz	r1, .L106
 403:Core/Src/driver_max7219.c ****     {
 404:Core/Src/driver_max7219.c ****         handle->debug_print("max7219: spi_write_cmd is null.\n");        /* spi_write_cmd is null *
 405:Core/Src/driver_max7219.c ****        
 406:Core/Src/driver_max7219.c ****         return 3;                                                        /* return error */
 407:Core/Src/driver_max7219.c ****     }
 408:Core/Src/driver_max7219.c ****     if (handle->spi_write == NULL)                                       /* check spi_write */
 1028              		.loc 1 408 5 is_stmt 1 view .LVU262
 1029              		.loc 1 408 15 is_stmt 0 view .LVU263
 1030 0018 C168     		ldr	r1, [r0, #12]
 1031              		.loc 1 408 8 view .LVU264
 1032 001a 99B1     		cbz	r1, .L107
 409:Core/Src/driver_max7219.c ****     {
 410:Core/Src/driver_max7219.c ****         handle->debug_print("max7219: spi_write is null.\n");            /* spi_write is null */
 411:Core/Src/driver_max7219.c ****        
 412:Core/Src/driver_max7219.c ****         return 3;                                                        /* return error */
 413:Core/Src/driver_max7219.c ****     }
 414:Core/Src/driver_max7219.c ****     if (handle->delay_ms == NULL)                                        /* check delay_ms */
 1033              		.loc 1 414 5 is_stmt 1 view .LVU265
 1034              		.loc 1 414 15 is_stmt 0 view .LVU266
 1035 001c 0169     		ldr	r1, [r0, #16]
 1036              		.loc 1 414 8 view .LVU267
 1037 001e A9B1     		cbz	r1, .L108
 415:Core/Src/driver_max7219.c ****     {
 416:Core/Src/driver_max7219.c ****         handle->debug_print("max7219: delay_ms is null.\n");             /* delay_ms is null */
 417:Core/Src/driver_max7219.c ****        
 418:Core/Src/driver_max7219.c ****         return 3;                                                        /* return error */
 419:Core/Src/driver_max7219.c ****     }
 420:Core/Src/driver_max7219.c ****     
 421:Core/Src/driver_max7219.c ****     if (handle->spi_init() != 0)                                         /* spi init */
 1038              		.loc 1 421 5 is_stmt 1 view .LVU268
 1039              		.loc 1 421 9 is_stmt 0 view .LVU269
 1040 0020 9047     		blx	r2
 1041              	.LVL100:
 1042              		.loc 1 421 8 discriminator 1 view .LVU270
 1043 0022 B8B9     		cbnz	r0, .L109
 422:Core/Src/driver_max7219.c ****     {
 423:Core/Src/driver_max7219.c ****         handle->debug_print("max7219: spi init failed.\n");              /* spi init failed */
 424:Core/Src/driver_max7219.c ****        
 425:Core/Src/driver_max7219.c ****         return 1;                                                        /* return error */
 426:Core/Src/driver_max7219.c ****     }
 427:Core/Src/driver_max7219.c ****     handle->inited = 1;                                                  /* flag finish initializat
 1044              		.loc 1 427 5 is_stmt 1 view .LVU271
 1045              		.loc 1 427 20 is_stmt 0 view .LVU272
 1046 0024 0123     		movs	r3, #1
 1047 0026 84F81831 		strb	r3, [r4, #280]
 428:Core/Src/driver_max7219.c ****     
 429:Core/Src/driver_max7219.c ****     return 0;                                                            /* success return 0 */
 1048              		.loc 1 429 5 is_stmt 1 view .LVU273
 1049              	.L91:
 430:Core/Src/driver_max7219.c **** }
 1050              		.loc 1 430 1 is_stmt 0 view .LVU274
 1051 002a 10BD     		pop	{r4, pc}
 1052              	.LVL101:
 1053              	.L104:
 392:Core/Src/driver_max7219.c ****        
 1054              		.loc 1 392 9 is_stmt 1 view .LVU275
ARM GAS  /var/folders/y0/yl1wrqfd209ghqq3s8k8qc1m0000gn/T//ccIYkVUE.s 			page 29


 1055 002c 0E48     		ldr	r0, .L110
 1056              	.LVL102:
 392:Core/Src/driver_max7219.c ****        
 1057              		.loc 1 392 9 is_stmt 0 view .LVU276
 1058 002e 9847     		blx	r3
 1059              	.LVL103:
 394:Core/Src/driver_max7219.c ****     }
 1060              		.loc 1 394 9 is_stmt 1 view .LVU277
 394:Core/Src/driver_max7219.c ****     }
 1061              		.loc 1 394 16 is_stmt 0 view .LVU278
 1062 0030 0320     		movs	r0, #3
 1063 0032 FAE7     		b	.L91
 1064              	.LVL104:
 1065              	.L105:
 398:Core/Src/driver_max7219.c ****        
 1066              		.loc 1 398 9 is_stmt 1 view .LVU279
 1067 0034 0D48     		ldr	r0, .L110+4
 1068              	.LVL105:
 398:Core/Src/driver_max7219.c ****        
 1069              		.loc 1 398 9 is_stmt 0 view .LVU280
 1070 0036 9847     		blx	r3
 1071              	.LVL106:
 400:Core/Src/driver_max7219.c ****     }
 1072              		.loc 1 400 9 is_stmt 1 view .LVU281
 400:Core/Src/driver_max7219.c ****     }
 1073              		.loc 1 400 16 is_stmt 0 view .LVU282
 1074 0038 0320     		movs	r0, #3
 1075 003a F6E7     		b	.L91
 1076              	.LVL107:
 1077              	.L106:
 404:Core/Src/driver_max7219.c ****        
 1078              		.loc 1 404 9 is_stmt 1 view .LVU283
 1079 003c 0C48     		ldr	r0, .L110+8
 1080              	.LVL108:
 404:Core/Src/driver_max7219.c ****        
 1081              		.loc 1 404 9 is_stmt 0 view .LVU284
 1082 003e 9847     		blx	r3
 1083              	.LVL109:
 406:Core/Src/driver_max7219.c ****     }
 1084              		.loc 1 406 9 is_stmt 1 view .LVU285
 406:Core/Src/driver_max7219.c ****     }
 1085              		.loc 1 406 16 is_stmt 0 view .LVU286
 1086 0040 0320     		movs	r0, #3
 1087 0042 F2E7     		b	.L91
 1088              	.LVL110:
 1089              	.L107:
 410:Core/Src/driver_max7219.c ****        
 1090              		.loc 1 410 9 is_stmt 1 view .LVU287
 1091 0044 0B48     		ldr	r0, .L110+12
 1092              	.LVL111:
 410:Core/Src/driver_max7219.c ****        
 1093              		.loc 1 410 9 is_stmt 0 view .LVU288
 1094 0046 9847     		blx	r3
 1095              	.LVL112:
 412:Core/Src/driver_max7219.c ****     }
 1096              		.loc 1 412 9 is_stmt 1 view .LVU289
 412:Core/Src/driver_max7219.c ****     }
ARM GAS  /var/folders/y0/yl1wrqfd209ghqq3s8k8qc1m0000gn/T//ccIYkVUE.s 			page 30


 1097              		.loc 1 412 16 is_stmt 0 view .LVU290
 1098 0048 0320     		movs	r0, #3
 1099 004a EEE7     		b	.L91
 1100              	.LVL113:
 1101              	.L108:
 416:Core/Src/driver_max7219.c ****        
 1102              		.loc 1 416 9 is_stmt 1 view .LVU291
 1103 004c 0A48     		ldr	r0, .L110+16
 1104              	.LVL114:
 416:Core/Src/driver_max7219.c ****        
 1105              		.loc 1 416 9 is_stmt 0 view .LVU292
 1106 004e 9847     		blx	r3
 1107              	.LVL115:
 418:Core/Src/driver_max7219.c ****     }
 1108              		.loc 1 418 9 is_stmt 1 view .LVU293
 418:Core/Src/driver_max7219.c ****     }
 1109              		.loc 1 418 16 is_stmt 0 view .LVU294
 1110 0050 0320     		movs	r0, #3
 1111 0052 EAE7     		b	.L91
 1112              	.L109:
 423:Core/Src/driver_max7219.c ****        
 1113              		.loc 1 423 9 is_stmt 1 view .LVU295
 423:Core/Src/driver_max7219.c ****        
 1114              		.loc 1 423 15 is_stmt 0 view .LVU296
 1115 0054 6369     		ldr	r3, [r4, #20]
 423:Core/Src/driver_max7219.c ****        
 1116              		.loc 1 423 9 view .LVU297
 1117 0056 0948     		ldr	r0, .L110+20
 1118 0058 9847     		blx	r3
 1119              	.LVL116:
 425:Core/Src/driver_max7219.c ****     }
 1120              		.loc 1 425 9 is_stmt 1 view .LVU298
 425:Core/Src/driver_max7219.c ****     }
 1121              		.loc 1 425 16 is_stmt 0 view .LVU299
 1122 005a 0120     		movs	r0, #1
 1123 005c E5E7     		b	.L91
 1124              	.LVL117:
 1125              	.L98:
 1126              	.LCFI39:
 1127              		.cfi_def_cfa_offset 0
 1128              		.cfi_restore 4
 1129              		.cfi_restore 14
 384:Core/Src/driver_max7219.c ****     }
 1130              		.loc 1 384 16 view .LVU300
 1131 005e 0220     		movs	r0, #2
 1132              	.LVL118:
 1133              		.loc 1 430 1 view .LVU301
 1134 0060 7047     		bx	lr
 1135              	.LVL119:
 1136              	.L99:
 1137              	.LCFI40:
 1138              		.cfi_def_cfa_offset 8
 1139              		.cfi_offset 4, -8
 1140              		.cfi_offset 14, -4
 388:Core/Src/driver_max7219.c ****     }
 1141              		.loc 1 388 16 view .LVU302
 1142 0062 0320     		movs	r0, #3
ARM GAS  /var/folders/y0/yl1wrqfd209ghqq3s8k8qc1m0000gn/T//ccIYkVUE.s 			page 31


 1143              	.LVL120:
 388:Core/Src/driver_max7219.c ****     }
 1144              		.loc 1 388 16 view .LVU303
 1145 0064 E1E7     		b	.L91
 1146              	.L111:
 1147 0066 00BF     		.align	2
 1148              	.L110:
 1149 0068 00000000 		.word	.LC7
 1150 006c 1C000000 		.word	.LC8
 1151 0070 3C000000 		.word	.LC9
 1152 0074 60000000 		.word	.LC10
 1153 0078 80000000 		.word	.LC11
 1154 007c 9C000000 		.word	.LC12
 1155              		.cfi_endproc
 1156              	.LFE11:
 1158              		.section	.rodata.max7219_deinit.str1.4,"aMS",%progbits,1
 1159              		.align	2
 1160              	.LC13:
 1161 0000 6D617837 		.ascii	"max7219: spi deinit failed.\012\000"
 1161      3231393A 
 1161      20737069 
 1161      20646569 
 1161      6E697420 
 1162              		.section	.text.max7219_deinit,"ax",%progbits
 1163              		.align	1
 1164              		.global	max7219_deinit
 1165              		.syntax unified
 1166              		.thumb
 1167              		.thumb_func
 1169              	max7219_deinit:
 1170              	.LVL121:
 1171              	.LFB12:
 431:Core/Src/driver_max7219.c **** 
 432:Core/Src/driver_max7219.c **** /**
 433:Core/Src/driver_max7219.c ****  * @brief     close the chip
 434:Core/Src/driver_max7219.c ****  * @param[in] *handle pointer to a max7219 handle structure
 435:Core/Src/driver_max7219.c ****  * @return    status code
 436:Core/Src/driver_max7219.c ****  *            - 0 success
 437:Core/Src/driver_max7219.c ****  *            - 1 spi deinit failed
 438:Core/Src/driver_max7219.c ****  *            - 2 handle is NULL
 439:Core/Src/driver_max7219.c ****  *            - 3 handle is not initialized
 440:Core/Src/driver_max7219.c ****  *            - 4 power down failed
 441:Core/Src/driver_max7219.c ****  * @note      none
 442:Core/Src/driver_max7219.c ****  */
 443:Core/Src/driver_max7219.c **** uint8_t max7219_deinit(max7219_handle_t *handle)
 444:Core/Src/driver_max7219.c **** {
 1172              		.loc 1 444 1 is_stmt 1 view -0
 1173              		.cfi_startproc
 1174              		@ args = 0, pretend = 0, frame = 8
 1175              		@ frame_needed = 0, uses_anonymous_args = 0
 1176              		.loc 1 444 1 is_stmt 0 view .LVU305
 1177 0000 30B5     		push	{r4, r5, lr}
 1178              	.LCFI41:
 1179              		.cfi_def_cfa_offset 12
 1180              		.cfi_offset 4, -12
 1181              		.cfi_offset 5, -8
 1182              		.cfi_offset 14, -4
ARM GAS  /var/folders/y0/yl1wrqfd209ghqq3s8k8qc1m0000gn/T//ccIYkVUE.s 			page 32


 1183 0002 83B0     		sub	sp, sp, #12
 1184              	.LCFI42:
 1185              		.cfi_def_cfa_offset 24
 445:Core/Src/driver_max7219.c ****     uint8_t res;
 1186              		.loc 1 445 5 is_stmt 1 view .LVU306
 446:Core/Src/driver_max7219.c ****     uint8_t mode = (uint8_t)MAX7219_MODE_SHUT_DOWN;
 1187              		.loc 1 446 5 view .LVU307
 1188              		.loc 1 446 13 is_stmt 0 view .LVU308
 1189 0004 0023     		movs	r3, #0
 1190 0006 8DF80730 		strb	r3, [sp, #7]
 447:Core/Src/driver_max7219.c ****     
 448:Core/Src/driver_max7219.c ****     if (handle == NULL)                                                         /* check handle */
 1191              		.loc 1 448 5 is_stmt 1 view .LVU309
 1192              		.loc 1 448 8 is_stmt 0 view .LVU310
 1193 000a E0B1     		cbz	r0, .L116
 1194 000c 0446     		mov	r4, r0
 449:Core/Src/driver_max7219.c ****     {
 450:Core/Src/driver_max7219.c ****         return 2;                                                               /* return error */
 451:Core/Src/driver_max7219.c ****     }
 452:Core/Src/driver_max7219.c ****     if (handle->inited != 1)                                                    /* check handle ini
 1195              		.loc 1 452 5 is_stmt 1 view .LVU311
 1196              		.loc 1 452 15 is_stmt 0 view .LVU312
 1197 000e 90F81831 		ldrb	r3, [r0, #280]	@ zero_extendqisi2
 1198 0012 1D46     		mov	r5, r3
 1199              		.loc 1 452 8 view .LVU313
 1200 0014 012B     		cmp	r3, #1
 1201 0016 18D1     		bne	.L117
 453:Core/Src/driver_max7219.c ****     {
 454:Core/Src/driver_max7219.c ****         return 3;                                                               /* return error */
 455:Core/Src/driver_max7219.c ****     }
 456:Core/Src/driver_max7219.c ****     
 457:Core/Src/driver_max7219.c ****     res = handle->spi_write(MAX7219_REG_SHUT_DOWN, (uint8_t *)&mode, 1);        /* spi write data *
 1202              		.loc 1 457 5 is_stmt 1 view .LVU314
 1203              		.loc 1 457 17 is_stmt 0 view .LVU315
 1204 0018 C368     		ldr	r3, [r0, #12]
 1205              		.loc 1 457 11 view .LVU316
 1206 001a 0122     		movs	r2, #1
 1207 001c 0DF10701 		add	r1, sp, #7
 1208 0020 0C20     		movs	r0, #12
 1209              	.LVL122:
 1210              		.loc 1 457 11 view .LVU317
 1211 0022 9847     		blx	r3
 1212              	.LVL123:
 458:Core/Src/driver_max7219.c ****     if (res != 0)                                                               /* check result */
 1213              		.loc 1 458 5 is_stmt 1 view .LVU318
 1214              		.loc 1 458 8 is_stmt 0 view .LVU319
 1215 0024 28B9     		cbnz	r0, .L119
 459:Core/Src/driver_max7219.c ****     {
 460:Core/Src/driver_max7219.c ****         handle->debug_print("max7219: set mode failed.\n");                     /* write failed */
 461:Core/Src/driver_max7219.c ****        
 462:Core/Src/driver_max7219.c ****         return 4;                                                               /* return error */
 463:Core/Src/driver_max7219.c ****     }
 464:Core/Src/driver_max7219.c ****     res = handle->spi_deinit();                                                 /* spi deinit */
 1216              		.loc 1 464 5 is_stmt 1 view .LVU320
 1217              		.loc 1 464 17 is_stmt 0 view .LVU321
 1218 0026 6368     		ldr	r3, [r4, #4]
 1219              		.loc 1 464 11 view .LVU322
ARM GAS  /var/folders/y0/yl1wrqfd209ghqq3s8k8qc1m0000gn/T//ccIYkVUE.s 			page 33


 1220 0028 9847     		blx	r3
 1221              	.LVL124:
 465:Core/Src/driver_max7219.c ****     if (res != 0)                                                               /* check result */
 1222              		.loc 1 465 5 is_stmt 1 view .LVU323
 1223              		.loc 1 465 8 is_stmt 0 view .LVU324
 1224 002a 38B9     		cbnz	r0, .L120
 466:Core/Src/driver_max7219.c ****     {
 467:Core/Src/driver_max7219.c ****         handle->debug_print("max7219: spi deinit failed.\n");                   /* spi deinit faile
 468:Core/Src/driver_max7219.c ****        
 469:Core/Src/driver_max7219.c ****         return 1;                                                               /* return error */
 470:Core/Src/driver_max7219.c ****     }
 471:Core/Src/driver_max7219.c ****     handle->inited = 0;                                                         /* flag close */
 1225              		.loc 1 471 5 is_stmt 1 view .LVU325
 1226              		.loc 1 471 20 is_stmt 0 view .LVU326
 1227 002c 84F81801 		strb	r0, [r4, #280]
 472:Core/Src/driver_max7219.c ****     
 473:Core/Src/driver_max7219.c ****     return 0;                                                                   /* success return 0
 1228              		.loc 1 473 5 is_stmt 1 view .LVU327
 1229              		.loc 1 473 12 is_stmt 0 view .LVU328
 1230 0030 0CE0     		b	.L113
 1231              	.L119:
 460:Core/Src/driver_max7219.c ****        
 1232              		.loc 1 460 9 is_stmt 1 view .LVU329
 460:Core/Src/driver_max7219.c ****        
 1233              		.loc 1 460 15 is_stmt 0 view .LVU330
 1234 0032 6369     		ldr	r3, [r4, #20]
 460:Core/Src/driver_max7219.c ****        
 1235              		.loc 1 460 9 view .LVU331
 1236 0034 0648     		ldr	r0, .L121
 1237              	.LVL125:
 460:Core/Src/driver_max7219.c ****        
 1238              		.loc 1 460 9 view .LVU332
 1239 0036 9847     		blx	r3
 1240              	.LVL126:
 462:Core/Src/driver_max7219.c ****     }
 1241              		.loc 1 462 9 is_stmt 1 view .LVU333
 462:Core/Src/driver_max7219.c ****     }
 1242              		.loc 1 462 16 is_stmt 0 view .LVU334
 1243 0038 0420     		movs	r0, #4
 1244 003a 07E0     		b	.L113
 1245              	.LVL127:
 1246              	.L120:
 467:Core/Src/driver_max7219.c ****        
 1247              		.loc 1 467 9 is_stmt 1 view .LVU335
 467:Core/Src/driver_max7219.c ****        
 1248              		.loc 1 467 15 is_stmt 0 view .LVU336
 1249 003c 6369     		ldr	r3, [r4, #20]
 467:Core/Src/driver_max7219.c ****        
 1250              		.loc 1 467 9 view .LVU337
 1251 003e 0548     		ldr	r0, .L121+4
 1252              	.LVL128:
 467:Core/Src/driver_max7219.c ****        
 1253              		.loc 1 467 9 view .LVU338
 1254 0040 9847     		blx	r3
 1255              	.LVL129:
 469:Core/Src/driver_max7219.c ****     }
 1256              		.loc 1 469 9 is_stmt 1 view .LVU339
ARM GAS  /var/folders/y0/yl1wrqfd209ghqq3s8k8qc1m0000gn/T//ccIYkVUE.s 			page 34


 469:Core/Src/driver_max7219.c ****     }
 1257              		.loc 1 469 16 is_stmt 0 view .LVU340
 1258 0042 2846     		mov	r0, r5
 1259 0044 02E0     		b	.L113
 1260              	.LVL130:
 1261              	.L116:
 450:Core/Src/driver_max7219.c ****     }
 1262              		.loc 1 450 16 view .LVU341
 1263 0046 0220     		movs	r0, #2
 1264              	.LVL131:
 450:Core/Src/driver_max7219.c ****     }
 1265              		.loc 1 450 16 view .LVU342
 1266 0048 00E0     		b	.L113
 1267              	.LVL132:
 1268              	.L117:
 454:Core/Src/driver_max7219.c ****     }
 1269              		.loc 1 454 16 view .LVU343
 1270 004a 0320     		movs	r0, #3
 1271              	.LVL133:
 1272              	.L113:
 474:Core/Src/driver_max7219.c **** }
 1273              		.loc 1 474 1 view .LVU344
 1274 004c 03B0     		add	sp, sp, #12
 1275              	.LCFI43:
 1276              		.cfi_def_cfa_offset 12
 1277              		@ sp needed
 1278 004e 30BD     		pop	{r4, r5, pc}
 1279              	.L122:
 1280              		.align	2
 1281              	.L121:
 1282 0050 00000000 		.word	.LC4
 1283 0054 00000000 		.word	.LC13
 1284              		.cfi_endproc
 1285              	.LFE12:
 1287              		.section	.text.max7219_set_reg,"ax",%progbits
 1288              		.align	1
 1289              		.global	max7219_set_reg
 1290              		.syntax unified
 1291              		.thumb
 1292              		.thumb_func
 1294              	max7219_set_reg:
 1295              	.LVL134:
 1296              	.LFB13:
 475:Core/Src/driver_max7219.c **** 
 476:Core/Src/driver_max7219.c **** /**
 477:Core/Src/driver_max7219.c ****  * @brief     set the chip register
 478:Core/Src/driver_max7219.c ****  * @param[in] *handle pointer to a max7219 handle structure
 479:Core/Src/driver_max7219.c ****  * @param[in] reg chip register address
 480:Core/Src/driver_max7219.c ****  * @param[in] *buf pointer to a data buffer
 481:Core/Src/driver_max7219.c ****  * @param[in] len data buffer length
 482:Core/Src/driver_max7219.c ****  * @return    status code
 483:Core/Src/driver_max7219.c ****  *            - 0 success
 484:Core/Src/driver_max7219.c ****  *            - 1 write failed
 485:Core/Src/driver_max7219.c ****  *            - 2 handle is NULL
 486:Core/Src/driver_max7219.c ****  *            - 3 handle is not initialized
 487:Core/Src/driver_max7219.c ****  * @note      none
 488:Core/Src/driver_max7219.c ****  */
ARM GAS  /var/folders/y0/yl1wrqfd209ghqq3s8k8qc1m0000gn/T//ccIYkVUE.s 			page 35


 489:Core/Src/driver_max7219.c **** uint8_t max7219_set_reg(max7219_handle_t *handle, uint8_t reg, uint8_t *buf, uint16_t len)
 490:Core/Src/driver_max7219.c **** {
 1297              		.loc 1 490 1 is_stmt 1 view -0
 1298              		.cfi_startproc
 1299              		@ args = 0, pretend = 0, frame = 0
 1300              		@ frame_needed = 0, uses_anonymous_args = 0
 491:Core/Src/driver_max7219.c ****     if (handle == NULL)                               /* check handle */
 1301              		.loc 1 491 5 view .LVU346
 1302              		.loc 1 491 8 is_stmt 0 view .LVU347
 1303 0000 68B1     		cbz	r0, .L125
 490:Core/Src/driver_max7219.c ****     if (handle == NULL)                               /* check handle */
 1304              		.loc 1 490 1 view .LVU348
 1305 0002 10B5     		push	{r4, lr}
 1306              	.LCFI44:
 1307              		.cfi_def_cfa_offset 8
 1308              		.cfi_offset 4, -8
 1309              		.cfi_offset 14, -4
 1310 0004 8C46     		mov	ip, r1
 1311 0006 1146     		mov	r1, r2
 1312              	.LVL135:
 490:Core/Src/driver_max7219.c ****     if (handle == NULL)                               /* check handle */
 1313              		.loc 1 490 1 view .LVU349
 1314 0008 1A46     		mov	r2, r3
 1315              	.LVL136:
 492:Core/Src/driver_max7219.c ****     {
 493:Core/Src/driver_max7219.c ****         return 2;                                     /* return error */
 494:Core/Src/driver_max7219.c ****     }
 495:Core/Src/driver_max7219.c ****     if (handle->inited != 1)                          /* check handle initialization */
 1316              		.loc 1 495 5 is_stmt 1 view .LVU350
 1317              		.loc 1 495 15 is_stmt 0 view .LVU351
 1318 000a 90F81841 		ldrb	r4, [r0, #280]	@ zero_extendqisi2
 1319              		.loc 1 495 8 view .LVU352
 1320 000e 012C     		cmp	r4, #1
 1321 0010 07D1     		bne	.L126
 496:Core/Src/driver_max7219.c ****     {
 497:Core/Src/driver_max7219.c ****         return 3;                                     /* return error */
 498:Core/Src/driver_max7219.c ****     }
 499:Core/Src/driver_max7219.c ****     
 500:Core/Src/driver_max7219.c ****     if (handle->spi_write(reg, buf, len) != 0)        /* write data */
 1322              		.loc 1 500 5 is_stmt 1 view .LVU353
 1323              		.loc 1 500 15 is_stmt 0 view .LVU354
 1324 0012 C368     		ldr	r3, [r0, #12]
 1325              	.LVL137:
 1326              		.loc 1 500 9 view .LVU355
 1327 0014 6046     		mov	r0, ip
 1328              	.LVL138:
 1329              		.loc 1 500 9 view .LVU356
 1330 0016 9847     		blx	r3
 1331              	.LVL139:
 1332              		.loc 1 500 8 discriminator 1 view .LVU357
 1333 0018 20B1     		cbz	r0, .L124
 501:Core/Src/driver_max7219.c ****     {
 502:Core/Src/driver_max7219.c ****         return 1;                                     /* return error */
 1334              		.loc 1 502 16 view .LVU358
 1335 001a 2046     		mov	r0, r4
 1336 001c 02E0     		b	.L124
 1337              	.LVL140:
ARM GAS  /var/folders/y0/yl1wrqfd209ghqq3s8k8qc1m0000gn/T//ccIYkVUE.s 			page 36


 1338              	.L125:
 1339              	.LCFI45:
 1340              		.cfi_def_cfa_offset 0
 1341              		.cfi_restore 4
 1342              		.cfi_restore 14
 493:Core/Src/driver_max7219.c ****     }
 1343              		.loc 1 493 16 view .LVU359
 1344 001e 0220     		movs	r0, #2
 1345              	.LVL141:
 503:Core/Src/driver_max7219.c ****     }
 504:Core/Src/driver_max7219.c ****     else
 505:Core/Src/driver_max7219.c ****     {
 506:Core/Src/driver_max7219.c ****         return 0;                                     /* success return 0 */
 507:Core/Src/driver_max7219.c ****     }
 508:Core/Src/driver_max7219.c **** }
 1346              		.loc 1 508 1 view .LVU360
 1347 0020 7047     		bx	lr
 1348              	.LVL142:
 1349              	.L126:
 1350              	.LCFI46:
 1351              		.cfi_def_cfa_offset 8
 1352              		.cfi_offset 4, -8
 1353              		.cfi_offset 14, -4
 497:Core/Src/driver_max7219.c ****     }
 1354              		.loc 1 497 16 view .LVU361
 1355 0022 0320     		movs	r0, #3
 1356              	.LVL143:
 1357              	.L124:
 1358              		.loc 1 508 1 view .LVU362
 1359 0024 10BD     		pop	{r4, pc}
 1360              		.cfi_endproc
 1361              	.LFE13:
 1363              		.section	.rodata.max7219_info.str1.4,"aMS",%progbits,1
 1364              		.align	2
 1365              	.LC14:
 1366 0000 4D617869 		.ascii	"Maxim Integrated MAX7219\000"
 1366      6D20496E 
 1366      74656772 
 1366      61746564 
 1366      204D4158 
 1367 0019 000000   		.align	2
 1368              	.LC15:
 1369 001c 4D617869 		.ascii	"Maxim Integrated\000"
 1369      6D20496E 
 1369      74656772 
 1369      61746564 
 1369      00
 1370 002d 000000   		.align	2
 1371              	.LC16:
 1372 0030 53504900 		.ascii	"SPI\000"
 1373              		.section	.text.max7219_info,"ax",%progbits
 1374              		.align	1
 1375              		.global	max7219_info
 1376              		.syntax unified
 1377              		.thumb
 1378              		.thumb_func
 1380              	max7219_info:
ARM GAS  /var/folders/y0/yl1wrqfd209ghqq3s8k8qc1m0000gn/T//ccIYkVUE.s 			page 37


 1381              	.LVL144:
 1382              	.LFB14:
 509:Core/Src/driver_max7219.c **** 
 510:Core/Src/driver_max7219.c **** /**
 511:Core/Src/driver_max7219.c ****  * @brief      get chip's information
 512:Core/Src/driver_max7219.c ****  * @param[out] *info pointer to a max7219 info structure
 513:Core/Src/driver_max7219.c ****  * @return     status code
 514:Core/Src/driver_max7219.c ****  *             - 0 success
 515:Core/Src/driver_max7219.c ****  *             - 2 handle is NULL
 516:Core/Src/driver_max7219.c ****  * @note       none
 517:Core/Src/driver_max7219.c ****  */
 518:Core/Src/driver_max7219.c **** uint8_t max7219_info(max7219_info_t *info)
 519:Core/Src/driver_max7219.c **** {
 1383              		.loc 1 519 1 is_stmt 1 view -0
 1384              		.cfi_startproc
 1385              		@ args = 0, pretend = 0, frame = 0
 1386              		@ frame_needed = 0, uses_anonymous_args = 0
 520:Core/Src/driver_max7219.c ****     if (info == NULL)                                               /* check handle */
 1387              		.loc 1 520 5 view .LVU364
 1388              		.loc 1 520 8 is_stmt 0 view .LVU365
 1389 0000 28B3     		cbz	r0, .L133
 519:Core/Src/driver_max7219.c ****     if (info == NULL)                                               /* check handle */
 1390              		.loc 1 519 1 view .LVU366
 1391 0002 10B5     		push	{r4, lr}
 1392              	.LCFI47:
 1393              		.cfi_def_cfa_offset 8
 1394              		.cfi_offset 4, -8
 1395              		.cfi_offset 14, -4
 1396 0004 0446     		mov	r4, r0
 521:Core/Src/driver_max7219.c ****     {
 522:Core/Src/driver_max7219.c ****         return 2;                                                   /* return error */
 523:Core/Src/driver_max7219.c ****     }
 524:Core/Src/driver_max7219.c ****     
 525:Core/Src/driver_max7219.c ****     memset(info, 0, sizeof(max7219_info_t));                        /* initialize max7219 info stru
 1397              		.loc 1 525 5 is_stmt 1 view .LVU367
 1398 0006 6022     		movs	r2, #96
 1399 0008 0021     		movs	r1, #0
 1400 000a FFF7FEFF 		bl	memset
 1401              	.LVL145:
 526:Core/Src/driver_max7219.c ****     strncpy(info->chip_name, CHIP_NAME, 32);                        /* copy chip name */
 1402              		.loc 1 526 5 view .LVU368
 1403 000e 2022     		movs	r2, #32
 1404 0010 1049     		ldr	r1, .L138
 1405 0012 2046     		mov	r0, r4
 1406 0014 FFF7FEFF 		bl	strncpy
 1407              	.LVL146:
 527:Core/Src/driver_max7219.c ****     strncpy(info->manufacturer_name, MANUFACTURER_NAME, 32);        /* copy manufacturer name */
 1408              		.loc 1 527 5 view .LVU369
 1409 0018 2022     		movs	r2, #32
 1410 001a 0F49     		ldr	r1, .L138+4
 1411 001c A018     		adds	r0, r4, r2
 1412 001e FFF7FEFF 		bl	strncpy
 1413              	.LVL147:
 528:Core/Src/driver_max7219.c ****     strncpy(info->interface, "SPI", 8);                             /* copy interface name */
 1414              		.loc 1 528 5 view .LVU370
 1415 0022 0822     		movs	r2, #8
 1416 0024 0D49     		ldr	r1, .L138+8
ARM GAS  /var/folders/y0/yl1wrqfd209ghqq3s8k8qc1m0000gn/T//ccIYkVUE.s 			page 38


 1417 0026 04F14000 		add	r0, r4, #64
 1418 002a FFF7FEFF 		bl	strncpy
 1419              	.LVL148:
 529:Core/Src/driver_max7219.c ****     info->supply_voltage_min_v = SUPPLY_VOLTAGE_MIN;                /* set minimal supply voltage *
 1420              		.loc 1 529 5 view .LVU371
 1421              		.loc 1 529 32 is_stmt 0 view .LVU372
 1422 002e 4FF08143 		mov	r3, #1082130432
 1423 0032 A364     		str	r3, [r4, #72]	@ float
 530:Core/Src/driver_max7219.c ****     info->supply_voltage_max_v = SUPPLY_VOLTAGE_MAX;                /* set maximum supply voltage *
 1424              		.loc 1 530 5 is_stmt 1 view .LVU373
 1425              		.loc 1 530 32 is_stmt 0 view .LVU374
 1426 0034 0A4B     		ldr	r3, .L138+12
 1427 0036 E364     		str	r3, [r4, #76]	@ float
 531:Core/Src/driver_max7219.c ****     info->max_current_ma = MAX_CURRENT;                             /* set maximum current */
 1428              		.loc 1 531 5 is_stmt 1 view .LVU375
 1429              		.loc 1 531 26 is_stmt 0 view .LVU376
 1430 0038 0A4B     		ldr	r3, .L138+16
 1431 003a 2365     		str	r3, [r4, #80]	@ float
 532:Core/Src/driver_max7219.c ****     info->temperature_max = TEMPERATURE_MAX;                        /* set minimal temperature */
 1432              		.loc 1 532 5 is_stmt 1 view .LVU377
 1433              		.loc 1 532 27 is_stmt 0 view .LVU378
 1434 003c 0A4B     		ldr	r3, .L138+20
 1435 003e A365     		str	r3, [r4, #88]	@ float
 533:Core/Src/driver_max7219.c ****     info->temperature_min = TEMPERATURE_MIN;                        /* set maximum temperature */
 1436              		.loc 1 533 5 is_stmt 1 view .LVU379
 1437              		.loc 1 533 27 is_stmt 0 view .LVU380
 1438 0040 0A4B     		ldr	r3, .L138+24
 1439 0042 6365     		str	r3, [r4, #84]	@ float
 534:Core/Src/driver_max7219.c ****     info->driver_version = DRIVER_VERSION;                          /* set driver version */
 1440              		.loc 1 534 5 is_stmt 1 view .LVU381
 1441              		.loc 1 534 26 is_stmt 0 view .LVU382
 1442 0044 4FF4FA63 		mov	r3, #2000
 1443 0048 E365     		str	r3, [r4, #92]
 535:Core/Src/driver_max7219.c ****     
 536:Core/Src/driver_max7219.c ****     return 0;                                                       /* success return 0 */
 1444              		.loc 1 536 5 is_stmt 1 view .LVU383
 1445              		.loc 1 536 12 is_stmt 0 view .LVU384
 1446 004a 0020     		movs	r0, #0
 537:Core/Src/driver_max7219.c **** }
 1447              		.loc 1 537 1 view .LVU385
 1448 004c 10BD     		pop	{r4, pc}
 1449              	.LVL149:
 1450              	.L133:
 1451              	.LCFI48:
 1452              		.cfi_def_cfa_offset 0
 1453              		.cfi_restore 4
 1454              		.cfi_restore 14
 522:Core/Src/driver_max7219.c ****     }
 1455              		.loc 1 522 16 view .LVU386
 1456 004e 0220     		movs	r0, #2
 1457              	.LVL150:
 1458              		.loc 1 537 1 view .LVU387
 1459 0050 7047     		bx	lr
 1460              	.L139:
 1461 0052 00BF     		.align	2
 1462              	.L138:
 1463 0054 00000000 		.word	.LC14
ARM GAS  /var/folders/y0/yl1wrqfd209ghqq3s8k8qc1m0000gn/T//ccIYkVUE.s 			page 39


 1464 0058 1C000000 		.word	.LC15
 1465 005c 30000000 		.word	.LC16
 1466 0060 0000B040 		.word	1085276160
 1467 0064 0000A043 		.word	1134559232
 1468 0068 0000AA42 		.word	1118437376
 1469 006c 000020C2 		.word	-1038090240
 1470              		.cfi_endproc
 1471              	.LFE14:
 1473              		.text
 1474              	.Letext0:
 1475              		.file 2 "/Applications/ArmGNUToolchain/15.3.rel1/arm-none-eabi/arm-none-eabi/include/machine/_defa
 1476              		.file 3 "/Applications/ArmGNUToolchain/15.3.rel1/arm-none-eabi/arm-none-eabi/include/sys/_stdint.h
 1477              		.file 4 "Core/Inc/driver_max7219.h"
 1478              		.file 5 "/Applications/ArmGNUToolchain/15.3.rel1/arm-none-eabi/arm-none-eabi/include/string.h"
 1479              		.file 6 "<built-in>"
ARM GAS  /var/folders/y0/yl1wrqfd209ghqq3s8k8qc1m0000gn/T//ccIYkVUE.s 			page 40


DEFINED SYMBOLS
                            *ABS*:00000000 driver_max7219.c
/var/folders/y0/yl1wrqfd209ghqq3s8k8qc1m0000gn/T//ccIYkVUE.s:19     .rodata.max7219_set_display.str1.4:00000000 $d
/var/folders/y0/yl1wrqfd209ghqq3s8k8qc1m0000gn/T//ccIYkVUE.s:23     .text.max7219_set_display:00000000 $t
/var/folders/y0/yl1wrqfd209ghqq3s8k8qc1m0000gn/T//ccIYkVUE.s:29     .text.max7219_set_display:00000000 max7219_set_display
/var/folders/y0/yl1wrqfd209ghqq3s8k8qc1m0000gn/T//ccIYkVUE.s:121    .text.max7219_set_display:0000003c $d
/var/folders/y0/yl1wrqfd209ghqq3s8k8qc1m0000gn/T//ccIYkVUE.s:126    .text.max7219_set_matrix:00000000 $t
/var/folders/y0/yl1wrqfd209ghqq3s8k8qc1m0000gn/T//ccIYkVUE.s:132    .text.max7219_set_matrix:00000000 max7219_set_matrix
/var/folders/y0/yl1wrqfd209ghqq3s8k8qc1m0000gn/T//ccIYkVUE.s:222    .text.max7219_set_matrix:00000040 $d
/var/folders/y0/yl1wrqfd209ghqq3s8k8qc1m0000gn/T//ccIYkVUE.s:227    .rodata.max7219_set_cascade.str1.4:00000000 $d
/var/folders/y0/yl1wrqfd209ghqq3s8k8qc1m0000gn/T//ccIYkVUE.s:234    .text.max7219_set_cascade:00000000 $t
/var/folders/y0/yl1wrqfd209ghqq3s8k8qc1m0000gn/T//ccIYkVUE.s:240    .text.max7219_set_cascade:00000000 max7219_set_cascade
/var/folders/y0/yl1wrqfd209ghqq3s8k8qc1m0000gn/T//ccIYkVUE.s:378    .text.max7219_set_cascade:00000068 $d
/var/folders/y0/yl1wrqfd209ghqq3s8k8qc1m0000gn/T//ccIYkVUE.s:384    .rodata.max7219_set_decode.str1.4:00000000 $d
/var/folders/y0/yl1wrqfd209ghqq3s8k8qc1m0000gn/T//ccIYkVUE.s:388    .text.max7219_set_decode:00000000 $t
/var/folders/y0/yl1wrqfd209ghqq3s8k8qc1m0000gn/T//ccIYkVUE.s:394    .text.max7219_set_decode:00000000 max7219_set_decode
/var/folders/y0/yl1wrqfd209ghqq3s8k8qc1m0000gn/T//ccIYkVUE.s:496    .text.max7219_set_decode:0000003c $d
/var/folders/y0/yl1wrqfd209ghqq3s8k8qc1m0000gn/T//ccIYkVUE.s:501    .rodata.max7219_set_mode.str1.4:00000000 $d
/var/folders/y0/yl1wrqfd209ghqq3s8k8qc1m0000gn/T//ccIYkVUE.s:505    .text.max7219_set_mode:00000000 $t
/var/folders/y0/yl1wrqfd209ghqq3s8k8qc1m0000gn/T//ccIYkVUE.s:511    .text.max7219_set_mode:00000000 max7219_set_mode
/var/folders/y0/yl1wrqfd209ghqq3s8k8qc1m0000gn/T//ccIYkVUE.s:613    .text.max7219_set_mode:0000003c $d
/var/folders/y0/yl1wrqfd209ghqq3s8k8qc1m0000gn/T//ccIYkVUE.s:618    .text.max7219_set_display_test_mode:00000000 $t
/var/folders/y0/yl1wrqfd209ghqq3s8k8qc1m0000gn/T//ccIYkVUE.s:624    .text.max7219_set_display_test_mode:00000000 max7219_set_display_test_mode
/var/folders/y0/yl1wrqfd209ghqq3s8k8qc1m0000gn/T//ccIYkVUE.s:726    .text.max7219_set_display_test_mode:0000003c $d
/var/folders/y0/yl1wrqfd209ghqq3s8k8qc1m0000gn/T//ccIYkVUE.s:731    .rodata.max7219_set_intensity.str1.4:00000000 $d
/var/folders/y0/yl1wrqfd209ghqq3s8k8qc1m0000gn/T//ccIYkVUE.s:735    .text.max7219_set_intensity:00000000 $t
/var/folders/y0/yl1wrqfd209ghqq3s8k8qc1m0000gn/T//ccIYkVUE.s:741    .text.max7219_set_intensity:00000000 max7219_set_intensity
/var/folders/y0/yl1wrqfd209ghqq3s8k8qc1m0000gn/T//ccIYkVUE.s:843    .text.max7219_set_intensity:0000003c $d
/var/folders/y0/yl1wrqfd209ghqq3s8k8qc1m0000gn/T//ccIYkVUE.s:848    .rodata.max7219_set_scan_limit.str1.4:00000000 $d
/var/folders/y0/yl1wrqfd209ghqq3s8k8qc1m0000gn/T//ccIYkVUE.s:852    .text.max7219_set_scan_limit:00000000 $t
/var/folders/y0/yl1wrqfd209ghqq3s8k8qc1m0000gn/T//ccIYkVUE.s:858    .text.max7219_set_scan_limit:00000000 max7219_set_scan_limit
/var/folders/y0/yl1wrqfd209ghqq3s8k8qc1m0000gn/T//ccIYkVUE.s:960    .text.max7219_set_scan_limit:0000003c $d
/var/folders/y0/yl1wrqfd209ghqq3s8k8qc1m0000gn/T//ccIYkVUE.s:965    .rodata.max7219_init.str1.4:00000000 $d
/var/folders/y0/yl1wrqfd209ghqq3s8k8qc1m0000gn/T//ccIYkVUE.s:984    .text.max7219_init:00000000 $t
/var/folders/y0/yl1wrqfd209ghqq3s8k8qc1m0000gn/T//ccIYkVUE.s:990    .text.max7219_init:00000000 max7219_init
/var/folders/y0/yl1wrqfd209ghqq3s8k8qc1m0000gn/T//ccIYkVUE.s:1149   .text.max7219_init:00000068 $d
/var/folders/y0/yl1wrqfd209ghqq3s8k8qc1m0000gn/T//ccIYkVUE.s:1159   .rodata.max7219_deinit.str1.4:00000000 $d
/var/folders/y0/yl1wrqfd209ghqq3s8k8qc1m0000gn/T//ccIYkVUE.s:1163   .text.max7219_deinit:00000000 $t
/var/folders/y0/yl1wrqfd209ghqq3s8k8qc1m0000gn/T//ccIYkVUE.s:1169   .text.max7219_deinit:00000000 max7219_deinit
/var/folders/y0/yl1wrqfd209ghqq3s8k8qc1m0000gn/T//ccIYkVUE.s:1282   .text.max7219_deinit:00000050 $d
/var/folders/y0/yl1wrqfd209ghqq3s8k8qc1m0000gn/T//ccIYkVUE.s:1288   .text.max7219_set_reg:00000000 $t
/var/folders/y0/yl1wrqfd209ghqq3s8k8qc1m0000gn/T//ccIYkVUE.s:1294   .text.max7219_set_reg:00000000 max7219_set_reg
/var/folders/y0/yl1wrqfd209ghqq3s8k8qc1m0000gn/T//ccIYkVUE.s:1364   .rodata.max7219_info.str1.4:00000000 $d
/var/folders/y0/yl1wrqfd209ghqq3s8k8qc1m0000gn/T//ccIYkVUE.s:1374   .text.max7219_info:00000000 $t
/var/folders/y0/yl1wrqfd209ghqq3s8k8qc1m0000gn/T//ccIYkVUE.s:1380   .text.max7219_info:00000000 max7219_info
/var/folders/y0/yl1wrqfd209ghqq3s8k8qc1m0000gn/T//ccIYkVUE.s:1463   .text.max7219_info:00000054 $d

UNDEFINED SYMBOLS
memset
strncpy
