ARM GAS  /var/folders/y0/yl1wrqfd209ghqq3s8k8qc1m0000gn/T//ccjYiGlu.s 			page 1


   1              		.cpu cortex-m3
   2              		.arch armv7-m
   3              		.fpu softvfp
   4              		.eabi_attribute 20, 1
   5              		.eabi_attribute 21, 1
   6              		.eabi_attribute 23, 3
   7              		.eabi_attribute 24, 1
   8              		.eabi_attribute 25, 1
   9              		.eabi_attribute 26, 1
  10              		.eabi_attribute 30, 1
  11              		.eabi_attribute 34, 1
  12              		.eabi_attribute 18, 4
  13              		.file	"stm32f1xx_hal_spi.c"
  14              		.text
  15              	.Ltext0:
  16              		.cfi_sections	.debug_frame
  17              		.file 1 "Drivers/STM32F1xx_HAL_Driver/Src/stm32f1xx_hal_spi.c"
  18              		.section	.text.SPI_AbortRx_ISR,"ax",%progbits
  19              		.align	1
  20              		.syntax unified
  21              		.thumb
  22              		.thumb_func
  24              	SPI_AbortRx_ISR:
  25              	.LVL0:
  26              	.LFB118:
   1:Drivers/STM32F1xx_HAL_Driver/Src/stm32f1xx_hal_spi.c **** /**
   2:Drivers/STM32F1xx_HAL_Driver/Src/stm32f1xx_hal_spi.c ****   ******************************************************************************
   3:Drivers/STM32F1xx_HAL_Driver/Src/stm32f1xx_hal_spi.c ****   * @file    stm32f1xx_hal_spi.c
   4:Drivers/STM32F1xx_HAL_Driver/Src/stm32f1xx_hal_spi.c ****   * @author  MCD Application Team
   5:Drivers/STM32F1xx_HAL_Driver/Src/stm32f1xx_hal_spi.c ****   * @brief   SPI HAL module driver.
   6:Drivers/STM32F1xx_HAL_Driver/Src/stm32f1xx_hal_spi.c ****   *          This file provides firmware functions to manage the following
   7:Drivers/STM32F1xx_HAL_Driver/Src/stm32f1xx_hal_spi.c ****   *          functionalities of the Serial Peripheral Interface (SPI) peripheral:
   8:Drivers/STM32F1xx_HAL_Driver/Src/stm32f1xx_hal_spi.c ****   *           + Initialization and de-initialization functions
   9:Drivers/STM32F1xx_HAL_Driver/Src/stm32f1xx_hal_spi.c ****   *           + IO operation functions
  10:Drivers/STM32F1xx_HAL_Driver/Src/stm32f1xx_hal_spi.c ****   *           + Peripheral Control functions
  11:Drivers/STM32F1xx_HAL_Driver/Src/stm32f1xx_hal_spi.c ****   *           + Peripheral State functions
  12:Drivers/STM32F1xx_HAL_Driver/Src/stm32f1xx_hal_spi.c ****   ******************************************************************************
  13:Drivers/STM32F1xx_HAL_Driver/Src/stm32f1xx_hal_spi.c ****   * @attention
  14:Drivers/STM32F1xx_HAL_Driver/Src/stm32f1xx_hal_spi.c ****   *
  15:Drivers/STM32F1xx_HAL_Driver/Src/stm32f1xx_hal_spi.c ****   * Copyright (c) 2016 STMicroelectronics.
  16:Drivers/STM32F1xx_HAL_Driver/Src/stm32f1xx_hal_spi.c ****   * All rights reserved.
  17:Drivers/STM32F1xx_HAL_Driver/Src/stm32f1xx_hal_spi.c ****   *
  18:Drivers/STM32F1xx_HAL_Driver/Src/stm32f1xx_hal_spi.c ****   * This software is licensed under terms that can be found in the LICENSE file
  19:Drivers/STM32F1xx_HAL_Driver/Src/stm32f1xx_hal_spi.c ****   * in the root directory of this software component.
  20:Drivers/STM32F1xx_HAL_Driver/Src/stm32f1xx_hal_spi.c ****   * If no LICENSE file comes with this software, it is provided AS-IS.
  21:Drivers/STM32F1xx_HAL_Driver/Src/stm32f1xx_hal_spi.c ****   *
  22:Drivers/STM32F1xx_HAL_Driver/Src/stm32f1xx_hal_spi.c ****   ******************************************************************************
  23:Drivers/STM32F1xx_HAL_Driver/Src/stm32f1xx_hal_spi.c ****   @verbatim
  24:Drivers/STM32F1xx_HAL_Driver/Src/stm32f1xx_hal_spi.c ****   ==============================================================================
  25:Drivers/STM32F1xx_HAL_Driver/Src/stm32f1xx_hal_spi.c ****                         ##### How to use this driver #####
  26:Drivers/STM32F1xx_HAL_Driver/Src/stm32f1xx_hal_spi.c ****   ==============================================================================
  27:Drivers/STM32F1xx_HAL_Driver/Src/stm32f1xx_hal_spi.c ****     [..]
  28:Drivers/STM32F1xx_HAL_Driver/Src/stm32f1xx_hal_spi.c ****       The SPI HAL driver can be used as follows:
  29:Drivers/STM32F1xx_HAL_Driver/Src/stm32f1xx_hal_spi.c **** 
  30:Drivers/STM32F1xx_HAL_Driver/Src/stm32f1xx_hal_spi.c ****       (#) Declare a SPI_HandleTypeDef handle structure, for example:
  31:Drivers/STM32F1xx_HAL_Driver/Src/stm32f1xx_hal_spi.c ****           SPI_HandleTypeDef  hspi;
  32:Drivers/STM32F1xx_HAL_Driver/Src/stm32f1xx_hal_spi.c **** 
ARM GAS  /var/folders/y0/yl1wrqfd209ghqq3s8k8qc1m0000gn/T//ccjYiGlu.s 			page 2


  33:Drivers/STM32F1xx_HAL_Driver/Src/stm32f1xx_hal_spi.c ****       (#)Initialize the SPI low level resources by implementing the HAL_SPI_MspInit() API:
  34:Drivers/STM32F1xx_HAL_Driver/Src/stm32f1xx_hal_spi.c ****           (##) Enable the SPIx interface clock
  35:Drivers/STM32F1xx_HAL_Driver/Src/stm32f1xx_hal_spi.c ****           (##) SPI pins configuration
  36:Drivers/STM32F1xx_HAL_Driver/Src/stm32f1xx_hal_spi.c ****               (+++) Enable the clock for the SPI GPIOs
  37:Drivers/STM32F1xx_HAL_Driver/Src/stm32f1xx_hal_spi.c ****               (+++) Configure these SPI pins as alternate function push-pull
  38:Drivers/STM32F1xx_HAL_Driver/Src/stm32f1xx_hal_spi.c ****           (##) NVIC configuration if you need to use interrupt process
  39:Drivers/STM32F1xx_HAL_Driver/Src/stm32f1xx_hal_spi.c ****               (+++) Configure the SPIx interrupt priority
  40:Drivers/STM32F1xx_HAL_Driver/Src/stm32f1xx_hal_spi.c ****               (+++) Enable the NVIC SPI IRQ handle
  41:Drivers/STM32F1xx_HAL_Driver/Src/stm32f1xx_hal_spi.c ****           (##) DMA Configuration if you need to use DMA process
  42:Drivers/STM32F1xx_HAL_Driver/Src/stm32f1xx_hal_spi.c ****               (+++) Declare a DMA_HandleTypeDef handle structure for the transmit or receive Stream
  43:Drivers/STM32F1xx_HAL_Driver/Src/stm32f1xx_hal_spi.c ****               (+++) Enable the DMAx clock
  44:Drivers/STM32F1xx_HAL_Driver/Src/stm32f1xx_hal_spi.c ****               (+++) Configure the DMA handle parameters
  45:Drivers/STM32F1xx_HAL_Driver/Src/stm32f1xx_hal_spi.c ****               (+++) Configure the DMA Tx or Rx Stream/Channel
  46:Drivers/STM32F1xx_HAL_Driver/Src/stm32f1xx_hal_spi.c ****               (+++) Associate the initialized hdma_tx(or _rx)  handle to the hspi DMA Tx or Rx hand
  47:Drivers/STM32F1xx_HAL_Driver/Src/stm32f1xx_hal_spi.c ****               (+++) Configure the priority and enable the NVIC for the transfer complete interrupt 
  48:Drivers/STM32F1xx_HAL_Driver/Src/stm32f1xx_hal_spi.c ****                     or Rx Stream/Channel
  49:Drivers/STM32F1xx_HAL_Driver/Src/stm32f1xx_hal_spi.c **** 
  50:Drivers/STM32F1xx_HAL_Driver/Src/stm32f1xx_hal_spi.c ****       (#) Program the Mode, BidirectionalMode , Data size, Baudrate Prescaler, NSS
  51:Drivers/STM32F1xx_HAL_Driver/Src/stm32f1xx_hal_spi.c ****           management, Clock polarity and phase, FirstBit and CRC configuration in the hspi Init str
  52:Drivers/STM32F1xx_HAL_Driver/Src/stm32f1xx_hal_spi.c **** 
  53:Drivers/STM32F1xx_HAL_Driver/Src/stm32f1xx_hal_spi.c ****       (#) Initialize the SPI registers by calling the HAL_SPI_Init() API:
  54:Drivers/STM32F1xx_HAL_Driver/Src/stm32f1xx_hal_spi.c ****           (++) This API configures also the low level Hardware GPIO, CLOCK, CORTEX...etc)
  55:Drivers/STM32F1xx_HAL_Driver/Src/stm32f1xx_hal_spi.c ****               by calling the customized HAL_SPI_MspInit() API.
  56:Drivers/STM32F1xx_HAL_Driver/Src/stm32f1xx_hal_spi.c ****      [..]
  57:Drivers/STM32F1xx_HAL_Driver/Src/stm32f1xx_hal_spi.c ****        Circular mode restriction:
  58:Drivers/STM32F1xx_HAL_Driver/Src/stm32f1xx_hal_spi.c ****       (#) The DMA circular mode cannot be used when the SPI is configured in these modes:
  59:Drivers/STM32F1xx_HAL_Driver/Src/stm32f1xx_hal_spi.c ****           (##) Master 2Lines RxOnly
  60:Drivers/STM32F1xx_HAL_Driver/Src/stm32f1xx_hal_spi.c ****           (##) Master 1Line Rx
  61:Drivers/STM32F1xx_HAL_Driver/Src/stm32f1xx_hal_spi.c ****       (#) The CRC feature is not managed when the DMA circular mode is enabled
  62:Drivers/STM32F1xx_HAL_Driver/Src/stm32f1xx_hal_spi.c ****       (#) When the SPI DMA Pause/Stop features are used, we must use the following APIs
  63:Drivers/STM32F1xx_HAL_Driver/Src/stm32f1xx_hal_spi.c ****           the HAL_SPI_DMAPause()/ HAL_SPI_DMAStop() only under the SPI callbacks
  64:Drivers/STM32F1xx_HAL_Driver/Src/stm32f1xx_hal_spi.c ****      [..]
  65:Drivers/STM32F1xx_HAL_Driver/Src/stm32f1xx_hal_spi.c ****        Master Receive mode restriction:
  66:Drivers/STM32F1xx_HAL_Driver/Src/stm32f1xx_hal_spi.c ****       (#) In Master unidirectional receive-only mode (MSTR =1, BIDIMODE=0, RXONLY=1) or
  67:Drivers/STM32F1xx_HAL_Driver/Src/stm32f1xx_hal_spi.c ****           bidirectional receive mode (MSTR=1, BIDIMODE=1, BIDIOE=0), to ensure that the SPI
  68:Drivers/STM32F1xx_HAL_Driver/Src/stm32f1xx_hal_spi.c ****           does not initiate a new transfer the following procedure has to be respected:
  69:Drivers/STM32F1xx_HAL_Driver/Src/stm32f1xx_hal_spi.c ****           (##) HAL_SPI_DeInit()
  70:Drivers/STM32F1xx_HAL_Driver/Src/stm32f1xx_hal_spi.c ****           (##) HAL_SPI_Init()
  71:Drivers/STM32F1xx_HAL_Driver/Src/stm32f1xx_hal_spi.c ****      [..]
  72:Drivers/STM32F1xx_HAL_Driver/Src/stm32f1xx_hal_spi.c ****        Callback registration:
  73:Drivers/STM32F1xx_HAL_Driver/Src/stm32f1xx_hal_spi.c **** 
  74:Drivers/STM32F1xx_HAL_Driver/Src/stm32f1xx_hal_spi.c ****       (#) The compilation flag USE_HAL_SPI_REGISTER_CALLBACKS when set to 1U
  75:Drivers/STM32F1xx_HAL_Driver/Src/stm32f1xx_hal_spi.c ****           allows the user to configure dynamically the driver callbacks.
  76:Drivers/STM32F1xx_HAL_Driver/Src/stm32f1xx_hal_spi.c ****           Use Functions HAL_SPI_RegisterCallback() to register an interrupt callback.
  77:Drivers/STM32F1xx_HAL_Driver/Src/stm32f1xx_hal_spi.c **** 
  78:Drivers/STM32F1xx_HAL_Driver/Src/stm32f1xx_hal_spi.c ****           Function HAL_SPI_RegisterCallback() allows to register following callbacks:
  79:Drivers/STM32F1xx_HAL_Driver/Src/stm32f1xx_hal_spi.c ****             (++) TxCpltCallback        : SPI Tx Completed callback
  80:Drivers/STM32F1xx_HAL_Driver/Src/stm32f1xx_hal_spi.c ****             (++) RxCpltCallback        : SPI Rx Completed callback
  81:Drivers/STM32F1xx_HAL_Driver/Src/stm32f1xx_hal_spi.c ****             (++) TxRxCpltCallback      : SPI TxRx Completed callback
  82:Drivers/STM32F1xx_HAL_Driver/Src/stm32f1xx_hal_spi.c ****             (++) TxHalfCpltCallback    : SPI Tx Half Completed callback
  83:Drivers/STM32F1xx_HAL_Driver/Src/stm32f1xx_hal_spi.c ****             (++) RxHalfCpltCallback    : SPI Rx Half Completed callback
  84:Drivers/STM32F1xx_HAL_Driver/Src/stm32f1xx_hal_spi.c ****             (++) TxRxHalfCpltCallback  : SPI TxRx Half Completed callback
  85:Drivers/STM32F1xx_HAL_Driver/Src/stm32f1xx_hal_spi.c ****             (++) ErrorCallback         : SPI Error callback
  86:Drivers/STM32F1xx_HAL_Driver/Src/stm32f1xx_hal_spi.c ****             (++) AbortCpltCallback     : SPI Abort callback
  87:Drivers/STM32F1xx_HAL_Driver/Src/stm32f1xx_hal_spi.c ****             (++) MspInitCallback       : SPI Msp Init callback
  88:Drivers/STM32F1xx_HAL_Driver/Src/stm32f1xx_hal_spi.c ****             (++) MspDeInitCallback     : SPI Msp DeInit callback
  89:Drivers/STM32F1xx_HAL_Driver/Src/stm32f1xx_hal_spi.c ****           This function takes as parameters the HAL peripheral handle, the Callback ID
ARM GAS  /var/folders/y0/yl1wrqfd209ghqq3s8k8qc1m0000gn/T//ccjYiGlu.s 			page 3


  90:Drivers/STM32F1xx_HAL_Driver/Src/stm32f1xx_hal_spi.c ****           and a pointer to the user callback function.
  91:Drivers/STM32F1xx_HAL_Driver/Src/stm32f1xx_hal_spi.c **** 
  92:Drivers/STM32F1xx_HAL_Driver/Src/stm32f1xx_hal_spi.c **** 
  93:Drivers/STM32F1xx_HAL_Driver/Src/stm32f1xx_hal_spi.c ****       (#) Use function HAL_SPI_UnRegisterCallback to reset a callback to the default
  94:Drivers/STM32F1xx_HAL_Driver/Src/stm32f1xx_hal_spi.c ****           weak function.
  95:Drivers/STM32F1xx_HAL_Driver/Src/stm32f1xx_hal_spi.c ****           HAL_SPI_UnRegisterCallback takes as parameters the HAL peripheral handle,
  96:Drivers/STM32F1xx_HAL_Driver/Src/stm32f1xx_hal_spi.c ****           and the Callback ID.
  97:Drivers/STM32F1xx_HAL_Driver/Src/stm32f1xx_hal_spi.c ****           This function allows to reset following callbacks:
  98:Drivers/STM32F1xx_HAL_Driver/Src/stm32f1xx_hal_spi.c ****             (++) TxCpltCallback        : SPI Tx Completed callback
  99:Drivers/STM32F1xx_HAL_Driver/Src/stm32f1xx_hal_spi.c ****             (++) RxCpltCallback        : SPI Rx Completed callback
 100:Drivers/STM32F1xx_HAL_Driver/Src/stm32f1xx_hal_spi.c ****             (++) TxRxCpltCallback      : SPI TxRx Completed callback
 101:Drivers/STM32F1xx_HAL_Driver/Src/stm32f1xx_hal_spi.c ****             (++) TxHalfCpltCallback    : SPI Tx Half Completed callback
 102:Drivers/STM32F1xx_HAL_Driver/Src/stm32f1xx_hal_spi.c ****             (++) RxHalfCpltCallback    : SPI Rx Half Completed callback
 103:Drivers/STM32F1xx_HAL_Driver/Src/stm32f1xx_hal_spi.c ****             (++) TxRxHalfCpltCallback  : SPI TxRx Half Completed callback
 104:Drivers/STM32F1xx_HAL_Driver/Src/stm32f1xx_hal_spi.c ****             (++) ErrorCallback         : SPI Error callback
 105:Drivers/STM32F1xx_HAL_Driver/Src/stm32f1xx_hal_spi.c ****             (++) AbortCpltCallback     : SPI Abort callback
 106:Drivers/STM32F1xx_HAL_Driver/Src/stm32f1xx_hal_spi.c ****             (++) MspInitCallback       : SPI Msp Init callback
 107:Drivers/STM32F1xx_HAL_Driver/Src/stm32f1xx_hal_spi.c ****             (++) MspDeInitCallback     : SPI Msp DeInit callback
 108:Drivers/STM32F1xx_HAL_Driver/Src/stm32f1xx_hal_spi.c **** 
 109:Drivers/STM32F1xx_HAL_Driver/Src/stm32f1xx_hal_spi.c ****        [..]
 110:Drivers/STM32F1xx_HAL_Driver/Src/stm32f1xx_hal_spi.c ****        By default, after the HAL_SPI_Init() and when the state is HAL_SPI_STATE_RESET
 111:Drivers/STM32F1xx_HAL_Driver/Src/stm32f1xx_hal_spi.c ****        all callbacks are set to the corresponding weak functions:
 112:Drivers/STM32F1xx_HAL_Driver/Src/stm32f1xx_hal_spi.c ****        examples HAL_SPI_MasterTxCpltCallback(), HAL_SPI_MasterRxCpltCallback().
 113:Drivers/STM32F1xx_HAL_Driver/Src/stm32f1xx_hal_spi.c ****        Exception done for MspInit and MspDeInit functions that are
 114:Drivers/STM32F1xx_HAL_Driver/Src/stm32f1xx_hal_spi.c ****        reset to the legacy weak functions in the HAL_SPI_Init()/ HAL_SPI_DeInit() only when
 115:Drivers/STM32F1xx_HAL_Driver/Src/stm32f1xx_hal_spi.c ****        these callbacks are null (not registered beforehand).
 116:Drivers/STM32F1xx_HAL_Driver/Src/stm32f1xx_hal_spi.c ****        If MspInit or MspDeInit are not null, the HAL_SPI_Init()/ HAL_SPI_DeInit()
 117:Drivers/STM32F1xx_HAL_Driver/Src/stm32f1xx_hal_spi.c ****        keep and use the user MspInit/MspDeInit callbacks (registered beforehand) whatever the state
 118:Drivers/STM32F1xx_HAL_Driver/Src/stm32f1xx_hal_spi.c **** 
 119:Drivers/STM32F1xx_HAL_Driver/Src/stm32f1xx_hal_spi.c ****        [..]
 120:Drivers/STM32F1xx_HAL_Driver/Src/stm32f1xx_hal_spi.c ****        Callbacks can be registered/unregistered in HAL_SPI_STATE_READY state only.
 121:Drivers/STM32F1xx_HAL_Driver/Src/stm32f1xx_hal_spi.c ****        Exception done MspInit/MspDeInit functions that can be registered/unregistered
 122:Drivers/STM32F1xx_HAL_Driver/Src/stm32f1xx_hal_spi.c ****        in HAL_SPI_STATE_READY or HAL_SPI_STATE_RESET state,
 123:Drivers/STM32F1xx_HAL_Driver/Src/stm32f1xx_hal_spi.c ****        thus registered (user) MspInit/DeInit callbacks can be used during the Init/DeInit.
 124:Drivers/STM32F1xx_HAL_Driver/Src/stm32f1xx_hal_spi.c ****        Then, the user first registers the MspInit/MspDeInit user callbacks
 125:Drivers/STM32F1xx_HAL_Driver/Src/stm32f1xx_hal_spi.c ****        using HAL_SPI_RegisterCallback() before calling HAL_SPI_DeInit()
 126:Drivers/STM32F1xx_HAL_Driver/Src/stm32f1xx_hal_spi.c ****        or HAL_SPI_Init() function.
 127:Drivers/STM32F1xx_HAL_Driver/Src/stm32f1xx_hal_spi.c **** 
 128:Drivers/STM32F1xx_HAL_Driver/Src/stm32f1xx_hal_spi.c ****        [..]
 129:Drivers/STM32F1xx_HAL_Driver/Src/stm32f1xx_hal_spi.c ****        When the compilation define USE_HAL_PPP_REGISTER_CALLBACKS is set to 0 or
 130:Drivers/STM32F1xx_HAL_Driver/Src/stm32f1xx_hal_spi.c ****        not defined, the callback registering feature is not available
 131:Drivers/STM32F1xx_HAL_Driver/Src/stm32f1xx_hal_spi.c ****        and weak (surcharged) callbacks are used.
 132:Drivers/STM32F1xx_HAL_Driver/Src/stm32f1xx_hal_spi.c **** 
 133:Drivers/STM32F1xx_HAL_Driver/Src/stm32f1xx_hal_spi.c ****      [..]
 134:Drivers/STM32F1xx_HAL_Driver/Src/stm32f1xx_hal_spi.c ****        Using the HAL it is not possible to reach all supported SPI frequency with the different SPI
 135:Drivers/STM32F1xx_HAL_Driver/Src/stm32f1xx_hal_spi.c ****        the following table resume the max SPI frequency reached with data size 8bits/16bits,
 136:Drivers/STM32F1xx_HAL_Driver/Src/stm32f1xx_hal_spi.c ****          according to frequency of the APBx Peripheral Clock (fPCLK) used by the SPI instance.
 137:Drivers/STM32F1xx_HAL_Driver/Src/stm32f1xx_hal_spi.c **** 
 138:Drivers/STM32F1xx_HAL_Driver/Src/stm32f1xx_hal_spi.c ****   @endverbatim
 139:Drivers/STM32F1xx_HAL_Driver/Src/stm32f1xx_hal_spi.c **** 
 140:Drivers/STM32F1xx_HAL_Driver/Src/stm32f1xx_hal_spi.c ****   Additional table :
 141:Drivers/STM32F1xx_HAL_Driver/Src/stm32f1xx_hal_spi.c **** 
 142:Drivers/STM32F1xx_HAL_Driver/Src/stm32f1xx_hal_spi.c ****        DataSize = SPI_DATASIZE_8BIT:
 143:Drivers/STM32F1xx_HAL_Driver/Src/stm32f1xx_hal_spi.c ****        +-------------------------------------------------------------------------------------------
 144:Drivers/STM32F1xx_HAL_Driver/Src/stm32f1xx_hal_spi.c ****        |         |                | 2Lines Fullduplex   |     2Lines RxOnly    |         1Line     
 145:Drivers/STM32F1xx_HAL_Driver/Src/stm32f1xx_hal_spi.c ****        | Process | Transfer mode  |---------------------|----------------------|-------------------
 146:Drivers/STM32F1xx_HAL_Driver/Src/stm32f1xx_hal_spi.c ****        |         |                |  Master  |  Slave   |  Master   |  Slave   |  Master   |  Slave
ARM GAS  /var/folders/y0/yl1wrqfd209ghqq3s8k8qc1m0000gn/T//ccjYiGlu.s 			page 4


 147:Drivers/STM32F1xx_HAL_Driver/Src/stm32f1xx_hal_spi.c ****        |===========================================================================================
 148:Drivers/STM32F1xx_HAL_Driver/Src/stm32f1xx_hal_spi.c ****        |    T    |     Polling    | Fpclk/2  | Fpclk/2  |    NA     |    NA    |    NA     |   NA  
 149:Drivers/STM32F1xx_HAL_Driver/Src/stm32f1xx_hal_spi.c ****        |    X    |----------------|----------|----------|-----------|----------|-----------|-------
 150:Drivers/STM32F1xx_HAL_Driver/Src/stm32f1xx_hal_spi.c ****        |    /    |     Interrupt  | Fpclk/4  | Fpclk/8  |    NA     |    NA    |    NA     |   NA  
 151:Drivers/STM32F1xx_HAL_Driver/Src/stm32f1xx_hal_spi.c ****        |    R    |----------------|----------|----------|-----------|----------|-----------|-------
 152:Drivers/STM32F1xx_HAL_Driver/Src/stm32f1xx_hal_spi.c ****        |    X    |       DMA      | Fpclk/2  | Fpclk/2  |    NA     |    NA    |    NA     |   NA  
 153:Drivers/STM32F1xx_HAL_Driver/Src/stm32f1xx_hal_spi.c ****        |=========|================|==========|==========|===========|==========|===========|=======
 154:Drivers/STM32F1xx_HAL_Driver/Src/stm32f1xx_hal_spi.c ****        |         |     Polling    | Fpclk/2  | Fpclk/2  | Fpclk/64  | Fpclk/2  | Fpclk/64  | Fpclk/
 155:Drivers/STM32F1xx_HAL_Driver/Src/stm32f1xx_hal_spi.c ****        |         |----------------|----------|----------|-----------|----------|-----------|-------
 156:Drivers/STM32F1xx_HAL_Driver/Src/stm32f1xx_hal_spi.c ****        |    R    |     Interrupt  | Fpclk/8  | Fpclk/8  | Fpclk/64  | Fpclk/2  | Fpclk/64  | Fpclk/
 157:Drivers/STM32F1xx_HAL_Driver/Src/stm32f1xx_hal_spi.c ****        |    X    |----------------|----------|----------|-----------|----------|-----------|-------
 158:Drivers/STM32F1xx_HAL_Driver/Src/stm32f1xx_hal_spi.c ****        |         |       DMA      | Fpclk/2  | Fpclk/2  | Fpclk/64  | Fpclk/2  | Fpclk/128 | Fpclk/
 159:Drivers/STM32F1xx_HAL_Driver/Src/stm32f1xx_hal_spi.c ****        |=========|================|==========|==========|===========|==========|===========|=======
 160:Drivers/STM32F1xx_HAL_Driver/Src/stm32f1xx_hal_spi.c ****        |         |     Polling    | Fpclk/2  | Fpclk/4  |     NA    |    NA    | Fpclk/2   | Fpclk/
 161:Drivers/STM32F1xx_HAL_Driver/Src/stm32f1xx_hal_spi.c ****        |         |----------------|----------|----------|-----------|----------|-----------|-------
 162:Drivers/STM32F1xx_HAL_Driver/Src/stm32f1xx_hal_spi.c ****        |    T    |     Interrupt  | Fpclk/2  | Fpclk/4  |     NA    |    NA    | Fpclk/2   | Fpclk/
 163:Drivers/STM32F1xx_HAL_Driver/Src/stm32f1xx_hal_spi.c ****        |    X    |----------------|----------|----------|-----------|----------|-----------|-------
 164:Drivers/STM32F1xx_HAL_Driver/Src/stm32f1xx_hal_spi.c ****        |         |       DMA      | Fpclk/2  | Fpclk/2  |     NA    |    NA    | Fpclk/2   | Fpclk/
 165:Drivers/STM32F1xx_HAL_Driver/Src/stm32f1xx_hal_spi.c ****        +-------------------------------------------------------------------------------------------
 166:Drivers/STM32F1xx_HAL_Driver/Src/stm32f1xx_hal_spi.c **** 
 167:Drivers/STM32F1xx_HAL_Driver/Src/stm32f1xx_hal_spi.c ****        DataSize = SPI_DATASIZE_16BIT:
 168:Drivers/STM32F1xx_HAL_Driver/Src/stm32f1xx_hal_spi.c ****        +-------------------------------------------------------------------------------------------
 169:Drivers/STM32F1xx_HAL_Driver/Src/stm32f1xx_hal_spi.c ****        |         |                | 2Lines Fullduplex   |     2Lines RxOnly    |         1Line     
 170:Drivers/STM32F1xx_HAL_Driver/Src/stm32f1xx_hal_spi.c ****        | Process | Transfer mode  |---------------------|----------------------|-------------------
 171:Drivers/STM32F1xx_HAL_Driver/Src/stm32f1xx_hal_spi.c ****        |         |                |  Master  |  Slave   |  Master   |  Slave   |  Master   |  Slave
 172:Drivers/STM32F1xx_HAL_Driver/Src/stm32f1xx_hal_spi.c ****        |===========================================================================================
 173:Drivers/STM32F1xx_HAL_Driver/Src/stm32f1xx_hal_spi.c ****        |    T    |     Polling    | Fpclk/2  | Fpclk/2  |    NA     |    NA    |    NA     |   NA  
 174:Drivers/STM32F1xx_HAL_Driver/Src/stm32f1xx_hal_spi.c ****        |    X    |----------------|----------|----------|-----------|----------|-----------|-------
 175:Drivers/STM32F1xx_HAL_Driver/Src/stm32f1xx_hal_spi.c ****        |    /    |     Interrupt  | Fpclk/4  | Fpclk/4  |    NA     |    NA    |    NA     |   NA  
 176:Drivers/STM32F1xx_HAL_Driver/Src/stm32f1xx_hal_spi.c ****        |    R    |----------------|----------|----------|-----------|----------|-----------|-------
 177:Drivers/STM32F1xx_HAL_Driver/Src/stm32f1xx_hal_spi.c ****        |    X    |       DMA      | Fpclk/2  | Fpclk/2  |    NA     |    NA    |    NA     |   NA  
 178:Drivers/STM32F1xx_HAL_Driver/Src/stm32f1xx_hal_spi.c ****        |=========|================|==========|==========|===========|==========|===========|=======
 179:Drivers/STM32F1xx_HAL_Driver/Src/stm32f1xx_hal_spi.c ****        |         |     Polling    | Fpclk/2  | Fpclk/2  | Fpclk/64  | Fpclk/2  | Fpclk/32  | Fpclk/
 180:Drivers/STM32F1xx_HAL_Driver/Src/stm32f1xx_hal_spi.c ****        |         |----------------|----------|----------|-----------|----------|-----------|-------
 181:Drivers/STM32F1xx_HAL_Driver/Src/stm32f1xx_hal_spi.c ****        |    R    |     Interrupt  | Fpclk/4  | Fpclk/4  | Fpclk/64  | Fpclk/2  | Fpclk/64  | Fpclk/
 182:Drivers/STM32F1xx_HAL_Driver/Src/stm32f1xx_hal_spi.c ****        |    X    |----------------|----------|----------|-----------|----------|-----------|-------
 183:Drivers/STM32F1xx_HAL_Driver/Src/stm32f1xx_hal_spi.c ****        |         |       DMA      | Fpclk/2  | Fpclk/2  | Fpclk/64  | Fpclk/2  | Fpclk/128 | Fpclk/
 184:Drivers/STM32F1xx_HAL_Driver/Src/stm32f1xx_hal_spi.c ****        |=========|================|==========|==========|===========|==========|===========|=======
 185:Drivers/STM32F1xx_HAL_Driver/Src/stm32f1xx_hal_spi.c ****        |         |     Polling    | Fpclk/2  | Fpclk/2  |     NA    |    NA    | Fpclk/2   | Fpclk/
 186:Drivers/STM32F1xx_HAL_Driver/Src/stm32f1xx_hal_spi.c ****        |         |----------------|----------|----------|-----------|----------|-----------|-------
 187:Drivers/STM32F1xx_HAL_Driver/Src/stm32f1xx_hal_spi.c ****        |    T    |     Interrupt  | Fpclk/2  | Fpclk/2  |     NA    |    NA    | Fpclk/2   | Fpclk/
 188:Drivers/STM32F1xx_HAL_Driver/Src/stm32f1xx_hal_spi.c ****        |    X    |----------------|----------|----------|-----------|----------|-----------|-------
 189:Drivers/STM32F1xx_HAL_Driver/Src/stm32f1xx_hal_spi.c ****        |         |       DMA      | Fpclk/2  | Fpclk/2  |     NA    |    NA    | Fpclk/2   | Fpclk/
 190:Drivers/STM32F1xx_HAL_Driver/Src/stm32f1xx_hal_spi.c ****        +-------------------------------------------------------------------------------------------
 191:Drivers/STM32F1xx_HAL_Driver/Src/stm32f1xx_hal_spi.c ****        @note The max SPI frequency depend on SPI data size (8bits, 16bits),
 192:Drivers/STM32F1xx_HAL_Driver/Src/stm32f1xx_hal_spi.c ****              SPI mode(2 Lines fullduplex, 2 lines RxOnly, 1 line TX/RX) and Process mode (Polling, 
 193:Drivers/STM32F1xx_HAL_Driver/Src/stm32f1xx_hal_spi.c ****        @note
 194:Drivers/STM32F1xx_HAL_Driver/Src/stm32f1xx_hal_spi.c ****             (#) TX/RX processes are HAL_SPI_TransmitReceive(), HAL_SPI_TransmitReceive_IT() and
 195:Drivers/STM32F1xx_HAL_Driver/Src/stm32f1xx_hal_spi.c ****                 HAL_SPI_TransmitReceive_DMA()
 196:Drivers/STM32F1xx_HAL_Driver/Src/stm32f1xx_hal_spi.c ****             (#) RX processes are HAL_SPI_Receive(), HAL_SPI_Receive_IT() and HAL_SPI_Receive_DMA()
 197:Drivers/STM32F1xx_HAL_Driver/Src/stm32f1xx_hal_spi.c ****             (#) TX processes are HAL_SPI_Transmit(), HAL_SPI_Transmit_IT() and HAL_SPI_Transmit_DMA
 198:Drivers/STM32F1xx_HAL_Driver/Src/stm32f1xx_hal_spi.c **** 
 199:Drivers/STM32F1xx_HAL_Driver/Src/stm32f1xx_hal_spi.c ****   */
 200:Drivers/STM32F1xx_HAL_Driver/Src/stm32f1xx_hal_spi.c **** 
 201:Drivers/STM32F1xx_HAL_Driver/Src/stm32f1xx_hal_spi.c **** /* Includes ------------------------------------------------------------------*/
 202:Drivers/STM32F1xx_HAL_Driver/Src/stm32f1xx_hal_spi.c **** #include "stm32f1xx_hal.h"
 203:Drivers/STM32F1xx_HAL_Driver/Src/stm32f1xx_hal_spi.c **** 
ARM GAS  /var/folders/y0/yl1wrqfd209ghqq3s8k8qc1m0000gn/T//ccjYiGlu.s 			page 5


 204:Drivers/STM32F1xx_HAL_Driver/Src/stm32f1xx_hal_spi.c **** /** @addtogroup STM32F1xx_HAL_Driver
 205:Drivers/STM32F1xx_HAL_Driver/Src/stm32f1xx_hal_spi.c ****   * @{
 206:Drivers/STM32F1xx_HAL_Driver/Src/stm32f1xx_hal_spi.c ****   */
 207:Drivers/STM32F1xx_HAL_Driver/Src/stm32f1xx_hal_spi.c **** 
 208:Drivers/STM32F1xx_HAL_Driver/Src/stm32f1xx_hal_spi.c **** /** @defgroup SPI SPI
 209:Drivers/STM32F1xx_HAL_Driver/Src/stm32f1xx_hal_spi.c ****   * @brief SPI HAL module driver
 210:Drivers/STM32F1xx_HAL_Driver/Src/stm32f1xx_hal_spi.c ****   * @{
 211:Drivers/STM32F1xx_HAL_Driver/Src/stm32f1xx_hal_spi.c ****   */
 212:Drivers/STM32F1xx_HAL_Driver/Src/stm32f1xx_hal_spi.c **** #ifdef HAL_SPI_MODULE_ENABLED
 213:Drivers/STM32F1xx_HAL_Driver/Src/stm32f1xx_hal_spi.c **** 
 214:Drivers/STM32F1xx_HAL_Driver/Src/stm32f1xx_hal_spi.c **** /* Private typedef -----------------------------------------------------------*/
 215:Drivers/STM32F1xx_HAL_Driver/Src/stm32f1xx_hal_spi.c **** /* Private defines -----------------------------------------------------------*/
 216:Drivers/STM32F1xx_HAL_Driver/Src/stm32f1xx_hal_spi.c **** #if (USE_SPI_CRC != 0U) && defined(SPI_CRC_ERROR_WORKAROUND_FEATURE)
 217:Drivers/STM32F1xx_HAL_Driver/Src/stm32f1xx_hal_spi.c **** /* CRC WORKAROUND FEATURE: Variable used to determine if device is impacted by implementation
 218:Drivers/STM32F1xx_HAL_Driver/Src/stm32f1xx_hal_spi.c ****  * of workaround related to wrong CRC errors detection on SPI2. Conditions in which this workaround
 219:Drivers/STM32F1xx_HAL_Driver/Src/stm32f1xx_hal_spi.c ****  * has to be applied, are:
 220:Drivers/STM32F1xx_HAL_Driver/Src/stm32f1xx_hal_spi.c ****  *  - STM32F101CDE/STM32F103CDE
 221:Drivers/STM32F1xx_HAL_Driver/Src/stm32f1xx_hal_spi.c ****  *  - Revision ID : Z
 222:Drivers/STM32F1xx_HAL_Driver/Src/stm32f1xx_hal_spi.c ****  *  - SPI2
 223:Drivers/STM32F1xx_HAL_Driver/Src/stm32f1xx_hal_spi.c ****  *  - In receive only mode, with CRC calculation enabled, at the end of the CRC reception,
 224:Drivers/STM32F1xx_HAL_Driver/Src/stm32f1xx_hal_spi.c ****  *     the software needs to check the CRCERR flag. If it is found set, read back the SPI_RXCRC:
 225:Drivers/STM32F1xx_HAL_Driver/Src/stm32f1xx_hal_spi.c ****  *       + If the value is 0, the complete data transfer is successful.
 226:Drivers/STM32F1xx_HAL_Driver/Src/stm32f1xx_hal_spi.c ****  *       + Otherwise, one or more errors have been detected during the data transfer by CPU or DMA.
 227:Drivers/STM32F1xx_HAL_Driver/Src/stm32f1xx_hal_spi.c ****  *    If CRCERR is found reset, the complete data transfer is considered successful.
 228:Drivers/STM32F1xx_HAL_Driver/Src/stm32f1xx_hal_spi.c ****  *
 229:Drivers/STM32F1xx_HAL_Driver/Src/stm32f1xx_hal_spi.c ****  * Check RevisionID value for identifying if Device is Rev Z (0x0001) in order to enable workaround
 230:Drivers/STM32F1xx_HAL_Driver/Src/stm32f1xx_hal_spi.c ****  * CRC errors wrongly detected
 231:Drivers/STM32F1xx_HAL_Driver/Src/stm32f1xx_hal_spi.c ****  */
 232:Drivers/STM32F1xx_HAL_Driver/Src/stm32f1xx_hal_spi.c **** /* Pb is that ES_STM32F10xxCDE also identify an issue in Debug registers access while not in Debug 
 233:Drivers/STM32F1xx_HAL_Driver/Src/stm32f1xx_hal_spi.c ****  * Revision ID information is only available in Debug mode, so Workaround could not be implemented
 234:Drivers/STM32F1xx_HAL_Driver/Src/stm32f1xx_hal_spi.c ****  * to distinguish Rev Z devices (issue present) from more recent version (issue fixed).
 235:Drivers/STM32F1xx_HAL_Driver/Src/stm32f1xx_hal_spi.c ****  * So, in case of Revision Z F101 or F103 devices, below define should be assigned to 1.
 236:Drivers/STM32F1xx_HAL_Driver/Src/stm32f1xx_hal_spi.c ****  */
 237:Drivers/STM32F1xx_HAL_Driver/Src/stm32f1xx_hal_spi.c **** #define  USE_SPI_CRC_ERROR_WORKAROUND   0U
 238:Drivers/STM32F1xx_HAL_Driver/Src/stm32f1xx_hal_spi.c **** #endif /* USE_SPI_CRC */
 239:Drivers/STM32F1xx_HAL_Driver/Src/stm32f1xx_hal_spi.c **** /** @defgroup SPI_Private_Constants SPI Private Constants
 240:Drivers/STM32F1xx_HAL_Driver/Src/stm32f1xx_hal_spi.c ****   * @{
 241:Drivers/STM32F1xx_HAL_Driver/Src/stm32f1xx_hal_spi.c ****   */
 242:Drivers/STM32F1xx_HAL_Driver/Src/stm32f1xx_hal_spi.c **** #define SPI_DEFAULT_TIMEOUT 100U
 243:Drivers/STM32F1xx_HAL_Driver/Src/stm32f1xx_hal_spi.c **** /**
 244:Drivers/STM32F1xx_HAL_Driver/Src/stm32f1xx_hal_spi.c ****   * @}
 245:Drivers/STM32F1xx_HAL_Driver/Src/stm32f1xx_hal_spi.c ****   */
 246:Drivers/STM32F1xx_HAL_Driver/Src/stm32f1xx_hal_spi.c **** 
 247:Drivers/STM32F1xx_HAL_Driver/Src/stm32f1xx_hal_spi.c **** /* Private macros ------------------------------------------------------------*/
 248:Drivers/STM32F1xx_HAL_Driver/Src/stm32f1xx_hal_spi.c **** /* Private variables ---------------------------------------------------------*/
 249:Drivers/STM32F1xx_HAL_Driver/Src/stm32f1xx_hal_spi.c **** /* Private function prototypes -----------------------------------------------*/
 250:Drivers/STM32F1xx_HAL_Driver/Src/stm32f1xx_hal_spi.c **** /** @defgroup SPI_Private_Functions SPI Private Functions
 251:Drivers/STM32F1xx_HAL_Driver/Src/stm32f1xx_hal_spi.c ****   * @{
 252:Drivers/STM32F1xx_HAL_Driver/Src/stm32f1xx_hal_spi.c ****   */
 253:Drivers/STM32F1xx_HAL_Driver/Src/stm32f1xx_hal_spi.c **** static void SPI_DMATransmitCplt(DMA_HandleTypeDef *hdma);
 254:Drivers/STM32F1xx_HAL_Driver/Src/stm32f1xx_hal_spi.c **** static void SPI_DMAReceiveCplt(DMA_HandleTypeDef *hdma);
 255:Drivers/STM32F1xx_HAL_Driver/Src/stm32f1xx_hal_spi.c **** static void SPI_DMATransmitReceiveCplt(DMA_HandleTypeDef *hdma);
 256:Drivers/STM32F1xx_HAL_Driver/Src/stm32f1xx_hal_spi.c **** static void SPI_DMAHalfTransmitCplt(DMA_HandleTypeDef *hdma);
 257:Drivers/STM32F1xx_HAL_Driver/Src/stm32f1xx_hal_spi.c **** static void SPI_DMAHalfReceiveCplt(DMA_HandleTypeDef *hdma);
 258:Drivers/STM32F1xx_HAL_Driver/Src/stm32f1xx_hal_spi.c **** static void SPI_DMAHalfTransmitReceiveCplt(DMA_HandleTypeDef *hdma);
 259:Drivers/STM32F1xx_HAL_Driver/Src/stm32f1xx_hal_spi.c **** static void SPI_DMAError(DMA_HandleTypeDef *hdma);
 260:Drivers/STM32F1xx_HAL_Driver/Src/stm32f1xx_hal_spi.c **** static void SPI_DMAAbortOnError(DMA_HandleTypeDef *hdma);
ARM GAS  /var/folders/y0/yl1wrqfd209ghqq3s8k8qc1m0000gn/T//ccjYiGlu.s 			page 6


 261:Drivers/STM32F1xx_HAL_Driver/Src/stm32f1xx_hal_spi.c **** static void SPI_DMATxAbortCallback(DMA_HandleTypeDef *hdma);
 262:Drivers/STM32F1xx_HAL_Driver/Src/stm32f1xx_hal_spi.c **** static void SPI_DMARxAbortCallback(DMA_HandleTypeDef *hdma);
 263:Drivers/STM32F1xx_HAL_Driver/Src/stm32f1xx_hal_spi.c **** static HAL_StatusTypeDef SPI_WaitFlagStateUntilTimeout(SPI_HandleTypeDef *hspi, uint32_t Flag, Flag
 264:Drivers/STM32F1xx_HAL_Driver/Src/stm32f1xx_hal_spi.c ****                                                        uint32_t Timeout, uint32_t Tickstart);
 265:Drivers/STM32F1xx_HAL_Driver/Src/stm32f1xx_hal_spi.c **** static void SPI_TxISR_8BIT(struct __SPI_HandleTypeDef *hspi);
 266:Drivers/STM32F1xx_HAL_Driver/Src/stm32f1xx_hal_spi.c **** static void SPI_TxISR_16BIT(struct __SPI_HandleTypeDef *hspi);
 267:Drivers/STM32F1xx_HAL_Driver/Src/stm32f1xx_hal_spi.c **** static void SPI_RxISR_8BIT(struct __SPI_HandleTypeDef *hspi);
 268:Drivers/STM32F1xx_HAL_Driver/Src/stm32f1xx_hal_spi.c **** static void SPI_RxISR_16BIT(struct __SPI_HandleTypeDef *hspi);
 269:Drivers/STM32F1xx_HAL_Driver/Src/stm32f1xx_hal_spi.c **** static void SPI_2linesRxISR_8BIT(struct __SPI_HandleTypeDef *hspi);
 270:Drivers/STM32F1xx_HAL_Driver/Src/stm32f1xx_hal_spi.c **** static void SPI_2linesTxISR_8BIT(struct __SPI_HandleTypeDef *hspi);
 271:Drivers/STM32F1xx_HAL_Driver/Src/stm32f1xx_hal_spi.c **** static void SPI_2linesTxISR_16BIT(struct __SPI_HandleTypeDef *hspi);
 272:Drivers/STM32F1xx_HAL_Driver/Src/stm32f1xx_hal_spi.c **** static void SPI_2linesRxISR_16BIT(struct __SPI_HandleTypeDef *hspi);
 273:Drivers/STM32F1xx_HAL_Driver/Src/stm32f1xx_hal_spi.c **** #if (USE_SPI_CRC != 0U)
 274:Drivers/STM32F1xx_HAL_Driver/Src/stm32f1xx_hal_spi.c **** static void SPI_RxISR_8BITCRC(struct __SPI_HandleTypeDef *hspi);
 275:Drivers/STM32F1xx_HAL_Driver/Src/stm32f1xx_hal_spi.c **** static void SPI_RxISR_16BITCRC(struct __SPI_HandleTypeDef *hspi);
 276:Drivers/STM32F1xx_HAL_Driver/Src/stm32f1xx_hal_spi.c **** static void SPI_2linesRxISR_8BITCRC(struct __SPI_HandleTypeDef *hspi);
 277:Drivers/STM32F1xx_HAL_Driver/Src/stm32f1xx_hal_spi.c **** static void SPI_2linesRxISR_16BITCRC(struct __SPI_HandleTypeDef *hspi);
 278:Drivers/STM32F1xx_HAL_Driver/Src/stm32f1xx_hal_spi.c **** #endif /* USE_SPI_CRC */
 279:Drivers/STM32F1xx_HAL_Driver/Src/stm32f1xx_hal_spi.c **** static void SPI_AbortRx_ISR(SPI_HandleTypeDef *hspi);
 280:Drivers/STM32F1xx_HAL_Driver/Src/stm32f1xx_hal_spi.c **** static void SPI_AbortTx_ISR(SPI_HandleTypeDef *hspi);
 281:Drivers/STM32F1xx_HAL_Driver/Src/stm32f1xx_hal_spi.c **** static void SPI_CloseRxTx_ISR(SPI_HandleTypeDef *hspi);
 282:Drivers/STM32F1xx_HAL_Driver/Src/stm32f1xx_hal_spi.c **** static void SPI_CloseRx_ISR(SPI_HandleTypeDef *hspi);
 283:Drivers/STM32F1xx_HAL_Driver/Src/stm32f1xx_hal_spi.c **** static void SPI_CloseTx_ISR(SPI_HandleTypeDef *hspi);
 284:Drivers/STM32F1xx_HAL_Driver/Src/stm32f1xx_hal_spi.c **** static HAL_StatusTypeDef SPI_EndRxTransaction(SPI_HandleTypeDef *hspi, uint32_t Timeout, uint32_t T
 285:Drivers/STM32F1xx_HAL_Driver/Src/stm32f1xx_hal_spi.c **** static HAL_StatusTypeDef SPI_EndRxTxTransaction(SPI_HandleTypeDef *hspi, uint32_t Timeout, uint32_t
 286:Drivers/STM32F1xx_HAL_Driver/Src/stm32f1xx_hal_spi.c **** /**
 287:Drivers/STM32F1xx_HAL_Driver/Src/stm32f1xx_hal_spi.c ****   * @}
 288:Drivers/STM32F1xx_HAL_Driver/Src/stm32f1xx_hal_spi.c ****   */
 289:Drivers/STM32F1xx_HAL_Driver/Src/stm32f1xx_hal_spi.c **** 
 290:Drivers/STM32F1xx_HAL_Driver/Src/stm32f1xx_hal_spi.c **** /* Exported functions --------------------------------------------------------*/
 291:Drivers/STM32F1xx_HAL_Driver/Src/stm32f1xx_hal_spi.c **** /** @defgroup SPI_Exported_Functions SPI Exported Functions
 292:Drivers/STM32F1xx_HAL_Driver/Src/stm32f1xx_hal_spi.c ****   * @{
 293:Drivers/STM32F1xx_HAL_Driver/Src/stm32f1xx_hal_spi.c ****   */
 294:Drivers/STM32F1xx_HAL_Driver/Src/stm32f1xx_hal_spi.c **** 
 295:Drivers/STM32F1xx_HAL_Driver/Src/stm32f1xx_hal_spi.c **** /** @defgroup SPI_Exported_Functions_Group1 Initialization and de-initialization functions
 296:Drivers/STM32F1xx_HAL_Driver/Src/stm32f1xx_hal_spi.c ****   *  @brief    Initialization and Configuration functions
 297:Drivers/STM32F1xx_HAL_Driver/Src/stm32f1xx_hal_spi.c ****   *
 298:Drivers/STM32F1xx_HAL_Driver/Src/stm32f1xx_hal_spi.c **** @verbatim
 299:Drivers/STM32F1xx_HAL_Driver/Src/stm32f1xx_hal_spi.c ****  ===============================================================================
 300:Drivers/STM32F1xx_HAL_Driver/Src/stm32f1xx_hal_spi.c ****               ##### Initialization and de-initialization functions #####
 301:Drivers/STM32F1xx_HAL_Driver/Src/stm32f1xx_hal_spi.c ****  ===============================================================================
 302:Drivers/STM32F1xx_HAL_Driver/Src/stm32f1xx_hal_spi.c ****     [..]  This subsection provides a set of functions allowing to initialize and
 303:Drivers/STM32F1xx_HAL_Driver/Src/stm32f1xx_hal_spi.c ****           de-initialize the SPIx peripheral:
 304:Drivers/STM32F1xx_HAL_Driver/Src/stm32f1xx_hal_spi.c **** 
 305:Drivers/STM32F1xx_HAL_Driver/Src/stm32f1xx_hal_spi.c ****       (+) User must implement HAL_SPI_MspInit() function in which he configures
 306:Drivers/STM32F1xx_HAL_Driver/Src/stm32f1xx_hal_spi.c ****           all related peripherals resources (CLOCK, GPIO, DMA, IT and NVIC ).
 307:Drivers/STM32F1xx_HAL_Driver/Src/stm32f1xx_hal_spi.c **** 
 308:Drivers/STM32F1xx_HAL_Driver/Src/stm32f1xx_hal_spi.c ****       (+) Call the function HAL_SPI_Init() to configure the selected device with
 309:Drivers/STM32F1xx_HAL_Driver/Src/stm32f1xx_hal_spi.c ****           the selected configuration:
 310:Drivers/STM32F1xx_HAL_Driver/Src/stm32f1xx_hal_spi.c ****         (++) Mode
 311:Drivers/STM32F1xx_HAL_Driver/Src/stm32f1xx_hal_spi.c ****         (++) Direction
 312:Drivers/STM32F1xx_HAL_Driver/Src/stm32f1xx_hal_spi.c ****         (++) Data Size
 313:Drivers/STM32F1xx_HAL_Driver/Src/stm32f1xx_hal_spi.c ****         (++) Clock Polarity and Phase
 314:Drivers/STM32F1xx_HAL_Driver/Src/stm32f1xx_hal_spi.c ****         (++) NSS Management
 315:Drivers/STM32F1xx_HAL_Driver/Src/stm32f1xx_hal_spi.c ****         (++) BaudRate Prescaler
 316:Drivers/STM32F1xx_HAL_Driver/Src/stm32f1xx_hal_spi.c ****         (++) FirstBit
 317:Drivers/STM32F1xx_HAL_Driver/Src/stm32f1xx_hal_spi.c ****         (++) TIMode
ARM GAS  /var/folders/y0/yl1wrqfd209ghqq3s8k8qc1m0000gn/T//ccjYiGlu.s 			page 7


 318:Drivers/STM32F1xx_HAL_Driver/Src/stm32f1xx_hal_spi.c ****         (++) CRC Calculation
 319:Drivers/STM32F1xx_HAL_Driver/Src/stm32f1xx_hal_spi.c ****         (++) CRC Polynomial if CRC enabled
 320:Drivers/STM32F1xx_HAL_Driver/Src/stm32f1xx_hal_spi.c **** 
 321:Drivers/STM32F1xx_HAL_Driver/Src/stm32f1xx_hal_spi.c ****       (+) Call the function HAL_SPI_DeInit() to restore the default configuration
 322:Drivers/STM32F1xx_HAL_Driver/Src/stm32f1xx_hal_spi.c ****           of the selected SPIx peripheral.
 323:Drivers/STM32F1xx_HAL_Driver/Src/stm32f1xx_hal_spi.c **** 
 324:Drivers/STM32F1xx_HAL_Driver/Src/stm32f1xx_hal_spi.c **** @endverbatim
 325:Drivers/STM32F1xx_HAL_Driver/Src/stm32f1xx_hal_spi.c ****   * @{
 326:Drivers/STM32F1xx_HAL_Driver/Src/stm32f1xx_hal_spi.c ****   */
 327:Drivers/STM32F1xx_HAL_Driver/Src/stm32f1xx_hal_spi.c **** 
 328:Drivers/STM32F1xx_HAL_Driver/Src/stm32f1xx_hal_spi.c **** /**
 329:Drivers/STM32F1xx_HAL_Driver/Src/stm32f1xx_hal_spi.c ****   * @brief  Initialize the SPI according to the specified parameters
 330:Drivers/STM32F1xx_HAL_Driver/Src/stm32f1xx_hal_spi.c ****   *         in the SPI_InitTypeDef and initialize the associated handle.
 331:Drivers/STM32F1xx_HAL_Driver/Src/stm32f1xx_hal_spi.c ****   * @param  hspi pointer to a SPI_HandleTypeDef structure that contains
 332:Drivers/STM32F1xx_HAL_Driver/Src/stm32f1xx_hal_spi.c ****   *               the configuration information for SPI module.
 333:Drivers/STM32F1xx_HAL_Driver/Src/stm32f1xx_hal_spi.c ****   * @retval HAL status
 334:Drivers/STM32F1xx_HAL_Driver/Src/stm32f1xx_hal_spi.c ****   */
 335:Drivers/STM32F1xx_HAL_Driver/Src/stm32f1xx_hal_spi.c **** HAL_StatusTypeDef HAL_SPI_Init(SPI_HandleTypeDef *hspi)
 336:Drivers/STM32F1xx_HAL_Driver/Src/stm32f1xx_hal_spi.c **** {
 337:Drivers/STM32F1xx_HAL_Driver/Src/stm32f1xx_hal_spi.c ****   /* Check the SPI handle allocation */
 338:Drivers/STM32F1xx_HAL_Driver/Src/stm32f1xx_hal_spi.c ****   if (hspi == NULL)
 339:Drivers/STM32F1xx_HAL_Driver/Src/stm32f1xx_hal_spi.c ****   {
 340:Drivers/STM32F1xx_HAL_Driver/Src/stm32f1xx_hal_spi.c ****     return HAL_ERROR;
 341:Drivers/STM32F1xx_HAL_Driver/Src/stm32f1xx_hal_spi.c ****   }
 342:Drivers/STM32F1xx_HAL_Driver/Src/stm32f1xx_hal_spi.c **** 
 343:Drivers/STM32F1xx_HAL_Driver/Src/stm32f1xx_hal_spi.c ****   /* Check the parameters */
 344:Drivers/STM32F1xx_HAL_Driver/Src/stm32f1xx_hal_spi.c ****   assert_param(IS_SPI_ALL_INSTANCE(hspi->Instance));
 345:Drivers/STM32F1xx_HAL_Driver/Src/stm32f1xx_hal_spi.c ****   assert_param(IS_SPI_MODE(hspi->Init.Mode));
 346:Drivers/STM32F1xx_HAL_Driver/Src/stm32f1xx_hal_spi.c ****   assert_param(IS_SPI_DIRECTION(hspi->Init.Direction));
 347:Drivers/STM32F1xx_HAL_Driver/Src/stm32f1xx_hal_spi.c ****   assert_param(IS_SPI_DATASIZE(hspi->Init.DataSize));
 348:Drivers/STM32F1xx_HAL_Driver/Src/stm32f1xx_hal_spi.c ****   assert_param(IS_SPI_NSS(hspi->Init.NSS));
 349:Drivers/STM32F1xx_HAL_Driver/Src/stm32f1xx_hal_spi.c ****   assert_param(IS_SPI_BAUDRATE_PRESCALER(hspi->Init.BaudRatePrescaler));
 350:Drivers/STM32F1xx_HAL_Driver/Src/stm32f1xx_hal_spi.c ****   assert_param(IS_SPI_FIRST_BIT(hspi->Init.FirstBit));
 351:Drivers/STM32F1xx_HAL_Driver/Src/stm32f1xx_hal_spi.c ****   /* TI mode is not supported on this device.
 352:Drivers/STM32F1xx_HAL_Driver/Src/stm32f1xx_hal_spi.c ****      TIMode parameter is mandatory equal to SPI_TIMODE_DISABLE */
 353:Drivers/STM32F1xx_HAL_Driver/Src/stm32f1xx_hal_spi.c ****   assert_param(IS_SPI_TIMODE(hspi->Init.TIMode));
 354:Drivers/STM32F1xx_HAL_Driver/Src/stm32f1xx_hal_spi.c ****   if (hspi->Init.TIMode == SPI_TIMODE_DISABLE)
 355:Drivers/STM32F1xx_HAL_Driver/Src/stm32f1xx_hal_spi.c ****   {
 356:Drivers/STM32F1xx_HAL_Driver/Src/stm32f1xx_hal_spi.c ****     assert_param(IS_SPI_CPOL(hspi->Init.CLKPolarity));
 357:Drivers/STM32F1xx_HAL_Driver/Src/stm32f1xx_hal_spi.c ****     assert_param(IS_SPI_CPHA(hspi->Init.CLKPhase));
 358:Drivers/STM32F1xx_HAL_Driver/Src/stm32f1xx_hal_spi.c **** 
 359:Drivers/STM32F1xx_HAL_Driver/Src/stm32f1xx_hal_spi.c ****     if (hspi->Init.Mode == SPI_MODE_MASTER)
 360:Drivers/STM32F1xx_HAL_Driver/Src/stm32f1xx_hal_spi.c ****     {
 361:Drivers/STM32F1xx_HAL_Driver/Src/stm32f1xx_hal_spi.c ****       assert_param(IS_SPI_BAUDRATE_PRESCALER(hspi->Init.BaudRatePrescaler));
 362:Drivers/STM32F1xx_HAL_Driver/Src/stm32f1xx_hal_spi.c ****     }
 363:Drivers/STM32F1xx_HAL_Driver/Src/stm32f1xx_hal_spi.c ****     else
 364:Drivers/STM32F1xx_HAL_Driver/Src/stm32f1xx_hal_spi.c ****     {
 365:Drivers/STM32F1xx_HAL_Driver/Src/stm32f1xx_hal_spi.c ****       /* Baudrate prescaler not use in Motoraola Slave mode. force to default value */
 366:Drivers/STM32F1xx_HAL_Driver/Src/stm32f1xx_hal_spi.c ****       hspi->Init.BaudRatePrescaler = SPI_BAUDRATEPRESCALER_2;
 367:Drivers/STM32F1xx_HAL_Driver/Src/stm32f1xx_hal_spi.c ****     }
 368:Drivers/STM32F1xx_HAL_Driver/Src/stm32f1xx_hal_spi.c ****   }
 369:Drivers/STM32F1xx_HAL_Driver/Src/stm32f1xx_hal_spi.c ****   else
 370:Drivers/STM32F1xx_HAL_Driver/Src/stm32f1xx_hal_spi.c ****   {
 371:Drivers/STM32F1xx_HAL_Driver/Src/stm32f1xx_hal_spi.c ****     assert_param(IS_SPI_BAUDRATE_PRESCALER(hspi->Init.BaudRatePrescaler));
 372:Drivers/STM32F1xx_HAL_Driver/Src/stm32f1xx_hal_spi.c **** 
 373:Drivers/STM32F1xx_HAL_Driver/Src/stm32f1xx_hal_spi.c ****     /* Force polarity and phase to TI protocaol requirements */
 374:Drivers/STM32F1xx_HAL_Driver/Src/stm32f1xx_hal_spi.c ****     hspi->Init.CLKPolarity = SPI_POLARITY_LOW;
ARM GAS  /var/folders/y0/yl1wrqfd209ghqq3s8k8qc1m0000gn/T//ccjYiGlu.s 			page 8


 375:Drivers/STM32F1xx_HAL_Driver/Src/stm32f1xx_hal_spi.c ****     hspi->Init.CLKPhase    = SPI_PHASE_1EDGE;
 376:Drivers/STM32F1xx_HAL_Driver/Src/stm32f1xx_hal_spi.c ****   }
 377:Drivers/STM32F1xx_HAL_Driver/Src/stm32f1xx_hal_spi.c **** #if (USE_SPI_CRC != 0U)
 378:Drivers/STM32F1xx_HAL_Driver/Src/stm32f1xx_hal_spi.c ****   assert_param(IS_SPI_CRC_CALCULATION(hspi->Init.CRCCalculation));
 379:Drivers/STM32F1xx_HAL_Driver/Src/stm32f1xx_hal_spi.c ****   if (hspi->Init.CRCCalculation == SPI_CRCCALCULATION_ENABLE)
 380:Drivers/STM32F1xx_HAL_Driver/Src/stm32f1xx_hal_spi.c ****   {
 381:Drivers/STM32F1xx_HAL_Driver/Src/stm32f1xx_hal_spi.c ****     assert_param(IS_SPI_CRC_POLYNOMIAL(hspi->Init.CRCPolynomial));
 382:Drivers/STM32F1xx_HAL_Driver/Src/stm32f1xx_hal_spi.c ****   }
 383:Drivers/STM32F1xx_HAL_Driver/Src/stm32f1xx_hal_spi.c **** #else
 384:Drivers/STM32F1xx_HAL_Driver/Src/stm32f1xx_hal_spi.c ****   hspi->Init.CRCCalculation = SPI_CRCCALCULATION_DISABLE;
 385:Drivers/STM32F1xx_HAL_Driver/Src/stm32f1xx_hal_spi.c **** #endif /* USE_SPI_CRC */
 386:Drivers/STM32F1xx_HAL_Driver/Src/stm32f1xx_hal_spi.c **** 
 387:Drivers/STM32F1xx_HAL_Driver/Src/stm32f1xx_hal_spi.c ****   if (hspi->State == HAL_SPI_STATE_RESET)
 388:Drivers/STM32F1xx_HAL_Driver/Src/stm32f1xx_hal_spi.c ****   {
 389:Drivers/STM32F1xx_HAL_Driver/Src/stm32f1xx_hal_spi.c ****     /* Allocate lock resource and initialize it */
 390:Drivers/STM32F1xx_HAL_Driver/Src/stm32f1xx_hal_spi.c ****     hspi->Lock = HAL_UNLOCKED;
 391:Drivers/STM32F1xx_HAL_Driver/Src/stm32f1xx_hal_spi.c **** 
 392:Drivers/STM32F1xx_HAL_Driver/Src/stm32f1xx_hal_spi.c **** #if (USE_HAL_SPI_REGISTER_CALLBACKS == 1U)
 393:Drivers/STM32F1xx_HAL_Driver/Src/stm32f1xx_hal_spi.c ****     /* Init the SPI Callback settings */
 394:Drivers/STM32F1xx_HAL_Driver/Src/stm32f1xx_hal_spi.c ****     hspi->TxCpltCallback       = HAL_SPI_TxCpltCallback;       /* Legacy weak TxCpltCallback       
 395:Drivers/STM32F1xx_HAL_Driver/Src/stm32f1xx_hal_spi.c ****     hspi->RxCpltCallback       = HAL_SPI_RxCpltCallback;       /* Legacy weak RxCpltCallback       
 396:Drivers/STM32F1xx_HAL_Driver/Src/stm32f1xx_hal_spi.c ****     hspi->TxRxCpltCallback     = HAL_SPI_TxRxCpltCallback;     /* Legacy weak TxRxCpltCallback     
 397:Drivers/STM32F1xx_HAL_Driver/Src/stm32f1xx_hal_spi.c ****     hspi->TxHalfCpltCallback   = HAL_SPI_TxHalfCpltCallback;   /* Legacy weak TxHalfCpltCallback   
 398:Drivers/STM32F1xx_HAL_Driver/Src/stm32f1xx_hal_spi.c ****     hspi->RxHalfCpltCallback   = HAL_SPI_RxHalfCpltCallback;   /* Legacy weak RxHalfCpltCallback   
 399:Drivers/STM32F1xx_HAL_Driver/Src/stm32f1xx_hal_spi.c ****     hspi->TxRxHalfCpltCallback = HAL_SPI_TxRxHalfCpltCallback; /* Legacy weak TxRxHalfCpltCallback 
 400:Drivers/STM32F1xx_HAL_Driver/Src/stm32f1xx_hal_spi.c ****     hspi->ErrorCallback        = HAL_SPI_ErrorCallback;        /* Legacy weak ErrorCallback        
 401:Drivers/STM32F1xx_HAL_Driver/Src/stm32f1xx_hal_spi.c ****     hspi->AbortCpltCallback    = HAL_SPI_AbortCpltCallback;    /* Legacy weak AbortCpltCallback    
 402:Drivers/STM32F1xx_HAL_Driver/Src/stm32f1xx_hal_spi.c **** 
 403:Drivers/STM32F1xx_HAL_Driver/Src/stm32f1xx_hal_spi.c ****     if (hspi->MspInitCallback == NULL)
 404:Drivers/STM32F1xx_HAL_Driver/Src/stm32f1xx_hal_spi.c ****     {
 405:Drivers/STM32F1xx_HAL_Driver/Src/stm32f1xx_hal_spi.c ****       hspi->MspInitCallback = HAL_SPI_MspInit; /* Legacy weak MspInit  */
 406:Drivers/STM32F1xx_HAL_Driver/Src/stm32f1xx_hal_spi.c ****     }
 407:Drivers/STM32F1xx_HAL_Driver/Src/stm32f1xx_hal_spi.c **** 
 408:Drivers/STM32F1xx_HAL_Driver/Src/stm32f1xx_hal_spi.c ****     /* Init the low level hardware : GPIO, CLOCK, NVIC... */
 409:Drivers/STM32F1xx_HAL_Driver/Src/stm32f1xx_hal_spi.c ****     hspi->MspInitCallback(hspi);
 410:Drivers/STM32F1xx_HAL_Driver/Src/stm32f1xx_hal_spi.c **** #else
 411:Drivers/STM32F1xx_HAL_Driver/Src/stm32f1xx_hal_spi.c ****     /* Init the low level hardware : GPIO, CLOCK, NVIC... */
 412:Drivers/STM32F1xx_HAL_Driver/Src/stm32f1xx_hal_spi.c ****     HAL_SPI_MspInit(hspi);
 413:Drivers/STM32F1xx_HAL_Driver/Src/stm32f1xx_hal_spi.c **** #endif /* USE_HAL_SPI_REGISTER_CALLBACKS */
 414:Drivers/STM32F1xx_HAL_Driver/Src/stm32f1xx_hal_spi.c ****   }
 415:Drivers/STM32F1xx_HAL_Driver/Src/stm32f1xx_hal_spi.c **** 
 416:Drivers/STM32F1xx_HAL_Driver/Src/stm32f1xx_hal_spi.c ****   hspi->State = HAL_SPI_STATE_BUSY;
 417:Drivers/STM32F1xx_HAL_Driver/Src/stm32f1xx_hal_spi.c **** 
 418:Drivers/STM32F1xx_HAL_Driver/Src/stm32f1xx_hal_spi.c ****   /* Disable the selected SPI peripheral */
 419:Drivers/STM32F1xx_HAL_Driver/Src/stm32f1xx_hal_spi.c ****   __HAL_SPI_DISABLE(hspi);
 420:Drivers/STM32F1xx_HAL_Driver/Src/stm32f1xx_hal_spi.c **** 
 421:Drivers/STM32F1xx_HAL_Driver/Src/stm32f1xx_hal_spi.c ****   /*----------------------- SPIx CR1 & CR2 Configuration ---------------------*/
 422:Drivers/STM32F1xx_HAL_Driver/Src/stm32f1xx_hal_spi.c ****   /* Configure : SPI Mode, Communication Mode, Data size, Clock polarity and phase, NSS management,
 423:Drivers/STM32F1xx_HAL_Driver/Src/stm32f1xx_hal_spi.c ****   Communication speed, First bit and CRC calculation state */
 424:Drivers/STM32F1xx_HAL_Driver/Src/stm32f1xx_hal_spi.c ****   WRITE_REG(hspi->Instance->CR1, ((hspi->Init.Mode & (SPI_CR1_MSTR | SPI_CR1_SSI)) |
 425:Drivers/STM32F1xx_HAL_Driver/Src/stm32f1xx_hal_spi.c ****                                   (hspi->Init.Direction & (SPI_CR1_RXONLY | SPI_CR1_BIDIMODE)) |
 426:Drivers/STM32F1xx_HAL_Driver/Src/stm32f1xx_hal_spi.c ****                                   (hspi->Init.DataSize & SPI_CR1_DFF) |
 427:Drivers/STM32F1xx_HAL_Driver/Src/stm32f1xx_hal_spi.c ****                                   (hspi->Init.CLKPolarity & SPI_CR1_CPOL) |
 428:Drivers/STM32F1xx_HAL_Driver/Src/stm32f1xx_hal_spi.c ****                                   (hspi->Init.CLKPhase & SPI_CR1_CPHA) |
 429:Drivers/STM32F1xx_HAL_Driver/Src/stm32f1xx_hal_spi.c ****                                   (hspi->Init.NSS & SPI_CR1_SSM) |
 430:Drivers/STM32F1xx_HAL_Driver/Src/stm32f1xx_hal_spi.c ****                                   (hspi->Init.BaudRatePrescaler & SPI_CR1_BR_Msk) |
 431:Drivers/STM32F1xx_HAL_Driver/Src/stm32f1xx_hal_spi.c ****                                   (hspi->Init.FirstBit  & SPI_CR1_LSBFIRST) |
ARM GAS  /var/folders/y0/yl1wrqfd209ghqq3s8k8qc1m0000gn/T//ccjYiGlu.s 			page 9


 432:Drivers/STM32F1xx_HAL_Driver/Src/stm32f1xx_hal_spi.c ****                                   (hspi->Init.CRCCalculation & SPI_CR1_CRCEN)));
 433:Drivers/STM32F1xx_HAL_Driver/Src/stm32f1xx_hal_spi.c **** 
 434:Drivers/STM32F1xx_HAL_Driver/Src/stm32f1xx_hal_spi.c ****   /* Configure : NSS management */
 435:Drivers/STM32F1xx_HAL_Driver/Src/stm32f1xx_hal_spi.c ****   WRITE_REG(hspi->Instance->CR2, ((hspi->Init.NSS >> 16U) & SPI_CR2_SSOE));
 436:Drivers/STM32F1xx_HAL_Driver/Src/stm32f1xx_hal_spi.c **** 
 437:Drivers/STM32F1xx_HAL_Driver/Src/stm32f1xx_hal_spi.c **** #if (USE_SPI_CRC != 0U)
 438:Drivers/STM32F1xx_HAL_Driver/Src/stm32f1xx_hal_spi.c ****   /*---------------------------- SPIx CRCPOLY Configuration ------------------*/
 439:Drivers/STM32F1xx_HAL_Driver/Src/stm32f1xx_hal_spi.c ****   /* Configure : CRC Polynomial */
 440:Drivers/STM32F1xx_HAL_Driver/Src/stm32f1xx_hal_spi.c ****   if (hspi->Init.CRCCalculation == SPI_CRCCALCULATION_ENABLE)
 441:Drivers/STM32F1xx_HAL_Driver/Src/stm32f1xx_hal_spi.c ****   {
 442:Drivers/STM32F1xx_HAL_Driver/Src/stm32f1xx_hal_spi.c ****     WRITE_REG(hspi->Instance->CRCPR, (hspi->Init.CRCPolynomial & SPI_CRCPR_CRCPOLY_Msk));
 443:Drivers/STM32F1xx_HAL_Driver/Src/stm32f1xx_hal_spi.c ****   }
 444:Drivers/STM32F1xx_HAL_Driver/Src/stm32f1xx_hal_spi.c **** #endif /* USE_SPI_CRC */
 445:Drivers/STM32F1xx_HAL_Driver/Src/stm32f1xx_hal_spi.c **** 
 446:Drivers/STM32F1xx_HAL_Driver/Src/stm32f1xx_hal_spi.c **** #if defined(SPI_I2SCFGR_I2SMOD)
 447:Drivers/STM32F1xx_HAL_Driver/Src/stm32f1xx_hal_spi.c ****   /* Activate the SPI mode (Make sure that I2SMOD bit in I2SCFGR register is reset) */
 448:Drivers/STM32F1xx_HAL_Driver/Src/stm32f1xx_hal_spi.c ****   CLEAR_BIT(hspi->Instance->I2SCFGR, SPI_I2SCFGR_I2SMOD);
 449:Drivers/STM32F1xx_HAL_Driver/Src/stm32f1xx_hal_spi.c **** #endif /* SPI_I2SCFGR_I2SMOD */
 450:Drivers/STM32F1xx_HAL_Driver/Src/stm32f1xx_hal_spi.c **** 
 451:Drivers/STM32F1xx_HAL_Driver/Src/stm32f1xx_hal_spi.c ****   hspi->ErrorCode = HAL_SPI_ERROR_NONE;
 452:Drivers/STM32F1xx_HAL_Driver/Src/stm32f1xx_hal_spi.c ****   hspi->State     = HAL_SPI_STATE_READY;
 453:Drivers/STM32F1xx_HAL_Driver/Src/stm32f1xx_hal_spi.c **** 
 454:Drivers/STM32F1xx_HAL_Driver/Src/stm32f1xx_hal_spi.c ****   return HAL_OK;
 455:Drivers/STM32F1xx_HAL_Driver/Src/stm32f1xx_hal_spi.c **** }
 456:Drivers/STM32F1xx_HAL_Driver/Src/stm32f1xx_hal_spi.c **** 
 457:Drivers/STM32F1xx_HAL_Driver/Src/stm32f1xx_hal_spi.c **** /**
 458:Drivers/STM32F1xx_HAL_Driver/Src/stm32f1xx_hal_spi.c ****   * @brief  De-Initialize the SPI peripheral.
 459:Drivers/STM32F1xx_HAL_Driver/Src/stm32f1xx_hal_spi.c ****   * @param  hspi pointer to a SPI_HandleTypeDef structure that contains
 460:Drivers/STM32F1xx_HAL_Driver/Src/stm32f1xx_hal_spi.c ****   *               the configuration information for SPI module.
 461:Drivers/STM32F1xx_HAL_Driver/Src/stm32f1xx_hal_spi.c ****   * @retval HAL status
 462:Drivers/STM32F1xx_HAL_Driver/Src/stm32f1xx_hal_spi.c ****   */
 463:Drivers/STM32F1xx_HAL_Driver/Src/stm32f1xx_hal_spi.c **** HAL_StatusTypeDef HAL_SPI_DeInit(SPI_HandleTypeDef *hspi)
 464:Drivers/STM32F1xx_HAL_Driver/Src/stm32f1xx_hal_spi.c **** {
 465:Drivers/STM32F1xx_HAL_Driver/Src/stm32f1xx_hal_spi.c ****   /* Check the SPI handle allocation */
 466:Drivers/STM32F1xx_HAL_Driver/Src/stm32f1xx_hal_spi.c ****   if (hspi == NULL)
 467:Drivers/STM32F1xx_HAL_Driver/Src/stm32f1xx_hal_spi.c ****   {
 468:Drivers/STM32F1xx_HAL_Driver/Src/stm32f1xx_hal_spi.c ****     return HAL_ERROR;
 469:Drivers/STM32F1xx_HAL_Driver/Src/stm32f1xx_hal_spi.c ****   }
 470:Drivers/STM32F1xx_HAL_Driver/Src/stm32f1xx_hal_spi.c **** 
 471:Drivers/STM32F1xx_HAL_Driver/Src/stm32f1xx_hal_spi.c ****   /* Check SPI Instance parameter */
 472:Drivers/STM32F1xx_HAL_Driver/Src/stm32f1xx_hal_spi.c ****   assert_param(IS_SPI_ALL_INSTANCE(hspi->Instance));
 473:Drivers/STM32F1xx_HAL_Driver/Src/stm32f1xx_hal_spi.c **** 
 474:Drivers/STM32F1xx_HAL_Driver/Src/stm32f1xx_hal_spi.c ****   hspi->State = HAL_SPI_STATE_BUSY;
 475:Drivers/STM32F1xx_HAL_Driver/Src/stm32f1xx_hal_spi.c **** 
 476:Drivers/STM32F1xx_HAL_Driver/Src/stm32f1xx_hal_spi.c ****   /* Disable the SPI Peripheral Clock */
 477:Drivers/STM32F1xx_HAL_Driver/Src/stm32f1xx_hal_spi.c ****   __HAL_SPI_DISABLE(hspi);
 478:Drivers/STM32F1xx_HAL_Driver/Src/stm32f1xx_hal_spi.c **** 
 479:Drivers/STM32F1xx_HAL_Driver/Src/stm32f1xx_hal_spi.c **** #if (USE_HAL_SPI_REGISTER_CALLBACKS == 1U)
 480:Drivers/STM32F1xx_HAL_Driver/Src/stm32f1xx_hal_spi.c ****   if (hspi->MspDeInitCallback == NULL)
 481:Drivers/STM32F1xx_HAL_Driver/Src/stm32f1xx_hal_spi.c ****   {
 482:Drivers/STM32F1xx_HAL_Driver/Src/stm32f1xx_hal_spi.c ****     hspi->MspDeInitCallback = HAL_SPI_MspDeInit; /* Legacy weak MspDeInit  */
 483:Drivers/STM32F1xx_HAL_Driver/Src/stm32f1xx_hal_spi.c ****   }
 484:Drivers/STM32F1xx_HAL_Driver/Src/stm32f1xx_hal_spi.c **** 
 485:Drivers/STM32F1xx_HAL_Driver/Src/stm32f1xx_hal_spi.c ****   /* DeInit the low level hardware: GPIO, CLOCK, NVIC... */
 486:Drivers/STM32F1xx_HAL_Driver/Src/stm32f1xx_hal_spi.c ****   hspi->MspDeInitCallback(hspi);
 487:Drivers/STM32F1xx_HAL_Driver/Src/stm32f1xx_hal_spi.c **** #else
 488:Drivers/STM32F1xx_HAL_Driver/Src/stm32f1xx_hal_spi.c ****   /* DeInit the low level hardware: GPIO, CLOCK, NVIC... */
ARM GAS  /var/folders/y0/yl1wrqfd209ghqq3s8k8qc1m0000gn/T//ccjYiGlu.s 			page 10


 489:Drivers/STM32F1xx_HAL_Driver/Src/stm32f1xx_hal_spi.c ****   HAL_SPI_MspDeInit(hspi);
 490:Drivers/STM32F1xx_HAL_Driver/Src/stm32f1xx_hal_spi.c **** #endif /* USE_HAL_SPI_REGISTER_CALLBACKS */
 491:Drivers/STM32F1xx_HAL_Driver/Src/stm32f1xx_hal_spi.c **** 
 492:Drivers/STM32F1xx_HAL_Driver/Src/stm32f1xx_hal_spi.c ****   hspi->ErrorCode = HAL_SPI_ERROR_NONE;
 493:Drivers/STM32F1xx_HAL_Driver/Src/stm32f1xx_hal_spi.c ****   hspi->State = HAL_SPI_STATE_RESET;
 494:Drivers/STM32F1xx_HAL_Driver/Src/stm32f1xx_hal_spi.c **** 
 495:Drivers/STM32F1xx_HAL_Driver/Src/stm32f1xx_hal_spi.c ****   /* Release Lock */
 496:Drivers/STM32F1xx_HAL_Driver/Src/stm32f1xx_hal_spi.c ****   __HAL_UNLOCK(hspi);
 497:Drivers/STM32F1xx_HAL_Driver/Src/stm32f1xx_hal_spi.c **** 
 498:Drivers/STM32F1xx_HAL_Driver/Src/stm32f1xx_hal_spi.c ****   return HAL_OK;
 499:Drivers/STM32F1xx_HAL_Driver/Src/stm32f1xx_hal_spi.c **** }
 500:Drivers/STM32F1xx_HAL_Driver/Src/stm32f1xx_hal_spi.c **** 
 501:Drivers/STM32F1xx_HAL_Driver/Src/stm32f1xx_hal_spi.c **** /**
 502:Drivers/STM32F1xx_HAL_Driver/Src/stm32f1xx_hal_spi.c ****   * @brief  Initialize the SPI MSP.
 503:Drivers/STM32F1xx_HAL_Driver/Src/stm32f1xx_hal_spi.c ****   * @param  hspi pointer to a SPI_HandleTypeDef structure that contains
 504:Drivers/STM32F1xx_HAL_Driver/Src/stm32f1xx_hal_spi.c ****   *               the configuration information for SPI module.
 505:Drivers/STM32F1xx_HAL_Driver/Src/stm32f1xx_hal_spi.c ****   * @retval None
 506:Drivers/STM32F1xx_HAL_Driver/Src/stm32f1xx_hal_spi.c ****   */
 507:Drivers/STM32F1xx_HAL_Driver/Src/stm32f1xx_hal_spi.c **** __weak void HAL_SPI_MspInit(SPI_HandleTypeDef *hspi)
 508:Drivers/STM32F1xx_HAL_Driver/Src/stm32f1xx_hal_spi.c **** {
 509:Drivers/STM32F1xx_HAL_Driver/Src/stm32f1xx_hal_spi.c ****   /* Prevent unused argument(s) compilation warning */
 510:Drivers/STM32F1xx_HAL_Driver/Src/stm32f1xx_hal_spi.c ****   UNUSED(hspi);
 511:Drivers/STM32F1xx_HAL_Driver/Src/stm32f1xx_hal_spi.c **** 
 512:Drivers/STM32F1xx_HAL_Driver/Src/stm32f1xx_hal_spi.c ****   /* NOTE : This function should not be modified, when the callback is needed,
 513:Drivers/STM32F1xx_HAL_Driver/Src/stm32f1xx_hal_spi.c ****             the HAL_SPI_MspInit should be implemented in the user file
 514:Drivers/STM32F1xx_HAL_Driver/Src/stm32f1xx_hal_spi.c ****    */
 515:Drivers/STM32F1xx_HAL_Driver/Src/stm32f1xx_hal_spi.c **** }
 516:Drivers/STM32F1xx_HAL_Driver/Src/stm32f1xx_hal_spi.c **** 
 517:Drivers/STM32F1xx_HAL_Driver/Src/stm32f1xx_hal_spi.c **** /**
 518:Drivers/STM32F1xx_HAL_Driver/Src/stm32f1xx_hal_spi.c ****   * @brief  De-Initialize the SPI MSP.
 519:Drivers/STM32F1xx_HAL_Driver/Src/stm32f1xx_hal_spi.c ****   * @param  hspi pointer to a SPI_HandleTypeDef structure that contains
 520:Drivers/STM32F1xx_HAL_Driver/Src/stm32f1xx_hal_spi.c ****   *               the configuration information for SPI module.
 521:Drivers/STM32F1xx_HAL_Driver/Src/stm32f1xx_hal_spi.c ****   * @retval None
 522:Drivers/STM32F1xx_HAL_Driver/Src/stm32f1xx_hal_spi.c ****   */
 523:Drivers/STM32F1xx_HAL_Driver/Src/stm32f1xx_hal_spi.c **** __weak void HAL_SPI_MspDeInit(SPI_HandleTypeDef *hspi)
 524:Drivers/STM32F1xx_HAL_Driver/Src/stm32f1xx_hal_spi.c **** {
 525:Drivers/STM32F1xx_HAL_Driver/Src/stm32f1xx_hal_spi.c ****   /* Prevent unused argument(s) compilation warning */
 526:Drivers/STM32F1xx_HAL_Driver/Src/stm32f1xx_hal_spi.c ****   UNUSED(hspi);
 527:Drivers/STM32F1xx_HAL_Driver/Src/stm32f1xx_hal_spi.c **** 
 528:Drivers/STM32F1xx_HAL_Driver/Src/stm32f1xx_hal_spi.c ****   /* NOTE : This function should not be modified, when the callback is needed,
 529:Drivers/STM32F1xx_HAL_Driver/Src/stm32f1xx_hal_spi.c ****             the HAL_SPI_MspDeInit should be implemented in the user file
 530:Drivers/STM32F1xx_HAL_Driver/Src/stm32f1xx_hal_spi.c ****    */
 531:Drivers/STM32F1xx_HAL_Driver/Src/stm32f1xx_hal_spi.c **** }
 532:Drivers/STM32F1xx_HAL_Driver/Src/stm32f1xx_hal_spi.c **** 
 533:Drivers/STM32F1xx_HAL_Driver/Src/stm32f1xx_hal_spi.c **** #if (USE_HAL_SPI_REGISTER_CALLBACKS == 1U)
 534:Drivers/STM32F1xx_HAL_Driver/Src/stm32f1xx_hal_spi.c **** /**
 535:Drivers/STM32F1xx_HAL_Driver/Src/stm32f1xx_hal_spi.c ****   * @brief  Register a User SPI Callback
 536:Drivers/STM32F1xx_HAL_Driver/Src/stm32f1xx_hal_spi.c ****   *         To be used instead of the weak predefined callback
 537:Drivers/STM32F1xx_HAL_Driver/Src/stm32f1xx_hal_spi.c ****   * @param  hspi Pointer to a SPI_HandleTypeDef structure that contains
 538:Drivers/STM32F1xx_HAL_Driver/Src/stm32f1xx_hal_spi.c ****   *                the configuration information for the specified SPI.
 539:Drivers/STM32F1xx_HAL_Driver/Src/stm32f1xx_hal_spi.c ****   * @param  CallbackID ID of the callback to be registered
 540:Drivers/STM32F1xx_HAL_Driver/Src/stm32f1xx_hal_spi.c ****   * @param  pCallback pointer to the Callback function
 541:Drivers/STM32F1xx_HAL_Driver/Src/stm32f1xx_hal_spi.c ****   * @retval HAL status
 542:Drivers/STM32F1xx_HAL_Driver/Src/stm32f1xx_hal_spi.c ****   */
 543:Drivers/STM32F1xx_HAL_Driver/Src/stm32f1xx_hal_spi.c **** HAL_StatusTypeDef HAL_SPI_RegisterCallback(SPI_HandleTypeDef *hspi, HAL_SPI_CallbackIDTypeDef Callb
 544:Drivers/STM32F1xx_HAL_Driver/Src/stm32f1xx_hal_spi.c ****                                            pSPI_CallbackTypeDef pCallback)
 545:Drivers/STM32F1xx_HAL_Driver/Src/stm32f1xx_hal_spi.c **** {
ARM GAS  /var/folders/y0/yl1wrqfd209ghqq3s8k8qc1m0000gn/T//ccjYiGlu.s 			page 11


 546:Drivers/STM32F1xx_HAL_Driver/Src/stm32f1xx_hal_spi.c ****   HAL_StatusTypeDef status = HAL_OK;
 547:Drivers/STM32F1xx_HAL_Driver/Src/stm32f1xx_hal_spi.c **** 
 548:Drivers/STM32F1xx_HAL_Driver/Src/stm32f1xx_hal_spi.c ****   if (pCallback == NULL)
 549:Drivers/STM32F1xx_HAL_Driver/Src/stm32f1xx_hal_spi.c ****   {
 550:Drivers/STM32F1xx_HAL_Driver/Src/stm32f1xx_hal_spi.c ****     /* Update the error code */
 551:Drivers/STM32F1xx_HAL_Driver/Src/stm32f1xx_hal_spi.c ****     hspi->ErrorCode |= HAL_SPI_ERROR_INVALID_CALLBACK;
 552:Drivers/STM32F1xx_HAL_Driver/Src/stm32f1xx_hal_spi.c **** 
 553:Drivers/STM32F1xx_HAL_Driver/Src/stm32f1xx_hal_spi.c ****     return HAL_ERROR;
 554:Drivers/STM32F1xx_HAL_Driver/Src/stm32f1xx_hal_spi.c ****   }
 555:Drivers/STM32F1xx_HAL_Driver/Src/stm32f1xx_hal_spi.c ****   /* Process locked */
 556:Drivers/STM32F1xx_HAL_Driver/Src/stm32f1xx_hal_spi.c ****   __HAL_LOCK(hspi);
 557:Drivers/STM32F1xx_HAL_Driver/Src/stm32f1xx_hal_spi.c **** 
 558:Drivers/STM32F1xx_HAL_Driver/Src/stm32f1xx_hal_spi.c ****   if (HAL_SPI_STATE_READY == hspi->State)
 559:Drivers/STM32F1xx_HAL_Driver/Src/stm32f1xx_hal_spi.c ****   {
 560:Drivers/STM32F1xx_HAL_Driver/Src/stm32f1xx_hal_spi.c ****     switch (CallbackID)
 561:Drivers/STM32F1xx_HAL_Driver/Src/stm32f1xx_hal_spi.c ****     {
 562:Drivers/STM32F1xx_HAL_Driver/Src/stm32f1xx_hal_spi.c ****       case HAL_SPI_TX_COMPLETE_CB_ID :
 563:Drivers/STM32F1xx_HAL_Driver/Src/stm32f1xx_hal_spi.c ****         hspi->TxCpltCallback = pCallback;
 564:Drivers/STM32F1xx_HAL_Driver/Src/stm32f1xx_hal_spi.c ****         break;
 565:Drivers/STM32F1xx_HAL_Driver/Src/stm32f1xx_hal_spi.c **** 
 566:Drivers/STM32F1xx_HAL_Driver/Src/stm32f1xx_hal_spi.c ****       case HAL_SPI_RX_COMPLETE_CB_ID :
 567:Drivers/STM32F1xx_HAL_Driver/Src/stm32f1xx_hal_spi.c ****         hspi->RxCpltCallback = pCallback;
 568:Drivers/STM32F1xx_HAL_Driver/Src/stm32f1xx_hal_spi.c ****         break;
 569:Drivers/STM32F1xx_HAL_Driver/Src/stm32f1xx_hal_spi.c **** 
 570:Drivers/STM32F1xx_HAL_Driver/Src/stm32f1xx_hal_spi.c ****       case HAL_SPI_TX_RX_COMPLETE_CB_ID :
 571:Drivers/STM32F1xx_HAL_Driver/Src/stm32f1xx_hal_spi.c ****         hspi->TxRxCpltCallback = pCallback;
 572:Drivers/STM32F1xx_HAL_Driver/Src/stm32f1xx_hal_spi.c ****         break;
 573:Drivers/STM32F1xx_HAL_Driver/Src/stm32f1xx_hal_spi.c **** 
 574:Drivers/STM32F1xx_HAL_Driver/Src/stm32f1xx_hal_spi.c ****       case HAL_SPI_TX_HALF_COMPLETE_CB_ID :
 575:Drivers/STM32F1xx_HAL_Driver/Src/stm32f1xx_hal_spi.c ****         hspi->TxHalfCpltCallback = pCallback;
 576:Drivers/STM32F1xx_HAL_Driver/Src/stm32f1xx_hal_spi.c ****         break;
 577:Drivers/STM32F1xx_HAL_Driver/Src/stm32f1xx_hal_spi.c **** 
 578:Drivers/STM32F1xx_HAL_Driver/Src/stm32f1xx_hal_spi.c ****       case HAL_SPI_RX_HALF_COMPLETE_CB_ID :
 579:Drivers/STM32F1xx_HAL_Driver/Src/stm32f1xx_hal_spi.c ****         hspi->RxHalfCpltCallback = pCallback;
 580:Drivers/STM32F1xx_HAL_Driver/Src/stm32f1xx_hal_spi.c ****         break;
 581:Drivers/STM32F1xx_HAL_Driver/Src/stm32f1xx_hal_spi.c **** 
 582:Drivers/STM32F1xx_HAL_Driver/Src/stm32f1xx_hal_spi.c ****       case HAL_SPI_TX_RX_HALF_COMPLETE_CB_ID :
 583:Drivers/STM32F1xx_HAL_Driver/Src/stm32f1xx_hal_spi.c ****         hspi->TxRxHalfCpltCallback = pCallback;
 584:Drivers/STM32F1xx_HAL_Driver/Src/stm32f1xx_hal_spi.c ****         break;
 585:Drivers/STM32F1xx_HAL_Driver/Src/stm32f1xx_hal_spi.c **** 
 586:Drivers/STM32F1xx_HAL_Driver/Src/stm32f1xx_hal_spi.c ****       case HAL_SPI_ERROR_CB_ID :
 587:Drivers/STM32F1xx_HAL_Driver/Src/stm32f1xx_hal_spi.c ****         hspi->ErrorCallback = pCallback;
 588:Drivers/STM32F1xx_HAL_Driver/Src/stm32f1xx_hal_spi.c ****         break;
 589:Drivers/STM32F1xx_HAL_Driver/Src/stm32f1xx_hal_spi.c **** 
 590:Drivers/STM32F1xx_HAL_Driver/Src/stm32f1xx_hal_spi.c ****       case HAL_SPI_ABORT_CB_ID :
 591:Drivers/STM32F1xx_HAL_Driver/Src/stm32f1xx_hal_spi.c ****         hspi->AbortCpltCallback = pCallback;
 592:Drivers/STM32F1xx_HAL_Driver/Src/stm32f1xx_hal_spi.c ****         break;
 593:Drivers/STM32F1xx_HAL_Driver/Src/stm32f1xx_hal_spi.c **** 
 594:Drivers/STM32F1xx_HAL_Driver/Src/stm32f1xx_hal_spi.c ****       case HAL_SPI_MSPINIT_CB_ID :
 595:Drivers/STM32F1xx_HAL_Driver/Src/stm32f1xx_hal_spi.c ****         hspi->MspInitCallback = pCallback;
 596:Drivers/STM32F1xx_HAL_Driver/Src/stm32f1xx_hal_spi.c ****         break;
 597:Drivers/STM32F1xx_HAL_Driver/Src/stm32f1xx_hal_spi.c **** 
 598:Drivers/STM32F1xx_HAL_Driver/Src/stm32f1xx_hal_spi.c ****       case HAL_SPI_MSPDEINIT_CB_ID :
 599:Drivers/STM32F1xx_HAL_Driver/Src/stm32f1xx_hal_spi.c ****         hspi->MspDeInitCallback = pCallback;
 600:Drivers/STM32F1xx_HAL_Driver/Src/stm32f1xx_hal_spi.c ****         break;
 601:Drivers/STM32F1xx_HAL_Driver/Src/stm32f1xx_hal_spi.c **** 
 602:Drivers/STM32F1xx_HAL_Driver/Src/stm32f1xx_hal_spi.c ****       default :
ARM GAS  /var/folders/y0/yl1wrqfd209ghqq3s8k8qc1m0000gn/T//ccjYiGlu.s 			page 12


 603:Drivers/STM32F1xx_HAL_Driver/Src/stm32f1xx_hal_spi.c ****         /* Update the error code */
 604:Drivers/STM32F1xx_HAL_Driver/Src/stm32f1xx_hal_spi.c ****         SET_BIT(hspi->ErrorCode, HAL_SPI_ERROR_INVALID_CALLBACK);
 605:Drivers/STM32F1xx_HAL_Driver/Src/stm32f1xx_hal_spi.c **** 
 606:Drivers/STM32F1xx_HAL_Driver/Src/stm32f1xx_hal_spi.c ****         /* Return error status */
 607:Drivers/STM32F1xx_HAL_Driver/Src/stm32f1xx_hal_spi.c ****         status =  HAL_ERROR;
 608:Drivers/STM32F1xx_HAL_Driver/Src/stm32f1xx_hal_spi.c ****         break;
 609:Drivers/STM32F1xx_HAL_Driver/Src/stm32f1xx_hal_spi.c ****     }
 610:Drivers/STM32F1xx_HAL_Driver/Src/stm32f1xx_hal_spi.c ****   }
 611:Drivers/STM32F1xx_HAL_Driver/Src/stm32f1xx_hal_spi.c ****   else if (HAL_SPI_STATE_RESET == hspi->State)
 612:Drivers/STM32F1xx_HAL_Driver/Src/stm32f1xx_hal_spi.c ****   {
 613:Drivers/STM32F1xx_HAL_Driver/Src/stm32f1xx_hal_spi.c ****     switch (CallbackID)
 614:Drivers/STM32F1xx_HAL_Driver/Src/stm32f1xx_hal_spi.c ****     {
 615:Drivers/STM32F1xx_HAL_Driver/Src/stm32f1xx_hal_spi.c ****       case HAL_SPI_MSPINIT_CB_ID :
 616:Drivers/STM32F1xx_HAL_Driver/Src/stm32f1xx_hal_spi.c ****         hspi->MspInitCallback = pCallback;
 617:Drivers/STM32F1xx_HAL_Driver/Src/stm32f1xx_hal_spi.c ****         break;
 618:Drivers/STM32F1xx_HAL_Driver/Src/stm32f1xx_hal_spi.c **** 
 619:Drivers/STM32F1xx_HAL_Driver/Src/stm32f1xx_hal_spi.c ****       case HAL_SPI_MSPDEINIT_CB_ID :
 620:Drivers/STM32F1xx_HAL_Driver/Src/stm32f1xx_hal_spi.c ****         hspi->MspDeInitCallback = pCallback;
 621:Drivers/STM32F1xx_HAL_Driver/Src/stm32f1xx_hal_spi.c ****         break;
 622:Drivers/STM32F1xx_HAL_Driver/Src/stm32f1xx_hal_spi.c **** 
 623:Drivers/STM32F1xx_HAL_Driver/Src/stm32f1xx_hal_spi.c ****       default :
 624:Drivers/STM32F1xx_HAL_Driver/Src/stm32f1xx_hal_spi.c ****         /* Update the error code */
 625:Drivers/STM32F1xx_HAL_Driver/Src/stm32f1xx_hal_spi.c ****         SET_BIT(hspi->ErrorCode, HAL_SPI_ERROR_INVALID_CALLBACK);
 626:Drivers/STM32F1xx_HAL_Driver/Src/stm32f1xx_hal_spi.c **** 
 627:Drivers/STM32F1xx_HAL_Driver/Src/stm32f1xx_hal_spi.c ****         /* Return error status */
 628:Drivers/STM32F1xx_HAL_Driver/Src/stm32f1xx_hal_spi.c ****         status =  HAL_ERROR;
 629:Drivers/STM32F1xx_HAL_Driver/Src/stm32f1xx_hal_spi.c ****         break;
 630:Drivers/STM32F1xx_HAL_Driver/Src/stm32f1xx_hal_spi.c ****     }
 631:Drivers/STM32F1xx_HAL_Driver/Src/stm32f1xx_hal_spi.c ****   }
 632:Drivers/STM32F1xx_HAL_Driver/Src/stm32f1xx_hal_spi.c ****   else
 633:Drivers/STM32F1xx_HAL_Driver/Src/stm32f1xx_hal_spi.c ****   {
 634:Drivers/STM32F1xx_HAL_Driver/Src/stm32f1xx_hal_spi.c ****     /* Update the error code */
 635:Drivers/STM32F1xx_HAL_Driver/Src/stm32f1xx_hal_spi.c ****     SET_BIT(hspi->ErrorCode, HAL_SPI_ERROR_INVALID_CALLBACK);
 636:Drivers/STM32F1xx_HAL_Driver/Src/stm32f1xx_hal_spi.c **** 
 637:Drivers/STM32F1xx_HAL_Driver/Src/stm32f1xx_hal_spi.c ****     /* Return error status */
 638:Drivers/STM32F1xx_HAL_Driver/Src/stm32f1xx_hal_spi.c ****     status =  HAL_ERROR;
 639:Drivers/STM32F1xx_HAL_Driver/Src/stm32f1xx_hal_spi.c ****   }
 640:Drivers/STM32F1xx_HAL_Driver/Src/stm32f1xx_hal_spi.c **** 
 641:Drivers/STM32F1xx_HAL_Driver/Src/stm32f1xx_hal_spi.c ****   /* Release Lock */
 642:Drivers/STM32F1xx_HAL_Driver/Src/stm32f1xx_hal_spi.c ****   __HAL_UNLOCK(hspi);
 643:Drivers/STM32F1xx_HAL_Driver/Src/stm32f1xx_hal_spi.c ****   return status;
 644:Drivers/STM32F1xx_HAL_Driver/Src/stm32f1xx_hal_spi.c **** }
 645:Drivers/STM32F1xx_HAL_Driver/Src/stm32f1xx_hal_spi.c **** 
 646:Drivers/STM32F1xx_HAL_Driver/Src/stm32f1xx_hal_spi.c **** /**
 647:Drivers/STM32F1xx_HAL_Driver/Src/stm32f1xx_hal_spi.c ****   * @brief  Unregister an SPI Callback
 648:Drivers/STM32F1xx_HAL_Driver/Src/stm32f1xx_hal_spi.c ****   *         SPI callback is redirected to the weak predefined callback
 649:Drivers/STM32F1xx_HAL_Driver/Src/stm32f1xx_hal_spi.c ****   * @param  hspi Pointer to a SPI_HandleTypeDef structure that contains
 650:Drivers/STM32F1xx_HAL_Driver/Src/stm32f1xx_hal_spi.c ****   *                the configuration information for the specified SPI.
 651:Drivers/STM32F1xx_HAL_Driver/Src/stm32f1xx_hal_spi.c ****   * @param  CallbackID ID of the callback to be unregistered
 652:Drivers/STM32F1xx_HAL_Driver/Src/stm32f1xx_hal_spi.c ****   * @retval HAL status
 653:Drivers/STM32F1xx_HAL_Driver/Src/stm32f1xx_hal_spi.c ****   */
 654:Drivers/STM32F1xx_HAL_Driver/Src/stm32f1xx_hal_spi.c **** HAL_StatusTypeDef HAL_SPI_UnRegisterCallback(SPI_HandleTypeDef *hspi, HAL_SPI_CallbackIDTypeDef Cal
 655:Drivers/STM32F1xx_HAL_Driver/Src/stm32f1xx_hal_spi.c **** {
 656:Drivers/STM32F1xx_HAL_Driver/Src/stm32f1xx_hal_spi.c ****   HAL_StatusTypeDef status = HAL_OK;
 657:Drivers/STM32F1xx_HAL_Driver/Src/stm32f1xx_hal_spi.c **** 
 658:Drivers/STM32F1xx_HAL_Driver/Src/stm32f1xx_hal_spi.c ****   /* Process locked */
 659:Drivers/STM32F1xx_HAL_Driver/Src/stm32f1xx_hal_spi.c ****   __HAL_LOCK(hspi);
ARM GAS  /var/folders/y0/yl1wrqfd209ghqq3s8k8qc1m0000gn/T//ccjYiGlu.s 			page 13


 660:Drivers/STM32F1xx_HAL_Driver/Src/stm32f1xx_hal_spi.c **** 
 661:Drivers/STM32F1xx_HAL_Driver/Src/stm32f1xx_hal_spi.c ****   if (HAL_SPI_STATE_READY == hspi->State)
 662:Drivers/STM32F1xx_HAL_Driver/Src/stm32f1xx_hal_spi.c ****   {
 663:Drivers/STM32F1xx_HAL_Driver/Src/stm32f1xx_hal_spi.c ****     switch (CallbackID)
 664:Drivers/STM32F1xx_HAL_Driver/Src/stm32f1xx_hal_spi.c ****     {
 665:Drivers/STM32F1xx_HAL_Driver/Src/stm32f1xx_hal_spi.c ****       case HAL_SPI_TX_COMPLETE_CB_ID :
 666:Drivers/STM32F1xx_HAL_Driver/Src/stm32f1xx_hal_spi.c ****         hspi->TxCpltCallback = HAL_SPI_TxCpltCallback;             /* Legacy weak TxCpltCallback   
 667:Drivers/STM32F1xx_HAL_Driver/Src/stm32f1xx_hal_spi.c ****         break;
 668:Drivers/STM32F1xx_HAL_Driver/Src/stm32f1xx_hal_spi.c **** 
 669:Drivers/STM32F1xx_HAL_Driver/Src/stm32f1xx_hal_spi.c ****       case HAL_SPI_RX_COMPLETE_CB_ID :
 670:Drivers/STM32F1xx_HAL_Driver/Src/stm32f1xx_hal_spi.c ****         hspi->RxCpltCallback = HAL_SPI_RxCpltCallback;             /* Legacy weak RxCpltCallback   
 671:Drivers/STM32F1xx_HAL_Driver/Src/stm32f1xx_hal_spi.c ****         break;
 672:Drivers/STM32F1xx_HAL_Driver/Src/stm32f1xx_hal_spi.c **** 
 673:Drivers/STM32F1xx_HAL_Driver/Src/stm32f1xx_hal_spi.c ****       case HAL_SPI_TX_RX_COMPLETE_CB_ID :
 674:Drivers/STM32F1xx_HAL_Driver/Src/stm32f1xx_hal_spi.c ****         hspi->TxRxCpltCallback = HAL_SPI_TxRxCpltCallback;         /* Legacy weak TxRxCpltCallback 
 675:Drivers/STM32F1xx_HAL_Driver/Src/stm32f1xx_hal_spi.c ****         break;
 676:Drivers/STM32F1xx_HAL_Driver/Src/stm32f1xx_hal_spi.c **** 
 677:Drivers/STM32F1xx_HAL_Driver/Src/stm32f1xx_hal_spi.c ****       case HAL_SPI_TX_HALF_COMPLETE_CB_ID :
 678:Drivers/STM32F1xx_HAL_Driver/Src/stm32f1xx_hal_spi.c ****         hspi->TxHalfCpltCallback = HAL_SPI_TxHalfCpltCallback;     /* Legacy weak TxHalfCpltCallbac
 679:Drivers/STM32F1xx_HAL_Driver/Src/stm32f1xx_hal_spi.c ****         break;
 680:Drivers/STM32F1xx_HAL_Driver/Src/stm32f1xx_hal_spi.c **** 
 681:Drivers/STM32F1xx_HAL_Driver/Src/stm32f1xx_hal_spi.c ****       case HAL_SPI_RX_HALF_COMPLETE_CB_ID :
 682:Drivers/STM32F1xx_HAL_Driver/Src/stm32f1xx_hal_spi.c ****         hspi->RxHalfCpltCallback = HAL_SPI_RxHalfCpltCallback;     /* Legacy weak RxHalfCpltCallbac
 683:Drivers/STM32F1xx_HAL_Driver/Src/stm32f1xx_hal_spi.c ****         break;
 684:Drivers/STM32F1xx_HAL_Driver/Src/stm32f1xx_hal_spi.c **** 
 685:Drivers/STM32F1xx_HAL_Driver/Src/stm32f1xx_hal_spi.c ****       case HAL_SPI_TX_RX_HALF_COMPLETE_CB_ID :
 686:Drivers/STM32F1xx_HAL_Driver/Src/stm32f1xx_hal_spi.c ****         hspi->TxRxHalfCpltCallback = HAL_SPI_TxRxHalfCpltCallback; /* Legacy weak TxRxHalfCpltCallb
 687:Drivers/STM32F1xx_HAL_Driver/Src/stm32f1xx_hal_spi.c ****         break;
 688:Drivers/STM32F1xx_HAL_Driver/Src/stm32f1xx_hal_spi.c **** 
 689:Drivers/STM32F1xx_HAL_Driver/Src/stm32f1xx_hal_spi.c ****       case HAL_SPI_ERROR_CB_ID :
 690:Drivers/STM32F1xx_HAL_Driver/Src/stm32f1xx_hal_spi.c ****         hspi->ErrorCallback = HAL_SPI_ErrorCallback;               /* Legacy weak ErrorCallback    
 691:Drivers/STM32F1xx_HAL_Driver/Src/stm32f1xx_hal_spi.c ****         break;
 692:Drivers/STM32F1xx_HAL_Driver/Src/stm32f1xx_hal_spi.c **** 
 693:Drivers/STM32F1xx_HAL_Driver/Src/stm32f1xx_hal_spi.c ****       case HAL_SPI_ABORT_CB_ID :
 694:Drivers/STM32F1xx_HAL_Driver/Src/stm32f1xx_hal_spi.c ****         hspi->AbortCpltCallback = HAL_SPI_AbortCpltCallback;       /* Legacy weak AbortCpltCallback
 695:Drivers/STM32F1xx_HAL_Driver/Src/stm32f1xx_hal_spi.c ****         break;
 696:Drivers/STM32F1xx_HAL_Driver/Src/stm32f1xx_hal_spi.c **** 
 697:Drivers/STM32F1xx_HAL_Driver/Src/stm32f1xx_hal_spi.c ****       case HAL_SPI_MSPINIT_CB_ID :
 698:Drivers/STM32F1xx_HAL_Driver/Src/stm32f1xx_hal_spi.c ****         hspi->MspInitCallback = HAL_SPI_MspInit;                   /* Legacy weak MspInit          
 699:Drivers/STM32F1xx_HAL_Driver/Src/stm32f1xx_hal_spi.c ****         break;
 700:Drivers/STM32F1xx_HAL_Driver/Src/stm32f1xx_hal_spi.c **** 
 701:Drivers/STM32F1xx_HAL_Driver/Src/stm32f1xx_hal_spi.c ****       case HAL_SPI_MSPDEINIT_CB_ID :
 702:Drivers/STM32F1xx_HAL_Driver/Src/stm32f1xx_hal_spi.c ****         hspi->MspDeInitCallback = HAL_SPI_MspDeInit;               /* Legacy weak MspDeInit        
 703:Drivers/STM32F1xx_HAL_Driver/Src/stm32f1xx_hal_spi.c ****         break;
 704:Drivers/STM32F1xx_HAL_Driver/Src/stm32f1xx_hal_spi.c **** 
 705:Drivers/STM32F1xx_HAL_Driver/Src/stm32f1xx_hal_spi.c ****       default :
 706:Drivers/STM32F1xx_HAL_Driver/Src/stm32f1xx_hal_spi.c ****         /* Update the error code */
 707:Drivers/STM32F1xx_HAL_Driver/Src/stm32f1xx_hal_spi.c ****         SET_BIT(hspi->ErrorCode, HAL_SPI_ERROR_INVALID_CALLBACK);
 708:Drivers/STM32F1xx_HAL_Driver/Src/stm32f1xx_hal_spi.c **** 
 709:Drivers/STM32F1xx_HAL_Driver/Src/stm32f1xx_hal_spi.c ****         /* Return error status */
 710:Drivers/STM32F1xx_HAL_Driver/Src/stm32f1xx_hal_spi.c ****         status =  HAL_ERROR;
 711:Drivers/STM32F1xx_HAL_Driver/Src/stm32f1xx_hal_spi.c ****         break;
 712:Drivers/STM32F1xx_HAL_Driver/Src/stm32f1xx_hal_spi.c ****     }
 713:Drivers/STM32F1xx_HAL_Driver/Src/stm32f1xx_hal_spi.c ****   }
 714:Drivers/STM32F1xx_HAL_Driver/Src/stm32f1xx_hal_spi.c ****   else if (HAL_SPI_STATE_RESET == hspi->State)
 715:Drivers/STM32F1xx_HAL_Driver/Src/stm32f1xx_hal_spi.c ****   {
 716:Drivers/STM32F1xx_HAL_Driver/Src/stm32f1xx_hal_spi.c ****     switch (CallbackID)
ARM GAS  /var/folders/y0/yl1wrqfd209ghqq3s8k8qc1m0000gn/T//ccjYiGlu.s 			page 14


 717:Drivers/STM32F1xx_HAL_Driver/Src/stm32f1xx_hal_spi.c ****     {
 718:Drivers/STM32F1xx_HAL_Driver/Src/stm32f1xx_hal_spi.c ****       case HAL_SPI_MSPINIT_CB_ID :
 719:Drivers/STM32F1xx_HAL_Driver/Src/stm32f1xx_hal_spi.c ****         hspi->MspInitCallback = HAL_SPI_MspInit;                   /* Legacy weak MspInit          
 720:Drivers/STM32F1xx_HAL_Driver/Src/stm32f1xx_hal_spi.c ****         break;
 721:Drivers/STM32F1xx_HAL_Driver/Src/stm32f1xx_hal_spi.c **** 
 722:Drivers/STM32F1xx_HAL_Driver/Src/stm32f1xx_hal_spi.c ****       case HAL_SPI_MSPDEINIT_CB_ID :
 723:Drivers/STM32F1xx_HAL_Driver/Src/stm32f1xx_hal_spi.c ****         hspi->MspDeInitCallback = HAL_SPI_MspDeInit;               /* Legacy weak MspDeInit        
 724:Drivers/STM32F1xx_HAL_Driver/Src/stm32f1xx_hal_spi.c ****         break;
 725:Drivers/STM32F1xx_HAL_Driver/Src/stm32f1xx_hal_spi.c **** 
 726:Drivers/STM32F1xx_HAL_Driver/Src/stm32f1xx_hal_spi.c ****       default :
 727:Drivers/STM32F1xx_HAL_Driver/Src/stm32f1xx_hal_spi.c ****         /* Update the error code */
 728:Drivers/STM32F1xx_HAL_Driver/Src/stm32f1xx_hal_spi.c ****         SET_BIT(hspi->ErrorCode, HAL_SPI_ERROR_INVALID_CALLBACK);
 729:Drivers/STM32F1xx_HAL_Driver/Src/stm32f1xx_hal_spi.c **** 
 730:Drivers/STM32F1xx_HAL_Driver/Src/stm32f1xx_hal_spi.c ****         /* Return error status */
 731:Drivers/STM32F1xx_HAL_Driver/Src/stm32f1xx_hal_spi.c ****         status =  HAL_ERROR;
 732:Drivers/STM32F1xx_HAL_Driver/Src/stm32f1xx_hal_spi.c ****         break;
 733:Drivers/STM32F1xx_HAL_Driver/Src/stm32f1xx_hal_spi.c ****     }
 734:Drivers/STM32F1xx_HAL_Driver/Src/stm32f1xx_hal_spi.c ****   }
 735:Drivers/STM32F1xx_HAL_Driver/Src/stm32f1xx_hal_spi.c ****   else
 736:Drivers/STM32F1xx_HAL_Driver/Src/stm32f1xx_hal_spi.c ****   {
 737:Drivers/STM32F1xx_HAL_Driver/Src/stm32f1xx_hal_spi.c ****     /* Update the error code */
 738:Drivers/STM32F1xx_HAL_Driver/Src/stm32f1xx_hal_spi.c ****     SET_BIT(hspi->ErrorCode, HAL_SPI_ERROR_INVALID_CALLBACK);
 739:Drivers/STM32F1xx_HAL_Driver/Src/stm32f1xx_hal_spi.c **** 
 740:Drivers/STM32F1xx_HAL_Driver/Src/stm32f1xx_hal_spi.c ****     /* Return error status */
 741:Drivers/STM32F1xx_HAL_Driver/Src/stm32f1xx_hal_spi.c ****     status =  HAL_ERROR;
 742:Drivers/STM32F1xx_HAL_Driver/Src/stm32f1xx_hal_spi.c ****   }
 743:Drivers/STM32F1xx_HAL_Driver/Src/stm32f1xx_hal_spi.c **** 
 744:Drivers/STM32F1xx_HAL_Driver/Src/stm32f1xx_hal_spi.c ****   /* Release Lock */
 745:Drivers/STM32F1xx_HAL_Driver/Src/stm32f1xx_hal_spi.c ****   __HAL_UNLOCK(hspi);
 746:Drivers/STM32F1xx_HAL_Driver/Src/stm32f1xx_hal_spi.c ****   return status;
 747:Drivers/STM32F1xx_HAL_Driver/Src/stm32f1xx_hal_spi.c **** }
 748:Drivers/STM32F1xx_HAL_Driver/Src/stm32f1xx_hal_spi.c **** #endif /* USE_HAL_SPI_REGISTER_CALLBACKS */
 749:Drivers/STM32F1xx_HAL_Driver/Src/stm32f1xx_hal_spi.c **** /**
 750:Drivers/STM32F1xx_HAL_Driver/Src/stm32f1xx_hal_spi.c ****   * @}
 751:Drivers/STM32F1xx_HAL_Driver/Src/stm32f1xx_hal_spi.c ****   */
 752:Drivers/STM32F1xx_HAL_Driver/Src/stm32f1xx_hal_spi.c **** 
 753:Drivers/STM32F1xx_HAL_Driver/Src/stm32f1xx_hal_spi.c **** /** @defgroup SPI_Exported_Functions_Group2 IO operation functions
 754:Drivers/STM32F1xx_HAL_Driver/Src/stm32f1xx_hal_spi.c ****   *  @brief   Data transfers functions
 755:Drivers/STM32F1xx_HAL_Driver/Src/stm32f1xx_hal_spi.c ****   *
 756:Drivers/STM32F1xx_HAL_Driver/Src/stm32f1xx_hal_spi.c **** @verbatim
 757:Drivers/STM32F1xx_HAL_Driver/Src/stm32f1xx_hal_spi.c ****   ==============================================================================
 758:Drivers/STM32F1xx_HAL_Driver/Src/stm32f1xx_hal_spi.c ****                       ##### IO operation functions #####
 759:Drivers/STM32F1xx_HAL_Driver/Src/stm32f1xx_hal_spi.c ****  ===============================================================================
 760:Drivers/STM32F1xx_HAL_Driver/Src/stm32f1xx_hal_spi.c ****  [..]
 761:Drivers/STM32F1xx_HAL_Driver/Src/stm32f1xx_hal_spi.c ****     This subsection provides a set of functions allowing to manage the SPI
 762:Drivers/STM32F1xx_HAL_Driver/Src/stm32f1xx_hal_spi.c ****     data transfers.
 763:Drivers/STM32F1xx_HAL_Driver/Src/stm32f1xx_hal_spi.c **** 
 764:Drivers/STM32F1xx_HAL_Driver/Src/stm32f1xx_hal_spi.c ****     [..] The SPI supports master and slave mode :
 765:Drivers/STM32F1xx_HAL_Driver/Src/stm32f1xx_hal_spi.c **** 
 766:Drivers/STM32F1xx_HAL_Driver/Src/stm32f1xx_hal_spi.c ****     (#) There are two modes of transfer:
 767:Drivers/STM32F1xx_HAL_Driver/Src/stm32f1xx_hal_spi.c ****        (++) Blocking mode: The communication is performed in polling mode.
 768:Drivers/STM32F1xx_HAL_Driver/Src/stm32f1xx_hal_spi.c ****             The HAL status of all data processing is returned by the same function
 769:Drivers/STM32F1xx_HAL_Driver/Src/stm32f1xx_hal_spi.c ****             after finishing transfer.
 770:Drivers/STM32F1xx_HAL_Driver/Src/stm32f1xx_hal_spi.c ****        (++) No-Blocking mode: The communication is performed using Interrupts
 771:Drivers/STM32F1xx_HAL_Driver/Src/stm32f1xx_hal_spi.c ****             or DMA, These APIs return the HAL status.
 772:Drivers/STM32F1xx_HAL_Driver/Src/stm32f1xx_hal_spi.c ****             The end of the data processing will be indicated through the
 773:Drivers/STM32F1xx_HAL_Driver/Src/stm32f1xx_hal_spi.c ****             dedicated SPI IRQ when using Interrupt mode or the DMA IRQ when
ARM GAS  /var/folders/y0/yl1wrqfd209ghqq3s8k8qc1m0000gn/T//ccjYiGlu.s 			page 15


 774:Drivers/STM32F1xx_HAL_Driver/Src/stm32f1xx_hal_spi.c ****             using DMA mode.
 775:Drivers/STM32F1xx_HAL_Driver/Src/stm32f1xx_hal_spi.c ****             The HAL_SPI_TxCpltCallback(), HAL_SPI_RxCpltCallback() and HAL_SPI_TxRxCpltCallback() u
 776:Drivers/STM32F1xx_HAL_Driver/Src/stm32f1xx_hal_spi.c ****             will be executed respectively at the end of the transmit or Receive process
 777:Drivers/STM32F1xx_HAL_Driver/Src/stm32f1xx_hal_spi.c ****             The HAL_SPI_ErrorCallback()user callback will be executed when a communication error is
 778:Drivers/STM32F1xx_HAL_Driver/Src/stm32f1xx_hal_spi.c **** 
 779:Drivers/STM32F1xx_HAL_Driver/Src/stm32f1xx_hal_spi.c ****     (#) APIs provided for these 2 transfer modes (Blocking mode or Non blocking mode using either I
 780:Drivers/STM32F1xx_HAL_Driver/Src/stm32f1xx_hal_spi.c ****         exist for 1Line (simplex) and 2Lines (full duplex) modes.
 781:Drivers/STM32F1xx_HAL_Driver/Src/stm32f1xx_hal_spi.c **** 
 782:Drivers/STM32F1xx_HAL_Driver/Src/stm32f1xx_hal_spi.c **** @endverbatim
 783:Drivers/STM32F1xx_HAL_Driver/Src/stm32f1xx_hal_spi.c ****   * @{
 784:Drivers/STM32F1xx_HAL_Driver/Src/stm32f1xx_hal_spi.c ****   */
 785:Drivers/STM32F1xx_HAL_Driver/Src/stm32f1xx_hal_spi.c **** 
 786:Drivers/STM32F1xx_HAL_Driver/Src/stm32f1xx_hal_spi.c **** /**
 787:Drivers/STM32F1xx_HAL_Driver/Src/stm32f1xx_hal_spi.c ****   * @brief  Transmit an amount of data in blocking mode.
 788:Drivers/STM32F1xx_HAL_Driver/Src/stm32f1xx_hal_spi.c ****   * @param  hspi pointer to a SPI_HandleTypeDef structure that contains
 789:Drivers/STM32F1xx_HAL_Driver/Src/stm32f1xx_hal_spi.c ****   *               the configuration information for SPI module.
 790:Drivers/STM32F1xx_HAL_Driver/Src/stm32f1xx_hal_spi.c ****   * @param  pData pointer to data buffer
 791:Drivers/STM32F1xx_HAL_Driver/Src/stm32f1xx_hal_spi.c ****   * @param  Size amount of data to be sent
 792:Drivers/STM32F1xx_HAL_Driver/Src/stm32f1xx_hal_spi.c ****   * @param  Timeout Timeout duration
 793:Drivers/STM32F1xx_HAL_Driver/Src/stm32f1xx_hal_spi.c ****   * @retval HAL status
 794:Drivers/STM32F1xx_HAL_Driver/Src/stm32f1xx_hal_spi.c ****   */
 795:Drivers/STM32F1xx_HAL_Driver/Src/stm32f1xx_hal_spi.c **** HAL_StatusTypeDef HAL_SPI_Transmit(SPI_HandleTypeDef *hspi, const uint8_t *pData, uint16_t Size, ui
 796:Drivers/STM32F1xx_HAL_Driver/Src/stm32f1xx_hal_spi.c **** {
 797:Drivers/STM32F1xx_HAL_Driver/Src/stm32f1xx_hal_spi.c ****   uint32_t tickstart;
 798:Drivers/STM32F1xx_HAL_Driver/Src/stm32f1xx_hal_spi.c ****   uint16_t initial_TxXferCount;
 799:Drivers/STM32F1xx_HAL_Driver/Src/stm32f1xx_hal_spi.c **** 
 800:Drivers/STM32F1xx_HAL_Driver/Src/stm32f1xx_hal_spi.c ****   /* Check Direction parameter */
 801:Drivers/STM32F1xx_HAL_Driver/Src/stm32f1xx_hal_spi.c ****   assert_param(IS_SPI_DIRECTION_2LINES_OR_1LINE(hspi->Init.Direction));
 802:Drivers/STM32F1xx_HAL_Driver/Src/stm32f1xx_hal_spi.c **** 
 803:Drivers/STM32F1xx_HAL_Driver/Src/stm32f1xx_hal_spi.c ****   /* Init tickstart for timeout management*/
 804:Drivers/STM32F1xx_HAL_Driver/Src/stm32f1xx_hal_spi.c ****   tickstart = HAL_GetTick();
 805:Drivers/STM32F1xx_HAL_Driver/Src/stm32f1xx_hal_spi.c ****   initial_TxXferCount = Size;
 806:Drivers/STM32F1xx_HAL_Driver/Src/stm32f1xx_hal_spi.c **** 
 807:Drivers/STM32F1xx_HAL_Driver/Src/stm32f1xx_hal_spi.c ****   if (hspi->State != HAL_SPI_STATE_READY)
 808:Drivers/STM32F1xx_HAL_Driver/Src/stm32f1xx_hal_spi.c ****   {
 809:Drivers/STM32F1xx_HAL_Driver/Src/stm32f1xx_hal_spi.c ****     return HAL_BUSY;
 810:Drivers/STM32F1xx_HAL_Driver/Src/stm32f1xx_hal_spi.c ****   }
 811:Drivers/STM32F1xx_HAL_Driver/Src/stm32f1xx_hal_spi.c **** 
 812:Drivers/STM32F1xx_HAL_Driver/Src/stm32f1xx_hal_spi.c ****   if ((pData == NULL) || (Size == 0U))
 813:Drivers/STM32F1xx_HAL_Driver/Src/stm32f1xx_hal_spi.c ****   {
 814:Drivers/STM32F1xx_HAL_Driver/Src/stm32f1xx_hal_spi.c ****     return HAL_ERROR;
 815:Drivers/STM32F1xx_HAL_Driver/Src/stm32f1xx_hal_spi.c ****   }
 816:Drivers/STM32F1xx_HAL_Driver/Src/stm32f1xx_hal_spi.c **** 
 817:Drivers/STM32F1xx_HAL_Driver/Src/stm32f1xx_hal_spi.c ****   /* Process Locked */
 818:Drivers/STM32F1xx_HAL_Driver/Src/stm32f1xx_hal_spi.c ****   __HAL_LOCK(hspi);
 819:Drivers/STM32F1xx_HAL_Driver/Src/stm32f1xx_hal_spi.c **** 
 820:Drivers/STM32F1xx_HAL_Driver/Src/stm32f1xx_hal_spi.c ****   /* Set the transaction information */
 821:Drivers/STM32F1xx_HAL_Driver/Src/stm32f1xx_hal_spi.c ****   hspi->State       = HAL_SPI_STATE_BUSY_TX;
 822:Drivers/STM32F1xx_HAL_Driver/Src/stm32f1xx_hal_spi.c ****   hspi->ErrorCode   = HAL_SPI_ERROR_NONE;
 823:Drivers/STM32F1xx_HAL_Driver/Src/stm32f1xx_hal_spi.c ****   hspi->pTxBuffPtr  = (const uint8_t *)pData;
 824:Drivers/STM32F1xx_HAL_Driver/Src/stm32f1xx_hal_spi.c ****   hspi->TxXferSize  = Size;
 825:Drivers/STM32F1xx_HAL_Driver/Src/stm32f1xx_hal_spi.c ****   hspi->TxXferCount = Size;
 826:Drivers/STM32F1xx_HAL_Driver/Src/stm32f1xx_hal_spi.c **** 
 827:Drivers/STM32F1xx_HAL_Driver/Src/stm32f1xx_hal_spi.c ****   /*Init field not used in handle to zero */
 828:Drivers/STM32F1xx_HAL_Driver/Src/stm32f1xx_hal_spi.c ****   hspi->pRxBuffPtr  = (uint8_t *)NULL;
 829:Drivers/STM32F1xx_HAL_Driver/Src/stm32f1xx_hal_spi.c ****   hspi->RxXferSize  = 0U;
 830:Drivers/STM32F1xx_HAL_Driver/Src/stm32f1xx_hal_spi.c ****   hspi->RxXferCount = 0U;
ARM GAS  /var/folders/y0/yl1wrqfd209ghqq3s8k8qc1m0000gn/T//ccjYiGlu.s 			page 16


 831:Drivers/STM32F1xx_HAL_Driver/Src/stm32f1xx_hal_spi.c ****   hspi->TxISR       = NULL;
 832:Drivers/STM32F1xx_HAL_Driver/Src/stm32f1xx_hal_spi.c ****   hspi->RxISR       = NULL;
 833:Drivers/STM32F1xx_HAL_Driver/Src/stm32f1xx_hal_spi.c **** 
 834:Drivers/STM32F1xx_HAL_Driver/Src/stm32f1xx_hal_spi.c ****   /* Configure communication direction : 1Line */
 835:Drivers/STM32F1xx_HAL_Driver/Src/stm32f1xx_hal_spi.c ****   if (hspi->Init.Direction == SPI_DIRECTION_1LINE)
 836:Drivers/STM32F1xx_HAL_Driver/Src/stm32f1xx_hal_spi.c ****   {
 837:Drivers/STM32F1xx_HAL_Driver/Src/stm32f1xx_hal_spi.c ****     /* Disable SPI Peripheral before set 1Line direction (BIDIOE bit) */
 838:Drivers/STM32F1xx_HAL_Driver/Src/stm32f1xx_hal_spi.c ****     __HAL_SPI_DISABLE(hspi);
 839:Drivers/STM32F1xx_HAL_Driver/Src/stm32f1xx_hal_spi.c ****     SPI_1LINE_TX(hspi);
 840:Drivers/STM32F1xx_HAL_Driver/Src/stm32f1xx_hal_spi.c ****   }
 841:Drivers/STM32F1xx_HAL_Driver/Src/stm32f1xx_hal_spi.c **** 
 842:Drivers/STM32F1xx_HAL_Driver/Src/stm32f1xx_hal_spi.c **** #if (USE_SPI_CRC != 0U)
 843:Drivers/STM32F1xx_HAL_Driver/Src/stm32f1xx_hal_spi.c ****   /* Reset CRC Calculation */
 844:Drivers/STM32F1xx_HAL_Driver/Src/stm32f1xx_hal_spi.c ****   if (hspi->Init.CRCCalculation == SPI_CRCCALCULATION_ENABLE)
 845:Drivers/STM32F1xx_HAL_Driver/Src/stm32f1xx_hal_spi.c ****   {
 846:Drivers/STM32F1xx_HAL_Driver/Src/stm32f1xx_hal_spi.c ****     SPI_RESET_CRC(hspi);
 847:Drivers/STM32F1xx_HAL_Driver/Src/stm32f1xx_hal_spi.c ****   }
 848:Drivers/STM32F1xx_HAL_Driver/Src/stm32f1xx_hal_spi.c **** #endif /* USE_SPI_CRC */
 849:Drivers/STM32F1xx_HAL_Driver/Src/stm32f1xx_hal_spi.c **** 
 850:Drivers/STM32F1xx_HAL_Driver/Src/stm32f1xx_hal_spi.c ****   /* Check if the SPI is already enabled */
 851:Drivers/STM32F1xx_HAL_Driver/Src/stm32f1xx_hal_spi.c ****   if ((hspi->Instance->CR1 & SPI_CR1_SPE) != SPI_CR1_SPE)
 852:Drivers/STM32F1xx_HAL_Driver/Src/stm32f1xx_hal_spi.c ****   {
 853:Drivers/STM32F1xx_HAL_Driver/Src/stm32f1xx_hal_spi.c ****     /* Enable SPI peripheral */
 854:Drivers/STM32F1xx_HAL_Driver/Src/stm32f1xx_hal_spi.c ****     __HAL_SPI_ENABLE(hspi);
 855:Drivers/STM32F1xx_HAL_Driver/Src/stm32f1xx_hal_spi.c ****   }
 856:Drivers/STM32F1xx_HAL_Driver/Src/stm32f1xx_hal_spi.c **** 
 857:Drivers/STM32F1xx_HAL_Driver/Src/stm32f1xx_hal_spi.c ****   /* Transmit data in 16 Bit mode */
 858:Drivers/STM32F1xx_HAL_Driver/Src/stm32f1xx_hal_spi.c ****   if (hspi->Init.DataSize == SPI_DATASIZE_16BIT)
 859:Drivers/STM32F1xx_HAL_Driver/Src/stm32f1xx_hal_spi.c ****   {
 860:Drivers/STM32F1xx_HAL_Driver/Src/stm32f1xx_hal_spi.c ****     if ((hspi->Init.Mode == SPI_MODE_SLAVE) || (initial_TxXferCount == 0x01U))
 861:Drivers/STM32F1xx_HAL_Driver/Src/stm32f1xx_hal_spi.c ****     {
 862:Drivers/STM32F1xx_HAL_Driver/Src/stm32f1xx_hal_spi.c ****       hspi->Instance->DR = *((const uint16_t *)hspi->pTxBuffPtr);
 863:Drivers/STM32F1xx_HAL_Driver/Src/stm32f1xx_hal_spi.c ****       hspi->pTxBuffPtr += sizeof(uint16_t);
 864:Drivers/STM32F1xx_HAL_Driver/Src/stm32f1xx_hal_spi.c ****       hspi->TxXferCount--;
 865:Drivers/STM32F1xx_HAL_Driver/Src/stm32f1xx_hal_spi.c ****     }
 866:Drivers/STM32F1xx_HAL_Driver/Src/stm32f1xx_hal_spi.c ****     /* Transmit data in 16 Bit mode */
 867:Drivers/STM32F1xx_HAL_Driver/Src/stm32f1xx_hal_spi.c ****     while (hspi->TxXferCount > 0U)
 868:Drivers/STM32F1xx_HAL_Driver/Src/stm32f1xx_hal_spi.c ****     {
 869:Drivers/STM32F1xx_HAL_Driver/Src/stm32f1xx_hal_spi.c ****       /* Wait until TXE flag is set to send data */
 870:Drivers/STM32F1xx_HAL_Driver/Src/stm32f1xx_hal_spi.c ****       if (__HAL_SPI_GET_FLAG(hspi, SPI_FLAG_TXE))
 871:Drivers/STM32F1xx_HAL_Driver/Src/stm32f1xx_hal_spi.c ****       {
 872:Drivers/STM32F1xx_HAL_Driver/Src/stm32f1xx_hal_spi.c ****         hspi->Instance->DR = *((const uint16_t *)hspi->pTxBuffPtr);
 873:Drivers/STM32F1xx_HAL_Driver/Src/stm32f1xx_hal_spi.c ****         hspi->pTxBuffPtr += sizeof(uint16_t);
 874:Drivers/STM32F1xx_HAL_Driver/Src/stm32f1xx_hal_spi.c ****         hspi->TxXferCount--;
 875:Drivers/STM32F1xx_HAL_Driver/Src/stm32f1xx_hal_spi.c ****       }
 876:Drivers/STM32F1xx_HAL_Driver/Src/stm32f1xx_hal_spi.c ****       else
 877:Drivers/STM32F1xx_HAL_Driver/Src/stm32f1xx_hal_spi.c ****       {
 878:Drivers/STM32F1xx_HAL_Driver/Src/stm32f1xx_hal_spi.c ****         /* Timeout management */
 879:Drivers/STM32F1xx_HAL_Driver/Src/stm32f1xx_hal_spi.c ****         if ((((HAL_GetTick() - tickstart) >=  Timeout) && (Timeout != HAL_MAX_DELAY)) || (Timeout =
 880:Drivers/STM32F1xx_HAL_Driver/Src/stm32f1xx_hal_spi.c ****         {
 881:Drivers/STM32F1xx_HAL_Driver/Src/stm32f1xx_hal_spi.c ****           hspi->State = HAL_SPI_STATE_READY;
 882:Drivers/STM32F1xx_HAL_Driver/Src/stm32f1xx_hal_spi.c ****           __HAL_UNLOCK(hspi);
 883:Drivers/STM32F1xx_HAL_Driver/Src/stm32f1xx_hal_spi.c ****           return HAL_TIMEOUT;
 884:Drivers/STM32F1xx_HAL_Driver/Src/stm32f1xx_hal_spi.c ****         }
 885:Drivers/STM32F1xx_HAL_Driver/Src/stm32f1xx_hal_spi.c ****       }
 886:Drivers/STM32F1xx_HAL_Driver/Src/stm32f1xx_hal_spi.c ****     }
 887:Drivers/STM32F1xx_HAL_Driver/Src/stm32f1xx_hal_spi.c ****   }
ARM GAS  /var/folders/y0/yl1wrqfd209ghqq3s8k8qc1m0000gn/T//ccjYiGlu.s 			page 17


 888:Drivers/STM32F1xx_HAL_Driver/Src/stm32f1xx_hal_spi.c ****   /* Transmit data in 8 Bit mode */
 889:Drivers/STM32F1xx_HAL_Driver/Src/stm32f1xx_hal_spi.c ****   else
 890:Drivers/STM32F1xx_HAL_Driver/Src/stm32f1xx_hal_spi.c ****   {
 891:Drivers/STM32F1xx_HAL_Driver/Src/stm32f1xx_hal_spi.c ****     if ((hspi->Init.Mode == SPI_MODE_SLAVE) || (initial_TxXferCount == 0x01U))
 892:Drivers/STM32F1xx_HAL_Driver/Src/stm32f1xx_hal_spi.c ****     {
 893:Drivers/STM32F1xx_HAL_Driver/Src/stm32f1xx_hal_spi.c ****       *((__IO uint8_t *)&hspi->Instance->DR) = *((const uint8_t *)hspi->pTxBuffPtr);
 894:Drivers/STM32F1xx_HAL_Driver/Src/stm32f1xx_hal_spi.c ****       hspi->pTxBuffPtr += sizeof(uint8_t);
 895:Drivers/STM32F1xx_HAL_Driver/Src/stm32f1xx_hal_spi.c ****       hspi->TxXferCount--;
 896:Drivers/STM32F1xx_HAL_Driver/Src/stm32f1xx_hal_spi.c ****     }
 897:Drivers/STM32F1xx_HAL_Driver/Src/stm32f1xx_hal_spi.c ****     while (hspi->TxXferCount > 0U)
 898:Drivers/STM32F1xx_HAL_Driver/Src/stm32f1xx_hal_spi.c ****     {
 899:Drivers/STM32F1xx_HAL_Driver/Src/stm32f1xx_hal_spi.c ****       /* Wait until TXE flag is set to send data */
 900:Drivers/STM32F1xx_HAL_Driver/Src/stm32f1xx_hal_spi.c ****       if (__HAL_SPI_GET_FLAG(hspi, SPI_FLAG_TXE))
 901:Drivers/STM32F1xx_HAL_Driver/Src/stm32f1xx_hal_spi.c ****       {
 902:Drivers/STM32F1xx_HAL_Driver/Src/stm32f1xx_hal_spi.c ****         *((__IO uint8_t *)&hspi->Instance->DR) = *((const uint8_t *)hspi->pTxBuffPtr);
 903:Drivers/STM32F1xx_HAL_Driver/Src/stm32f1xx_hal_spi.c ****         hspi->pTxBuffPtr += sizeof(uint8_t);
 904:Drivers/STM32F1xx_HAL_Driver/Src/stm32f1xx_hal_spi.c ****         hspi->TxXferCount--;
 905:Drivers/STM32F1xx_HAL_Driver/Src/stm32f1xx_hal_spi.c ****       }
 906:Drivers/STM32F1xx_HAL_Driver/Src/stm32f1xx_hal_spi.c ****       else
 907:Drivers/STM32F1xx_HAL_Driver/Src/stm32f1xx_hal_spi.c ****       {
 908:Drivers/STM32F1xx_HAL_Driver/Src/stm32f1xx_hal_spi.c ****         /* Timeout management */
 909:Drivers/STM32F1xx_HAL_Driver/Src/stm32f1xx_hal_spi.c ****         if ((((HAL_GetTick() - tickstart) >=  Timeout) && (Timeout != HAL_MAX_DELAY)) || (Timeout =
 910:Drivers/STM32F1xx_HAL_Driver/Src/stm32f1xx_hal_spi.c ****         {
 911:Drivers/STM32F1xx_HAL_Driver/Src/stm32f1xx_hal_spi.c ****           hspi->State = HAL_SPI_STATE_READY;
 912:Drivers/STM32F1xx_HAL_Driver/Src/stm32f1xx_hal_spi.c ****           __HAL_UNLOCK(hspi);
 913:Drivers/STM32F1xx_HAL_Driver/Src/stm32f1xx_hal_spi.c ****           return HAL_TIMEOUT;
 914:Drivers/STM32F1xx_HAL_Driver/Src/stm32f1xx_hal_spi.c ****         }
 915:Drivers/STM32F1xx_HAL_Driver/Src/stm32f1xx_hal_spi.c ****       }
 916:Drivers/STM32F1xx_HAL_Driver/Src/stm32f1xx_hal_spi.c ****     }
 917:Drivers/STM32F1xx_HAL_Driver/Src/stm32f1xx_hal_spi.c ****   }
 918:Drivers/STM32F1xx_HAL_Driver/Src/stm32f1xx_hal_spi.c **** #if (USE_SPI_CRC != 0U)
 919:Drivers/STM32F1xx_HAL_Driver/Src/stm32f1xx_hal_spi.c ****   /* Enable CRC Transmission */
 920:Drivers/STM32F1xx_HAL_Driver/Src/stm32f1xx_hal_spi.c ****   if (hspi->Init.CRCCalculation == SPI_CRCCALCULATION_ENABLE)
 921:Drivers/STM32F1xx_HAL_Driver/Src/stm32f1xx_hal_spi.c ****   {
 922:Drivers/STM32F1xx_HAL_Driver/Src/stm32f1xx_hal_spi.c ****     SET_BIT(hspi->Instance->CR1, SPI_CR1_CRCNEXT);
 923:Drivers/STM32F1xx_HAL_Driver/Src/stm32f1xx_hal_spi.c ****   }
 924:Drivers/STM32F1xx_HAL_Driver/Src/stm32f1xx_hal_spi.c **** #endif /* USE_SPI_CRC */
 925:Drivers/STM32F1xx_HAL_Driver/Src/stm32f1xx_hal_spi.c **** 
 926:Drivers/STM32F1xx_HAL_Driver/Src/stm32f1xx_hal_spi.c ****   /* Check the end of the transaction */
 927:Drivers/STM32F1xx_HAL_Driver/Src/stm32f1xx_hal_spi.c ****   if (SPI_EndRxTxTransaction(hspi, Timeout, tickstart) != HAL_OK)
 928:Drivers/STM32F1xx_HAL_Driver/Src/stm32f1xx_hal_spi.c ****   {
 929:Drivers/STM32F1xx_HAL_Driver/Src/stm32f1xx_hal_spi.c ****     hspi->ErrorCode = HAL_SPI_ERROR_FLAG;
 930:Drivers/STM32F1xx_HAL_Driver/Src/stm32f1xx_hal_spi.c ****   }
 931:Drivers/STM32F1xx_HAL_Driver/Src/stm32f1xx_hal_spi.c **** 
 932:Drivers/STM32F1xx_HAL_Driver/Src/stm32f1xx_hal_spi.c ****   /* Clear overrun flag in 2 Lines communication mode because received is not read */
 933:Drivers/STM32F1xx_HAL_Driver/Src/stm32f1xx_hal_spi.c ****   if (hspi->Init.Direction == SPI_DIRECTION_2LINES)
 934:Drivers/STM32F1xx_HAL_Driver/Src/stm32f1xx_hal_spi.c ****   {
 935:Drivers/STM32F1xx_HAL_Driver/Src/stm32f1xx_hal_spi.c ****     __HAL_SPI_CLEAR_OVRFLAG(hspi);
 936:Drivers/STM32F1xx_HAL_Driver/Src/stm32f1xx_hal_spi.c ****   }
 937:Drivers/STM32F1xx_HAL_Driver/Src/stm32f1xx_hal_spi.c **** 
 938:Drivers/STM32F1xx_HAL_Driver/Src/stm32f1xx_hal_spi.c ****   hspi->State = HAL_SPI_STATE_READY;
 939:Drivers/STM32F1xx_HAL_Driver/Src/stm32f1xx_hal_spi.c ****   /* Process Unlocked */
 940:Drivers/STM32F1xx_HAL_Driver/Src/stm32f1xx_hal_spi.c ****   __HAL_UNLOCK(hspi);
 941:Drivers/STM32F1xx_HAL_Driver/Src/stm32f1xx_hal_spi.c **** 
 942:Drivers/STM32F1xx_HAL_Driver/Src/stm32f1xx_hal_spi.c ****   if (hspi->ErrorCode != HAL_SPI_ERROR_NONE)
 943:Drivers/STM32F1xx_HAL_Driver/Src/stm32f1xx_hal_spi.c ****   {
 944:Drivers/STM32F1xx_HAL_Driver/Src/stm32f1xx_hal_spi.c ****     return HAL_ERROR;
ARM GAS  /var/folders/y0/yl1wrqfd209ghqq3s8k8qc1m0000gn/T//ccjYiGlu.s 			page 18


 945:Drivers/STM32F1xx_HAL_Driver/Src/stm32f1xx_hal_spi.c ****   }
 946:Drivers/STM32F1xx_HAL_Driver/Src/stm32f1xx_hal_spi.c ****   else
 947:Drivers/STM32F1xx_HAL_Driver/Src/stm32f1xx_hal_spi.c ****   {
 948:Drivers/STM32F1xx_HAL_Driver/Src/stm32f1xx_hal_spi.c ****     return HAL_OK;
 949:Drivers/STM32F1xx_HAL_Driver/Src/stm32f1xx_hal_spi.c ****   }
 950:Drivers/STM32F1xx_HAL_Driver/Src/stm32f1xx_hal_spi.c **** }
 951:Drivers/STM32F1xx_HAL_Driver/Src/stm32f1xx_hal_spi.c **** 
 952:Drivers/STM32F1xx_HAL_Driver/Src/stm32f1xx_hal_spi.c **** /**
 953:Drivers/STM32F1xx_HAL_Driver/Src/stm32f1xx_hal_spi.c ****   * @brief  Receive an amount of data in blocking mode.
 954:Drivers/STM32F1xx_HAL_Driver/Src/stm32f1xx_hal_spi.c ****   * @param  hspi pointer to a SPI_HandleTypeDef structure that contains
 955:Drivers/STM32F1xx_HAL_Driver/Src/stm32f1xx_hal_spi.c ****   *               the configuration information for SPI module.
 956:Drivers/STM32F1xx_HAL_Driver/Src/stm32f1xx_hal_spi.c ****   * @param  pData pointer to data buffer
 957:Drivers/STM32F1xx_HAL_Driver/Src/stm32f1xx_hal_spi.c ****   * @param  Size amount of data to be received
 958:Drivers/STM32F1xx_HAL_Driver/Src/stm32f1xx_hal_spi.c ****   * @param  Timeout Timeout duration
 959:Drivers/STM32F1xx_HAL_Driver/Src/stm32f1xx_hal_spi.c ****   * @retval HAL status
 960:Drivers/STM32F1xx_HAL_Driver/Src/stm32f1xx_hal_spi.c ****   */
 961:Drivers/STM32F1xx_HAL_Driver/Src/stm32f1xx_hal_spi.c **** HAL_StatusTypeDef HAL_SPI_Receive(SPI_HandleTypeDef *hspi, uint8_t *pData, uint16_t Size, uint32_t 
 962:Drivers/STM32F1xx_HAL_Driver/Src/stm32f1xx_hal_spi.c **** {
 963:Drivers/STM32F1xx_HAL_Driver/Src/stm32f1xx_hal_spi.c **** #if (USE_SPI_CRC != 0U)
 964:Drivers/STM32F1xx_HAL_Driver/Src/stm32f1xx_hal_spi.c ****   __IO uint32_t tmpreg = 0U;
 965:Drivers/STM32F1xx_HAL_Driver/Src/stm32f1xx_hal_spi.c **** #endif /* USE_SPI_CRC */
 966:Drivers/STM32F1xx_HAL_Driver/Src/stm32f1xx_hal_spi.c ****   uint32_t tickstart;
 967:Drivers/STM32F1xx_HAL_Driver/Src/stm32f1xx_hal_spi.c **** 
 968:Drivers/STM32F1xx_HAL_Driver/Src/stm32f1xx_hal_spi.c ****   if (hspi->State != HAL_SPI_STATE_READY)
 969:Drivers/STM32F1xx_HAL_Driver/Src/stm32f1xx_hal_spi.c ****   {
 970:Drivers/STM32F1xx_HAL_Driver/Src/stm32f1xx_hal_spi.c ****     return HAL_BUSY;
 971:Drivers/STM32F1xx_HAL_Driver/Src/stm32f1xx_hal_spi.c ****   }
 972:Drivers/STM32F1xx_HAL_Driver/Src/stm32f1xx_hal_spi.c **** 
 973:Drivers/STM32F1xx_HAL_Driver/Src/stm32f1xx_hal_spi.c ****   if ((hspi->Init.Mode == SPI_MODE_MASTER) && (hspi->Init.Direction == SPI_DIRECTION_2LINES))
 974:Drivers/STM32F1xx_HAL_Driver/Src/stm32f1xx_hal_spi.c ****   {
 975:Drivers/STM32F1xx_HAL_Driver/Src/stm32f1xx_hal_spi.c ****     hspi->State = HAL_SPI_STATE_BUSY_RX;
 976:Drivers/STM32F1xx_HAL_Driver/Src/stm32f1xx_hal_spi.c ****     /* Call transmit-receive function to send Dummy data on Tx line and generate clock on CLK line 
 977:Drivers/STM32F1xx_HAL_Driver/Src/stm32f1xx_hal_spi.c ****     return HAL_SPI_TransmitReceive(hspi, pData, pData, Size, Timeout);
 978:Drivers/STM32F1xx_HAL_Driver/Src/stm32f1xx_hal_spi.c ****   }
 979:Drivers/STM32F1xx_HAL_Driver/Src/stm32f1xx_hal_spi.c **** 
 980:Drivers/STM32F1xx_HAL_Driver/Src/stm32f1xx_hal_spi.c ****   /* Init tickstart for timeout management*/
 981:Drivers/STM32F1xx_HAL_Driver/Src/stm32f1xx_hal_spi.c ****   tickstart = HAL_GetTick();
 982:Drivers/STM32F1xx_HAL_Driver/Src/stm32f1xx_hal_spi.c **** 
 983:Drivers/STM32F1xx_HAL_Driver/Src/stm32f1xx_hal_spi.c ****   if ((pData == NULL) || (Size == 0U))
 984:Drivers/STM32F1xx_HAL_Driver/Src/stm32f1xx_hal_spi.c ****   {
 985:Drivers/STM32F1xx_HAL_Driver/Src/stm32f1xx_hal_spi.c ****     return HAL_ERROR;
 986:Drivers/STM32F1xx_HAL_Driver/Src/stm32f1xx_hal_spi.c ****   }
 987:Drivers/STM32F1xx_HAL_Driver/Src/stm32f1xx_hal_spi.c **** 
 988:Drivers/STM32F1xx_HAL_Driver/Src/stm32f1xx_hal_spi.c ****   /* Process Locked */
 989:Drivers/STM32F1xx_HAL_Driver/Src/stm32f1xx_hal_spi.c ****   __HAL_LOCK(hspi);
 990:Drivers/STM32F1xx_HAL_Driver/Src/stm32f1xx_hal_spi.c **** 
 991:Drivers/STM32F1xx_HAL_Driver/Src/stm32f1xx_hal_spi.c ****   /* Set the transaction information */
 992:Drivers/STM32F1xx_HAL_Driver/Src/stm32f1xx_hal_spi.c ****   hspi->State       = HAL_SPI_STATE_BUSY_RX;
 993:Drivers/STM32F1xx_HAL_Driver/Src/stm32f1xx_hal_spi.c ****   hspi->ErrorCode   = HAL_SPI_ERROR_NONE;
 994:Drivers/STM32F1xx_HAL_Driver/Src/stm32f1xx_hal_spi.c ****   hspi->pRxBuffPtr  = (uint8_t *)pData;
 995:Drivers/STM32F1xx_HAL_Driver/Src/stm32f1xx_hal_spi.c ****   hspi->RxXferSize  = Size;
 996:Drivers/STM32F1xx_HAL_Driver/Src/stm32f1xx_hal_spi.c ****   hspi->RxXferCount = Size;
 997:Drivers/STM32F1xx_HAL_Driver/Src/stm32f1xx_hal_spi.c **** 
 998:Drivers/STM32F1xx_HAL_Driver/Src/stm32f1xx_hal_spi.c ****   /*Init field not used in handle to zero */
 999:Drivers/STM32F1xx_HAL_Driver/Src/stm32f1xx_hal_spi.c ****   hspi->pTxBuffPtr  = (uint8_t *)NULL;
1000:Drivers/STM32F1xx_HAL_Driver/Src/stm32f1xx_hal_spi.c ****   hspi->TxXferSize  = 0U;
1001:Drivers/STM32F1xx_HAL_Driver/Src/stm32f1xx_hal_spi.c ****   hspi->TxXferCount = 0U;
ARM GAS  /var/folders/y0/yl1wrqfd209ghqq3s8k8qc1m0000gn/T//ccjYiGlu.s 			page 19


1002:Drivers/STM32F1xx_HAL_Driver/Src/stm32f1xx_hal_spi.c ****   hspi->RxISR       = NULL;
1003:Drivers/STM32F1xx_HAL_Driver/Src/stm32f1xx_hal_spi.c ****   hspi->TxISR       = NULL;
1004:Drivers/STM32F1xx_HAL_Driver/Src/stm32f1xx_hal_spi.c **** 
1005:Drivers/STM32F1xx_HAL_Driver/Src/stm32f1xx_hal_spi.c **** #if (USE_SPI_CRC != 0U)
1006:Drivers/STM32F1xx_HAL_Driver/Src/stm32f1xx_hal_spi.c ****   /* Reset CRC Calculation */
1007:Drivers/STM32F1xx_HAL_Driver/Src/stm32f1xx_hal_spi.c ****   if (hspi->Init.CRCCalculation == SPI_CRCCALCULATION_ENABLE)
1008:Drivers/STM32F1xx_HAL_Driver/Src/stm32f1xx_hal_spi.c ****   {
1009:Drivers/STM32F1xx_HAL_Driver/Src/stm32f1xx_hal_spi.c ****     SPI_RESET_CRC(hspi);
1010:Drivers/STM32F1xx_HAL_Driver/Src/stm32f1xx_hal_spi.c ****     /* this is done to handle the CRCNEXT before the latest data */
1011:Drivers/STM32F1xx_HAL_Driver/Src/stm32f1xx_hal_spi.c ****     hspi->RxXferCount--;
1012:Drivers/STM32F1xx_HAL_Driver/Src/stm32f1xx_hal_spi.c ****   }
1013:Drivers/STM32F1xx_HAL_Driver/Src/stm32f1xx_hal_spi.c **** #endif /* USE_SPI_CRC */
1014:Drivers/STM32F1xx_HAL_Driver/Src/stm32f1xx_hal_spi.c **** 
1015:Drivers/STM32F1xx_HAL_Driver/Src/stm32f1xx_hal_spi.c ****   /* Configure communication direction: 1Line */
1016:Drivers/STM32F1xx_HAL_Driver/Src/stm32f1xx_hal_spi.c ****   if (hspi->Init.Direction == SPI_DIRECTION_1LINE)
1017:Drivers/STM32F1xx_HAL_Driver/Src/stm32f1xx_hal_spi.c ****   {
1018:Drivers/STM32F1xx_HAL_Driver/Src/stm32f1xx_hal_spi.c ****     /* Disable SPI Peripheral before set 1Line direction (BIDIOE bit) */
1019:Drivers/STM32F1xx_HAL_Driver/Src/stm32f1xx_hal_spi.c ****     __HAL_SPI_DISABLE(hspi);
1020:Drivers/STM32F1xx_HAL_Driver/Src/stm32f1xx_hal_spi.c ****     SPI_1LINE_RX(hspi);
1021:Drivers/STM32F1xx_HAL_Driver/Src/stm32f1xx_hal_spi.c ****   }
1022:Drivers/STM32F1xx_HAL_Driver/Src/stm32f1xx_hal_spi.c **** 
1023:Drivers/STM32F1xx_HAL_Driver/Src/stm32f1xx_hal_spi.c ****   /* Check if the SPI is already enabled */
1024:Drivers/STM32F1xx_HAL_Driver/Src/stm32f1xx_hal_spi.c ****   if ((hspi->Instance->CR1 & SPI_CR1_SPE) != SPI_CR1_SPE)
1025:Drivers/STM32F1xx_HAL_Driver/Src/stm32f1xx_hal_spi.c ****   {
1026:Drivers/STM32F1xx_HAL_Driver/Src/stm32f1xx_hal_spi.c ****     /* Enable SPI peripheral */
1027:Drivers/STM32F1xx_HAL_Driver/Src/stm32f1xx_hal_spi.c ****     __HAL_SPI_ENABLE(hspi);
1028:Drivers/STM32F1xx_HAL_Driver/Src/stm32f1xx_hal_spi.c ****   }
1029:Drivers/STM32F1xx_HAL_Driver/Src/stm32f1xx_hal_spi.c **** 
1030:Drivers/STM32F1xx_HAL_Driver/Src/stm32f1xx_hal_spi.c ****   /* Receive data in 8 Bit mode */
1031:Drivers/STM32F1xx_HAL_Driver/Src/stm32f1xx_hal_spi.c ****   if (hspi->Init.DataSize == SPI_DATASIZE_8BIT)
1032:Drivers/STM32F1xx_HAL_Driver/Src/stm32f1xx_hal_spi.c ****   {
1033:Drivers/STM32F1xx_HAL_Driver/Src/stm32f1xx_hal_spi.c ****     /* Transfer loop */
1034:Drivers/STM32F1xx_HAL_Driver/Src/stm32f1xx_hal_spi.c ****     while (hspi->RxXferCount > 0U)
1035:Drivers/STM32F1xx_HAL_Driver/Src/stm32f1xx_hal_spi.c ****     {
1036:Drivers/STM32F1xx_HAL_Driver/Src/stm32f1xx_hal_spi.c ****       /* Check the RXNE flag */
1037:Drivers/STM32F1xx_HAL_Driver/Src/stm32f1xx_hal_spi.c ****       if (__HAL_SPI_GET_FLAG(hspi, SPI_FLAG_RXNE))
1038:Drivers/STM32F1xx_HAL_Driver/Src/stm32f1xx_hal_spi.c ****       {
1039:Drivers/STM32F1xx_HAL_Driver/Src/stm32f1xx_hal_spi.c ****         /* read the received data */
1040:Drivers/STM32F1xx_HAL_Driver/Src/stm32f1xx_hal_spi.c ****         (* (uint8_t *)hspi->pRxBuffPtr) = *(__IO uint8_t *)&hspi->Instance->DR;
1041:Drivers/STM32F1xx_HAL_Driver/Src/stm32f1xx_hal_spi.c ****         hspi->pRxBuffPtr += sizeof(uint8_t);
1042:Drivers/STM32F1xx_HAL_Driver/Src/stm32f1xx_hal_spi.c ****         hspi->RxXferCount--;
1043:Drivers/STM32F1xx_HAL_Driver/Src/stm32f1xx_hal_spi.c ****       }
1044:Drivers/STM32F1xx_HAL_Driver/Src/stm32f1xx_hal_spi.c ****       else
1045:Drivers/STM32F1xx_HAL_Driver/Src/stm32f1xx_hal_spi.c ****       {
1046:Drivers/STM32F1xx_HAL_Driver/Src/stm32f1xx_hal_spi.c ****         /* Timeout management */
1047:Drivers/STM32F1xx_HAL_Driver/Src/stm32f1xx_hal_spi.c ****         if ((((HAL_GetTick() - tickstart) >=  Timeout) && (Timeout != HAL_MAX_DELAY)) || (Timeout =
1048:Drivers/STM32F1xx_HAL_Driver/Src/stm32f1xx_hal_spi.c ****         {
1049:Drivers/STM32F1xx_HAL_Driver/Src/stm32f1xx_hal_spi.c ****           hspi->State = HAL_SPI_STATE_READY;
1050:Drivers/STM32F1xx_HAL_Driver/Src/stm32f1xx_hal_spi.c ****           __HAL_UNLOCK(hspi);
1051:Drivers/STM32F1xx_HAL_Driver/Src/stm32f1xx_hal_spi.c ****           return HAL_TIMEOUT;
1052:Drivers/STM32F1xx_HAL_Driver/Src/stm32f1xx_hal_spi.c ****         }
1053:Drivers/STM32F1xx_HAL_Driver/Src/stm32f1xx_hal_spi.c ****       }
1054:Drivers/STM32F1xx_HAL_Driver/Src/stm32f1xx_hal_spi.c ****     }
1055:Drivers/STM32F1xx_HAL_Driver/Src/stm32f1xx_hal_spi.c ****   }
1056:Drivers/STM32F1xx_HAL_Driver/Src/stm32f1xx_hal_spi.c ****   else
1057:Drivers/STM32F1xx_HAL_Driver/Src/stm32f1xx_hal_spi.c ****   {
1058:Drivers/STM32F1xx_HAL_Driver/Src/stm32f1xx_hal_spi.c ****     /* Transfer loop */
ARM GAS  /var/folders/y0/yl1wrqfd209ghqq3s8k8qc1m0000gn/T//ccjYiGlu.s 			page 20


1059:Drivers/STM32F1xx_HAL_Driver/Src/stm32f1xx_hal_spi.c ****     while (hspi->RxXferCount > 0U)
1060:Drivers/STM32F1xx_HAL_Driver/Src/stm32f1xx_hal_spi.c ****     {
1061:Drivers/STM32F1xx_HAL_Driver/Src/stm32f1xx_hal_spi.c ****       /* Check the RXNE flag */
1062:Drivers/STM32F1xx_HAL_Driver/Src/stm32f1xx_hal_spi.c ****       if (__HAL_SPI_GET_FLAG(hspi, SPI_FLAG_RXNE))
1063:Drivers/STM32F1xx_HAL_Driver/Src/stm32f1xx_hal_spi.c ****       {
1064:Drivers/STM32F1xx_HAL_Driver/Src/stm32f1xx_hal_spi.c ****         *((uint16_t *)hspi->pRxBuffPtr) = (uint16_t)hspi->Instance->DR;
1065:Drivers/STM32F1xx_HAL_Driver/Src/stm32f1xx_hal_spi.c ****         hspi->pRxBuffPtr += sizeof(uint16_t);
1066:Drivers/STM32F1xx_HAL_Driver/Src/stm32f1xx_hal_spi.c ****         hspi->RxXferCount--;
1067:Drivers/STM32F1xx_HAL_Driver/Src/stm32f1xx_hal_spi.c ****       }
1068:Drivers/STM32F1xx_HAL_Driver/Src/stm32f1xx_hal_spi.c ****       else
1069:Drivers/STM32F1xx_HAL_Driver/Src/stm32f1xx_hal_spi.c ****       {
1070:Drivers/STM32F1xx_HAL_Driver/Src/stm32f1xx_hal_spi.c ****         /* Timeout management */
1071:Drivers/STM32F1xx_HAL_Driver/Src/stm32f1xx_hal_spi.c ****         if ((((HAL_GetTick() - tickstart) >=  Timeout) && (Timeout != HAL_MAX_DELAY)) || (Timeout =
1072:Drivers/STM32F1xx_HAL_Driver/Src/stm32f1xx_hal_spi.c ****         {
1073:Drivers/STM32F1xx_HAL_Driver/Src/stm32f1xx_hal_spi.c ****           hspi->State = HAL_SPI_STATE_READY;
1074:Drivers/STM32F1xx_HAL_Driver/Src/stm32f1xx_hal_spi.c ****           __HAL_UNLOCK(hspi);
1075:Drivers/STM32F1xx_HAL_Driver/Src/stm32f1xx_hal_spi.c ****           return HAL_TIMEOUT;
1076:Drivers/STM32F1xx_HAL_Driver/Src/stm32f1xx_hal_spi.c ****         }
1077:Drivers/STM32F1xx_HAL_Driver/Src/stm32f1xx_hal_spi.c ****       }
1078:Drivers/STM32F1xx_HAL_Driver/Src/stm32f1xx_hal_spi.c ****     }
1079:Drivers/STM32F1xx_HAL_Driver/Src/stm32f1xx_hal_spi.c ****   }
1080:Drivers/STM32F1xx_HAL_Driver/Src/stm32f1xx_hal_spi.c **** 
1081:Drivers/STM32F1xx_HAL_Driver/Src/stm32f1xx_hal_spi.c **** #if (USE_SPI_CRC != 0U)
1082:Drivers/STM32F1xx_HAL_Driver/Src/stm32f1xx_hal_spi.c ****   /* Handle the CRC Transmission */
1083:Drivers/STM32F1xx_HAL_Driver/Src/stm32f1xx_hal_spi.c ****   if (hspi->Init.CRCCalculation == SPI_CRCCALCULATION_ENABLE)
1084:Drivers/STM32F1xx_HAL_Driver/Src/stm32f1xx_hal_spi.c ****   {
1085:Drivers/STM32F1xx_HAL_Driver/Src/stm32f1xx_hal_spi.c ****     /* freeze the CRC before the latest data */
1086:Drivers/STM32F1xx_HAL_Driver/Src/stm32f1xx_hal_spi.c ****     SET_BIT(hspi->Instance->CR1, SPI_CR1_CRCNEXT);
1087:Drivers/STM32F1xx_HAL_Driver/Src/stm32f1xx_hal_spi.c **** 
1088:Drivers/STM32F1xx_HAL_Driver/Src/stm32f1xx_hal_spi.c ****     /* Check if CRCNEXT is well reset by hardware */
1089:Drivers/STM32F1xx_HAL_Driver/Src/stm32f1xx_hal_spi.c ****     if (READ_BIT(hspi->Instance->CR1, SPI_CR1_CRCNEXT))
1090:Drivers/STM32F1xx_HAL_Driver/Src/stm32f1xx_hal_spi.c ****     {
1091:Drivers/STM32F1xx_HAL_Driver/Src/stm32f1xx_hal_spi.c ****       /* Workaround to force CRCNEXT bit to zero in case of CRCNEXT is not reset automatically by h
1092:Drivers/STM32F1xx_HAL_Driver/Src/stm32f1xx_hal_spi.c ****       CLEAR_BIT(hspi->Instance->CR1, SPI_CR1_CRCNEXT);
1093:Drivers/STM32F1xx_HAL_Driver/Src/stm32f1xx_hal_spi.c ****     }
1094:Drivers/STM32F1xx_HAL_Driver/Src/stm32f1xx_hal_spi.c ****     /* Read the latest data */
1095:Drivers/STM32F1xx_HAL_Driver/Src/stm32f1xx_hal_spi.c ****     if (SPI_WaitFlagStateUntilTimeout(hspi, SPI_FLAG_RXNE, SET, Timeout, tickstart) != HAL_OK)
1096:Drivers/STM32F1xx_HAL_Driver/Src/stm32f1xx_hal_spi.c ****     {
1097:Drivers/STM32F1xx_HAL_Driver/Src/stm32f1xx_hal_spi.c ****       /* the latest data has not been received */
1098:Drivers/STM32F1xx_HAL_Driver/Src/stm32f1xx_hal_spi.c ****       __HAL_UNLOCK(hspi);
1099:Drivers/STM32F1xx_HAL_Driver/Src/stm32f1xx_hal_spi.c ****       return HAL_TIMEOUT;
1100:Drivers/STM32F1xx_HAL_Driver/Src/stm32f1xx_hal_spi.c ****     }
1101:Drivers/STM32F1xx_HAL_Driver/Src/stm32f1xx_hal_spi.c **** 
1102:Drivers/STM32F1xx_HAL_Driver/Src/stm32f1xx_hal_spi.c ****     /* Receive last data in 16 Bit mode */
1103:Drivers/STM32F1xx_HAL_Driver/Src/stm32f1xx_hal_spi.c ****     if (hspi->Init.DataSize == SPI_DATASIZE_16BIT)
1104:Drivers/STM32F1xx_HAL_Driver/Src/stm32f1xx_hal_spi.c ****     {
1105:Drivers/STM32F1xx_HAL_Driver/Src/stm32f1xx_hal_spi.c ****       *((uint16_t *)hspi->pRxBuffPtr) = (uint16_t)hspi->Instance->DR;
1106:Drivers/STM32F1xx_HAL_Driver/Src/stm32f1xx_hal_spi.c ****     }
1107:Drivers/STM32F1xx_HAL_Driver/Src/stm32f1xx_hal_spi.c ****     /* Receive last data in 8 Bit mode */
1108:Drivers/STM32F1xx_HAL_Driver/Src/stm32f1xx_hal_spi.c ****     else
1109:Drivers/STM32F1xx_HAL_Driver/Src/stm32f1xx_hal_spi.c ****     {
1110:Drivers/STM32F1xx_HAL_Driver/Src/stm32f1xx_hal_spi.c ****       (*(uint8_t *)hspi->pRxBuffPtr) = *(__IO uint8_t *)&hspi->Instance->DR;
1111:Drivers/STM32F1xx_HAL_Driver/Src/stm32f1xx_hal_spi.c ****     }
1112:Drivers/STM32F1xx_HAL_Driver/Src/stm32f1xx_hal_spi.c **** 
1113:Drivers/STM32F1xx_HAL_Driver/Src/stm32f1xx_hal_spi.c ****     /* Wait the CRC data */
1114:Drivers/STM32F1xx_HAL_Driver/Src/stm32f1xx_hal_spi.c ****     if (SPI_WaitFlagStateUntilTimeout(hspi, SPI_FLAG_RXNE, SET, Timeout, tickstart) != HAL_OK)
1115:Drivers/STM32F1xx_HAL_Driver/Src/stm32f1xx_hal_spi.c ****     {
ARM GAS  /var/folders/y0/yl1wrqfd209ghqq3s8k8qc1m0000gn/T//ccjYiGlu.s 			page 21


1116:Drivers/STM32F1xx_HAL_Driver/Src/stm32f1xx_hal_spi.c ****       SET_BIT(hspi->ErrorCode, HAL_SPI_ERROR_CRC);
1117:Drivers/STM32F1xx_HAL_Driver/Src/stm32f1xx_hal_spi.c ****       hspi->State = HAL_SPI_STATE_READY;
1118:Drivers/STM32F1xx_HAL_Driver/Src/stm32f1xx_hal_spi.c ****       __HAL_UNLOCK(hspi);
1119:Drivers/STM32F1xx_HAL_Driver/Src/stm32f1xx_hal_spi.c ****       return HAL_TIMEOUT;
1120:Drivers/STM32F1xx_HAL_Driver/Src/stm32f1xx_hal_spi.c ****     }
1121:Drivers/STM32F1xx_HAL_Driver/Src/stm32f1xx_hal_spi.c **** 
1122:Drivers/STM32F1xx_HAL_Driver/Src/stm32f1xx_hal_spi.c ****     /* Read CRC to Flush DR and RXNE flag */
1123:Drivers/STM32F1xx_HAL_Driver/Src/stm32f1xx_hal_spi.c ****     tmpreg = READ_REG(hspi->Instance->DR);
1124:Drivers/STM32F1xx_HAL_Driver/Src/stm32f1xx_hal_spi.c ****     /* To avoid GCC warning */
1125:Drivers/STM32F1xx_HAL_Driver/Src/stm32f1xx_hal_spi.c ****     UNUSED(tmpreg);
1126:Drivers/STM32F1xx_HAL_Driver/Src/stm32f1xx_hal_spi.c ****   }
1127:Drivers/STM32F1xx_HAL_Driver/Src/stm32f1xx_hal_spi.c **** #endif /* USE_SPI_CRC */
1128:Drivers/STM32F1xx_HAL_Driver/Src/stm32f1xx_hal_spi.c **** 
1129:Drivers/STM32F1xx_HAL_Driver/Src/stm32f1xx_hal_spi.c ****   /* Check the end of the transaction */
1130:Drivers/STM32F1xx_HAL_Driver/Src/stm32f1xx_hal_spi.c ****   if (SPI_EndRxTransaction(hspi, Timeout, tickstart) != HAL_OK)
1131:Drivers/STM32F1xx_HAL_Driver/Src/stm32f1xx_hal_spi.c ****   {
1132:Drivers/STM32F1xx_HAL_Driver/Src/stm32f1xx_hal_spi.c ****     hspi->ErrorCode = HAL_SPI_ERROR_FLAG;
1133:Drivers/STM32F1xx_HAL_Driver/Src/stm32f1xx_hal_spi.c ****   }
1134:Drivers/STM32F1xx_HAL_Driver/Src/stm32f1xx_hal_spi.c **** 
1135:Drivers/STM32F1xx_HAL_Driver/Src/stm32f1xx_hal_spi.c **** #if (USE_SPI_CRC != 0U)
1136:Drivers/STM32F1xx_HAL_Driver/Src/stm32f1xx_hal_spi.c ****   /* Check if CRC error occurred */
1137:Drivers/STM32F1xx_HAL_Driver/Src/stm32f1xx_hal_spi.c ****   if (__HAL_SPI_GET_FLAG(hspi, SPI_FLAG_CRCERR) != RESET)
1138:Drivers/STM32F1xx_HAL_Driver/Src/stm32f1xx_hal_spi.c ****   {
1139:Drivers/STM32F1xx_HAL_Driver/Src/stm32f1xx_hal_spi.c ****     /* Check if CRC error is valid or not (workaround to be applied or not) */
1140:Drivers/STM32F1xx_HAL_Driver/Src/stm32f1xx_hal_spi.c ****     if (SPI_ISCRCErrorValid(hspi) == SPI_VALID_CRC_ERROR)
1141:Drivers/STM32F1xx_HAL_Driver/Src/stm32f1xx_hal_spi.c ****     {
1142:Drivers/STM32F1xx_HAL_Driver/Src/stm32f1xx_hal_spi.c ****       SET_BIT(hspi->ErrorCode, HAL_SPI_ERROR_CRC);
1143:Drivers/STM32F1xx_HAL_Driver/Src/stm32f1xx_hal_spi.c **** 
1144:Drivers/STM32F1xx_HAL_Driver/Src/stm32f1xx_hal_spi.c ****       /* Reset CRC Calculation */
1145:Drivers/STM32F1xx_HAL_Driver/Src/stm32f1xx_hal_spi.c ****       SPI_RESET_CRC(hspi);
1146:Drivers/STM32F1xx_HAL_Driver/Src/stm32f1xx_hal_spi.c ****     }
1147:Drivers/STM32F1xx_HAL_Driver/Src/stm32f1xx_hal_spi.c ****     else
1148:Drivers/STM32F1xx_HAL_Driver/Src/stm32f1xx_hal_spi.c ****     {
1149:Drivers/STM32F1xx_HAL_Driver/Src/stm32f1xx_hal_spi.c ****       __HAL_SPI_CLEAR_CRCERRFLAG(hspi);
1150:Drivers/STM32F1xx_HAL_Driver/Src/stm32f1xx_hal_spi.c ****     }
1151:Drivers/STM32F1xx_HAL_Driver/Src/stm32f1xx_hal_spi.c ****   }
1152:Drivers/STM32F1xx_HAL_Driver/Src/stm32f1xx_hal_spi.c **** #endif /* USE_SPI_CRC */
1153:Drivers/STM32F1xx_HAL_Driver/Src/stm32f1xx_hal_spi.c **** 
1154:Drivers/STM32F1xx_HAL_Driver/Src/stm32f1xx_hal_spi.c ****   hspi->State = HAL_SPI_STATE_READY;
1155:Drivers/STM32F1xx_HAL_Driver/Src/stm32f1xx_hal_spi.c ****   /* Unlock the process */
1156:Drivers/STM32F1xx_HAL_Driver/Src/stm32f1xx_hal_spi.c ****   __HAL_UNLOCK(hspi);
1157:Drivers/STM32F1xx_HAL_Driver/Src/stm32f1xx_hal_spi.c ****   if (hspi->ErrorCode != HAL_SPI_ERROR_NONE)
1158:Drivers/STM32F1xx_HAL_Driver/Src/stm32f1xx_hal_spi.c ****   {
1159:Drivers/STM32F1xx_HAL_Driver/Src/stm32f1xx_hal_spi.c ****     return HAL_ERROR;
1160:Drivers/STM32F1xx_HAL_Driver/Src/stm32f1xx_hal_spi.c ****   }
1161:Drivers/STM32F1xx_HAL_Driver/Src/stm32f1xx_hal_spi.c ****   else
1162:Drivers/STM32F1xx_HAL_Driver/Src/stm32f1xx_hal_spi.c ****   {
1163:Drivers/STM32F1xx_HAL_Driver/Src/stm32f1xx_hal_spi.c ****     return HAL_OK;
1164:Drivers/STM32F1xx_HAL_Driver/Src/stm32f1xx_hal_spi.c ****   }
1165:Drivers/STM32F1xx_HAL_Driver/Src/stm32f1xx_hal_spi.c **** }
1166:Drivers/STM32F1xx_HAL_Driver/Src/stm32f1xx_hal_spi.c **** 
1167:Drivers/STM32F1xx_HAL_Driver/Src/stm32f1xx_hal_spi.c **** /**
1168:Drivers/STM32F1xx_HAL_Driver/Src/stm32f1xx_hal_spi.c ****   * @brief  Transmit and Receive an amount of data in blocking mode.
1169:Drivers/STM32F1xx_HAL_Driver/Src/stm32f1xx_hal_spi.c ****   * @param  hspi pointer to a SPI_HandleTypeDef structure that contains
1170:Drivers/STM32F1xx_HAL_Driver/Src/stm32f1xx_hal_spi.c ****   *               the configuration information for SPI module.
1171:Drivers/STM32F1xx_HAL_Driver/Src/stm32f1xx_hal_spi.c ****   * @param  pTxData pointer to transmission data buffer
1172:Drivers/STM32F1xx_HAL_Driver/Src/stm32f1xx_hal_spi.c ****   * @param  pRxData pointer to reception data buffer
ARM GAS  /var/folders/y0/yl1wrqfd209ghqq3s8k8qc1m0000gn/T//ccjYiGlu.s 			page 22


1173:Drivers/STM32F1xx_HAL_Driver/Src/stm32f1xx_hal_spi.c ****   * @param  Size amount of data to be sent and received
1174:Drivers/STM32F1xx_HAL_Driver/Src/stm32f1xx_hal_spi.c ****   * @param  Timeout Timeout duration
1175:Drivers/STM32F1xx_HAL_Driver/Src/stm32f1xx_hal_spi.c ****   * @retval HAL status
1176:Drivers/STM32F1xx_HAL_Driver/Src/stm32f1xx_hal_spi.c ****   */
1177:Drivers/STM32F1xx_HAL_Driver/Src/stm32f1xx_hal_spi.c **** HAL_StatusTypeDef HAL_SPI_TransmitReceive(SPI_HandleTypeDef *hspi, const uint8_t *pTxData, uint8_t 
1178:Drivers/STM32F1xx_HAL_Driver/Src/stm32f1xx_hal_spi.c ****                                           uint16_t Size, uint32_t Timeout)
1179:Drivers/STM32F1xx_HAL_Driver/Src/stm32f1xx_hal_spi.c **** {
1180:Drivers/STM32F1xx_HAL_Driver/Src/stm32f1xx_hal_spi.c ****   uint16_t             initial_TxXferCount;
1181:Drivers/STM32F1xx_HAL_Driver/Src/stm32f1xx_hal_spi.c ****   uint32_t             tmp_mode;
1182:Drivers/STM32F1xx_HAL_Driver/Src/stm32f1xx_hal_spi.c ****   HAL_SPI_StateTypeDef tmp_state;
1183:Drivers/STM32F1xx_HAL_Driver/Src/stm32f1xx_hal_spi.c ****   uint32_t             tickstart;
1184:Drivers/STM32F1xx_HAL_Driver/Src/stm32f1xx_hal_spi.c **** #if (USE_SPI_CRC != 0U)
1185:Drivers/STM32F1xx_HAL_Driver/Src/stm32f1xx_hal_spi.c ****   __IO uint32_t tmpreg = 0U;
1186:Drivers/STM32F1xx_HAL_Driver/Src/stm32f1xx_hal_spi.c **** #endif /* USE_SPI_CRC */
1187:Drivers/STM32F1xx_HAL_Driver/Src/stm32f1xx_hal_spi.c **** 
1188:Drivers/STM32F1xx_HAL_Driver/Src/stm32f1xx_hal_spi.c ****   /* Variable used to alternate Rx and Tx during transfer */
1189:Drivers/STM32F1xx_HAL_Driver/Src/stm32f1xx_hal_spi.c ****   uint32_t             txallowed = 1U;
1190:Drivers/STM32F1xx_HAL_Driver/Src/stm32f1xx_hal_spi.c **** 
1191:Drivers/STM32F1xx_HAL_Driver/Src/stm32f1xx_hal_spi.c ****   /* Check Direction parameter */
1192:Drivers/STM32F1xx_HAL_Driver/Src/stm32f1xx_hal_spi.c ****   assert_param(IS_SPI_DIRECTION_2LINES(hspi->Init.Direction));
1193:Drivers/STM32F1xx_HAL_Driver/Src/stm32f1xx_hal_spi.c **** 
1194:Drivers/STM32F1xx_HAL_Driver/Src/stm32f1xx_hal_spi.c ****   /* Init tickstart for timeout management*/
1195:Drivers/STM32F1xx_HAL_Driver/Src/stm32f1xx_hal_spi.c ****   tickstart = HAL_GetTick();
1196:Drivers/STM32F1xx_HAL_Driver/Src/stm32f1xx_hal_spi.c **** 
1197:Drivers/STM32F1xx_HAL_Driver/Src/stm32f1xx_hal_spi.c ****   /* Init temporary variables */
1198:Drivers/STM32F1xx_HAL_Driver/Src/stm32f1xx_hal_spi.c ****   tmp_state           = hspi->State;
1199:Drivers/STM32F1xx_HAL_Driver/Src/stm32f1xx_hal_spi.c ****   tmp_mode            = hspi->Init.Mode;
1200:Drivers/STM32F1xx_HAL_Driver/Src/stm32f1xx_hal_spi.c ****   initial_TxXferCount = Size;
1201:Drivers/STM32F1xx_HAL_Driver/Src/stm32f1xx_hal_spi.c **** 
1202:Drivers/STM32F1xx_HAL_Driver/Src/stm32f1xx_hal_spi.c ****   if (!((tmp_state == HAL_SPI_STATE_READY) || \
1203:Drivers/STM32F1xx_HAL_Driver/Src/stm32f1xx_hal_spi.c ****         ((tmp_mode == SPI_MODE_MASTER) && (hspi->Init.Direction == SPI_DIRECTION_2LINES) &&
1204:Drivers/STM32F1xx_HAL_Driver/Src/stm32f1xx_hal_spi.c ****          (tmp_state == HAL_SPI_STATE_BUSY_RX))))
1205:Drivers/STM32F1xx_HAL_Driver/Src/stm32f1xx_hal_spi.c ****   {
1206:Drivers/STM32F1xx_HAL_Driver/Src/stm32f1xx_hal_spi.c ****     return HAL_BUSY;
1207:Drivers/STM32F1xx_HAL_Driver/Src/stm32f1xx_hal_spi.c ****   }
1208:Drivers/STM32F1xx_HAL_Driver/Src/stm32f1xx_hal_spi.c **** 
1209:Drivers/STM32F1xx_HAL_Driver/Src/stm32f1xx_hal_spi.c ****   if ((pTxData == NULL) || (pRxData == NULL) || (Size == 0U))
1210:Drivers/STM32F1xx_HAL_Driver/Src/stm32f1xx_hal_spi.c ****   {
1211:Drivers/STM32F1xx_HAL_Driver/Src/stm32f1xx_hal_spi.c ****     return HAL_ERROR;
1212:Drivers/STM32F1xx_HAL_Driver/Src/stm32f1xx_hal_spi.c ****   }
1213:Drivers/STM32F1xx_HAL_Driver/Src/stm32f1xx_hal_spi.c **** 
1214:Drivers/STM32F1xx_HAL_Driver/Src/stm32f1xx_hal_spi.c ****   /* Process Locked */
1215:Drivers/STM32F1xx_HAL_Driver/Src/stm32f1xx_hal_spi.c ****   __HAL_LOCK(hspi);
1216:Drivers/STM32F1xx_HAL_Driver/Src/stm32f1xx_hal_spi.c **** 
1217:Drivers/STM32F1xx_HAL_Driver/Src/stm32f1xx_hal_spi.c ****   /* Don't overwrite in case of HAL_SPI_STATE_BUSY_RX */
1218:Drivers/STM32F1xx_HAL_Driver/Src/stm32f1xx_hal_spi.c ****   if (hspi->State != HAL_SPI_STATE_BUSY_RX)
1219:Drivers/STM32F1xx_HAL_Driver/Src/stm32f1xx_hal_spi.c ****   {
1220:Drivers/STM32F1xx_HAL_Driver/Src/stm32f1xx_hal_spi.c ****     hspi->State = HAL_SPI_STATE_BUSY_TX_RX;
1221:Drivers/STM32F1xx_HAL_Driver/Src/stm32f1xx_hal_spi.c ****   }
1222:Drivers/STM32F1xx_HAL_Driver/Src/stm32f1xx_hal_spi.c **** 
1223:Drivers/STM32F1xx_HAL_Driver/Src/stm32f1xx_hal_spi.c ****   /* Set the transaction information */
1224:Drivers/STM32F1xx_HAL_Driver/Src/stm32f1xx_hal_spi.c ****   hspi->ErrorCode   = HAL_SPI_ERROR_NONE;
1225:Drivers/STM32F1xx_HAL_Driver/Src/stm32f1xx_hal_spi.c ****   hspi->pRxBuffPtr  = (uint8_t *)pRxData;
1226:Drivers/STM32F1xx_HAL_Driver/Src/stm32f1xx_hal_spi.c ****   hspi->RxXferCount = Size;
1227:Drivers/STM32F1xx_HAL_Driver/Src/stm32f1xx_hal_spi.c ****   hspi->RxXferSize  = Size;
1228:Drivers/STM32F1xx_HAL_Driver/Src/stm32f1xx_hal_spi.c ****   hspi->pTxBuffPtr  = (const uint8_t *)pTxData;
1229:Drivers/STM32F1xx_HAL_Driver/Src/stm32f1xx_hal_spi.c ****   hspi->TxXferCount = Size;
ARM GAS  /var/folders/y0/yl1wrqfd209ghqq3s8k8qc1m0000gn/T//ccjYiGlu.s 			page 23


1230:Drivers/STM32F1xx_HAL_Driver/Src/stm32f1xx_hal_spi.c ****   hspi->TxXferSize  = Size;
1231:Drivers/STM32F1xx_HAL_Driver/Src/stm32f1xx_hal_spi.c **** 
1232:Drivers/STM32F1xx_HAL_Driver/Src/stm32f1xx_hal_spi.c ****   /*Init field not used in handle to zero */
1233:Drivers/STM32F1xx_HAL_Driver/Src/stm32f1xx_hal_spi.c ****   hspi->RxISR       = NULL;
1234:Drivers/STM32F1xx_HAL_Driver/Src/stm32f1xx_hal_spi.c ****   hspi->TxISR       = NULL;
1235:Drivers/STM32F1xx_HAL_Driver/Src/stm32f1xx_hal_spi.c **** 
1236:Drivers/STM32F1xx_HAL_Driver/Src/stm32f1xx_hal_spi.c **** #if (USE_SPI_CRC != 0U)
1237:Drivers/STM32F1xx_HAL_Driver/Src/stm32f1xx_hal_spi.c ****   /* Reset CRC Calculation */
1238:Drivers/STM32F1xx_HAL_Driver/Src/stm32f1xx_hal_spi.c ****   if (hspi->Init.CRCCalculation == SPI_CRCCALCULATION_ENABLE)
1239:Drivers/STM32F1xx_HAL_Driver/Src/stm32f1xx_hal_spi.c ****   {
1240:Drivers/STM32F1xx_HAL_Driver/Src/stm32f1xx_hal_spi.c ****     SPI_RESET_CRC(hspi);
1241:Drivers/STM32F1xx_HAL_Driver/Src/stm32f1xx_hal_spi.c ****   }
1242:Drivers/STM32F1xx_HAL_Driver/Src/stm32f1xx_hal_spi.c **** #endif /* USE_SPI_CRC */
1243:Drivers/STM32F1xx_HAL_Driver/Src/stm32f1xx_hal_spi.c **** 
1244:Drivers/STM32F1xx_HAL_Driver/Src/stm32f1xx_hal_spi.c ****   /* Check if the SPI is already enabled */
1245:Drivers/STM32F1xx_HAL_Driver/Src/stm32f1xx_hal_spi.c ****   if ((hspi->Instance->CR1 & SPI_CR1_SPE) != SPI_CR1_SPE)
1246:Drivers/STM32F1xx_HAL_Driver/Src/stm32f1xx_hal_spi.c ****   {
1247:Drivers/STM32F1xx_HAL_Driver/Src/stm32f1xx_hal_spi.c ****     /* Enable SPI peripheral */
1248:Drivers/STM32F1xx_HAL_Driver/Src/stm32f1xx_hal_spi.c ****     __HAL_SPI_ENABLE(hspi);
1249:Drivers/STM32F1xx_HAL_Driver/Src/stm32f1xx_hal_spi.c ****   }
1250:Drivers/STM32F1xx_HAL_Driver/Src/stm32f1xx_hal_spi.c **** 
1251:Drivers/STM32F1xx_HAL_Driver/Src/stm32f1xx_hal_spi.c ****   /* Transmit and Receive data in 16 Bit mode */
1252:Drivers/STM32F1xx_HAL_Driver/Src/stm32f1xx_hal_spi.c ****   if (hspi->Init.DataSize == SPI_DATASIZE_16BIT)
1253:Drivers/STM32F1xx_HAL_Driver/Src/stm32f1xx_hal_spi.c ****   {
1254:Drivers/STM32F1xx_HAL_Driver/Src/stm32f1xx_hal_spi.c ****     if ((hspi->Init.Mode == SPI_MODE_SLAVE) || (initial_TxXferCount == 0x01U))
1255:Drivers/STM32F1xx_HAL_Driver/Src/stm32f1xx_hal_spi.c ****     {
1256:Drivers/STM32F1xx_HAL_Driver/Src/stm32f1xx_hal_spi.c ****       hspi->Instance->DR = *((const uint16_t *)hspi->pTxBuffPtr);
1257:Drivers/STM32F1xx_HAL_Driver/Src/stm32f1xx_hal_spi.c ****       hspi->pTxBuffPtr += sizeof(uint16_t);
1258:Drivers/STM32F1xx_HAL_Driver/Src/stm32f1xx_hal_spi.c ****       hspi->TxXferCount--;
1259:Drivers/STM32F1xx_HAL_Driver/Src/stm32f1xx_hal_spi.c **** 
1260:Drivers/STM32F1xx_HAL_Driver/Src/stm32f1xx_hal_spi.c **** #if (USE_SPI_CRC != 0U)
1261:Drivers/STM32F1xx_HAL_Driver/Src/stm32f1xx_hal_spi.c ****       /* Enable CRC Transmission */
1262:Drivers/STM32F1xx_HAL_Driver/Src/stm32f1xx_hal_spi.c ****       if ((hspi->TxXferCount == 0U) && (hspi->Init.CRCCalculation == SPI_CRCCALCULATION_ENABLE))
1263:Drivers/STM32F1xx_HAL_Driver/Src/stm32f1xx_hal_spi.c ****       {
1264:Drivers/STM32F1xx_HAL_Driver/Src/stm32f1xx_hal_spi.c ****         SET_BIT(hspi->Instance->CR1, SPI_CR1_CRCNEXT);
1265:Drivers/STM32F1xx_HAL_Driver/Src/stm32f1xx_hal_spi.c ****       }
1266:Drivers/STM32F1xx_HAL_Driver/Src/stm32f1xx_hal_spi.c **** #endif /* USE_SPI_CRC */
1267:Drivers/STM32F1xx_HAL_Driver/Src/stm32f1xx_hal_spi.c **** 
1268:Drivers/STM32F1xx_HAL_Driver/Src/stm32f1xx_hal_spi.c ****     }
1269:Drivers/STM32F1xx_HAL_Driver/Src/stm32f1xx_hal_spi.c ****     while ((hspi->TxXferCount > 0U) || (hspi->RxXferCount > 0U))
1270:Drivers/STM32F1xx_HAL_Driver/Src/stm32f1xx_hal_spi.c ****     {
1271:Drivers/STM32F1xx_HAL_Driver/Src/stm32f1xx_hal_spi.c ****       /* Check TXE flag */
1272:Drivers/STM32F1xx_HAL_Driver/Src/stm32f1xx_hal_spi.c ****       if ((__HAL_SPI_GET_FLAG(hspi, SPI_FLAG_TXE)) && (hspi->TxXferCount > 0U) && (txallowed == 1U)
1273:Drivers/STM32F1xx_HAL_Driver/Src/stm32f1xx_hal_spi.c ****       {
1274:Drivers/STM32F1xx_HAL_Driver/Src/stm32f1xx_hal_spi.c ****         hspi->Instance->DR = *((const uint16_t *)hspi->pTxBuffPtr);
1275:Drivers/STM32F1xx_HAL_Driver/Src/stm32f1xx_hal_spi.c ****         hspi->pTxBuffPtr += sizeof(uint16_t);
1276:Drivers/STM32F1xx_HAL_Driver/Src/stm32f1xx_hal_spi.c ****         hspi->TxXferCount--;
1277:Drivers/STM32F1xx_HAL_Driver/Src/stm32f1xx_hal_spi.c ****         /* Next Data is a reception (Rx). Tx not allowed */
1278:Drivers/STM32F1xx_HAL_Driver/Src/stm32f1xx_hal_spi.c ****         txallowed = 0U;
1279:Drivers/STM32F1xx_HAL_Driver/Src/stm32f1xx_hal_spi.c **** 
1280:Drivers/STM32F1xx_HAL_Driver/Src/stm32f1xx_hal_spi.c **** #if (USE_SPI_CRC != 0U)
1281:Drivers/STM32F1xx_HAL_Driver/Src/stm32f1xx_hal_spi.c ****         /* Enable CRC Transmission */
1282:Drivers/STM32F1xx_HAL_Driver/Src/stm32f1xx_hal_spi.c ****         if ((hspi->TxXferCount == 0U) && (hspi->Init.CRCCalculation == SPI_CRCCALCULATION_ENABLE))
1283:Drivers/STM32F1xx_HAL_Driver/Src/stm32f1xx_hal_spi.c ****         {
1284:Drivers/STM32F1xx_HAL_Driver/Src/stm32f1xx_hal_spi.c ****           SET_BIT(hspi->Instance->CR1, SPI_CR1_CRCNEXT);
1285:Drivers/STM32F1xx_HAL_Driver/Src/stm32f1xx_hal_spi.c ****         }
1286:Drivers/STM32F1xx_HAL_Driver/Src/stm32f1xx_hal_spi.c **** #endif /* USE_SPI_CRC */
ARM GAS  /var/folders/y0/yl1wrqfd209ghqq3s8k8qc1m0000gn/T//ccjYiGlu.s 			page 24


1287:Drivers/STM32F1xx_HAL_Driver/Src/stm32f1xx_hal_spi.c ****       }
1288:Drivers/STM32F1xx_HAL_Driver/Src/stm32f1xx_hal_spi.c **** 
1289:Drivers/STM32F1xx_HAL_Driver/Src/stm32f1xx_hal_spi.c ****       /* Check RXNE flag */
1290:Drivers/STM32F1xx_HAL_Driver/Src/stm32f1xx_hal_spi.c ****       if ((__HAL_SPI_GET_FLAG(hspi, SPI_FLAG_RXNE)) && (hspi->RxXferCount > 0U))
1291:Drivers/STM32F1xx_HAL_Driver/Src/stm32f1xx_hal_spi.c ****       {
1292:Drivers/STM32F1xx_HAL_Driver/Src/stm32f1xx_hal_spi.c ****         *((uint16_t *)hspi->pRxBuffPtr) = (uint16_t)hspi->Instance->DR;
1293:Drivers/STM32F1xx_HAL_Driver/Src/stm32f1xx_hal_spi.c ****         hspi->pRxBuffPtr += sizeof(uint16_t);
1294:Drivers/STM32F1xx_HAL_Driver/Src/stm32f1xx_hal_spi.c ****         hspi->RxXferCount--;
1295:Drivers/STM32F1xx_HAL_Driver/Src/stm32f1xx_hal_spi.c ****         /* Next Data is a Transmission (Tx). Tx is allowed */
1296:Drivers/STM32F1xx_HAL_Driver/Src/stm32f1xx_hal_spi.c ****         txallowed = 1U;
1297:Drivers/STM32F1xx_HAL_Driver/Src/stm32f1xx_hal_spi.c ****       }
1298:Drivers/STM32F1xx_HAL_Driver/Src/stm32f1xx_hal_spi.c ****       if (((HAL_GetTick() - tickstart) >=  Timeout) && (Timeout != HAL_MAX_DELAY))
1299:Drivers/STM32F1xx_HAL_Driver/Src/stm32f1xx_hal_spi.c ****       {
1300:Drivers/STM32F1xx_HAL_Driver/Src/stm32f1xx_hal_spi.c ****         hspi->State = HAL_SPI_STATE_READY;
1301:Drivers/STM32F1xx_HAL_Driver/Src/stm32f1xx_hal_spi.c ****         __HAL_UNLOCK(hspi);
1302:Drivers/STM32F1xx_HAL_Driver/Src/stm32f1xx_hal_spi.c ****         return HAL_TIMEOUT;
1303:Drivers/STM32F1xx_HAL_Driver/Src/stm32f1xx_hal_spi.c ****       }
1304:Drivers/STM32F1xx_HAL_Driver/Src/stm32f1xx_hal_spi.c ****     }
1305:Drivers/STM32F1xx_HAL_Driver/Src/stm32f1xx_hal_spi.c ****   }
1306:Drivers/STM32F1xx_HAL_Driver/Src/stm32f1xx_hal_spi.c ****   /* Transmit and Receive data in 8 Bit mode */
1307:Drivers/STM32F1xx_HAL_Driver/Src/stm32f1xx_hal_spi.c ****   else
1308:Drivers/STM32F1xx_HAL_Driver/Src/stm32f1xx_hal_spi.c ****   {
1309:Drivers/STM32F1xx_HAL_Driver/Src/stm32f1xx_hal_spi.c ****     if ((hspi->Init.Mode == SPI_MODE_SLAVE) || (initial_TxXferCount == 0x01U))
1310:Drivers/STM32F1xx_HAL_Driver/Src/stm32f1xx_hal_spi.c ****     {
1311:Drivers/STM32F1xx_HAL_Driver/Src/stm32f1xx_hal_spi.c ****       *((__IO uint8_t *)&hspi->Instance->DR) = *((const uint8_t *)hspi->pTxBuffPtr);
1312:Drivers/STM32F1xx_HAL_Driver/Src/stm32f1xx_hal_spi.c ****       hspi->pTxBuffPtr += sizeof(uint8_t);
1313:Drivers/STM32F1xx_HAL_Driver/Src/stm32f1xx_hal_spi.c ****       hspi->TxXferCount--;
1314:Drivers/STM32F1xx_HAL_Driver/Src/stm32f1xx_hal_spi.c **** 
1315:Drivers/STM32F1xx_HAL_Driver/Src/stm32f1xx_hal_spi.c **** #if (USE_SPI_CRC != 0U)
1316:Drivers/STM32F1xx_HAL_Driver/Src/stm32f1xx_hal_spi.c ****       /* Enable CRC Transmission */
1317:Drivers/STM32F1xx_HAL_Driver/Src/stm32f1xx_hal_spi.c ****       if ((hspi->TxXferCount == 0U) && (hspi->Init.CRCCalculation == SPI_CRCCALCULATION_ENABLE))
1318:Drivers/STM32F1xx_HAL_Driver/Src/stm32f1xx_hal_spi.c ****       {
1319:Drivers/STM32F1xx_HAL_Driver/Src/stm32f1xx_hal_spi.c ****         SET_BIT(hspi->Instance->CR1, SPI_CR1_CRCNEXT);
1320:Drivers/STM32F1xx_HAL_Driver/Src/stm32f1xx_hal_spi.c ****       }
1321:Drivers/STM32F1xx_HAL_Driver/Src/stm32f1xx_hal_spi.c **** #endif /* USE_SPI_CRC */
1322:Drivers/STM32F1xx_HAL_Driver/Src/stm32f1xx_hal_spi.c ****     }
1323:Drivers/STM32F1xx_HAL_Driver/Src/stm32f1xx_hal_spi.c ****     while ((hspi->TxXferCount > 0U) || (hspi->RxXferCount > 0U))
1324:Drivers/STM32F1xx_HAL_Driver/Src/stm32f1xx_hal_spi.c ****     {
1325:Drivers/STM32F1xx_HAL_Driver/Src/stm32f1xx_hal_spi.c ****       /* Check TXE flag */
1326:Drivers/STM32F1xx_HAL_Driver/Src/stm32f1xx_hal_spi.c ****       if ((__HAL_SPI_GET_FLAG(hspi, SPI_FLAG_TXE)) && (hspi->TxXferCount > 0U) && (txallowed == 1U)
1327:Drivers/STM32F1xx_HAL_Driver/Src/stm32f1xx_hal_spi.c ****       {
1328:Drivers/STM32F1xx_HAL_Driver/Src/stm32f1xx_hal_spi.c ****         *(__IO uint8_t *)&hspi->Instance->DR = *((const uint8_t *)hspi->pTxBuffPtr);
1329:Drivers/STM32F1xx_HAL_Driver/Src/stm32f1xx_hal_spi.c ****         hspi->pTxBuffPtr++;
1330:Drivers/STM32F1xx_HAL_Driver/Src/stm32f1xx_hal_spi.c ****         hspi->TxXferCount--;
1331:Drivers/STM32F1xx_HAL_Driver/Src/stm32f1xx_hal_spi.c ****         /* Next Data is a reception (Rx). Tx not allowed */
1332:Drivers/STM32F1xx_HAL_Driver/Src/stm32f1xx_hal_spi.c ****         txallowed = 0U;
1333:Drivers/STM32F1xx_HAL_Driver/Src/stm32f1xx_hal_spi.c **** 
1334:Drivers/STM32F1xx_HAL_Driver/Src/stm32f1xx_hal_spi.c **** #if (USE_SPI_CRC != 0U)
1335:Drivers/STM32F1xx_HAL_Driver/Src/stm32f1xx_hal_spi.c ****         /* Enable CRC Transmission */
1336:Drivers/STM32F1xx_HAL_Driver/Src/stm32f1xx_hal_spi.c ****         if ((hspi->TxXferCount == 0U) && (hspi->Init.CRCCalculation == SPI_CRCCALCULATION_ENABLE))
1337:Drivers/STM32F1xx_HAL_Driver/Src/stm32f1xx_hal_spi.c ****         {
1338:Drivers/STM32F1xx_HAL_Driver/Src/stm32f1xx_hal_spi.c ****           SET_BIT(hspi->Instance->CR1, SPI_CR1_CRCNEXT);
1339:Drivers/STM32F1xx_HAL_Driver/Src/stm32f1xx_hal_spi.c ****         }
1340:Drivers/STM32F1xx_HAL_Driver/Src/stm32f1xx_hal_spi.c **** #endif /* USE_SPI_CRC */
1341:Drivers/STM32F1xx_HAL_Driver/Src/stm32f1xx_hal_spi.c ****       }
1342:Drivers/STM32F1xx_HAL_Driver/Src/stm32f1xx_hal_spi.c **** 
1343:Drivers/STM32F1xx_HAL_Driver/Src/stm32f1xx_hal_spi.c ****       /* Wait until RXNE flag is reset */
ARM GAS  /var/folders/y0/yl1wrqfd209ghqq3s8k8qc1m0000gn/T//ccjYiGlu.s 			page 25


1344:Drivers/STM32F1xx_HAL_Driver/Src/stm32f1xx_hal_spi.c ****       if ((__HAL_SPI_GET_FLAG(hspi, SPI_FLAG_RXNE)) && (hspi->RxXferCount > 0U))
1345:Drivers/STM32F1xx_HAL_Driver/Src/stm32f1xx_hal_spi.c ****       {
1346:Drivers/STM32F1xx_HAL_Driver/Src/stm32f1xx_hal_spi.c ****         (*(uint8_t *)hspi->pRxBuffPtr) = hspi->Instance->DR;
1347:Drivers/STM32F1xx_HAL_Driver/Src/stm32f1xx_hal_spi.c ****         hspi->pRxBuffPtr++;
1348:Drivers/STM32F1xx_HAL_Driver/Src/stm32f1xx_hal_spi.c ****         hspi->RxXferCount--;
1349:Drivers/STM32F1xx_HAL_Driver/Src/stm32f1xx_hal_spi.c ****         /* Next Data is a Transmission (Tx). Tx is allowed */
1350:Drivers/STM32F1xx_HAL_Driver/Src/stm32f1xx_hal_spi.c ****         txallowed = 1U;
1351:Drivers/STM32F1xx_HAL_Driver/Src/stm32f1xx_hal_spi.c ****       }
1352:Drivers/STM32F1xx_HAL_Driver/Src/stm32f1xx_hal_spi.c ****       if ((((HAL_GetTick() - tickstart) >=  Timeout) && ((Timeout != HAL_MAX_DELAY))) || (Timeout =
1353:Drivers/STM32F1xx_HAL_Driver/Src/stm32f1xx_hal_spi.c ****       {
1354:Drivers/STM32F1xx_HAL_Driver/Src/stm32f1xx_hal_spi.c ****         hspi->State = HAL_SPI_STATE_READY;
1355:Drivers/STM32F1xx_HAL_Driver/Src/stm32f1xx_hal_spi.c ****         __HAL_UNLOCK(hspi);
1356:Drivers/STM32F1xx_HAL_Driver/Src/stm32f1xx_hal_spi.c ****         return HAL_TIMEOUT;
1357:Drivers/STM32F1xx_HAL_Driver/Src/stm32f1xx_hal_spi.c ****       }
1358:Drivers/STM32F1xx_HAL_Driver/Src/stm32f1xx_hal_spi.c ****     }
1359:Drivers/STM32F1xx_HAL_Driver/Src/stm32f1xx_hal_spi.c ****   }
1360:Drivers/STM32F1xx_HAL_Driver/Src/stm32f1xx_hal_spi.c **** 
1361:Drivers/STM32F1xx_HAL_Driver/Src/stm32f1xx_hal_spi.c **** #if (USE_SPI_CRC != 0U)
1362:Drivers/STM32F1xx_HAL_Driver/Src/stm32f1xx_hal_spi.c ****   /* Read CRC from DR to close CRC calculation process */
1363:Drivers/STM32F1xx_HAL_Driver/Src/stm32f1xx_hal_spi.c ****   if (hspi->Init.CRCCalculation == SPI_CRCCALCULATION_ENABLE)
1364:Drivers/STM32F1xx_HAL_Driver/Src/stm32f1xx_hal_spi.c ****   {
1365:Drivers/STM32F1xx_HAL_Driver/Src/stm32f1xx_hal_spi.c ****     /* Wait until TXE flag */
1366:Drivers/STM32F1xx_HAL_Driver/Src/stm32f1xx_hal_spi.c ****     if (SPI_WaitFlagStateUntilTimeout(hspi, SPI_FLAG_RXNE, SET, Timeout, tickstart) != HAL_OK)
1367:Drivers/STM32F1xx_HAL_Driver/Src/stm32f1xx_hal_spi.c ****     {
1368:Drivers/STM32F1xx_HAL_Driver/Src/stm32f1xx_hal_spi.c ****       /* Error on the CRC reception */
1369:Drivers/STM32F1xx_HAL_Driver/Src/stm32f1xx_hal_spi.c ****       SET_BIT(hspi->ErrorCode, HAL_SPI_ERROR_CRC);
1370:Drivers/STM32F1xx_HAL_Driver/Src/stm32f1xx_hal_spi.c ****       hspi->State = HAL_SPI_STATE_READY;
1371:Drivers/STM32F1xx_HAL_Driver/Src/stm32f1xx_hal_spi.c ****       __HAL_UNLOCK(hspi);
1372:Drivers/STM32F1xx_HAL_Driver/Src/stm32f1xx_hal_spi.c ****       return HAL_TIMEOUT;
1373:Drivers/STM32F1xx_HAL_Driver/Src/stm32f1xx_hal_spi.c ****     }
1374:Drivers/STM32F1xx_HAL_Driver/Src/stm32f1xx_hal_spi.c ****     /* Read CRC */
1375:Drivers/STM32F1xx_HAL_Driver/Src/stm32f1xx_hal_spi.c ****     tmpreg = READ_REG(hspi->Instance->DR);
1376:Drivers/STM32F1xx_HAL_Driver/Src/stm32f1xx_hal_spi.c ****     /* To avoid GCC warning */
1377:Drivers/STM32F1xx_HAL_Driver/Src/stm32f1xx_hal_spi.c ****     UNUSED(tmpreg);
1378:Drivers/STM32F1xx_HAL_Driver/Src/stm32f1xx_hal_spi.c ****   }
1379:Drivers/STM32F1xx_HAL_Driver/Src/stm32f1xx_hal_spi.c **** 
1380:Drivers/STM32F1xx_HAL_Driver/Src/stm32f1xx_hal_spi.c ****   /* Check if CRC error occurred */
1381:Drivers/STM32F1xx_HAL_Driver/Src/stm32f1xx_hal_spi.c ****   if (__HAL_SPI_GET_FLAG(hspi, SPI_FLAG_CRCERR) != RESET)
1382:Drivers/STM32F1xx_HAL_Driver/Src/stm32f1xx_hal_spi.c ****   {
1383:Drivers/STM32F1xx_HAL_Driver/Src/stm32f1xx_hal_spi.c ****     /* Check if CRC error is valid or not (workaround to be applied or not) */
1384:Drivers/STM32F1xx_HAL_Driver/Src/stm32f1xx_hal_spi.c ****     if (SPI_ISCRCErrorValid(hspi) == SPI_VALID_CRC_ERROR)
1385:Drivers/STM32F1xx_HAL_Driver/Src/stm32f1xx_hal_spi.c ****     {
1386:Drivers/STM32F1xx_HAL_Driver/Src/stm32f1xx_hal_spi.c ****       SET_BIT(hspi->ErrorCode, HAL_SPI_ERROR_CRC);
1387:Drivers/STM32F1xx_HAL_Driver/Src/stm32f1xx_hal_spi.c **** 
1388:Drivers/STM32F1xx_HAL_Driver/Src/stm32f1xx_hal_spi.c ****       /* Reset CRC Calculation */
1389:Drivers/STM32F1xx_HAL_Driver/Src/stm32f1xx_hal_spi.c ****       SPI_RESET_CRC(hspi);
1390:Drivers/STM32F1xx_HAL_Driver/Src/stm32f1xx_hal_spi.c ****       __HAL_UNLOCK(hspi);
1391:Drivers/STM32F1xx_HAL_Driver/Src/stm32f1xx_hal_spi.c ****       return HAL_ERROR;
1392:Drivers/STM32F1xx_HAL_Driver/Src/stm32f1xx_hal_spi.c ****     }
1393:Drivers/STM32F1xx_HAL_Driver/Src/stm32f1xx_hal_spi.c ****     else
1394:Drivers/STM32F1xx_HAL_Driver/Src/stm32f1xx_hal_spi.c ****     {
1395:Drivers/STM32F1xx_HAL_Driver/Src/stm32f1xx_hal_spi.c ****       __HAL_SPI_CLEAR_CRCERRFLAG(hspi);
1396:Drivers/STM32F1xx_HAL_Driver/Src/stm32f1xx_hal_spi.c ****     }
1397:Drivers/STM32F1xx_HAL_Driver/Src/stm32f1xx_hal_spi.c ****   }
1398:Drivers/STM32F1xx_HAL_Driver/Src/stm32f1xx_hal_spi.c **** #endif /* USE_SPI_CRC */
1399:Drivers/STM32F1xx_HAL_Driver/Src/stm32f1xx_hal_spi.c **** 
1400:Drivers/STM32F1xx_HAL_Driver/Src/stm32f1xx_hal_spi.c ****   /* Check the end of the transaction */
ARM GAS  /var/folders/y0/yl1wrqfd209ghqq3s8k8qc1m0000gn/T//ccjYiGlu.s 			page 26


1401:Drivers/STM32F1xx_HAL_Driver/Src/stm32f1xx_hal_spi.c ****   if (SPI_EndRxTxTransaction(hspi, Timeout, tickstart) != HAL_OK)
1402:Drivers/STM32F1xx_HAL_Driver/Src/stm32f1xx_hal_spi.c ****   {
1403:Drivers/STM32F1xx_HAL_Driver/Src/stm32f1xx_hal_spi.c ****     hspi->ErrorCode = HAL_SPI_ERROR_FLAG;
1404:Drivers/STM32F1xx_HAL_Driver/Src/stm32f1xx_hal_spi.c ****     __HAL_UNLOCK(hspi);
1405:Drivers/STM32F1xx_HAL_Driver/Src/stm32f1xx_hal_spi.c ****     return HAL_ERROR;
1406:Drivers/STM32F1xx_HAL_Driver/Src/stm32f1xx_hal_spi.c ****   }
1407:Drivers/STM32F1xx_HAL_Driver/Src/stm32f1xx_hal_spi.c **** 
1408:Drivers/STM32F1xx_HAL_Driver/Src/stm32f1xx_hal_spi.c ****   /* Clear overrun flag in 2 Lines communication mode because received is not read */
1409:Drivers/STM32F1xx_HAL_Driver/Src/stm32f1xx_hal_spi.c ****   if (hspi->Init.Direction == SPI_DIRECTION_2LINES)
1410:Drivers/STM32F1xx_HAL_Driver/Src/stm32f1xx_hal_spi.c ****   {
1411:Drivers/STM32F1xx_HAL_Driver/Src/stm32f1xx_hal_spi.c ****     __HAL_SPI_CLEAR_OVRFLAG(hspi);
1412:Drivers/STM32F1xx_HAL_Driver/Src/stm32f1xx_hal_spi.c ****   }
1413:Drivers/STM32F1xx_HAL_Driver/Src/stm32f1xx_hal_spi.c **** 
1414:Drivers/STM32F1xx_HAL_Driver/Src/stm32f1xx_hal_spi.c **** 
1415:Drivers/STM32F1xx_HAL_Driver/Src/stm32f1xx_hal_spi.c ****   hspi->State = HAL_SPI_STATE_READY;
1416:Drivers/STM32F1xx_HAL_Driver/Src/stm32f1xx_hal_spi.c ****   /* Unlock the process */
1417:Drivers/STM32F1xx_HAL_Driver/Src/stm32f1xx_hal_spi.c ****   __HAL_UNLOCK(hspi);
1418:Drivers/STM32F1xx_HAL_Driver/Src/stm32f1xx_hal_spi.c **** 
1419:Drivers/STM32F1xx_HAL_Driver/Src/stm32f1xx_hal_spi.c ****   if (hspi->ErrorCode != HAL_SPI_ERROR_NONE)
1420:Drivers/STM32F1xx_HAL_Driver/Src/stm32f1xx_hal_spi.c ****   {
1421:Drivers/STM32F1xx_HAL_Driver/Src/stm32f1xx_hal_spi.c ****     return HAL_ERROR;
1422:Drivers/STM32F1xx_HAL_Driver/Src/stm32f1xx_hal_spi.c ****   }
1423:Drivers/STM32F1xx_HAL_Driver/Src/stm32f1xx_hal_spi.c ****   else
1424:Drivers/STM32F1xx_HAL_Driver/Src/stm32f1xx_hal_spi.c ****   {
1425:Drivers/STM32F1xx_HAL_Driver/Src/stm32f1xx_hal_spi.c ****     return HAL_OK;
1426:Drivers/STM32F1xx_HAL_Driver/Src/stm32f1xx_hal_spi.c ****   }
1427:Drivers/STM32F1xx_HAL_Driver/Src/stm32f1xx_hal_spi.c **** }
1428:Drivers/STM32F1xx_HAL_Driver/Src/stm32f1xx_hal_spi.c **** 
1429:Drivers/STM32F1xx_HAL_Driver/Src/stm32f1xx_hal_spi.c **** /**
1430:Drivers/STM32F1xx_HAL_Driver/Src/stm32f1xx_hal_spi.c ****   * @brief  Transmit an amount of data in non-blocking mode with Interrupt.
1431:Drivers/STM32F1xx_HAL_Driver/Src/stm32f1xx_hal_spi.c ****   * @param  hspi pointer to a SPI_HandleTypeDef structure that contains
1432:Drivers/STM32F1xx_HAL_Driver/Src/stm32f1xx_hal_spi.c ****   *               the configuration information for SPI module.
1433:Drivers/STM32F1xx_HAL_Driver/Src/stm32f1xx_hal_spi.c ****   * @param  pData pointer to data buffer
1434:Drivers/STM32F1xx_HAL_Driver/Src/stm32f1xx_hal_spi.c ****   * @param  Size amount of data to be sent
1435:Drivers/STM32F1xx_HAL_Driver/Src/stm32f1xx_hal_spi.c ****   * @retval HAL status
1436:Drivers/STM32F1xx_HAL_Driver/Src/stm32f1xx_hal_spi.c ****   */
1437:Drivers/STM32F1xx_HAL_Driver/Src/stm32f1xx_hal_spi.c **** HAL_StatusTypeDef HAL_SPI_Transmit_IT(SPI_HandleTypeDef *hspi, const uint8_t *pData, uint16_t Size)
1438:Drivers/STM32F1xx_HAL_Driver/Src/stm32f1xx_hal_spi.c **** {
1439:Drivers/STM32F1xx_HAL_Driver/Src/stm32f1xx_hal_spi.c **** 
1440:Drivers/STM32F1xx_HAL_Driver/Src/stm32f1xx_hal_spi.c ****   /* Check Direction parameter */
1441:Drivers/STM32F1xx_HAL_Driver/Src/stm32f1xx_hal_spi.c ****   assert_param(IS_SPI_DIRECTION_2LINES_OR_1LINE(hspi->Init.Direction));
1442:Drivers/STM32F1xx_HAL_Driver/Src/stm32f1xx_hal_spi.c **** 
1443:Drivers/STM32F1xx_HAL_Driver/Src/stm32f1xx_hal_spi.c **** 
1444:Drivers/STM32F1xx_HAL_Driver/Src/stm32f1xx_hal_spi.c ****   if ((pData == NULL) || (Size == 0U))
1445:Drivers/STM32F1xx_HAL_Driver/Src/stm32f1xx_hal_spi.c ****   {
1446:Drivers/STM32F1xx_HAL_Driver/Src/stm32f1xx_hal_spi.c ****     return HAL_ERROR;
1447:Drivers/STM32F1xx_HAL_Driver/Src/stm32f1xx_hal_spi.c ****   }
1448:Drivers/STM32F1xx_HAL_Driver/Src/stm32f1xx_hal_spi.c **** 
1449:Drivers/STM32F1xx_HAL_Driver/Src/stm32f1xx_hal_spi.c ****   if (hspi->State != HAL_SPI_STATE_READY)
1450:Drivers/STM32F1xx_HAL_Driver/Src/stm32f1xx_hal_spi.c ****   {
1451:Drivers/STM32F1xx_HAL_Driver/Src/stm32f1xx_hal_spi.c ****     return HAL_BUSY;
1452:Drivers/STM32F1xx_HAL_Driver/Src/stm32f1xx_hal_spi.c ****   }
1453:Drivers/STM32F1xx_HAL_Driver/Src/stm32f1xx_hal_spi.c **** 
1454:Drivers/STM32F1xx_HAL_Driver/Src/stm32f1xx_hal_spi.c ****   /* Process Locked */
1455:Drivers/STM32F1xx_HAL_Driver/Src/stm32f1xx_hal_spi.c ****   __HAL_LOCK(hspi);
1456:Drivers/STM32F1xx_HAL_Driver/Src/stm32f1xx_hal_spi.c **** 
1457:Drivers/STM32F1xx_HAL_Driver/Src/stm32f1xx_hal_spi.c ****   /* Set the transaction information */
ARM GAS  /var/folders/y0/yl1wrqfd209ghqq3s8k8qc1m0000gn/T//ccjYiGlu.s 			page 27


1458:Drivers/STM32F1xx_HAL_Driver/Src/stm32f1xx_hal_spi.c ****   hspi->State       = HAL_SPI_STATE_BUSY_TX;
1459:Drivers/STM32F1xx_HAL_Driver/Src/stm32f1xx_hal_spi.c ****   hspi->ErrorCode   = HAL_SPI_ERROR_NONE;
1460:Drivers/STM32F1xx_HAL_Driver/Src/stm32f1xx_hal_spi.c ****   hspi->pTxBuffPtr  = (const uint8_t *)pData;
1461:Drivers/STM32F1xx_HAL_Driver/Src/stm32f1xx_hal_spi.c ****   hspi->TxXferSize  = Size;
1462:Drivers/STM32F1xx_HAL_Driver/Src/stm32f1xx_hal_spi.c ****   hspi->TxXferCount = Size;
1463:Drivers/STM32F1xx_HAL_Driver/Src/stm32f1xx_hal_spi.c **** 
1464:Drivers/STM32F1xx_HAL_Driver/Src/stm32f1xx_hal_spi.c ****   /* Init field not used in handle to zero */
1465:Drivers/STM32F1xx_HAL_Driver/Src/stm32f1xx_hal_spi.c ****   hspi->pRxBuffPtr  = (uint8_t *)NULL;
1466:Drivers/STM32F1xx_HAL_Driver/Src/stm32f1xx_hal_spi.c ****   hspi->RxXferSize  = 0U;
1467:Drivers/STM32F1xx_HAL_Driver/Src/stm32f1xx_hal_spi.c ****   hspi->RxXferCount = 0U;
1468:Drivers/STM32F1xx_HAL_Driver/Src/stm32f1xx_hal_spi.c ****   hspi->RxISR       = NULL;
1469:Drivers/STM32F1xx_HAL_Driver/Src/stm32f1xx_hal_spi.c **** 
1470:Drivers/STM32F1xx_HAL_Driver/Src/stm32f1xx_hal_spi.c ****   /* Set the function for IT treatment */
1471:Drivers/STM32F1xx_HAL_Driver/Src/stm32f1xx_hal_spi.c ****   if (hspi->Init.DataSize > SPI_DATASIZE_8BIT)
1472:Drivers/STM32F1xx_HAL_Driver/Src/stm32f1xx_hal_spi.c ****   {
1473:Drivers/STM32F1xx_HAL_Driver/Src/stm32f1xx_hal_spi.c ****     hspi->TxISR = SPI_TxISR_16BIT;
1474:Drivers/STM32F1xx_HAL_Driver/Src/stm32f1xx_hal_spi.c ****   }
1475:Drivers/STM32F1xx_HAL_Driver/Src/stm32f1xx_hal_spi.c ****   else
1476:Drivers/STM32F1xx_HAL_Driver/Src/stm32f1xx_hal_spi.c ****   {
1477:Drivers/STM32F1xx_HAL_Driver/Src/stm32f1xx_hal_spi.c ****     hspi->TxISR = SPI_TxISR_8BIT;
1478:Drivers/STM32F1xx_HAL_Driver/Src/stm32f1xx_hal_spi.c ****   }
1479:Drivers/STM32F1xx_HAL_Driver/Src/stm32f1xx_hal_spi.c **** 
1480:Drivers/STM32F1xx_HAL_Driver/Src/stm32f1xx_hal_spi.c ****   /* Configure communication direction : 1Line */
1481:Drivers/STM32F1xx_HAL_Driver/Src/stm32f1xx_hal_spi.c ****   if (hspi->Init.Direction == SPI_DIRECTION_1LINE)
1482:Drivers/STM32F1xx_HAL_Driver/Src/stm32f1xx_hal_spi.c ****   {
1483:Drivers/STM32F1xx_HAL_Driver/Src/stm32f1xx_hal_spi.c ****     /* Disable SPI Peripheral before set 1Line direction (BIDIOE bit) */
1484:Drivers/STM32F1xx_HAL_Driver/Src/stm32f1xx_hal_spi.c ****     __HAL_SPI_DISABLE(hspi);
1485:Drivers/STM32F1xx_HAL_Driver/Src/stm32f1xx_hal_spi.c ****     SPI_1LINE_TX(hspi);
1486:Drivers/STM32F1xx_HAL_Driver/Src/stm32f1xx_hal_spi.c ****   }
1487:Drivers/STM32F1xx_HAL_Driver/Src/stm32f1xx_hal_spi.c **** 
1488:Drivers/STM32F1xx_HAL_Driver/Src/stm32f1xx_hal_spi.c **** #if (USE_SPI_CRC != 0U)
1489:Drivers/STM32F1xx_HAL_Driver/Src/stm32f1xx_hal_spi.c ****   /* Reset CRC Calculation */
1490:Drivers/STM32F1xx_HAL_Driver/Src/stm32f1xx_hal_spi.c ****   if (hspi->Init.CRCCalculation == SPI_CRCCALCULATION_ENABLE)
1491:Drivers/STM32F1xx_HAL_Driver/Src/stm32f1xx_hal_spi.c ****   {
1492:Drivers/STM32F1xx_HAL_Driver/Src/stm32f1xx_hal_spi.c ****     SPI_RESET_CRC(hspi);
1493:Drivers/STM32F1xx_HAL_Driver/Src/stm32f1xx_hal_spi.c ****   }
1494:Drivers/STM32F1xx_HAL_Driver/Src/stm32f1xx_hal_spi.c **** #endif /* USE_SPI_CRC */
1495:Drivers/STM32F1xx_HAL_Driver/Src/stm32f1xx_hal_spi.c **** 
1496:Drivers/STM32F1xx_HAL_Driver/Src/stm32f1xx_hal_spi.c ****   /* Check if the SPI is already enabled */
1497:Drivers/STM32F1xx_HAL_Driver/Src/stm32f1xx_hal_spi.c ****   if ((hspi->Instance->CR1 & SPI_CR1_SPE) != SPI_CR1_SPE)
1498:Drivers/STM32F1xx_HAL_Driver/Src/stm32f1xx_hal_spi.c ****   {
1499:Drivers/STM32F1xx_HAL_Driver/Src/stm32f1xx_hal_spi.c ****     /* Enable SPI peripheral */
1500:Drivers/STM32F1xx_HAL_Driver/Src/stm32f1xx_hal_spi.c ****     __HAL_SPI_ENABLE(hspi);
1501:Drivers/STM32F1xx_HAL_Driver/Src/stm32f1xx_hal_spi.c ****   }
1502:Drivers/STM32F1xx_HAL_Driver/Src/stm32f1xx_hal_spi.c **** 
1503:Drivers/STM32F1xx_HAL_Driver/Src/stm32f1xx_hal_spi.c ****   /* Process Unlocked */
1504:Drivers/STM32F1xx_HAL_Driver/Src/stm32f1xx_hal_spi.c ****   __HAL_UNLOCK(hspi);
1505:Drivers/STM32F1xx_HAL_Driver/Src/stm32f1xx_hal_spi.c ****   /* Enable TXE and ERR interrupt */
1506:Drivers/STM32F1xx_HAL_Driver/Src/stm32f1xx_hal_spi.c ****   __HAL_SPI_ENABLE_IT(hspi, (SPI_IT_TXE | SPI_IT_ERR));
1507:Drivers/STM32F1xx_HAL_Driver/Src/stm32f1xx_hal_spi.c **** 
1508:Drivers/STM32F1xx_HAL_Driver/Src/stm32f1xx_hal_spi.c ****   return HAL_OK;
1509:Drivers/STM32F1xx_HAL_Driver/Src/stm32f1xx_hal_spi.c **** }
1510:Drivers/STM32F1xx_HAL_Driver/Src/stm32f1xx_hal_spi.c **** 
1511:Drivers/STM32F1xx_HAL_Driver/Src/stm32f1xx_hal_spi.c **** /**
1512:Drivers/STM32F1xx_HAL_Driver/Src/stm32f1xx_hal_spi.c ****   * @brief  Receive an amount of data in non-blocking mode with Interrupt.
1513:Drivers/STM32F1xx_HAL_Driver/Src/stm32f1xx_hal_spi.c ****   * @param  hspi pointer to a SPI_HandleTypeDef structure that contains
1514:Drivers/STM32F1xx_HAL_Driver/Src/stm32f1xx_hal_spi.c ****   *               the configuration information for SPI module.
ARM GAS  /var/folders/y0/yl1wrqfd209ghqq3s8k8qc1m0000gn/T//ccjYiGlu.s 			page 28


1515:Drivers/STM32F1xx_HAL_Driver/Src/stm32f1xx_hal_spi.c ****   * @param  pData pointer to data buffer
1516:Drivers/STM32F1xx_HAL_Driver/Src/stm32f1xx_hal_spi.c ****   * @param  Size amount of data to be sent
1517:Drivers/STM32F1xx_HAL_Driver/Src/stm32f1xx_hal_spi.c ****   * @retval HAL status
1518:Drivers/STM32F1xx_HAL_Driver/Src/stm32f1xx_hal_spi.c ****   */
1519:Drivers/STM32F1xx_HAL_Driver/Src/stm32f1xx_hal_spi.c **** HAL_StatusTypeDef HAL_SPI_Receive_IT(SPI_HandleTypeDef *hspi, uint8_t *pData, uint16_t Size)
1520:Drivers/STM32F1xx_HAL_Driver/Src/stm32f1xx_hal_spi.c **** {
1521:Drivers/STM32F1xx_HAL_Driver/Src/stm32f1xx_hal_spi.c **** 
1522:Drivers/STM32F1xx_HAL_Driver/Src/stm32f1xx_hal_spi.c ****   if (hspi->State != HAL_SPI_STATE_READY)
1523:Drivers/STM32F1xx_HAL_Driver/Src/stm32f1xx_hal_spi.c ****   {
1524:Drivers/STM32F1xx_HAL_Driver/Src/stm32f1xx_hal_spi.c ****     return HAL_BUSY;
1525:Drivers/STM32F1xx_HAL_Driver/Src/stm32f1xx_hal_spi.c ****   }
1526:Drivers/STM32F1xx_HAL_Driver/Src/stm32f1xx_hal_spi.c **** 
1527:Drivers/STM32F1xx_HAL_Driver/Src/stm32f1xx_hal_spi.c ****   if ((hspi->Init.Direction == SPI_DIRECTION_2LINES) && (hspi->Init.Mode == SPI_MODE_MASTER))
1528:Drivers/STM32F1xx_HAL_Driver/Src/stm32f1xx_hal_spi.c ****   {
1529:Drivers/STM32F1xx_HAL_Driver/Src/stm32f1xx_hal_spi.c ****     hspi->State = HAL_SPI_STATE_BUSY_RX;
1530:Drivers/STM32F1xx_HAL_Driver/Src/stm32f1xx_hal_spi.c ****     /* Call transmit-receive function to send Dummy data on Tx line and generate clock on CLK line 
1531:Drivers/STM32F1xx_HAL_Driver/Src/stm32f1xx_hal_spi.c ****     return HAL_SPI_TransmitReceive_IT(hspi, pData, pData, Size);
1532:Drivers/STM32F1xx_HAL_Driver/Src/stm32f1xx_hal_spi.c ****   }
1533:Drivers/STM32F1xx_HAL_Driver/Src/stm32f1xx_hal_spi.c **** 
1534:Drivers/STM32F1xx_HAL_Driver/Src/stm32f1xx_hal_spi.c **** 
1535:Drivers/STM32F1xx_HAL_Driver/Src/stm32f1xx_hal_spi.c ****   if ((pData == NULL) || (Size == 0U))
1536:Drivers/STM32F1xx_HAL_Driver/Src/stm32f1xx_hal_spi.c ****   {
1537:Drivers/STM32F1xx_HAL_Driver/Src/stm32f1xx_hal_spi.c ****     return HAL_ERROR;
1538:Drivers/STM32F1xx_HAL_Driver/Src/stm32f1xx_hal_spi.c ****   }
1539:Drivers/STM32F1xx_HAL_Driver/Src/stm32f1xx_hal_spi.c **** 
1540:Drivers/STM32F1xx_HAL_Driver/Src/stm32f1xx_hal_spi.c ****   /* Process Locked */
1541:Drivers/STM32F1xx_HAL_Driver/Src/stm32f1xx_hal_spi.c ****   __HAL_LOCK(hspi);
1542:Drivers/STM32F1xx_HAL_Driver/Src/stm32f1xx_hal_spi.c **** 
1543:Drivers/STM32F1xx_HAL_Driver/Src/stm32f1xx_hal_spi.c ****   /* Set the transaction information */
1544:Drivers/STM32F1xx_HAL_Driver/Src/stm32f1xx_hal_spi.c ****   hspi->State       = HAL_SPI_STATE_BUSY_RX;
1545:Drivers/STM32F1xx_HAL_Driver/Src/stm32f1xx_hal_spi.c ****   hspi->ErrorCode   = HAL_SPI_ERROR_NONE;
1546:Drivers/STM32F1xx_HAL_Driver/Src/stm32f1xx_hal_spi.c ****   hspi->pRxBuffPtr  = (uint8_t *)pData;
1547:Drivers/STM32F1xx_HAL_Driver/Src/stm32f1xx_hal_spi.c ****   hspi->RxXferSize  = Size;
1548:Drivers/STM32F1xx_HAL_Driver/Src/stm32f1xx_hal_spi.c ****   hspi->RxXferCount = Size;
1549:Drivers/STM32F1xx_HAL_Driver/Src/stm32f1xx_hal_spi.c **** 
1550:Drivers/STM32F1xx_HAL_Driver/Src/stm32f1xx_hal_spi.c ****   /* Init field not used in handle to zero */
1551:Drivers/STM32F1xx_HAL_Driver/Src/stm32f1xx_hal_spi.c ****   hspi->pTxBuffPtr  = (uint8_t *)NULL;
1552:Drivers/STM32F1xx_HAL_Driver/Src/stm32f1xx_hal_spi.c ****   hspi->TxXferSize  = 0U;
1553:Drivers/STM32F1xx_HAL_Driver/Src/stm32f1xx_hal_spi.c ****   hspi->TxXferCount = 0U;
1554:Drivers/STM32F1xx_HAL_Driver/Src/stm32f1xx_hal_spi.c ****   hspi->TxISR       = NULL;
1555:Drivers/STM32F1xx_HAL_Driver/Src/stm32f1xx_hal_spi.c **** 
1556:Drivers/STM32F1xx_HAL_Driver/Src/stm32f1xx_hal_spi.c ****   /* Set the function for IT treatment */
1557:Drivers/STM32F1xx_HAL_Driver/Src/stm32f1xx_hal_spi.c ****   if (hspi->Init.DataSize > SPI_DATASIZE_8BIT)
1558:Drivers/STM32F1xx_HAL_Driver/Src/stm32f1xx_hal_spi.c ****   {
1559:Drivers/STM32F1xx_HAL_Driver/Src/stm32f1xx_hal_spi.c ****     hspi->RxISR = SPI_RxISR_16BIT;
1560:Drivers/STM32F1xx_HAL_Driver/Src/stm32f1xx_hal_spi.c ****   }
1561:Drivers/STM32F1xx_HAL_Driver/Src/stm32f1xx_hal_spi.c ****   else
1562:Drivers/STM32F1xx_HAL_Driver/Src/stm32f1xx_hal_spi.c ****   {
1563:Drivers/STM32F1xx_HAL_Driver/Src/stm32f1xx_hal_spi.c ****     hspi->RxISR = SPI_RxISR_8BIT;
1564:Drivers/STM32F1xx_HAL_Driver/Src/stm32f1xx_hal_spi.c ****   }
1565:Drivers/STM32F1xx_HAL_Driver/Src/stm32f1xx_hal_spi.c **** 
1566:Drivers/STM32F1xx_HAL_Driver/Src/stm32f1xx_hal_spi.c ****   /* Configure communication direction : 1Line */
1567:Drivers/STM32F1xx_HAL_Driver/Src/stm32f1xx_hal_spi.c ****   if (hspi->Init.Direction == SPI_DIRECTION_1LINE)
1568:Drivers/STM32F1xx_HAL_Driver/Src/stm32f1xx_hal_spi.c ****   {
1569:Drivers/STM32F1xx_HAL_Driver/Src/stm32f1xx_hal_spi.c ****     /* Disable SPI Peripheral before set 1Line direction (BIDIOE bit) */
1570:Drivers/STM32F1xx_HAL_Driver/Src/stm32f1xx_hal_spi.c ****     __HAL_SPI_DISABLE(hspi);
1571:Drivers/STM32F1xx_HAL_Driver/Src/stm32f1xx_hal_spi.c ****     SPI_1LINE_RX(hspi);
ARM GAS  /var/folders/y0/yl1wrqfd209ghqq3s8k8qc1m0000gn/T//ccjYiGlu.s 			page 29


1572:Drivers/STM32F1xx_HAL_Driver/Src/stm32f1xx_hal_spi.c ****   }
1573:Drivers/STM32F1xx_HAL_Driver/Src/stm32f1xx_hal_spi.c **** 
1574:Drivers/STM32F1xx_HAL_Driver/Src/stm32f1xx_hal_spi.c **** #if (USE_SPI_CRC != 0U)
1575:Drivers/STM32F1xx_HAL_Driver/Src/stm32f1xx_hal_spi.c ****   /* Reset CRC Calculation */
1576:Drivers/STM32F1xx_HAL_Driver/Src/stm32f1xx_hal_spi.c ****   if (hspi->Init.CRCCalculation == SPI_CRCCALCULATION_ENABLE)
1577:Drivers/STM32F1xx_HAL_Driver/Src/stm32f1xx_hal_spi.c ****   {
1578:Drivers/STM32F1xx_HAL_Driver/Src/stm32f1xx_hal_spi.c ****     SPI_RESET_CRC(hspi);
1579:Drivers/STM32F1xx_HAL_Driver/Src/stm32f1xx_hal_spi.c ****   }
1580:Drivers/STM32F1xx_HAL_Driver/Src/stm32f1xx_hal_spi.c **** #endif /* USE_SPI_CRC */
1581:Drivers/STM32F1xx_HAL_Driver/Src/stm32f1xx_hal_spi.c **** 
1582:Drivers/STM32F1xx_HAL_Driver/Src/stm32f1xx_hal_spi.c ****   /* Note : The SPI must be enabled after unlocking current process
1583:Drivers/STM32F1xx_HAL_Driver/Src/stm32f1xx_hal_spi.c ****             to avoid the risk of SPI interrupt handle execution before current
1584:Drivers/STM32F1xx_HAL_Driver/Src/stm32f1xx_hal_spi.c ****             process unlock */
1585:Drivers/STM32F1xx_HAL_Driver/Src/stm32f1xx_hal_spi.c **** 
1586:Drivers/STM32F1xx_HAL_Driver/Src/stm32f1xx_hal_spi.c ****   /* Check if the SPI is already enabled */
1587:Drivers/STM32F1xx_HAL_Driver/Src/stm32f1xx_hal_spi.c ****   if ((hspi->Instance->CR1 & SPI_CR1_SPE) != SPI_CR1_SPE)
1588:Drivers/STM32F1xx_HAL_Driver/Src/stm32f1xx_hal_spi.c ****   {
1589:Drivers/STM32F1xx_HAL_Driver/Src/stm32f1xx_hal_spi.c ****     /* Enable SPI peripheral */
1590:Drivers/STM32F1xx_HAL_Driver/Src/stm32f1xx_hal_spi.c ****     __HAL_SPI_ENABLE(hspi);
1591:Drivers/STM32F1xx_HAL_Driver/Src/stm32f1xx_hal_spi.c ****   }
1592:Drivers/STM32F1xx_HAL_Driver/Src/stm32f1xx_hal_spi.c **** 
1593:Drivers/STM32F1xx_HAL_Driver/Src/stm32f1xx_hal_spi.c ****   /* Process Unlocked */
1594:Drivers/STM32F1xx_HAL_Driver/Src/stm32f1xx_hal_spi.c ****   __HAL_UNLOCK(hspi);
1595:Drivers/STM32F1xx_HAL_Driver/Src/stm32f1xx_hal_spi.c ****   /* Enable RXNE and ERR interrupt */
1596:Drivers/STM32F1xx_HAL_Driver/Src/stm32f1xx_hal_spi.c ****   __HAL_SPI_ENABLE_IT(hspi, (SPI_IT_RXNE | SPI_IT_ERR));
1597:Drivers/STM32F1xx_HAL_Driver/Src/stm32f1xx_hal_spi.c **** 
1598:Drivers/STM32F1xx_HAL_Driver/Src/stm32f1xx_hal_spi.c ****   return HAL_OK;
1599:Drivers/STM32F1xx_HAL_Driver/Src/stm32f1xx_hal_spi.c **** }
1600:Drivers/STM32F1xx_HAL_Driver/Src/stm32f1xx_hal_spi.c **** 
1601:Drivers/STM32F1xx_HAL_Driver/Src/stm32f1xx_hal_spi.c **** /**
1602:Drivers/STM32F1xx_HAL_Driver/Src/stm32f1xx_hal_spi.c ****   * @brief  Transmit and Receive an amount of data in non-blocking mode with Interrupt.
1603:Drivers/STM32F1xx_HAL_Driver/Src/stm32f1xx_hal_spi.c ****   * @param  hspi pointer to a SPI_HandleTypeDef structure that contains
1604:Drivers/STM32F1xx_HAL_Driver/Src/stm32f1xx_hal_spi.c ****   *               the configuration information for SPI module.
1605:Drivers/STM32F1xx_HAL_Driver/Src/stm32f1xx_hal_spi.c ****   * @param  pTxData pointer to transmission data buffer
1606:Drivers/STM32F1xx_HAL_Driver/Src/stm32f1xx_hal_spi.c ****   * @param  pRxData pointer to reception data buffer
1607:Drivers/STM32F1xx_HAL_Driver/Src/stm32f1xx_hal_spi.c ****   * @param  Size amount of data to be sent and received
1608:Drivers/STM32F1xx_HAL_Driver/Src/stm32f1xx_hal_spi.c ****   * @retval HAL status
1609:Drivers/STM32F1xx_HAL_Driver/Src/stm32f1xx_hal_spi.c ****   */
1610:Drivers/STM32F1xx_HAL_Driver/Src/stm32f1xx_hal_spi.c **** HAL_StatusTypeDef HAL_SPI_TransmitReceive_IT(SPI_HandleTypeDef *hspi, const uint8_t *pTxData, uint8
1611:Drivers/STM32F1xx_HAL_Driver/Src/stm32f1xx_hal_spi.c ****                                              uint16_t Size)
1612:Drivers/STM32F1xx_HAL_Driver/Src/stm32f1xx_hal_spi.c **** {
1613:Drivers/STM32F1xx_HAL_Driver/Src/stm32f1xx_hal_spi.c ****   uint32_t             tmp_mode;
1614:Drivers/STM32F1xx_HAL_Driver/Src/stm32f1xx_hal_spi.c ****   HAL_SPI_StateTypeDef tmp_state;
1615:Drivers/STM32F1xx_HAL_Driver/Src/stm32f1xx_hal_spi.c **** 
1616:Drivers/STM32F1xx_HAL_Driver/Src/stm32f1xx_hal_spi.c ****   /* Check Direction parameter */
1617:Drivers/STM32F1xx_HAL_Driver/Src/stm32f1xx_hal_spi.c ****   assert_param(IS_SPI_DIRECTION_2LINES(hspi->Init.Direction));
1618:Drivers/STM32F1xx_HAL_Driver/Src/stm32f1xx_hal_spi.c **** 
1619:Drivers/STM32F1xx_HAL_Driver/Src/stm32f1xx_hal_spi.c ****   /* Init temporary variables */
1620:Drivers/STM32F1xx_HAL_Driver/Src/stm32f1xx_hal_spi.c ****   tmp_state           = hspi->State;
1621:Drivers/STM32F1xx_HAL_Driver/Src/stm32f1xx_hal_spi.c ****   tmp_mode            = hspi->Init.Mode;
1622:Drivers/STM32F1xx_HAL_Driver/Src/stm32f1xx_hal_spi.c **** 
1623:Drivers/STM32F1xx_HAL_Driver/Src/stm32f1xx_hal_spi.c ****   if (!((tmp_state == HAL_SPI_STATE_READY) || \
1624:Drivers/STM32F1xx_HAL_Driver/Src/stm32f1xx_hal_spi.c ****         ((tmp_mode == SPI_MODE_MASTER) && (hspi->Init.Direction == SPI_DIRECTION_2LINES) &&
1625:Drivers/STM32F1xx_HAL_Driver/Src/stm32f1xx_hal_spi.c ****          (tmp_state == HAL_SPI_STATE_BUSY_RX))))
1626:Drivers/STM32F1xx_HAL_Driver/Src/stm32f1xx_hal_spi.c ****   {
1627:Drivers/STM32F1xx_HAL_Driver/Src/stm32f1xx_hal_spi.c ****     return HAL_BUSY;
1628:Drivers/STM32F1xx_HAL_Driver/Src/stm32f1xx_hal_spi.c ****   }
ARM GAS  /var/folders/y0/yl1wrqfd209ghqq3s8k8qc1m0000gn/T//ccjYiGlu.s 			page 30


1629:Drivers/STM32F1xx_HAL_Driver/Src/stm32f1xx_hal_spi.c **** 
1630:Drivers/STM32F1xx_HAL_Driver/Src/stm32f1xx_hal_spi.c ****   if ((pTxData == NULL) || (pRxData == NULL) || (Size == 0U))
1631:Drivers/STM32F1xx_HAL_Driver/Src/stm32f1xx_hal_spi.c ****   {
1632:Drivers/STM32F1xx_HAL_Driver/Src/stm32f1xx_hal_spi.c ****     return HAL_ERROR;
1633:Drivers/STM32F1xx_HAL_Driver/Src/stm32f1xx_hal_spi.c ****   }
1634:Drivers/STM32F1xx_HAL_Driver/Src/stm32f1xx_hal_spi.c **** 
1635:Drivers/STM32F1xx_HAL_Driver/Src/stm32f1xx_hal_spi.c ****   /* Process locked */
1636:Drivers/STM32F1xx_HAL_Driver/Src/stm32f1xx_hal_spi.c ****   __HAL_LOCK(hspi);
1637:Drivers/STM32F1xx_HAL_Driver/Src/stm32f1xx_hal_spi.c **** 
1638:Drivers/STM32F1xx_HAL_Driver/Src/stm32f1xx_hal_spi.c ****   /* Don't overwrite in case of HAL_SPI_STATE_BUSY_RX */
1639:Drivers/STM32F1xx_HAL_Driver/Src/stm32f1xx_hal_spi.c ****   if (hspi->State != HAL_SPI_STATE_BUSY_RX)
1640:Drivers/STM32F1xx_HAL_Driver/Src/stm32f1xx_hal_spi.c ****   {
1641:Drivers/STM32F1xx_HAL_Driver/Src/stm32f1xx_hal_spi.c ****     hspi->State = HAL_SPI_STATE_BUSY_TX_RX;
1642:Drivers/STM32F1xx_HAL_Driver/Src/stm32f1xx_hal_spi.c ****   }
1643:Drivers/STM32F1xx_HAL_Driver/Src/stm32f1xx_hal_spi.c **** 
1644:Drivers/STM32F1xx_HAL_Driver/Src/stm32f1xx_hal_spi.c ****   /* Set the transaction information */
1645:Drivers/STM32F1xx_HAL_Driver/Src/stm32f1xx_hal_spi.c ****   hspi->ErrorCode   = HAL_SPI_ERROR_NONE;
1646:Drivers/STM32F1xx_HAL_Driver/Src/stm32f1xx_hal_spi.c ****   hspi->pTxBuffPtr  = (const uint8_t *)pTxData;
1647:Drivers/STM32F1xx_HAL_Driver/Src/stm32f1xx_hal_spi.c ****   hspi->TxXferSize  = Size;
1648:Drivers/STM32F1xx_HAL_Driver/Src/stm32f1xx_hal_spi.c ****   hspi->TxXferCount = Size;
1649:Drivers/STM32F1xx_HAL_Driver/Src/stm32f1xx_hal_spi.c ****   hspi->pRxBuffPtr  = (uint8_t *)pRxData;
1650:Drivers/STM32F1xx_HAL_Driver/Src/stm32f1xx_hal_spi.c ****   hspi->RxXferSize  = Size;
1651:Drivers/STM32F1xx_HAL_Driver/Src/stm32f1xx_hal_spi.c ****   hspi->RxXferCount = Size;
1652:Drivers/STM32F1xx_HAL_Driver/Src/stm32f1xx_hal_spi.c **** 
1653:Drivers/STM32F1xx_HAL_Driver/Src/stm32f1xx_hal_spi.c ****   /* Set the function for IT treatment */
1654:Drivers/STM32F1xx_HAL_Driver/Src/stm32f1xx_hal_spi.c ****   if (hspi->Init.DataSize > SPI_DATASIZE_8BIT)
1655:Drivers/STM32F1xx_HAL_Driver/Src/stm32f1xx_hal_spi.c ****   {
1656:Drivers/STM32F1xx_HAL_Driver/Src/stm32f1xx_hal_spi.c ****     hspi->RxISR     = SPI_2linesRxISR_16BIT;
1657:Drivers/STM32F1xx_HAL_Driver/Src/stm32f1xx_hal_spi.c ****     hspi->TxISR     = SPI_2linesTxISR_16BIT;
1658:Drivers/STM32F1xx_HAL_Driver/Src/stm32f1xx_hal_spi.c ****   }
1659:Drivers/STM32F1xx_HAL_Driver/Src/stm32f1xx_hal_spi.c ****   else
1660:Drivers/STM32F1xx_HAL_Driver/Src/stm32f1xx_hal_spi.c ****   {
1661:Drivers/STM32F1xx_HAL_Driver/Src/stm32f1xx_hal_spi.c ****     hspi->RxISR     = SPI_2linesRxISR_8BIT;
1662:Drivers/STM32F1xx_HAL_Driver/Src/stm32f1xx_hal_spi.c ****     hspi->TxISR     = SPI_2linesTxISR_8BIT;
1663:Drivers/STM32F1xx_HAL_Driver/Src/stm32f1xx_hal_spi.c ****   }
1664:Drivers/STM32F1xx_HAL_Driver/Src/stm32f1xx_hal_spi.c **** 
1665:Drivers/STM32F1xx_HAL_Driver/Src/stm32f1xx_hal_spi.c **** #if (USE_SPI_CRC != 0U)
1666:Drivers/STM32F1xx_HAL_Driver/Src/stm32f1xx_hal_spi.c ****   /* Reset CRC Calculation */
1667:Drivers/STM32F1xx_HAL_Driver/Src/stm32f1xx_hal_spi.c ****   if (hspi->Init.CRCCalculation == SPI_CRCCALCULATION_ENABLE)
1668:Drivers/STM32F1xx_HAL_Driver/Src/stm32f1xx_hal_spi.c ****   {
1669:Drivers/STM32F1xx_HAL_Driver/Src/stm32f1xx_hal_spi.c ****     SPI_RESET_CRC(hspi);
1670:Drivers/STM32F1xx_HAL_Driver/Src/stm32f1xx_hal_spi.c ****   }
1671:Drivers/STM32F1xx_HAL_Driver/Src/stm32f1xx_hal_spi.c **** #endif /* USE_SPI_CRC */
1672:Drivers/STM32F1xx_HAL_Driver/Src/stm32f1xx_hal_spi.c **** 
1673:Drivers/STM32F1xx_HAL_Driver/Src/stm32f1xx_hal_spi.c **** 
1674:Drivers/STM32F1xx_HAL_Driver/Src/stm32f1xx_hal_spi.c ****   /* Check if the SPI is already enabled */
1675:Drivers/STM32F1xx_HAL_Driver/Src/stm32f1xx_hal_spi.c ****   if ((hspi->Instance->CR1 & SPI_CR1_SPE) != SPI_CR1_SPE)
1676:Drivers/STM32F1xx_HAL_Driver/Src/stm32f1xx_hal_spi.c ****   {
1677:Drivers/STM32F1xx_HAL_Driver/Src/stm32f1xx_hal_spi.c ****     /* Enable SPI peripheral */
1678:Drivers/STM32F1xx_HAL_Driver/Src/stm32f1xx_hal_spi.c ****     __HAL_SPI_ENABLE(hspi);
1679:Drivers/STM32F1xx_HAL_Driver/Src/stm32f1xx_hal_spi.c ****   }
1680:Drivers/STM32F1xx_HAL_Driver/Src/stm32f1xx_hal_spi.c **** 
1681:Drivers/STM32F1xx_HAL_Driver/Src/stm32f1xx_hal_spi.c ****   /* Process Unlocked */
1682:Drivers/STM32F1xx_HAL_Driver/Src/stm32f1xx_hal_spi.c ****   __HAL_UNLOCK(hspi);
1683:Drivers/STM32F1xx_HAL_Driver/Src/stm32f1xx_hal_spi.c ****   /* Enable TXE, RXNE and ERR interrupt */
1684:Drivers/STM32F1xx_HAL_Driver/Src/stm32f1xx_hal_spi.c ****   __HAL_SPI_ENABLE_IT(hspi, (SPI_IT_TXE | SPI_IT_RXNE | SPI_IT_ERR));
1685:Drivers/STM32F1xx_HAL_Driver/Src/stm32f1xx_hal_spi.c **** 
ARM GAS  /var/folders/y0/yl1wrqfd209ghqq3s8k8qc1m0000gn/T//ccjYiGlu.s 			page 31


1686:Drivers/STM32F1xx_HAL_Driver/Src/stm32f1xx_hal_spi.c ****   return HAL_OK;
1687:Drivers/STM32F1xx_HAL_Driver/Src/stm32f1xx_hal_spi.c **** }
1688:Drivers/STM32F1xx_HAL_Driver/Src/stm32f1xx_hal_spi.c **** 
1689:Drivers/STM32F1xx_HAL_Driver/Src/stm32f1xx_hal_spi.c **** /**
1690:Drivers/STM32F1xx_HAL_Driver/Src/stm32f1xx_hal_spi.c ****   * @brief  Transmit an amount of data in non-blocking mode with DMA.
1691:Drivers/STM32F1xx_HAL_Driver/Src/stm32f1xx_hal_spi.c ****   * @param  hspi pointer to a SPI_HandleTypeDef structure that contains
1692:Drivers/STM32F1xx_HAL_Driver/Src/stm32f1xx_hal_spi.c ****   *               the configuration information for SPI module.
1693:Drivers/STM32F1xx_HAL_Driver/Src/stm32f1xx_hal_spi.c ****   * @param  pData pointer to data buffer
1694:Drivers/STM32F1xx_HAL_Driver/Src/stm32f1xx_hal_spi.c ****   * @param  Size amount of data to be sent
1695:Drivers/STM32F1xx_HAL_Driver/Src/stm32f1xx_hal_spi.c ****   * @retval HAL status
1696:Drivers/STM32F1xx_HAL_Driver/Src/stm32f1xx_hal_spi.c ****   */
1697:Drivers/STM32F1xx_HAL_Driver/Src/stm32f1xx_hal_spi.c **** HAL_StatusTypeDef HAL_SPI_Transmit_DMA(SPI_HandleTypeDef *hspi, const uint8_t *pData, uint16_t Size
1698:Drivers/STM32F1xx_HAL_Driver/Src/stm32f1xx_hal_spi.c **** {
1699:Drivers/STM32F1xx_HAL_Driver/Src/stm32f1xx_hal_spi.c **** 
1700:Drivers/STM32F1xx_HAL_Driver/Src/stm32f1xx_hal_spi.c ****   /* Check tx dma handle */
1701:Drivers/STM32F1xx_HAL_Driver/Src/stm32f1xx_hal_spi.c ****   assert_param(IS_SPI_DMA_HANDLE(hspi->hdmatx));
1702:Drivers/STM32F1xx_HAL_Driver/Src/stm32f1xx_hal_spi.c **** 
1703:Drivers/STM32F1xx_HAL_Driver/Src/stm32f1xx_hal_spi.c ****   /* Check Direction parameter */
1704:Drivers/STM32F1xx_HAL_Driver/Src/stm32f1xx_hal_spi.c ****   assert_param(IS_SPI_DIRECTION_2LINES_OR_1LINE(hspi->Init.Direction));
1705:Drivers/STM32F1xx_HAL_Driver/Src/stm32f1xx_hal_spi.c **** 
1706:Drivers/STM32F1xx_HAL_Driver/Src/stm32f1xx_hal_spi.c ****   if (hspi->State != HAL_SPI_STATE_READY)
1707:Drivers/STM32F1xx_HAL_Driver/Src/stm32f1xx_hal_spi.c ****   {
1708:Drivers/STM32F1xx_HAL_Driver/Src/stm32f1xx_hal_spi.c ****     return HAL_BUSY;
1709:Drivers/STM32F1xx_HAL_Driver/Src/stm32f1xx_hal_spi.c ****   }
1710:Drivers/STM32F1xx_HAL_Driver/Src/stm32f1xx_hal_spi.c **** 
1711:Drivers/STM32F1xx_HAL_Driver/Src/stm32f1xx_hal_spi.c ****   if ((pData == NULL) || (Size == 0U))
1712:Drivers/STM32F1xx_HAL_Driver/Src/stm32f1xx_hal_spi.c ****   {
1713:Drivers/STM32F1xx_HAL_Driver/Src/stm32f1xx_hal_spi.c ****     return HAL_ERROR;
1714:Drivers/STM32F1xx_HAL_Driver/Src/stm32f1xx_hal_spi.c ****   }
1715:Drivers/STM32F1xx_HAL_Driver/Src/stm32f1xx_hal_spi.c **** 
1716:Drivers/STM32F1xx_HAL_Driver/Src/stm32f1xx_hal_spi.c ****   /* Process Locked */
1717:Drivers/STM32F1xx_HAL_Driver/Src/stm32f1xx_hal_spi.c ****   __HAL_LOCK(hspi);
1718:Drivers/STM32F1xx_HAL_Driver/Src/stm32f1xx_hal_spi.c **** 
1719:Drivers/STM32F1xx_HAL_Driver/Src/stm32f1xx_hal_spi.c ****   /* Set the transaction information */
1720:Drivers/STM32F1xx_HAL_Driver/Src/stm32f1xx_hal_spi.c ****   hspi->State       = HAL_SPI_STATE_BUSY_TX;
1721:Drivers/STM32F1xx_HAL_Driver/Src/stm32f1xx_hal_spi.c ****   hspi->ErrorCode   = HAL_SPI_ERROR_NONE;
1722:Drivers/STM32F1xx_HAL_Driver/Src/stm32f1xx_hal_spi.c ****   hspi->pTxBuffPtr  = (const uint8_t *)pData;
1723:Drivers/STM32F1xx_HAL_Driver/Src/stm32f1xx_hal_spi.c ****   hspi->TxXferSize  = Size;
1724:Drivers/STM32F1xx_HAL_Driver/Src/stm32f1xx_hal_spi.c ****   hspi->TxXferCount = Size;
1725:Drivers/STM32F1xx_HAL_Driver/Src/stm32f1xx_hal_spi.c **** 
1726:Drivers/STM32F1xx_HAL_Driver/Src/stm32f1xx_hal_spi.c ****   /* Init field not used in handle to zero */
1727:Drivers/STM32F1xx_HAL_Driver/Src/stm32f1xx_hal_spi.c ****   hspi->pRxBuffPtr  = (uint8_t *)NULL;
1728:Drivers/STM32F1xx_HAL_Driver/Src/stm32f1xx_hal_spi.c ****   hspi->TxISR       = NULL;
1729:Drivers/STM32F1xx_HAL_Driver/Src/stm32f1xx_hal_spi.c ****   hspi->RxISR       = NULL;
1730:Drivers/STM32F1xx_HAL_Driver/Src/stm32f1xx_hal_spi.c ****   hspi->RxXferSize  = 0U;
1731:Drivers/STM32F1xx_HAL_Driver/Src/stm32f1xx_hal_spi.c ****   hspi->RxXferCount = 0U;
1732:Drivers/STM32F1xx_HAL_Driver/Src/stm32f1xx_hal_spi.c **** 
1733:Drivers/STM32F1xx_HAL_Driver/Src/stm32f1xx_hal_spi.c ****   /* Configure communication direction : 1Line */
1734:Drivers/STM32F1xx_HAL_Driver/Src/stm32f1xx_hal_spi.c ****   if (hspi->Init.Direction == SPI_DIRECTION_1LINE)
1735:Drivers/STM32F1xx_HAL_Driver/Src/stm32f1xx_hal_spi.c ****   {
1736:Drivers/STM32F1xx_HAL_Driver/Src/stm32f1xx_hal_spi.c ****     /* Disable SPI Peripheral before set 1Line direction (BIDIOE bit) */
1737:Drivers/STM32F1xx_HAL_Driver/Src/stm32f1xx_hal_spi.c ****     __HAL_SPI_DISABLE(hspi);
1738:Drivers/STM32F1xx_HAL_Driver/Src/stm32f1xx_hal_spi.c ****     SPI_1LINE_TX(hspi);
1739:Drivers/STM32F1xx_HAL_Driver/Src/stm32f1xx_hal_spi.c ****   }
1740:Drivers/STM32F1xx_HAL_Driver/Src/stm32f1xx_hal_spi.c **** 
1741:Drivers/STM32F1xx_HAL_Driver/Src/stm32f1xx_hal_spi.c **** #if (USE_SPI_CRC != 0U)
1742:Drivers/STM32F1xx_HAL_Driver/Src/stm32f1xx_hal_spi.c ****   /* Reset CRC Calculation */
ARM GAS  /var/folders/y0/yl1wrqfd209ghqq3s8k8qc1m0000gn/T//ccjYiGlu.s 			page 32


1743:Drivers/STM32F1xx_HAL_Driver/Src/stm32f1xx_hal_spi.c ****   if (hspi->Init.CRCCalculation == SPI_CRCCALCULATION_ENABLE)
1744:Drivers/STM32F1xx_HAL_Driver/Src/stm32f1xx_hal_spi.c ****   {
1745:Drivers/STM32F1xx_HAL_Driver/Src/stm32f1xx_hal_spi.c ****     SPI_RESET_CRC(hspi);
1746:Drivers/STM32F1xx_HAL_Driver/Src/stm32f1xx_hal_spi.c ****   }
1747:Drivers/STM32F1xx_HAL_Driver/Src/stm32f1xx_hal_spi.c **** #endif /* USE_SPI_CRC */
1748:Drivers/STM32F1xx_HAL_Driver/Src/stm32f1xx_hal_spi.c **** 
1749:Drivers/STM32F1xx_HAL_Driver/Src/stm32f1xx_hal_spi.c ****   /* Set the SPI TxDMA Half transfer complete callback */
1750:Drivers/STM32F1xx_HAL_Driver/Src/stm32f1xx_hal_spi.c ****   hspi->hdmatx->XferHalfCpltCallback = SPI_DMAHalfTransmitCplt;
1751:Drivers/STM32F1xx_HAL_Driver/Src/stm32f1xx_hal_spi.c **** 
1752:Drivers/STM32F1xx_HAL_Driver/Src/stm32f1xx_hal_spi.c ****   /* Set the SPI TxDMA transfer complete callback */
1753:Drivers/STM32F1xx_HAL_Driver/Src/stm32f1xx_hal_spi.c ****   hspi->hdmatx->XferCpltCallback = SPI_DMATransmitCplt;
1754:Drivers/STM32F1xx_HAL_Driver/Src/stm32f1xx_hal_spi.c **** 
1755:Drivers/STM32F1xx_HAL_Driver/Src/stm32f1xx_hal_spi.c ****   /* Set the DMA error callback */
1756:Drivers/STM32F1xx_HAL_Driver/Src/stm32f1xx_hal_spi.c ****   hspi->hdmatx->XferErrorCallback = SPI_DMAError;
1757:Drivers/STM32F1xx_HAL_Driver/Src/stm32f1xx_hal_spi.c **** 
1758:Drivers/STM32F1xx_HAL_Driver/Src/stm32f1xx_hal_spi.c ****   /* Set the DMA AbortCpltCallback */
1759:Drivers/STM32F1xx_HAL_Driver/Src/stm32f1xx_hal_spi.c ****   hspi->hdmatx->XferAbortCallback = NULL;
1760:Drivers/STM32F1xx_HAL_Driver/Src/stm32f1xx_hal_spi.c **** 
1761:Drivers/STM32F1xx_HAL_Driver/Src/stm32f1xx_hal_spi.c ****   /* Enable the Tx DMA Stream/Channel */
1762:Drivers/STM32F1xx_HAL_Driver/Src/stm32f1xx_hal_spi.c ****   if (HAL_OK != HAL_DMA_Start_IT(hspi->hdmatx, (uint32_t)hspi->pTxBuffPtr, (uint32_t)&hspi->Instanc
1763:Drivers/STM32F1xx_HAL_Driver/Src/stm32f1xx_hal_spi.c ****                                  hspi->TxXferCount))
1764:Drivers/STM32F1xx_HAL_Driver/Src/stm32f1xx_hal_spi.c ****   {
1765:Drivers/STM32F1xx_HAL_Driver/Src/stm32f1xx_hal_spi.c ****     /* Update SPI error code */
1766:Drivers/STM32F1xx_HAL_Driver/Src/stm32f1xx_hal_spi.c ****     SET_BIT(hspi->ErrorCode, HAL_SPI_ERROR_DMA);
1767:Drivers/STM32F1xx_HAL_Driver/Src/stm32f1xx_hal_spi.c ****     /* Process Unlocked */
1768:Drivers/STM32F1xx_HAL_Driver/Src/stm32f1xx_hal_spi.c ****     __HAL_UNLOCK(hspi);
1769:Drivers/STM32F1xx_HAL_Driver/Src/stm32f1xx_hal_spi.c ****     return HAL_ERROR;
1770:Drivers/STM32F1xx_HAL_Driver/Src/stm32f1xx_hal_spi.c ****   }
1771:Drivers/STM32F1xx_HAL_Driver/Src/stm32f1xx_hal_spi.c **** 
1772:Drivers/STM32F1xx_HAL_Driver/Src/stm32f1xx_hal_spi.c ****   /* Check if the SPI is already enabled */
1773:Drivers/STM32F1xx_HAL_Driver/Src/stm32f1xx_hal_spi.c ****   if ((hspi->Instance->CR1 & SPI_CR1_SPE) != SPI_CR1_SPE)
1774:Drivers/STM32F1xx_HAL_Driver/Src/stm32f1xx_hal_spi.c ****   {
1775:Drivers/STM32F1xx_HAL_Driver/Src/stm32f1xx_hal_spi.c ****     /* Enable SPI peripheral */
1776:Drivers/STM32F1xx_HAL_Driver/Src/stm32f1xx_hal_spi.c ****     __HAL_SPI_ENABLE(hspi);
1777:Drivers/STM32F1xx_HAL_Driver/Src/stm32f1xx_hal_spi.c ****   }
1778:Drivers/STM32F1xx_HAL_Driver/Src/stm32f1xx_hal_spi.c **** 
1779:Drivers/STM32F1xx_HAL_Driver/Src/stm32f1xx_hal_spi.c ****   /* Process Unlocked */
1780:Drivers/STM32F1xx_HAL_Driver/Src/stm32f1xx_hal_spi.c ****   __HAL_UNLOCK(hspi);
1781:Drivers/STM32F1xx_HAL_Driver/Src/stm32f1xx_hal_spi.c **** 
1782:Drivers/STM32F1xx_HAL_Driver/Src/stm32f1xx_hal_spi.c ****   /* Enable the SPI Error Interrupt Bit */
1783:Drivers/STM32F1xx_HAL_Driver/Src/stm32f1xx_hal_spi.c ****   __HAL_SPI_ENABLE_IT(hspi, (SPI_IT_ERR));
1784:Drivers/STM32F1xx_HAL_Driver/Src/stm32f1xx_hal_spi.c **** 
1785:Drivers/STM32F1xx_HAL_Driver/Src/stm32f1xx_hal_spi.c ****   /* Enable Tx DMA Request */
1786:Drivers/STM32F1xx_HAL_Driver/Src/stm32f1xx_hal_spi.c ****   SET_BIT(hspi->Instance->CR2, SPI_CR2_TXDMAEN);
1787:Drivers/STM32F1xx_HAL_Driver/Src/stm32f1xx_hal_spi.c **** 
1788:Drivers/STM32F1xx_HAL_Driver/Src/stm32f1xx_hal_spi.c ****   return HAL_OK;
1789:Drivers/STM32F1xx_HAL_Driver/Src/stm32f1xx_hal_spi.c **** }
1790:Drivers/STM32F1xx_HAL_Driver/Src/stm32f1xx_hal_spi.c **** 
1791:Drivers/STM32F1xx_HAL_Driver/Src/stm32f1xx_hal_spi.c **** /**
1792:Drivers/STM32F1xx_HAL_Driver/Src/stm32f1xx_hal_spi.c ****   * @brief  Receive an amount of data in non-blocking mode with DMA.
1793:Drivers/STM32F1xx_HAL_Driver/Src/stm32f1xx_hal_spi.c ****   * @note   In case of MASTER mode and SPI_DIRECTION_2LINES direction, hdmatx shall be defined.
1794:Drivers/STM32F1xx_HAL_Driver/Src/stm32f1xx_hal_spi.c ****   * @param  hspi pointer to a SPI_HandleTypeDef structure that contains
1795:Drivers/STM32F1xx_HAL_Driver/Src/stm32f1xx_hal_spi.c ****   *               the configuration information for SPI module.
1796:Drivers/STM32F1xx_HAL_Driver/Src/stm32f1xx_hal_spi.c ****   * @param  pData pointer to data buffer
1797:Drivers/STM32F1xx_HAL_Driver/Src/stm32f1xx_hal_spi.c ****   * @note   When the CRC feature is enabled the pData Length must be Size + 1.
1798:Drivers/STM32F1xx_HAL_Driver/Src/stm32f1xx_hal_spi.c ****   * @param  Size amount of data to be sent
1799:Drivers/STM32F1xx_HAL_Driver/Src/stm32f1xx_hal_spi.c ****   * @retval HAL status
ARM GAS  /var/folders/y0/yl1wrqfd209ghqq3s8k8qc1m0000gn/T//ccjYiGlu.s 			page 33


1800:Drivers/STM32F1xx_HAL_Driver/Src/stm32f1xx_hal_spi.c ****   */
1801:Drivers/STM32F1xx_HAL_Driver/Src/stm32f1xx_hal_spi.c **** HAL_StatusTypeDef HAL_SPI_Receive_DMA(SPI_HandleTypeDef *hspi, uint8_t *pData, uint16_t Size)
1802:Drivers/STM32F1xx_HAL_Driver/Src/stm32f1xx_hal_spi.c **** {
1803:Drivers/STM32F1xx_HAL_Driver/Src/stm32f1xx_hal_spi.c ****   /* Check rx dma handle */
1804:Drivers/STM32F1xx_HAL_Driver/Src/stm32f1xx_hal_spi.c ****   assert_param(IS_SPI_DMA_HANDLE(hspi->hdmarx));
1805:Drivers/STM32F1xx_HAL_Driver/Src/stm32f1xx_hal_spi.c **** 
1806:Drivers/STM32F1xx_HAL_Driver/Src/stm32f1xx_hal_spi.c ****   if (hspi->State != HAL_SPI_STATE_READY)
1807:Drivers/STM32F1xx_HAL_Driver/Src/stm32f1xx_hal_spi.c ****   {
1808:Drivers/STM32F1xx_HAL_Driver/Src/stm32f1xx_hal_spi.c ****     return HAL_BUSY;
1809:Drivers/STM32F1xx_HAL_Driver/Src/stm32f1xx_hal_spi.c ****   }
1810:Drivers/STM32F1xx_HAL_Driver/Src/stm32f1xx_hal_spi.c **** 
1811:Drivers/STM32F1xx_HAL_Driver/Src/stm32f1xx_hal_spi.c ****   if ((hspi->Init.Direction == SPI_DIRECTION_2LINES) && (hspi->Init.Mode == SPI_MODE_MASTER))
1812:Drivers/STM32F1xx_HAL_Driver/Src/stm32f1xx_hal_spi.c ****   {
1813:Drivers/STM32F1xx_HAL_Driver/Src/stm32f1xx_hal_spi.c ****     hspi->State = HAL_SPI_STATE_BUSY_RX;
1814:Drivers/STM32F1xx_HAL_Driver/Src/stm32f1xx_hal_spi.c **** 
1815:Drivers/STM32F1xx_HAL_Driver/Src/stm32f1xx_hal_spi.c ****     /* Check tx dma handle */
1816:Drivers/STM32F1xx_HAL_Driver/Src/stm32f1xx_hal_spi.c ****     assert_param(IS_SPI_DMA_HANDLE(hspi->hdmatx));
1817:Drivers/STM32F1xx_HAL_Driver/Src/stm32f1xx_hal_spi.c **** 
1818:Drivers/STM32F1xx_HAL_Driver/Src/stm32f1xx_hal_spi.c ****     /* Call transmit-receive function to send Dummy data on Tx line and generate clock on CLK line 
1819:Drivers/STM32F1xx_HAL_Driver/Src/stm32f1xx_hal_spi.c ****     return HAL_SPI_TransmitReceive_DMA(hspi, pData, pData, Size);
1820:Drivers/STM32F1xx_HAL_Driver/Src/stm32f1xx_hal_spi.c ****   }
1821:Drivers/STM32F1xx_HAL_Driver/Src/stm32f1xx_hal_spi.c **** 
1822:Drivers/STM32F1xx_HAL_Driver/Src/stm32f1xx_hal_spi.c ****   if ((pData == NULL) || (Size == 0U))
1823:Drivers/STM32F1xx_HAL_Driver/Src/stm32f1xx_hal_spi.c ****   {
1824:Drivers/STM32F1xx_HAL_Driver/Src/stm32f1xx_hal_spi.c ****     return HAL_ERROR;
1825:Drivers/STM32F1xx_HAL_Driver/Src/stm32f1xx_hal_spi.c ****   }
1826:Drivers/STM32F1xx_HAL_Driver/Src/stm32f1xx_hal_spi.c **** 
1827:Drivers/STM32F1xx_HAL_Driver/Src/stm32f1xx_hal_spi.c ****   /* Process Locked */
1828:Drivers/STM32F1xx_HAL_Driver/Src/stm32f1xx_hal_spi.c ****   __HAL_LOCK(hspi);
1829:Drivers/STM32F1xx_HAL_Driver/Src/stm32f1xx_hal_spi.c **** 
1830:Drivers/STM32F1xx_HAL_Driver/Src/stm32f1xx_hal_spi.c ****   /* Set the transaction information */
1831:Drivers/STM32F1xx_HAL_Driver/Src/stm32f1xx_hal_spi.c ****   hspi->State       = HAL_SPI_STATE_BUSY_RX;
1832:Drivers/STM32F1xx_HAL_Driver/Src/stm32f1xx_hal_spi.c ****   hspi->ErrorCode   = HAL_SPI_ERROR_NONE;
1833:Drivers/STM32F1xx_HAL_Driver/Src/stm32f1xx_hal_spi.c ****   hspi->pRxBuffPtr  = (uint8_t *)pData;
1834:Drivers/STM32F1xx_HAL_Driver/Src/stm32f1xx_hal_spi.c ****   hspi->RxXferSize  = Size;
1835:Drivers/STM32F1xx_HAL_Driver/Src/stm32f1xx_hal_spi.c ****   hspi->RxXferCount = Size;
1836:Drivers/STM32F1xx_HAL_Driver/Src/stm32f1xx_hal_spi.c **** 
1837:Drivers/STM32F1xx_HAL_Driver/Src/stm32f1xx_hal_spi.c ****   /*Init field not used in handle to zero */
1838:Drivers/STM32F1xx_HAL_Driver/Src/stm32f1xx_hal_spi.c ****   hspi->RxISR       = NULL;
1839:Drivers/STM32F1xx_HAL_Driver/Src/stm32f1xx_hal_spi.c ****   hspi->TxISR       = NULL;
1840:Drivers/STM32F1xx_HAL_Driver/Src/stm32f1xx_hal_spi.c ****   hspi->TxXferSize  = 0U;
1841:Drivers/STM32F1xx_HAL_Driver/Src/stm32f1xx_hal_spi.c ****   hspi->TxXferCount = 0U;
1842:Drivers/STM32F1xx_HAL_Driver/Src/stm32f1xx_hal_spi.c **** 
1843:Drivers/STM32F1xx_HAL_Driver/Src/stm32f1xx_hal_spi.c ****   /* Configure communication direction : 1Line */
1844:Drivers/STM32F1xx_HAL_Driver/Src/stm32f1xx_hal_spi.c ****   if (hspi->Init.Direction == SPI_DIRECTION_1LINE)
1845:Drivers/STM32F1xx_HAL_Driver/Src/stm32f1xx_hal_spi.c ****   {
1846:Drivers/STM32F1xx_HAL_Driver/Src/stm32f1xx_hal_spi.c ****     /* Disable SPI Peripheral before set 1Line direction (BIDIOE bit) */
1847:Drivers/STM32F1xx_HAL_Driver/Src/stm32f1xx_hal_spi.c ****     __HAL_SPI_DISABLE(hspi);
1848:Drivers/STM32F1xx_HAL_Driver/Src/stm32f1xx_hal_spi.c ****     SPI_1LINE_RX(hspi);
1849:Drivers/STM32F1xx_HAL_Driver/Src/stm32f1xx_hal_spi.c ****   }
1850:Drivers/STM32F1xx_HAL_Driver/Src/stm32f1xx_hal_spi.c **** 
1851:Drivers/STM32F1xx_HAL_Driver/Src/stm32f1xx_hal_spi.c **** #if (USE_SPI_CRC != 0U)
1852:Drivers/STM32F1xx_HAL_Driver/Src/stm32f1xx_hal_spi.c ****   /* Reset CRC Calculation */
1853:Drivers/STM32F1xx_HAL_Driver/Src/stm32f1xx_hal_spi.c ****   if (hspi->Init.CRCCalculation == SPI_CRCCALCULATION_ENABLE)
1854:Drivers/STM32F1xx_HAL_Driver/Src/stm32f1xx_hal_spi.c ****   {
1855:Drivers/STM32F1xx_HAL_Driver/Src/stm32f1xx_hal_spi.c ****     SPI_RESET_CRC(hspi);
1856:Drivers/STM32F1xx_HAL_Driver/Src/stm32f1xx_hal_spi.c ****   }
ARM GAS  /var/folders/y0/yl1wrqfd209ghqq3s8k8qc1m0000gn/T//ccjYiGlu.s 			page 34


1857:Drivers/STM32F1xx_HAL_Driver/Src/stm32f1xx_hal_spi.c **** #endif /* USE_SPI_CRC */
1858:Drivers/STM32F1xx_HAL_Driver/Src/stm32f1xx_hal_spi.c **** 
1859:Drivers/STM32F1xx_HAL_Driver/Src/stm32f1xx_hal_spi.c ****   /* Set the SPI RxDMA Half transfer complete callback */
1860:Drivers/STM32F1xx_HAL_Driver/Src/stm32f1xx_hal_spi.c ****   hspi->hdmarx->XferHalfCpltCallback = SPI_DMAHalfReceiveCplt;
1861:Drivers/STM32F1xx_HAL_Driver/Src/stm32f1xx_hal_spi.c **** 
1862:Drivers/STM32F1xx_HAL_Driver/Src/stm32f1xx_hal_spi.c ****   /* Set the SPI Rx DMA transfer complete callback */
1863:Drivers/STM32F1xx_HAL_Driver/Src/stm32f1xx_hal_spi.c ****   hspi->hdmarx->XferCpltCallback = SPI_DMAReceiveCplt;
1864:Drivers/STM32F1xx_HAL_Driver/Src/stm32f1xx_hal_spi.c **** 
1865:Drivers/STM32F1xx_HAL_Driver/Src/stm32f1xx_hal_spi.c ****   /* Set the DMA error callback */
1866:Drivers/STM32F1xx_HAL_Driver/Src/stm32f1xx_hal_spi.c ****   hspi->hdmarx->XferErrorCallback = SPI_DMAError;
1867:Drivers/STM32F1xx_HAL_Driver/Src/stm32f1xx_hal_spi.c **** 
1868:Drivers/STM32F1xx_HAL_Driver/Src/stm32f1xx_hal_spi.c ****   /* Set the DMA AbortCpltCallback */
1869:Drivers/STM32F1xx_HAL_Driver/Src/stm32f1xx_hal_spi.c ****   hspi->hdmarx->XferAbortCallback = NULL;
1870:Drivers/STM32F1xx_HAL_Driver/Src/stm32f1xx_hal_spi.c **** 
1871:Drivers/STM32F1xx_HAL_Driver/Src/stm32f1xx_hal_spi.c ****   /* Enable the Rx DMA Stream/Channel  */
1872:Drivers/STM32F1xx_HAL_Driver/Src/stm32f1xx_hal_spi.c ****   if (HAL_OK != HAL_DMA_Start_IT(hspi->hdmarx, (uint32_t)&hspi->Instance->DR, (uint32_t)hspi->pRxBu
1873:Drivers/STM32F1xx_HAL_Driver/Src/stm32f1xx_hal_spi.c ****                                  hspi->RxXferCount))
1874:Drivers/STM32F1xx_HAL_Driver/Src/stm32f1xx_hal_spi.c ****   {
1875:Drivers/STM32F1xx_HAL_Driver/Src/stm32f1xx_hal_spi.c ****     /* Update SPI error code */
1876:Drivers/STM32F1xx_HAL_Driver/Src/stm32f1xx_hal_spi.c ****     SET_BIT(hspi->ErrorCode, HAL_SPI_ERROR_DMA);
1877:Drivers/STM32F1xx_HAL_Driver/Src/stm32f1xx_hal_spi.c ****     /* Process Unlocked */
1878:Drivers/STM32F1xx_HAL_Driver/Src/stm32f1xx_hal_spi.c ****     __HAL_UNLOCK(hspi);
1879:Drivers/STM32F1xx_HAL_Driver/Src/stm32f1xx_hal_spi.c ****     return HAL_ERROR;
1880:Drivers/STM32F1xx_HAL_Driver/Src/stm32f1xx_hal_spi.c ****   }
1881:Drivers/STM32F1xx_HAL_Driver/Src/stm32f1xx_hal_spi.c **** 
1882:Drivers/STM32F1xx_HAL_Driver/Src/stm32f1xx_hal_spi.c ****   /* Check if the SPI is already enabled */
1883:Drivers/STM32F1xx_HAL_Driver/Src/stm32f1xx_hal_spi.c ****   if ((hspi->Instance->CR1 & SPI_CR1_SPE) != SPI_CR1_SPE)
1884:Drivers/STM32F1xx_HAL_Driver/Src/stm32f1xx_hal_spi.c ****   {
1885:Drivers/STM32F1xx_HAL_Driver/Src/stm32f1xx_hal_spi.c ****     /* Enable SPI peripheral */
1886:Drivers/STM32F1xx_HAL_Driver/Src/stm32f1xx_hal_spi.c ****     __HAL_SPI_ENABLE(hspi);
1887:Drivers/STM32F1xx_HAL_Driver/Src/stm32f1xx_hal_spi.c ****   }
1888:Drivers/STM32F1xx_HAL_Driver/Src/stm32f1xx_hal_spi.c **** 
1889:Drivers/STM32F1xx_HAL_Driver/Src/stm32f1xx_hal_spi.c ****   /* Process Unlocked */
1890:Drivers/STM32F1xx_HAL_Driver/Src/stm32f1xx_hal_spi.c ****   __HAL_UNLOCK(hspi);
1891:Drivers/STM32F1xx_HAL_Driver/Src/stm32f1xx_hal_spi.c **** 
1892:Drivers/STM32F1xx_HAL_Driver/Src/stm32f1xx_hal_spi.c ****   /* Enable the SPI Error Interrupt Bit */
1893:Drivers/STM32F1xx_HAL_Driver/Src/stm32f1xx_hal_spi.c ****   __HAL_SPI_ENABLE_IT(hspi, (SPI_IT_ERR));
1894:Drivers/STM32F1xx_HAL_Driver/Src/stm32f1xx_hal_spi.c **** 
1895:Drivers/STM32F1xx_HAL_Driver/Src/stm32f1xx_hal_spi.c ****   /* Enable Rx DMA Request */
1896:Drivers/STM32F1xx_HAL_Driver/Src/stm32f1xx_hal_spi.c ****   SET_BIT(hspi->Instance->CR2, SPI_CR2_RXDMAEN);
1897:Drivers/STM32F1xx_HAL_Driver/Src/stm32f1xx_hal_spi.c **** 
1898:Drivers/STM32F1xx_HAL_Driver/Src/stm32f1xx_hal_spi.c ****   return HAL_OK;
1899:Drivers/STM32F1xx_HAL_Driver/Src/stm32f1xx_hal_spi.c **** }
1900:Drivers/STM32F1xx_HAL_Driver/Src/stm32f1xx_hal_spi.c **** 
1901:Drivers/STM32F1xx_HAL_Driver/Src/stm32f1xx_hal_spi.c **** /**
1902:Drivers/STM32F1xx_HAL_Driver/Src/stm32f1xx_hal_spi.c ****   * @brief  Transmit and Receive an amount of data in non-blocking mode with DMA.
1903:Drivers/STM32F1xx_HAL_Driver/Src/stm32f1xx_hal_spi.c ****   * @param  hspi pointer to a SPI_HandleTypeDef structure that contains
1904:Drivers/STM32F1xx_HAL_Driver/Src/stm32f1xx_hal_spi.c ****   *               the configuration information for SPI module.
1905:Drivers/STM32F1xx_HAL_Driver/Src/stm32f1xx_hal_spi.c ****   * @param  pTxData pointer to transmission data buffer
1906:Drivers/STM32F1xx_HAL_Driver/Src/stm32f1xx_hal_spi.c ****   * @param  pRxData pointer to reception data buffer
1907:Drivers/STM32F1xx_HAL_Driver/Src/stm32f1xx_hal_spi.c ****   * @note   When the CRC feature is enabled the pRxData Length must be Size + 1
1908:Drivers/STM32F1xx_HAL_Driver/Src/stm32f1xx_hal_spi.c ****   * @param  Size amount of data to be sent
1909:Drivers/STM32F1xx_HAL_Driver/Src/stm32f1xx_hal_spi.c ****   * @retval HAL status
1910:Drivers/STM32F1xx_HAL_Driver/Src/stm32f1xx_hal_spi.c ****   */
1911:Drivers/STM32F1xx_HAL_Driver/Src/stm32f1xx_hal_spi.c **** HAL_StatusTypeDef HAL_SPI_TransmitReceive_DMA(SPI_HandleTypeDef *hspi, const uint8_t *pTxData, uint
1912:Drivers/STM32F1xx_HAL_Driver/Src/stm32f1xx_hal_spi.c ****                                               uint16_t Size)
1913:Drivers/STM32F1xx_HAL_Driver/Src/stm32f1xx_hal_spi.c **** {
ARM GAS  /var/folders/y0/yl1wrqfd209ghqq3s8k8qc1m0000gn/T//ccjYiGlu.s 			page 35


1914:Drivers/STM32F1xx_HAL_Driver/Src/stm32f1xx_hal_spi.c ****   uint32_t             tmp_mode;
1915:Drivers/STM32F1xx_HAL_Driver/Src/stm32f1xx_hal_spi.c ****   HAL_SPI_StateTypeDef tmp_state;
1916:Drivers/STM32F1xx_HAL_Driver/Src/stm32f1xx_hal_spi.c **** 
1917:Drivers/STM32F1xx_HAL_Driver/Src/stm32f1xx_hal_spi.c ****   /* Check rx & tx dma handles */
1918:Drivers/STM32F1xx_HAL_Driver/Src/stm32f1xx_hal_spi.c ****   assert_param(IS_SPI_DMA_HANDLE(hspi->hdmarx));
1919:Drivers/STM32F1xx_HAL_Driver/Src/stm32f1xx_hal_spi.c ****   assert_param(IS_SPI_DMA_HANDLE(hspi->hdmatx));
1920:Drivers/STM32F1xx_HAL_Driver/Src/stm32f1xx_hal_spi.c **** 
1921:Drivers/STM32F1xx_HAL_Driver/Src/stm32f1xx_hal_spi.c ****   /* Check Direction parameter */
1922:Drivers/STM32F1xx_HAL_Driver/Src/stm32f1xx_hal_spi.c ****   assert_param(IS_SPI_DIRECTION_2LINES(hspi->Init.Direction));
1923:Drivers/STM32F1xx_HAL_Driver/Src/stm32f1xx_hal_spi.c **** 
1924:Drivers/STM32F1xx_HAL_Driver/Src/stm32f1xx_hal_spi.c ****   /* Init temporary variables */
1925:Drivers/STM32F1xx_HAL_Driver/Src/stm32f1xx_hal_spi.c ****   tmp_state           = hspi->State;
1926:Drivers/STM32F1xx_HAL_Driver/Src/stm32f1xx_hal_spi.c ****   tmp_mode            = hspi->Init.Mode;
1927:Drivers/STM32F1xx_HAL_Driver/Src/stm32f1xx_hal_spi.c **** 
1928:Drivers/STM32F1xx_HAL_Driver/Src/stm32f1xx_hal_spi.c ****   if (!((tmp_state == HAL_SPI_STATE_READY) ||
1929:Drivers/STM32F1xx_HAL_Driver/Src/stm32f1xx_hal_spi.c ****         ((tmp_mode == SPI_MODE_MASTER) && (hspi->Init.Direction == SPI_DIRECTION_2LINES) &&
1930:Drivers/STM32F1xx_HAL_Driver/Src/stm32f1xx_hal_spi.c ****          (tmp_state == HAL_SPI_STATE_BUSY_RX))))
1931:Drivers/STM32F1xx_HAL_Driver/Src/stm32f1xx_hal_spi.c ****   {
1932:Drivers/STM32F1xx_HAL_Driver/Src/stm32f1xx_hal_spi.c ****     return HAL_BUSY;
1933:Drivers/STM32F1xx_HAL_Driver/Src/stm32f1xx_hal_spi.c ****   }
1934:Drivers/STM32F1xx_HAL_Driver/Src/stm32f1xx_hal_spi.c **** 
1935:Drivers/STM32F1xx_HAL_Driver/Src/stm32f1xx_hal_spi.c ****   if ((pTxData == NULL) || (pRxData == NULL) || (Size == 0U))
1936:Drivers/STM32F1xx_HAL_Driver/Src/stm32f1xx_hal_spi.c ****   {
1937:Drivers/STM32F1xx_HAL_Driver/Src/stm32f1xx_hal_spi.c ****     return HAL_ERROR;
1938:Drivers/STM32F1xx_HAL_Driver/Src/stm32f1xx_hal_spi.c ****   }
1939:Drivers/STM32F1xx_HAL_Driver/Src/stm32f1xx_hal_spi.c **** 
1940:Drivers/STM32F1xx_HAL_Driver/Src/stm32f1xx_hal_spi.c ****   /* Process locked */
1941:Drivers/STM32F1xx_HAL_Driver/Src/stm32f1xx_hal_spi.c ****   __HAL_LOCK(hspi);
1942:Drivers/STM32F1xx_HAL_Driver/Src/stm32f1xx_hal_spi.c **** 
1943:Drivers/STM32F1xx_HAL_Driver/Src/stm32f1xx_hal_spi.c ****   /* Don't overwrite in case of HAL_SPI_STATE_BUSY_RX */
1944:Drivers/STM32F1xx_HAL_Driver/Src/stm32f1xx_hal_spi.c ****   if (hspi->State != HAL_SPI_STATE_BUSY_RX)
1945:Drivers/STM32F1xx_HAL_Driver/Src/stm32f1xx_hal_spi.c ****   {
1946:Drivers/STM32F1xx_HAL_Driver/Src/stm32f1xx_hal_spi.c ****     hspi->State = HAL_SPI_STATE_BUSY_TX_RX;
1947:Drivers/STM32F1xx_HAL_Driver/Src/stm32f1xx_hal_spi.c ****   }
1948:Drivers/STM32F1xx_HAL_Driver/Src/stm32f1xx_hal_spi.c **** 
1949:Drivers/STM32F1xx_HAL_Driver/Src/stm32f1xx_hal_spi.c ****   /* Set the transaction information */
1950:Drivers/STM32F1xx_HAL_Driver/Src/stm32f1xx_hal_spi.c ****   hspi->ErrorCode   = HAL_SPI_ERROR_NONE;
1951:Drivers/STM32F1xx_HAL_Driver/Src/stm32f1xx_hal_spi.c ****   hspi->pTxBuffPtr  = (const uint8_t *)pTxData;
1952:Drivers/STM32F1xx_HAL_Driver/Src/stm32f1xx_hal_spi.c ****   hspi->TxXferSize  = Size;
1953:Drivers/STM32F1xx_HAL_Driver/Src/stm32f1xx_hal_spi.c ****   hspi->TxXferCount = Size;
1954:Drivers/STM32F1xx_HAL_Driver/Src/stm32f1xx_hal_spi.c ****   hspi->pRxBuffPtr  = (uint8_t *)pRxData;
1955:Drivers/STM32F1xx_HAL_Driver/Src/stm32f1xx_hal_spi.c ****   hspi->RxXferSize  = Size;
1956:Drivers/STM32F1xx_HAL_Driver/Src/stm32f1xx_hal_spi.c ****   hspi->RxXferCount = Size;
1957:Drivers/STM32F1xx_HAL_Driver/Src/stm32f1xx_hal_spi.c **** 
1958:Drivers/STM32F1xx_HAL_Driver/Src/stm32f1xx_hal_spi.c ****   /* Init field not used in handle to zero */
1959:Drivers/STM32F1xx_HAL_Driver/Src/stm32f1xx_hal_spi.c ****   hspi->RxISR       = NULL;
1960:Drivers/STM32F1xx_HAL_Driver/Src/stm32f1xx_hal_spi.c ****   hspi->TxISR       = NULL;
1961:Drivers/STM32F1xx_HAL_Driver/Src/stm32f1xx_hal_spi.c **** 
1962:Drivers/STM32F1xx_HAL_Driver/Src/stm32f1xx_hal_spi.c **** #if (USE_SPI_CRC != 0U)
1963:Drivers/STM32F1xx_HAL_Driver/Src/stm32f1xx_hal_spi.c ****   /* Reset CRC Calculation */
1964:Drivers/STM32F1xx_HAL_Driver/Src/stm32f1xx_hal_spi.c ****   if (hspi->Init.CRCCalculation == SPI_CRCCALCULATION_ENABLE)
1965:Drivers/STM32F1xx_HAL_Driver/Src/stm32f1xx_hal_spi.c ****   {
1966:Drivers/STM32F1xx_HAL_Driver/Src/stm32f1xx_hal_spi.c ****     SPI_RESET_CRC(hspi);
1967:Drivers/STM32F1xx_HAL_Driver/Src/stm32f1xx_hal_spi.c ****   }
1968:Drivers/STM32F1xx_HAL_Driver/Src/stm32f1xx_hal_spi.c **** #endif /* USE_SPI_CRC */
1969:Drivers/STM32F1xx_HAL_Driver/Src/stm32f1xx_hal_spi.c **** 
1970:Drivers/STM32F1xx_HAL_Driver/Src/stm32f1xx_hal_spi.c ****   /* Check if we are in Rx only or in Rx/Tx Mode and configure the DMA transfer complete callback *
ARM GAS  /var/folders/y0/yl1wrqfd209ghqq3s8k8qc1m0000gn/T//ccjYiGlu.s 			page 36


1971:Drivers/STM32F1xx_HAL_Driver/Src/stm32f1xx_hal_spi.c ****   if (hspi->State == HAL_SPI_STATE_BUSY_RX)
1972:Drivers/STM32F1xx_HAL_Driver/Src/stm32f1xx_hal_spi.c ****   {
1973:Drivers/STM32F1xx_HAL_Driver/Src/stm32f1xx_hal_spi.c ****     /* Set the SPI Rx DMA Half transfer complete callback */
1974:Drivers/STM32F1xx_HAL_Driver/Src/stm32f1xx_hal_spi.c ****     hspi->hdmarx->XferHalfCpltCallback = SPI_DMAHalfReceiveCplt;
1975:Drivers/STM32F1xx_HAL_Driver/Src/stm32f1xx_hal_spi.c ****     hspi->hdmarx->XferCpltCallback     = SPI_DMAReceiveCplt;
1976:Drivers/STM32F1xx_HAL_Driver/Src/stm32f1xx_hal_spi.c ****   }
1977:Drivers/STM32F1xx_HAL_Driver/Src/stm32f1xx_hal_spi.c ****   else
1978:Drivers/STM32F1xx_HAL_Driver/Src/stm32f1xx_hal_spi.c ****   {
1979:Drivers/STM32F1xx_HAL_Driver/Src/stm32f1xx_hal_spi.c ****     /* Set the SPI Tx/Rx DMA Half transfer complete callback */
1980:Drivers/STM32F1xx_HAL_Driver/Src/stm32f1xx_hal_spi.c ****     hspi->hdmarx->XferHalfCpltCallback = SPI_DMAHalfTransmitReceiveCplt;
1981:Drivers/STM32F1xx_HAL_Driver/Src/stm32f1xx_hal_spi.c ****     hspi->hdmarx->XferCpltCallback     = SPI_DMATransmitReceiveCplt;
1982:Drivers/STM32F1xx_HAL_Driver/Src/stm32f1xx_hal_spi.c ****   }
1983:Drivers/STM32F1xx_HAL_Driver/Src/stm32f1xx_hal_spi.c **** 
1984:Drivers/STM32F1xx_HAL_Driver/Src/stm32f1xx_hal_spi.c ****   /* Set the DMA error callback */
1985:Drivers/STM32F1xx_HAL_Driver/Src/stm32f1xx_hal_spi.c ****   hspi->hdmarx->XferErrorCallback = SPI_DMAError;
1986:Drivers/STM32F1xx_HAL_Driver/Src/stm32f1xx_hal_spi.c **** 
1987:Drivers/STM32F1xx_HAL_Driver/Src/stm32f1xx_hal_spi.c ****   /* Set the DMA AbortCpltCallback */
1988:Drivers/STM32F1xx_HAL_Driver/Src/stm32f1xx_hal_spi.c ****   hspi->hdmarx->XferAbortCallback = NULL;
1989:Drivers/STM32F1xx_HAL_Driver/Src/stm32f1xx_hal_spi.c **** 
1990:Drivers/STM32F1xx_HAL_Driver/Src/stm32f1xx_hal_spi.c ****   /* Enable the Rx DMA Stream/Channel  */
1991:Drivers/STM32F1xx_HAL_Driver/Src/stm32f1xx_hal_spi.c ****   if (HAL_OK != HAL_DMA_Start_IT(hspi->hdmarx, (uint32_t)&hspi->Instance->DR, (uint32_t)hspi->pRxBu
1992:Drivers/STM32F1xx_HAL_Driver/Src/stm32f1xx_hal_spi.c ****                                  hspi->RxXferCount))
1993:Drivers/STM32F1xx_HAL_Driver/Src/stm32f1xx_hal_spi.c ****   {
1994:Drivers/STM32F1xx_HAL_Driver/Src/stm32f1xx_hal_spi.c ****     /* Update SPI error code */
1995:Drivers/STM32F1xx_HAL_Driver/Src/stm32f1xx_hal_spi.c ****     SET_BIT(hspi->ErrorCode, HAL_SPI_ERROR_DMA);
1996:Drivers/STM32F1xx_HAL_Driver/Src/stm32f1xx_hal_spi.c ****     /* Process Unlocked */
1997:Drivers/STM32F1xx_HAL_Driver/Src/stm32f1xx_hal_spi.c ****     __HAL_UNLOCK(hspi);
1998:Drivers/STM32F1xx_HAL_Driver/Src/stm32f1xx_hal_spi.c ****     return HAL_ERROR;
1999:Drivers/STM32F1xx_HAL_Driver/Src/stm32f1xx_hal_spi.c ****   }
2000:Drivers/STM32F1xx_HAL_Driver/Src/stm32f1xx_hal_spi.c **** 
2001:Drivers/STM32F1xx_HAL_Driver/Src/stm32f1xx_hal_spi.c ****   /* Enable Rx DMA Request */
2002:Drivers/STM32F1xx_HAL_Driver/Src/stm32f1xx_hal_spi.c ****   SET_BIT(hspi->Instance->CR2, SPI_CR2_RXDMAEN);
2003:Drivers/STM32F1xx_HAL_Driver/Src/stm32f1xx_hal_spi.c **** 
2004:Drivers/STM32F1xx_HAL_Driver/Src/stm32f1xx_hal_spi.c ****   /* Set the SPI Tx DMA transfer complete callback as NULL because the communication closing
2005:Drivers/STM32F1xx_HAL_Driver/Src/stm32f1xx_hal_spi.c ****   is performed in DMA reception complete callback  */
2006:Drivers/STM32F1xx_HAL_Driver/Src/stm32f1xx_hal_spi.c ****   hspi->hdmatx->XferHalfCpltCallback = NULL;
2007:Drivers/STM32F1xx_HAL_Driver/Src/stm32f1xx_hal_spi.c ****   hspi->hdmatx->XferCpltCallback     = NULL;
2008:Drivers/STM32F1xx_HAL_Driver/Src/stm32f1xx_hal_spi.c ****   hspi->hdmatx->XferErrorCallback    = NULL;
2009:Drivers/STM32F1xx_HAL_Driver/Src/stm32f1xx_hal_spi.c ****   hspi->hdmatx->XferAbortCallback    = NULL;
2010:Drivers/STM32F1xx_HAL_Driver/Src/stm32f1xx_hal_spi.c **** 
2011:Drivers/STM32F1xx_HAL_Driver/Src/stm32f1xx_hal_spi.c ****   /* Enable the Tx DMA Stream/Channel  */
2012:Drivers/STM32F1xx_HAL_Driver/Src/stm32f1xx_hal_spi.c ****   if (HAL_OK != HAL_DMA_Start_IT(hspi->hdmatx, (uint32_t)hspi->pTxBuffPtr, (uint32_t)&hspi->Instanc
2013:Drivers/STM32F1xx_HAL_Driver/Src/stm32f1xx_hal_spi.c ****                                  hspi->TxXferCount))
2014:Drivers/STM32F1xx_HAL_Driver/Src/stm32f1xx_hal_spi.c ****   {
2015:Drivers/STM32F1xx_HAL_Driver/Src/stm32f1xx_hal_spi.c ****     /* Update SPI error code */
2016:Drivers/STM32F1xx_HAL_Driver/Src/stm32f1xx_hal_spi.c ****     SET_BIT(hspi->ErrorCode, HAL_SPI_ERROR_DMA);
2017:Drivers/STM32F1xx_HAL_Driver/Src/stm32f1xx_hal_spi.c ****     /* Process Unlocked */
2018:Drivers/STM32F1xx_HAL_Driver/Src/stm32f1xx_hal_spi.c ****     __HAL_UNLOCK(hspi);
2019:Drivers/STM32F1xx_HAL_Driver/Src/stm32f1xx_hal_spi.c ****     return HAL_ERROR;
2020:Drivers/STM32F1xx_HAL_Driver/Src/stm32f1xx_hal_spi.c ****   }
2021:Drivers/STM32F1xx_HAL_Driver/Src/stm32f1xx_hal_spi.c **** 
2022:Drivers/STM32F1xx_HAL_Driver/Src/stm32f1xx_hal_spi.c ****   /* Check if the SPI is already enabled */
2023:Drivers/STM32F1xx_HAL_Driver/Src/stm32f1xx_hal_spi.c ****   if ((hspi->Instance->CR1 & SPI_CR1_SPE) != SPI_CR1_SPE)
2024:Drivers/STM32F1xx_HAL_Driver/Src/stm32f1xx_hal_spi.c ****   {
2025:Drivers/STM32F1xx_HAL_Driver/Src/stm32f1xx_hal_spi.c ****     /* Enable SPI peripheral */
2026:Drivers/STM32F1xx_HAL_Driver/Src/stm32f1xx_hal_spi.c ****     __HAL_SPI_ENABLE(hspi);
2027:Drivers/STM32F1xx_HAL_Driver/Src/stm32f1xx_hal_spi.c ****   }
ARM GAS  /var/folders/y0/yl1wrqfd209ghqq3s8k8qc1m0000gn/T//ccjYiGlu.s 			page 37


2028:Drivers/STM32F1xx_HAL_Driver/Src/stm32f1xx_hal_spi.c **** 
2029:Drivers/STM32F1xx_HAL_Driver/Src/stm32f1xx_hal_spi.c ****   /* Process Unlocked */
2030:Drivers/STM32F1xx_HAL_Driver/Src/stm32f1xx_hal_spi.c ****   __HAL_UNLOCK(hspi);
2031:Drivers/STM32F1xx_HAL_Driver/Src/stm32f1xx_hal_spi.c **** 
2032:Drivers/STM32F1xx_HAL_Driver/Src/stm32f1xx_hal_spi.c ****   /* Enable the SPI Error Interrupt Bit */
2033:Drivers/STM32F1xx_HAL_Driver/Src/stm32f1xx_hal_spi.c ****   __HAL_SPI_ENABLE_IT(hspi, (SPI_IT_ERR));
2034:Drivers/STM32F1xx_HAL_Driver/Src/stm32f1xx_hal_spi.c **** 
2035:Drivers/STM32F1xx_HAL_Driver/Src/stm32f1xx_hal_spi.c ****   /* Enable Tx DMA Request */
2036:Drivers/STM32F1xx_HAL_Driver/Src/stm32f1xx_hal_spi.c ****   SET_BIT(hspi->Instance->CR2, SPI_CR2_TXDMAEN);
2037:Drivers/STM32F1xx_HAL_Driver/Src/stm32f1xx_hal_spi.c **** 
2038:Drivers/STM32F1xx_HAL_Driver/Src/stm32f1xx_hal_spi.c ****   return HAL_OK;
2039:Drivers/STM32F1xx_HAL_Driver/Src/stm32f1xx_hal_spi.c **** }
2040:Drivers/STM32F1xx_HAL_Driver/Src/stm32f1xx_hal_spi.c **** 
2041:Drivers/STM32F1xx_HAL_Driver/Src/stm32f1xx_hal_spi.c **** /**
2042:Drivers/STM32F1xx_HAL_Driver/Src/stm32f1xx_hal_spi.c ****   * @brief  Abort ongoing transfer (blocking mode).
2043:Drivers/STM32F1xx_HAL_Driver/Src/stm32f1xx_hal_spi.c ****   * @param  hspi SPI handle.
2044:Drivers/STM32F1xx_HAL_Driver/Src/stm32f1xx_hal_spi.c ****   * @note   This procedure could be used for aborting any ongoing transfer (Tx and Rx),
2045:Drivers/STM32F1xx_HAL_Driver/Src/stm32f1xx_hal_spi.c ****   *         started in Interrupt or DMA mode.
2046:Drivers/STM32F1xx_HAL_Driver/Src/stm32f1xx_hal_spi.c ****   *         This procedure performs following operations :
2047:Drivers/STM32F1xx_HAL_Driver/Src/stm32f1xx_hal_spi.c ****   *           - Disable SPI Interrupts (depending of transfer direction)
2048:Drivers/STM32F1xx_HAL_Driver/Src/stm32f1xx_hal_spi.c ****   *           - Disable the DMA transfer in the peripheral register (if enabled)
2049:Drivers/STM32F1xx_HAL_Driver/Src/stm32f1xx_hal_spi.c ****   *           - Abort DMA transfer by calling HAL_DMA_Abort (in case of transfer in DMA mode)
2050:Drivers/STM32F1xx_HAL_Driver/Src/stm32f1xx_hal_spi.c ****   *           - Set handle State to READY
2051:Drivers/STM32F1xx_HAL_Driver/Src/stm32f1xx_hal_spi.c ****   * @note   This procedure is executed in blocking mode : when exiting function, Abort is considere
2052:Drivers/STM32F1xx_HAL_Driver/Src/stm32f1xx_hal_spi.c ****   * @retval HAL status
2053:Drivers/STM32F1xx_HAL_Driver/Src/stm32f1xx_hal_spi.c ****   */
2054:Drivers/STM32F1xx_HAL_Driver/Src/stm32f1xx_hal_spi.c **** HAL_StatusTypeDef HAL_SPI_Abort(SPI_HandleTypeDef *hspi)
2055:Drivers/STM32F1xx_HAL_Driver/Src/stm32f1xx_hal_spi.c **** {
2056:Drivers/STM32F1xx_HAL_Driver/Src/stm32f1xx_hal_spi.c ****   HAL_StatusTypeDef errorcode;
2057:Drivers/STM32F1xx_HAL_Driver/Src/stm32f1xx_hal_spi.c ****   __IO uint32_t count;
2058:Drivers/STM32F1xx_HAL_Driver/Src/stm32f1xx_hal_spi.c ****   __IO uint32_t resetcount;
2059:Drivers/STM32F1xx_HAL_Driver/Src/stm32f1xx_hal_spi.c **** 
2060:Drivers/STM32F1xx_HAL_Driver/Src/stm32f1xx_hal_spi.c ****   /* Initialized local variable  */
2061:Drivers/STM32F1xx_HAL_Driver/Src/stm32f1xx_hal_spi.c ****   errorcode = HAL_OK;
2062:Drivers/STM32F1xx_HAL_Driver/Src/stm32f1xx_hal_spi.c ****   resetcount = SPI_DEFAULT_TIMEOUT * (SystemCoreClock / 24U / 1000U);
2063:Drivers/STM32F1xx_HAL_Driver/Src/stm32f1xx_hal_spi.c ****   count = resetcount;
2064:Drivers/STM32F1xx_HAL_Driver/Src/stm32f1xx_hal_spi.c **** 
2065:Drivers/STM32F1xx_HAL_Driver/Src/stm32f1xx_hal_spi.c ****   /* Clear ERRIE interrupt to avoid error interrupts generation during Abort procedure */
2066:Drivers/STM32F1xx_HAL_Driver/Src/stm32f1xx_hal_spi.c ****   CLEAR_BIT(hspi->Instance->CR2, SPI_CR2_ERRIE);
2067:Drivers/STM32F1xx_HAL_Driver/Src/stm32f1xx_hal_spi.c **** 
2068:Drivers/STM32F1xx_HAL_Driver/Src/stm32f1xx_hal_spi.c ****   /* Disable TXEIE, RXNEIE and ERRIE(mode fault event, overrun error, TI frame error) interrupts */
2069:Drivers/STM32F1xx_HAL_Driver/Src/stm32f1xx_hal_spi.c ****   if (HAL_IS_BIT_SET(hspi->Instance->CR2, SPI_CR2_TXEIE))
2070:Drivers/STM32F1xx_HAL_Driver/Src/stm32f1xx_hal_spi.c ****   {
2071:Drivers/STM32F1xx_HAL_Driver/Src/stm32f1xx_hal_spi.c ****     hspi->TxISR = SPI_AbortTx_ISR;
2072:Drivers/STM32F1xx_HAL_Driver/Src/stm32f1xx_hal_spi.c ****     /* Wait HAL_SPI_STATE_ABORT state */
2073:Drivers/STM32F1xx_HAL_Driver/Src/stm32f1xx_hal_spi.c ****     do
2074:Drivers/STM32F1xx_HAL_Driver/Src/stm32f1xx_hal_spi.c ****     {
2075:Drivers/STM32F1xx_HAL_Driver/Src/stm32f1xx_hal_spi.c ****       if (count == 0U)
2076:Drivers/STM32F1xx_HAL_Driver/Src/stm32f1xx_hal_spi.c ****       {
2077:Drivers/STM32F1xx_HAL_Driver/Src/stm32f1xx_hal_spi.c ****         SET_BIT(hspi->ErrorCode, HAL_SPI_ERROR_ABORT);
2078:Drivers/STM32F1xx_HAL_Driver/Src/stm32f1xx_hal_spi.c ****         break;
2079:Drivers/STM32F1xx_HAL_Driver/Src/stm32f1xx_hal_spi.c ****       }
2080:Drivers/STM32F1xx_HAL_Driver/Src/stm32f1xx_hal_spi.c ****       count--;
2081:Drivers/STM32F1xx_HAL_Driver/Src/stm32f1xx_hal_spi.c ****     } while (hspi->State != HAL_SPI_STATE_ABORT);
2082:Drivers/STM32F1xx_HAL_Driver/Src/stm32f1xx_hal_spi.c ****     /* Reset Timeout Counter */
2083:Drivers/STM32F1xx_HAL_Driver/Src/stm32f1xx_hal_spi.c ****     count = resetcount;
2084:Drivers/STM32F1xx_HAL_Driver/Src/stm32f1xx_hal_spi.c ****   }
ARM GAS  /var/folders/y0/yl1wrqfd209ghqq3s8k8qc1m0000gn/T//ccjYiGlu.s 			page 38


2085:Drivers/STM32F1xx_HAL_Driver/Src/stm32f1xx_hal_spi.c **** 
2086:Drivers/STM32F1xx_HAL_Driver/Src/stm32f1xx_hal_spi.c ****   if (HAL_IS_BIT_SET(hspi->Instance->CR2, SPI_CR2_RXNEIE))
2087:Drivers/STM32F1xx_HAL_Driver/Src/stm32f1xx_hal_spi.c ****   {
2088:Drivers/STM32F1xx_HAL_Driver/Src/stm32f1xx_hal_spi.c ****     hspi->RxISR = SPI_AbortRx_ISR;
2089:Drivers/STM32F1xx_HAL_Driver/Src/stm32f1xx_hal_spi.c ****     /* Wait HAL_SPI_STATE_ABORT state */
2090:Drivers/STM32F1xx_HAL_Driver/Src/stm32f1xx_hal_spi.c ****     do
2091:Drivers/STM32F1xx_HAL_Driver/Src/stm32f1xx_hal_spi.c ****     {
2092:Drivers/STM32F1xx_HAL_Driver/Src/stm32f1xx_hal_spi.c ****       if (count == 0U)
2093:Drivers/STM32F1xx_HAL_Driver/Src/stm32f1xx_hal_spi.c ****       {
2094:Drivers/STM32F1xx_HAL_Driver/Src/stm32f1xx_hal_spi.c ****         SET_BIT(hspi->ErrorCode, HAL_SPI_ERROR_ABORT);
2095:Drivers/STM32F1xx_HAL_Driver/Src/stm32f1xx_hal_spi.c ****         break;
2096:Drivers/STM32F1xx_HAL_Driver/Src/stm32f1xx_hal_spi.c ****       }
2097:Drivers/STM32F1xx_HAL_Driver/Src/stm32f1xx_hal_spi.c ****       count--;
2098:Drivers/STM32F1xx_HAL_Driver/Src/stm32f1xx_hal_spi.c ****     } while (hspi->State != HAL_SPI_STATE_ABORT);
2099:Drivers/STM32F1xx_HAL_Driver/Src/stm32f1xx_hal_spi.c ****     /* Reset Timeout Counter */
2100:Drivers/STM32F1xx_HAL_Driver/Src/stm32f1xx_hal_spi.c ****     count = resetcount;
2101:Drivers/STM32F1xx_HAL_Driver/Src/stm32f1xx_hal_spi.c ****   }
2102:Drivers/STM32F1xx_HAL_Driver/Src/stm32f1xx_hal_spi.c **** 
2103:Drivers/STM32F1xx_HAL_Driver/Src/stm32f1xx_hal_spi.c ****   /* Disable the SPI DMA Tx request if enabled */
2104:Drivers/STM32F1xx_HAL_Driver/Src/stm32f1xx_hal_spi.c ****   if (HAL_IS_BIT_SET(hspi->Instance->CR2, SPI_CR2_TXDMAEN))
2105:Drivers/STM32F1xx_HAL_Driver/Src/stm32f1xx_hal_spi.c ****   {
2106:Drivers/STM32F1xx_HAL_Driver/Src/stm32f1xx_hal_spi.c ****     /* Abort the SPI DMA Tx Stream/Channel : use blocking DMA Abort API (no callback) */
2107:Drivers/STM32F1xx_HAL_Driver/Src/stm32f1xx_hal_spi.c ****     if (hspi->hdmatx != NULL)
2108:Drivers/STM32F1xx_HAL_Driver/Src/stm32f1xx_hal_spi.c ****     {
2109:Drivers/STM32F1xx_HAL_Driver/Src/stm32f1xx_hal_spi.c ****       /* Set the SPI DMA Abort callback :
2110:Drivers/STM32F1xx_HAL_Driver/Src/stm32f1xx_hal_spi.c ****       will lead to call HAL_SPI_AbortCpltCallback() at end of DMA abort procedure */
2111:Drivers/STM32F1xx_HAL_Driver/Src/stm32f1xx_hal_spi.c ****       hspi->hdmatx->XferAbortCallback = NULL;
2112:Drivers/STM32F1xx_HAL_Driver/Src/stm32f1xx_hal_spi.c **** 
2113:Drivers/STM32F1xx_HAL_Driver/Src/stm32f1xx_hal_spi.c ****       /* Abort DMA Tx Handle linked to SPI Peripheral */
2114:Drivers/STM32F1xx_HAL_Driver/Src/stm32f1xx_hal_spi.c ****       if (HAL_DMA_Abort(hspi->hdmatx) != HAL_OK)
2115:Drivers/STM32F1xx_HAL_Driver/Src/stm32f1xx_hal_spi.c ****       {
2116:Drivers/STM32F1xx_HAL_Driver/Src/stm32f1xx_hal_spi.c ****         hspi->ErrorCode = HAL_SPI_ERROR_ABORT;
2117:Drivers/STM32F1xx_HAL_Driver/Src/stm32f1xx_hal_spi.c ****       }
2118:Drivers/STM32F1xx_HAL_Driver/Src/stm32f1xx_hal_spi.c **** 
2119:Drivers/STM32F1xx_HAL_Driver/Src/stm32f1xx_hal_spi.c ****       /* Disable Tx DMA Request */
2120:Drivers/STM32F1xx_HAL_Driver/Src/stm32f1xx_hal_spi.c ****       CLEAR_BIT(hspi->Instance->CR2, (SPI_CR2_TXDMAEN));
2121:Drivers/STM32F1xx_HAL_Driver/Src/stm32f1xx_hal_spi.c **** 
2122:Drivers/STM32F1xx_HAL_Driver/Src/stm32f1xx_hal_spi.c ****       /* Wait until TXE flag is set */
2123:Drivers/STM32F1xx_HAL_Driver/Src/stm32f1xx_hal_spi.c ****       do
2124:Drivers/STM32F1xx_HAL_Driver/Src/stm32f1xx_hal_spi.c ****       {
2125:Drivers/STM32F1xx_HAL_Driver/Src/stm32f1xx_hal_spi.c ****         if (count == 0U)
2126:Drivers/STM32F1xx_HAL_Driver/Src/stm32f1xx_hal_spi.c ****         {
2127:Drivers/STM32F1xx_HAL_Driver/Src/stm32f1xx_hal_spi.c ****           SET_BIT(hspi->ErrorCode, HAL_SPI_ERROR_ABORT);
2128:Drivers/STM32F1xx_HAL_Driver/Src/stm32f1xx_hal_spi.c ****           break;
2129:Drivers/STM32F1xx_HAL_Driver/Src/stm32f1xx_hal_spi.c ****         }
2130:Drivers/STM32F1xx_HAL_Driver/Src/stm32f1xx_hal_spi.c ****         count--;
2131:Drivers/STM32F1xx_HAL_Driver/Src/stm32f1xx_hal_spi.c ****       } while ((hspi->Instance->SR & SPI_FLAG_TXE) == RESET);
2132:Drivers/STM32F1xx_HAL_Driver/Src/stm32f1xx_hal_spi.c ****     }
2133:Drivers/STM32F1xx_HAL_Driver/Src/stm32f1xx_hal_spi.c ****   }
2134:Drivers/STM32F1xx_HAL_Driver/Src/stm32f1xx_hal_spi.c **** 
2135:Drivers/STM32F1xx_HAL_Driver/Src/stm32f1xx_hal_spi.c ****   /* Disable the SPI DMA Rx request if enabled */
2136:Drivers/STM32F1xx_HAL_Driver/Src/stm32f1xx_hal_spi.c ****   if (HAL_IS_BIT_SET(hspi->Instance->CR2, SPI_CR2_RXDMAEN))
2137:Drivers/STM32F1xx_HAL_Driver/Src/stm32f1xx_hal_spi.c ****   {
2138:Drivers/STM32F1xx_HAL_Driver/Src/stm32f1xx_hal_spi.c ****     /* Abort the SPI DMA Rx Stream/Channel : use blocking DMA Abort API (no callback) */
2139:Drivers/STM32F1xx_HAL_Driver/Src/stm32f1xx_hal_spi.c ****     if (hspi->hdmarx != NULL)
2140:Drivers/STM32F1xx_HAL_Driver/Src/stm32f1xx_hal_spi.c ****     {
2141:Drivers/STM32F1xx_HAL_Driver/Src/stm32f1xx_hal_spi.c ****       /* Set the SPI DMA Abort callback :
ARM GAS  /var/folders/y0/yl1wrqfd209ghqq3s8k8qc1m0000gn/T//ccjYiGlu.s 			page 39


2142:Drivers/STM32F1xx_HAL_Driver/Src/stm32f1xx_hal_spi.c ****       will lead to call HAL_SPI_AbortCpltCallback() at end of DMA abort procedure */
2143:Drivers/STM32F1xx_HAL_Driver/Src/stm32f1xx_hal_spi.c ****       hspi->hdmarx->XferAbortCallback = NULL;
2144:Drivers/STM32F1xx_HAL_Driver/Src/stm32f1xx_hal_spi.c **** 
2145:Drivers/STM32F1xx_HAL_Driver/Src/stm32f1xx_hal_spi.c ****       /* Abort DMA Rx Handle linked to SPI Peripheral */
2146:Drivers/STM32F1xx_HAL_Driver/Src/stm32f1xx_hal_spi.c ****       if (HAL_DMA_Abort(hspi->hdmarx) != HAL_OK)
2147:Drivers/STM32F1xx_HAL_Driver/Src/stm32f1xx_hal_spi.c ****       {
2148:Drivers/STM32F1xx_HAL_Driver/Src/stm32f1xx_hal_spi.c ****         hspi->ErrorCode = HAL_SPI_ERROR_ABORT;
2149:Drivers/STM32F1xx_HAL_Driver/Src/stm32f1xx_hal_spi.c ****       }
2150:Drivers/STM32F1xx_HAL_Driver/Src/stm32f1xx_hal_spi.c **** 
2151:Drivers/STM32F1xx_HAL_Driver/Src/stm32f1xx_hal_spi.c ****       /* Disable peripheral */
2152:Drivers/STM32F1xx_HAL_Driver/Src/stm32f1xx_hal_spi.c ****       __HAL_SPI_DISABLE(hspi);
2153:Drivers/STM32F1xx_HAL_Driver/Src/stm32f1xx_hal_spi.c **** 
2154:Drivers/STM32F1xx_HAL_Driver/Src/stm32f1xx_hal_spi.c ****       /* Disable Rx DMA Request */
2155:Drivers/STM32F1xx_HAL_Driver/Src/stm32f1xx_hal_spi.c ****       CLEAR_BIT(hspi->Instance->CR2, (SPI_CR2_RXDMAEN));
2156:Drivers/STM32F1xx_HAL_Driver/Src/stm32f1xx_hal_spi.c ****     }
2157:Drivers/STM32F1xx_HAL_Driver/Src/stm32f1xx_hal_spi.c ****   }
2158:Drivers/STM32F1xx_HAL_Driver/Src/stm32f1xx_hal_spi.c ****   /* Reset Tx and Rx transfer counters */
2159:Drivers/STM32F1xx_HAL_Driver/Src/stm32f1xx_hal_spi.c ****   hspi->RxXferCount = 0U;
2160:Drivers/STM32F1xx_HAL_Driver/Src/stm32f1xx_hal_spi.c ****   hspi->TxXferCount = 0U;
2161:Drivers/STM32F1xx_HAL_Driver/Src/stm32f1xx_hal_spi.c **** 
2162:Drivers/STM32F1xx_HAL_Driver/Src/stm32f1xx_hal_spi.c ****   /* Check error during Abort procedure */
2163:Drivers/STM32F1xx_HAL_Driver/Src/stm32f1xx_hal_spi.c ****   if (hspi->ErrorCode == HAL_SPI_ERROR_ABORT)
2164:Drivers/STM32F1xx_HAL_Driver/Src/stm32f1xx_hal_spi.c ****   {
2165:Drivers/STM32F1xx_HAL_Driver/Src/stm32f1xx_hal_spi.c ****     /* return HAL_Error in case of error during Abort procedure */
2166:Drivers/STM32F1xx_HAL_Driver/Src/stm32f1xx_hal_spi.c ****     errorcode = HAL_ERROR;
2167:Drivers/STM32F1xx_HAL_Driver/Src/stm32f1xx_hal_spi.c ****   }
2168:Drivers/STM32F1xx_HAL_Driver/Src/stm32f1xx_hal_spi.c ****   else
2169:Drivers/STM32F1xx_HAL_Driver/Src/stm32f1xx_hal_spi.c ****   {
2170:Drivers/STM32F1xx_HAL_Driver/Src/stm32f1xx_hal_spi.c ****     /* Reset errorCode */
2171:Drivers/STM32F1xx_HAL_Driver/Src/stm32f1xx_hal_spi.c ****     hspi->ErrorCode = HAL_SPI_ERROR_NONE;
2172:Drivers/STM32F1xx_HAL_Driver/Src/stm32f1xx_hal_spi.c ****   }
2173:Drivers/STM32F1xx_HAL_Driver/Src/stm32f1xx_hal_spi.c **** 
2174:Drivers/STM32F1xx_HAL_Driver/Src/stm32f1xx_hal_spi.c ****   /* Clear the Error flags in the SR register */
2175:Drivers/STM32F1xx_HAL_Driver/Src/stm32f1xx_hal_spi.c ****   __HAL_SPI_CLEAR_OVRFLAG(hspi);
2176:Drivers/STM32F1xx_HAL_Driver/Src/stm32f1xx_hal_spi.c **** 
2177:Drivers/STM32F1xx_HAL_Driver/Src/stm32f1xx_hal_spi.c ****   /* Restore hspi->state to ready */
2178:Drivers/STM32F1xx_HAL_Driver/Src/stm32f1xx_hal_spi.c ****   hspi->State = HAL_SPI_STATE_READY;
2179:Drivers/STM32F1xx_HAL_Driver/Src/stm32f1xx_hal_spi.c **** 
2180:Drivers/STM32F1xx_HAL_Driver/Src/stm32f1xx_hal_spi.c ****   return errorcode;
2181:Drivers/STM32F1xx_HAL_Driver/Src/stm32f1xx_hal_spi.c **** }
2182:Drivers/STM32F1xx_HAL_Driver/Src/stm32f1xx_hal_spi.c **** 
2183:Drivers/STM32F1xx_HAL_Driver/Src/stm32f1xx_hal_spi.c **** /**
2184:Drivers/STM32F1xx_HAL_Driver/Src/stm32f1xx_hal_spi.c ****   * @brief  Abort ongoing transfer (Interrupt mode).
2185:Drivers/STM32F1xx_HAL_Driver/Src/stm32f1xx_hal_spi.c ****   * @param  hspi SPI handle.
2186:Drivers/STM32F1xx_HAL_Driver/Src/stm32f1xx_hal_spi.c ****   * @note   This procedure could be used for aborting any ongoing transfer (Tx and Rx),
2187:Drivers/STM32F1xx_HAL_Driver/Src/stm32f1xx_hal_spi.c ****   *         started in Interrupt or DMA mode.
2188:Drivers/STM32F1xx_HAL_Driver/Src/stm32f1xx_hal_spi.c ****   *         This procedure performs following operations :
2189:Drivers/STM32F1xx_HAL_Driver/Src/stm32f1xx_hal_spi.c ****   *           - Disable SPI Interrupts (depending of transfer direction)
2190:Drivers/STM32F1xx_HAL_Driver/Src/stm32f1xx_hal_spi.c ****   *           - Disable the DMA transfer in the peripheral register (if enabled)
2191:Drivers/STM32F1xx_HAL_Driver/Src/stm32f1xx_hal_spi.c ****   *           - Abort DMA transfer by calling HAL_DMA_Abort_IT (in case of transfer in DMA mode)
2192:Drivers/STM32F1xx_HAL_Driver/Src/stm32f1xx_hal_spi.c ****   *           - Set handle State to READY
2193:Drivers/STM32F1xx_HAL_Driver/Src/stm32f1xx_hal_spi.c ****   *           - At abort completion, call user abort complete callback
2194:Drivers/STM32F1xx_HAL_Driver/Src/stm32f1xx_hal_spi.c ****   * @note   This procedure is executed in Interrupt mode, meaning that abort procedure could be
2195:Drivers/STM32F1xx_HAL_Driver/Src/stm32f1xx_hal_spi.c ****   *         considered as completed only when user abort complete callback is executed (not when ex
2196:Drivers/STM32F1xx_HAL_Driver/Src/stm32f1xx_hal_spi.c ****   * @retval HAL status
2197:Drivers/STM32F1xx_HAL_Driver/Src/stm32f1xx_hal_spi.c ****   */
2198:Drivers/STM32F1xx_HAL_Driver/Src/stm32f1xx_hal_spi.c **** HAL_StatusTypeDef HAL_SPI_Abort_IT(SPI_HandleTypeDef *hspi)
ARM GAS  /var/folders/y0/yl1wrqfd209ghqq3s8k8qc1m0000gn/T//ccjYiGlu.s 			page 40


2199:Drivers/STM32F1xx_HAL_Driver/Src/stm32f1xx_hal_spi.c **** {
2200:Drivers/STM32F1xx_HAL_Driver/Src/stm32f1xx_hal_spi.c ****   HAL_StatusTypeDef errorcode;
2201:Drivers/STM32F1xx_HAL_Driver/Src/stm32f1xx_hal_spi.c ****   uint32_t abortcplt ;
2202:Drivers/STM32F1xx_HAL_Driver/Src/stm32f1xx_hal_spi.c ****   __IO uint32_t count;
2203:Drivers/STM32F1xx_HAL_Driver/Src/stm32f1xx_hal_spi.c ****   __IO uint32_t resetcount;
2204:Drivers/STM32F1xx_HAL_Driver/Src/stm32f1xx_hal_spi.c **** 
2205:Drivers/STM32F1xx_HAL_Driver/Src/stm32f1xx_hal_spi.c ****   /* Initialized local variable  */
2206:Drivers/STM32F1xx_HAL_Driver/Src/stm32f1xx_hal_spi.c ****   errorcode = HAL_OK;
2207:Drivers/STM32F1xx_HAL_Driver/Src/stm32f1xx_hal_spi.c ****   abortcplt = 1U;
2208:Drivers/STM32F1xx_HAL_Driver/Src/stm32f1xx_hal_spi.c ****   resetcount = SPI_DEFAULT_TIMEOUT * (SystemCoreClock / 24U / 1000U);
2209:Drivers/STM32F1xx_HAL_Driver/Src/stm32f1xx_hal_spi.c ****   count = resetcount;
2210:Drivers/STM32F1xx_HAL_Driver/Src/stm32f1xx_hal_spi.c **** 
2211:Drivers/STM32F1xx_HAL_Driver/Src/stm32f1xx_hal_spi.c ****   /* Clear ERRIE interrupt to avoid error interrupts generation during Abort procedure */
2212:Drivers/STM32F1xx_HAL_Driver/Src/stm32f1xx_hal_spi.c ****   CLEAR_BIT(hspi->Instance->CR2, SPI_CR2_ERRIE);
2213:Drivers/STM32F1xx_HAL_Driver/Src/stm32f1xx_hal_spi.c **** 
2214:Drivers/STM32F1xx_HAL_Driver/Src/stm32f1xx_hal_spi.c ****   /* Change Rx and Tx Irq Handler to Disable TXEIE, RXNEIE and ERRIE interrupts */
2215:Drivers/STM32F1xx_HAL_Driver/Src/stm32f1xx_hal_spi.c ****   if (HAL_IS_BIT_SET(hspi->Instance->CR2, SPI_CR2_TXEIE))
2216:Drivers/STM32F1xx_HAL_Driver/Src/stm32f1xx_hal_spi.c ****   {
2217:Drivers/STM32F1xx_HAL_Driver/Src/stm32f1xx_hal_spi.c ****     hspi->TxISR = SPI_AbortTx_ISR;
2218:Drivers/STM32F1xx_HAL_Driver/Src/stm32f1xx_hal_spi.c ****     /* Wait HAL_SPI_STATE_ABORT state */
2219:Drivers/STM32F1xx_HAL_Driver/Src/stm32f1xx_hal_spi.c ****     do
2220:Drivers/STM32F1xx_HAL_Driver/Src/stm32f1xx_hal_spi.c ****     {
2221:Drivers/STM32F1xx_HAL_Driver/Src/stm32f1xx_hal_spi.c ****       if (count == 0U)
2222:Drivers/STM32F1xx_HAL_Driver/Src/stm32f1xx_hal_spi.c ****       {
2223:Drivers/STM32F1xx_HAL_Driver/Src/stm32f1xx_hal_spi.c ****         SET_BIT(hspi->ErrorCode, HAL_SPI_ERROR_ABORT);
2224:Drivers/STM32F1xx_HAL_Driver/Src/stm32f1xx_hal_spi.c ****         break;
2225:Drivers/STM32F1xx_HAL_Driver/Src/stm32f1xx_hal_spi.c ****       }
2226:Drivers/STM32F1xx_HAL_Driver/Src/stm32f1xx_hal_spi.c ****       count--;
2227:Drivers/STM32F1xx_HAL_Driver/Src/stm32f1xx_hal_spi.c ****     } while (hspi->State != HAL_SPI_STATE_ABORT);
2228:Drivers/STM32F1xx_HAL_Driver/Src/stm32f1xx_hal_spi.c ****     /* Reset Timeout Counter */
2229:Drivers/STM32F1xx_HAL_Driver/Src/stm32f1xx_hal_spi.c ****     count = resetcount;
2230:Drivers/STM32F1xx_HAL_Driver/Src/stm32f1xx_hal_spi.c ****   }
2231:Drivers/STM32F1xx_HAL_Driver/Src/stm32f1xx_hal_spi.c **** 
2232:Drivers/STM32F1xx_HAL_Driver/Src/stm32f1xx_hal_spi.c ****   if (HAL_IS_BIT_SET(hspi->Instance->CR2, SPI_CR2_RXNEIE))
2233:Drivers/STM32F1xx_HAL_Driver/Src/stm32f1xx_hal_spi.c ****   {
2234:Drivers/STM32F1xx_HAL_Driver/Src/stm32f1xx_hal_spi.c ****     hspi->RxISR = SPI_AbortRx_ISR;
2235:Drivers/STM32F1xx_HAL_Driver/Src/stm32f1xx_hal_spi.c ****     /* Wait HAL_SPI_STATE_ABORT state */
2236:Drivers/STM32F1xx_HAL_Driver/Src/stm32f1xx_hal_spi.c ****     do
2237:Drivers/STM32F1xx_HAL_Driver/Src/stm32f1xx_hal_spi.c ****     {
2238:Drivers/STM32F1xx_HAL_Driver/Src/stm32f1xx_hal_spi.c ****       if (count == 0U)
2239:Drivers/STM32F1xx_HAL_Driver/Src/stm32f1xx_hal_spi.c ****       {
2240:Drivers/STM32F1xx_HAL_Driver/Src/stm32f1xx_hal_spi.c ****         SET_BIT(hspi->ErrorCode, HAL_SPI_ERROR_ABORT);
2241:Drivers/STM32F1xx_HAL_Driver/Src/stm32f1xx_hal_spi.c ****         break;
2242:Drivers/STM32F1xx_HAL_Driver/Src/stm32f1xx_hal_spi.c ****       }
2243:Drivers/STM32F1xx_HAL_Driver/Src/stm32f1xx_hal_spi.c ****       count--;
2244:Drivers/STM32F1xx_HAL_Driver/Src/stm32f1xx_hal_spi.c ****     } while (hspi->State != HAL_SPI_STATE_ABORT);
2245:Drivers/STM32F1xx_HAL_Driver/Src/stm32f1xx_hal_spi.c ****     /* Reset Timeout Counter */
2246:Drivers/STM32F1xx_HAL_Driver/Src/stm32f1xx_hal_spi.c ****     count = resetcount;
2247:Drivers/STM32F1xx_HAL_Driver/Src/stm32f1xx_hal_spi.c ****   }
2248:Drivers/STM32F1xx_HAL_Driver/Src/stm32f1xx_hal_spi.c **** 
2249:Drivers/STM32F1xx_HAL_Driver/Src/stm32f1xx_hal_spi.c ****   /* If DMA Tx and/or DMA Rx Handles are associated to SPI Handle, DMA Abort complete callbacks sho
2250:Drivers/STM32F1xx_HAL_Driver/Src/stm32f1xx_hal_spi.c ****      before any call to DMA Abort functions */
2251:Drivers/STM32F1xx_HAL_Driver/Src/stm32f1xx_hal_spi.c ****   /* DMA Tx Handle is valid */
2252:Drivers/STM32F1xx_HAL_Driver/Src/stm32f1xx_hal_spi.c ****   if (hspi->hdmatx != NULL)
2253:Drivers/STM32F1xx_HAL_Driver/Src/stm32f1xx_hal_spi.c ****   {
2254:Drivers/STM32F1xx_HAL_Driver/Src/stm32f1xx_hal_spi.c ****     /* Set DMA Abort Complete callback if UART DMA Tx request if enabled.
2255:Drivers/STM32F1xx_HAL_Driver/Src/stm32f1xx_hal_spi.c ****        Otherwise, set it to NULL */
ARM GAS  /var/folders/y0/yl1wrqfd209ghqq3s8k8qc1m0000gn/T//ccjYiGlu.s 			page 41


2256:Drivers/STM32F1xx_HAL_Driver/Src/stm32f1xx_hal_spi.c ****     if (HAL_IS_BIT_SET(hspi->Instance->CR2, SPI_CR2_TXDMAEN))
2257:Drivers/STM32F1xx_HAL_Driver/Src/stm32f1xx_hal_spi.c ****     {
2258:Drivers/STM32F1xx_HAL_Driver/Src/stm32f1xx_hal_spi.c ****       hspi->hdmatx->XferAbortCallback = SPI_DMATxAbortCallback;
2259:Drivers/STM32F1xx_HAL_Driver/Src/stm32f1xx_hal_spi.c ****     }
2260:Drivers/STM32F1xx_HAL_Driver/Src/stm32f1xx_hal_spi.c ****     else
2261:Drivers/STM32F1xx_HAL_Driver/Src/stm32f1xx_hal_spi.c ****     {
2262:Drivers/STM32F1xx_HAL_Driver/Src/stm32f1xx_hal_spi.c ****       hspi->hdmatx->XferAbortCallback = NULL;
2263:Drivers/STM32F1xx_HAL_Driver/Src/stm32f1xx_hal_spi.c ****     }
2264:Drivers/STM32F1xx_HAL_Driver/Src/stm32f1xx_hal_spi.c ****   }
2265:Drivers/STM32F1xx_HAL_Driver/Src/stm32f1xx_hal_spi.c ****   /* DMA Rx Handle is valid */
2266:Drivers/STM32F1xx_HAL_Driver/Src/stm32f1xx_hal_spi.c ****   if (hspi->hdmarx != NULL)
2267:Drivers/STM32F1xx_HAL_Driver/Src/stm32f1xx_hal_spi.c ****   {
2268:Drivers/STM32F1xx_HAL_Driver/Src/stm32f1xx_hal_spi.c ****     /* Set DMA Abort Complete callback if UART DMA Rx request if enabled.
2269:Drivers/STM32F1xx_HAL_Driver/Src/stm32f1xx_hal_spi.c ****        Otherwise, set it to NULL */
2270:Drivers/STM32F1xx_HAL_Driver/Src/stm32f1xx_hal_spi.c ****     if (HAL_IS_BIT_SET(hspi->Instance->CR2, SPI_CR2_RXDMAEN))
2271:Drivers/STM32F1xx_HAL_Driver/Src/stm32f1xx_hal_spi.c ****     {
2272:Drivers/STM32F1xx_HAL_Driver/Src/stm32f1xx_hal_spi.c ****       hspi->hdmarx->XferAbortCallback = SPI_DMARxAbortCallback;
2273:Drivers/STM32F1xx_HAL_Driver/Src/stm32f1xx_hal_spi.c ****     }
2274:Drivers/STM32F1xx_HAL_Driver/Src/stm32f1xx_hal_spi.c ****     else
2275:Drivers/STM32F1xx_HAL_Driver/Src/stm32f1xx_hal_spi.c ****     {
2276:Drivers/STM32F1xx_HAL_Driver/Src/stm32f1xx_hal_spi.c ****       hspi->hdmarx->XferAbortCallback = NULL;
2277:Drivers/STM32F1xx_HAL_Driver/Src/stm32f1xx_hal_spi.c ****     }
2278:Drivers/STM32F1xx_HAL_Driver/Src/stm32f1xx_hal_spi.c ****   }
2279:Drivers/STM32F1xx_HAL_Driver/Src/stm32f1xx_hal_spi.c **** 
2280:Drivers/STM32F1xx_HAL_Driver/Src/stm32f1xx_hal_spi.c ****   /* Disable the SPI DMA Tx request if enabled */
2281:Drivers/STM32F1xx_HAL_Driver/Src/stm32f1xx_hal_spi.c ****   if (HAL_IS_BIT_SET(hspi->Instance->CR2, SPI_CR2_TXDMAEN))
2282:Drivers/STM32F1xx_HAL_Driver/Src/stm32f1xx_hal_spi.c ****   {
2283:Drivers/STM32F1xx_HAL_Driver/Src/stm32f1xx_hal_spi.c ****     /* Abort the SPI DMA Tx Stream/Channel */
2284:Drivers/STM32F1xx_HAL_Driver/Src/stm32f1xx_hal_spi.c ****     if (hspi->hdmatx != NULL)
2285:Drivers/STM32F1xx_HAL_Driver/Src/stm32f1xx_hal_spi.c ****     {
2286:Drivers/STM32F1xx_HAL_Driver/Src/stm32f1xx_hal_spi.c ****       /* Abort DMA Tx Handle linked to SPI Peripheral */
2287:Drivers/STM32F1xx_HAL_Driver/Src/stm32f1xx_hal_spi.c ****       if (HAL_DMA_Abort_IT(hspi->hdmatx) != HAL_OK)
2288:Drivers/STM32F1xx_HAL_Driver/Src/stm32f1xx_hal_spi.c ****       {
2289:Drivers/STM32F1xx_HAL_Driver/Src/stm32f1xx_hal_spi.c ****         hspi->hdmatx->XferAbortCallback = NULL;
2290:Drivers/STM32F1xx_HAL_Driver/Src/stm32f1xx_hal_spi.c ****         hspi->ErrorCode = HAL_SPI_ERROR_ABORT;
2291:Drivers/STM32F1xx_HAL_Driver/Src/stm32f1xx_hal_spi.c ****       }
2292:Drivers/STM32F1xx_HAL_Driver/Src/stm32f1xx_hal_spi.c ****       else
2293:Drivers/STM32F1xx_HAL_Driver/Src/stm32f1xx_hal_spi.c ****       {
2294:Drivers/STM32F1xx_HAL_Driver/Src/stm32f1xx_hal_spi.c ****         abortcplt = 0U;
2295:Drivers/STM32F1xx_HAL_Driver/Src/stm32f1xx_hal_spi.c ****       }
2296:Drivers/STM32F1xx_HAL_Driver/Src/stm32f1xx_hal_spi.c ****     }
2297:Drivers/STM32F1xx_HAL_Driver/Src/stm32f1xx_hal_spi.c ****   }
2298:Drivers/STM32F1xx_HAL_Driver/Src/stm32f1xx_hal_spi.c ****   /* Disable the SPI DMA Rx request if enabled */
2299:Drivers/STM32F1xx_HAL_Driver/Src/stm32f1xx_hal_spi.c ****   if (HAL_IS_BIT_SET(hspi->Instance->CR2, SPI_CR2_RXDMAEN))
2300:Drivers/STM32F1xx_HAL_Driver/Src/stm32f1xx_hal_spi.c ****   {
2301:Drivers/STM32F1xx_HAL_Driver/Src/stm32f1xx_hal_spi.c ****     /* Abort the SPI DMA Rx Stream/Channel */
2302:Drivers/STM32F1xx_HAL_Driver/Src/stm32f1xx_hal_spi.c ****     if (hspi->hdmarx != NULL)
2303:Drivers/STM32F1xx_HAL_Driver/Src/stm32f1xx_hal_spi.c ****     {
2304:Drivers/STM32F1xx_HAL_Driver/Src/stm32f1xx_hal_spi.c ****       /* Abort DMA Rx Handle linked to SPI Peripheral */
2305:Drivers/STM32F1xx_HAL_Driver/Src/stm32f1xx_hal_spi.c ****       if (HAL_DMA_Abort_IT(hspi->hdmarx) !=  HAL_OK)
2306:Drivers/STM32F1xx_HAL_Driver/Src/stm32f1xx_hal_spi.c ****       {
2307:Drivers/STM32F1xx_HAL_Driver/Src/stm32f1xx_hal_spi.c ****         hspi->hdmarx->XferAbortCallback = NULL;
2308:Drivers/STM32F1xx_HAL_Driver/Src/stm32f1xx_hal_spi.c ****         hspi->ErrorCode = HAL_SPI_ERROR_ABORT;
2309:Drivers/STM32F1xx_HAL_Driver/Src/stm32f1xx_hal_spi.c ****       }
2310:Drivers/STM32F1xx_HAL_Driver/Src/stm32f1xx_hal_spi.c ****       else
2311:Drivers/STM32F1xx_HAL_Driver/Src/stm32f1xx_hal_spi.c ****       {
2312:Drivers/STM32F1xx_HAL_Driver/Src/stm32f1xx_hal_spi.c ****         abortcplt = 0U;
ARM GAS  /var/folders/y0/yl1wrqfd209ghqq3s8k8qc1m0000gn/T//ccjYiGlu.s 			page 42


2313:Drivers/STM32F1xx_HAL_Driver/Src/stm32f1xx_hal_spi.c ****       }
2314:Drivers/STM32F1xx_HAL_Driver/Src/stm32f1xx_hal_spi.c ****     }
2315:Drivers/STM32F1xx_HAL_Driver/Src/stm32f1xx_hal_spi.c ****   }
2316:Drivers/STM32F1xx_HAL_Driver/Src/stm32f1xx_hal_spi.c **** 
2317:Drivers/STM32F1xx_HAL_Driver/Src/stm32f1xx_hal_spi.c ****   if (abortcplt == 1U)
2318:Drivers/STM32F1xx_HAL_Driver/Src/stm32f1xx_hal_spi.c ****   {
2319:Drivers/STM32F1xx_HAL_Driver/Src/stm32f1xx_hal_spi.c ****     /* Reset Tx and Rx transfer counters */
2320:Drivers/STM32F1xx_HAL_Driver/Src/stm32f1xx_hal_spi.c ****     hspi->RxXferCount = 0U;
2321:Drivers/STM32F1xx_HAL_Driver/Src/stm32f1xx_hal_spi.c ****     hspi->TxXferCount = 0U;
2322:Drivers/STM32F1xx_HAL_Driver/Src/stm32f1xx_hal_spi.c **** 
2323:Drivers/STM32F1xx_HAL_Driver/Src/stm32f1xx_hal_spi.c ****     /* Check error during Abort procedure */
2324:Drivers/STM32F1xx_HAL_Driver/Src/stm32f1xx_hal_spi.c ****     if (hspi->ErrorCode == HAL_SPI_ERROR_ABORT)
2325:Drivers/STM32F1xx_HAL_Driver/Src/stm32f1xx_hal_spi.c ****     {
2326:Drivers/STM32F1xx_HAL_Driver/Src/stm32f1xx_hal_spi.c ****       /* return HAL_Error in case of error during Abort procedure */
2327:Drivers/STM32F1xx_HAL_Driver/Src/stm32f1xx_hal_spi.c ****       errorcode = HAL_ERROR;
2328:Drivers/STM32F1xx_HAL_Driver/Src/stm32f1xx_hal_spi.c ****     }
2329:Drivers/STM32F1xx_HAL_Driver/Src/stm32f1xx_hal_spi.c ****     else
2330:Drivers/STM32F1xx_HAL_Driver/Src/stm32f1xx_hal_spi.c ****     {
2331:Drivers/STM32F1xx_HAL_Driver/Src/stm32f1xx_hal_spi.c ****       /* Reset errorCode */
2332:Drivers/STM32F1xx_HAL_Driver/Src/stm32f1xx_hal_spi.c ****       hspi->ErrorCode = HAL_SPI_ERROR_NONE;
2333:Drivers/STM32F1xx_HAL_Driver/Src/stm32f1xx_hal_spi.c ****     }
2334:Drivers/STM32F1xx_HAL_Driver/Src/stm32f1xx_hal_spi.c **** 
2335:Drivers/STM32F1xx_HAL_Driver/Src/stm32f1xx_hal_spi.c ****     /* Clear the Error flags in the SR register */
2336:Drivers/STM32F1xx_HAL_Driver/Src/stm32f1xx_hal_spi.c ****     __HAL_SPI_CLEAR_OVRFLAG(hspi);
2337:Drivers/STM32F1xx_HAL_Driver/Src/stm32f1xx_hal_spi.c **** 
2338:Drivers/STM32F1xx_HAL_Driver/Src/stm32f1xx_hal_spi.c ****     /* Restore hspi->State to Ready */
2339:Drivers/STM32F1xx_HAL_Driver/Src/stm32f1xx_hal_spi.c ****     hspi->State = HAL_SPI_STATE_READY;
2340:Drivers/STM32F1xx_HAL_Driver/Src/stm32f1xx_hal_spi.c **** 
2341:Drivers/STM32F1xx_HAL_Driver/Src/stm32f1xx_hal_spi.c ****     /* As no DMA to be aborted, call directly user Abort complete callback */
2342:Drivers/STM32F1xx_HAL_Driver/Src/stm32f1xx_hal_spi.c **** #if (USE_HAL_SPI_REGISTER_CALLBACKS == 1U)
2343:Drivers/STM32F1xx_HAL_Driver/Src/stm32f1xx_hal_spi.c ****     hspi->AbortCpltCallback(hspi);
2344:Drivers/STM32F1xx_HAL_Driver/Src/stm32f1xx_hal_spi.c **** #else
2345:Drivers/STM32F1xx_HAL_Driver/Src/stm32f1xx_hal_spi.c ****     HAL_SPI_AbortCpltCallback(hspi);
2346:Drivers/STM32F1xx_HAL_Driver/Src/stm32f1xx_hal_spi.c **** #endif /* USE_HAL_SPI_REGISTER_CALLBACKS */
2347:Drivers/STM32F1xx_HAL_Driver/Src/stm32f1xx_hal_spi.c ****   }
2348:Drivers/STM32F1xx_HAL_Driver/Src/stm32f1xx_hal_spi.c **** 
2349:Drivers/STM32F1xx_HAL_Driver/Src/stm32f1xx_hal_spi.c ****   return errorcode;
2350:Drivers/STM32F1xx_HAL_Driver/Src/stm32f1xx_hal_spi.c **** }
2351:Drivers/STM32F1xx_HAL_Driver/Src/stm32f1xx_hal_spi.c **** 
2352:Drivers/STM32F1xx_HAL_Driver/Src/stm32f1xx_hal_spi.c **** /**
2353:Drivers/STM32F1xx_HAL_Driver/Src/stm32f1xx_hal_spi.c ****   * @brief  Pause the DMA Transfer.
2354:Drivers/STM32F1xx_HAL_Driver/Src/stm32f1xx_hal_spi.c ****   * @param  hspi pointer to a SPI_HandleTypeDef structure that contains
2355:Drivers/STM32F1xx_HAL_Driver/Src/stm32f1xx_hal_spi.c ****   *               the configuration information for the specified SPI module.
2356:Drivers/STM32F1xx_HAL_Driver/Src/stm32f1xx_hal_spi.c ****   * @retval HAL status
2357:Drivers/STM32F1xx_HAL_Driver/Src/stm32f1xx_hal_spi.c ****   */
2358:Drivers/STM32F1xx_HAL_Driver/Src/stm32f1xx_hal_spi.c **** HAL_StatusTypeDef HAL_SPI_DMAPause(SPI_HandleTypeDef *hspi)
2359:Drivers/STM32F1xx_HAL_Driver/Src/stm32f1xx_hal_spi.c **** {
2360:Drivers/STM32F1xx_HAL_Driver/Src/stm32f1xx_hal_spi.c ****   /* Process Locked */
2361:Drivers/STM32F1xx_HAL_Driver/Src/stm32f1xx_hal_spi.c ****   __HAL_LOCK(hspi);
2362:Drivers/STM32F1xx_HAL_Driver/Src/stm32f1xx_hal_spi.c **** 
2363:Drivers/STM32F1xx_HAL_Driver/Src/stm32f1xx_hal_spi.c ****   /* Disable the SPI DMA Tx & Rx requests */
2364:Drivers/STM32F1xx_HAL_Driver/Src/stm32f1xx_hal_spi.c ****   CLEAR_BIT(hspi->Instance->CR2, SPI_CR2_TXDMAEN | SPI_CR2_RXDMAEN);
2365:Drivers/STM32F1xx_HAL_Driver/Src/stm32f1xx_hal_spi.c **** 
2366:Drivers/STM32F1xx_HAL_Driver/Src/stm32f1xx_hal_spi.c ****   /* Process Unlocked */
2367:Drivers/STM32F1xx_HAL_Driver/Src/stm32f1xx_hal_spi.c ****   __HAL_UNLOCK(hspi);
2368:Drivers/STM32F1xx_HAL_Driver/Src/stm32f1xx_hal_spi.c **** 
2369:Drivers/STM32F1xx_HAL_Driver/Src/stm32f1xx_hal_spi.c ****   return HAL_OK;
ARM GAS  /var/folders/y0/yl1wrqfd209ghqq3s8k8qc1m0000gn/T//ccjYiGlu.s 			page 43


2370:Drivers/STM32F1xx_HAL_Driver/Src/stm32f1xx_hal_spi.c **** }
2371:Drivers/STM32F1xx_HAL_Driver/Src/stm32f1xx_hal_spi.c **** 
2372:Drivers/STM32F1xx_HAL_Driver/Src/stm32f1xx_hal_spi.c **** /**
2373:Drivers/STM32F1xx_HAL_Driver/Src/stm32f1xx_hal_spi.c ****   * @brief  Resume the DMA Transfer.
2374:Drivers/STM32F1xx_HAL_Driver/Src/stm32f1xx_hal_spi.c ****   * @param  hspi pointer to a SPI_HandleTypeDef structure that contains
2375:Drivers/STM32F1xx_HAL_Driver/Src/stm32f1xx_hal_spi.c ****   *               the configuration information for the specified SPI module.
2376:Drivers/STM32F1xx_HAL_Driver/Src/stm32f1xx_hal_spi.c ****   * @retval HAL status
2377:Drivers/STM32F1xx_HAL_Driver/Src/stm32f1xx_hal_spi.c ****   */
2378:Drivers/STM32F1xx_HAL_Driver/Src/stm32f1xx_hal_spi.c **** HAL_StatusTypeDef HAL_SPI_DMAResume(SPI_HandleTypeDef *hspi)
2379:Drivers/STM32F1xx_HAL_Driver/Src/stm32f1xx_hal_spi.c **** {
2380:Drivers/STM32F1xx_HAL_Driver/Src/stm32f1xx_hal_spi.c ****   /* Process Locked */
2381:Drivers/STM32F1xx_HAL_Driver/Src/stm32f1xx_hal_spi.c ****   __HAL_LOCK(hspi);
2382:Drivers/STM32F1xx_HAL_Driver/Src/stm32f1xx_hal_spi.c **** 
2383:Drivers/STM32F1xx_HAL_Driver/Src/stm32f1xx_hal_spi.c ****   /* Enable the SPI DMA Tx & Rx requests */
2384:Drivers/STM32F1xx_HAL_Driver/Src/stm32f1xx_hal_spi.c ****   SET_BIT(hspi->Instance->CR2, SPI_CR2_TXDMAEN | SPI_CR2_RXDMAEN);
2385:Drivers/STM32F1xx_HAL_Driver/Src/stm32f1xx_hal_spi.c **** 
2386:Drivers/STM32F1xx_HAL_Driver/Src/stm32f1xx_hal_spi.c ****   /* Process Unlocked */
2387:Drivers/STM32F1xx_HAL_Driver/Src/stm32f1xx_hal_spi.c ****   __HAL_UNLOCK(hspi);
2388:Drivers/STM32F1xx_HAL_Driver/Src/stm32f1xx_hal_spi.c **** 
2389:Drivers/STM32F1xx_HAL_Driver/Src/stm32f1xx_hal_spi.c ****   return HAL_OK;
2390:Drivers/STM32F1xx_HAL_Driver/Src/stm32f1xx_hal_spi.c **** }
2391:Drivers/STM32F1xx_HAL_Driver/Src/stm32f1xx_hal_spi.c **** 
2392:Drivers/STM32F1xx_HAL_Driver/Src/stm32f1xx_hal_spi.c **** /**
2393:Drivers/STM32F1xx_HAL_Driver/Src/stm32f1xx_hal_spi.c ****   * @brief  Stop the DMA Transfer.
2394:Drivers/STM32F1xx_HAL_Driver/Src/stm32f1xx_hal_spi.c ****   * @param  hspi pointer to a SPI_HandleTypeDef structure that contains
2395:Drivers/STM32F1xx_HAL_Driver/Src/stm32f1xx_hal_spi.c ****   *               the configuration information for the specified SPI module.
2396:Drivers/STM32F1xx_HAL_Driver/Src/stm32f1xx_hal_spi.c ****   * @retval HAL status
2397:Drivers/STM32F1xx_HAL_Driver/Src/stm32f1xx_hal_spi.c ****   */
2398:Drivers/STM32F1xx_HAL_Driver/Src/stm32f1xx_hal_spi.c **** HAL_StatusTypeDef HAL_SPI_DMAStop(SPI_HandleTypeDef *hspi)
2399:Drivers/STM32F1xx_HAL_Driver/Src/stm32f1xx_hal_spi.c **** {
2400:Drivers/STM32F1xx_HAL_Driver/Src/stm32f1xx_hal_spi.c ****   HAL_StatusTypeDef errorcode = HAL_OK;
2401:Drivers/STM32F1xx_HAL_Driver/Src/stm32f1xx_hal_spi.c ****   /* The Lock is not implemented on this API to allow the user application
2402:Drivers/STM32F1xx_HAL_Driver/Src/stm32f1xx_hal_spi.c ****      to call the HAL SPI API under callbacks HAL_SPI_TxCpltCallback() or HAL_SPI_RxCpltCallback() o
2403:Drivers/STM32F1xx_HAL_Driver/Src/stm32f1xx_hal_spi.c ****      HAL_SPI_TxRxCpltCallback():
2404:Drivers/STM32F1xx_HAL_Driver/Src/stm32f1xx_hal_spi.c ****      when calling HAL_DMA_Abort() API the DMA TX/RX Transfer complete interrupt is generated
2405:Drivers/STM32F1xx_HAL_Driver/Src/stm32f1xx_hal_spi.c ****      and the correspond call back is executed HAL_SPI_TxCpltCallback() or HAL_SPI_RxCpltCallback() 
2406:Drivers/STM32F1xx_HAL_Driver/Src/stm32f1xx_hal_spi.c ****      HAL_SPI_TxRxCpltCallback()
2407:Drivers/STM32F1xx_HAL_Driver/Src/stm32f1xx_hal_spi.c ****      */
2408:Drivers/STM32F1xx_HAL_Driver/Src/stm32f1xx_hal_spi.c **** 
2409:Drivers/STM32F1xx_HAL_Driver/Src/stm32f1xx_hal_spi.c ****   /* Abort the SPI DMA tx Stream/Channel  */
2410:Drivers/STM32F1xx_HAL_Driver/Src/stm32f1xx_hal_spi.c ****   if (hspi->hdmatx != NULL)
2411:Drivers/STM32F1xx_HAL_Driver/Src/stm32f1xx_hal_spi.c ****   {
2412:Drivers/STM32F1xx_HAL_Driver/Src/stm32f1xx_hal_spi.c ****     if (HAL_OK != HAL_DMA_Abort(hspi->hdmatx))
2413:Drivers/STM32F1xx_HAL_Driver/Src/stm32f1xx_hal_spi.c ****     {
2414:Drivers/STM32F1xx_HAL_Driver/Src/stm32f1xx_hal_spi.c ****       SET_BIT(hspi->ErrorCode, HAL_SPI_ERROR_DMA);
2415:Drivers/STM32F1xx_HAL_Driver/Src/stm32f1xx_hal_spi.c ****       errorcode = HAL_ERROR;
2416:Drivers/STM32F1xx_HAL_Driver/Src/stm32f1xx_hal_spi.c ****     }
2417:Drivers/STM32F1xx_HAL_Driver/Src/stm32f1xx_hal_spi.c ****   }
2418:Drivers/STM32F1xx_HAL_Driver/Src/stm32f1xx_hal_spi.c ****   /* Abort the SPI DMA rx Stream/Channel  */
2419:Drivers/STM32F1xx_HAL_Driver/Src/stm32f1xx_hal_spi.c ****   if (hspi->hdmarx != NULL)
2420:Drivers/STM32F1xx_HAL_Driver/Src/stm32f1xx_hal_spi.c ****   {
2421:Drivers/STM32F1xx_HAL_Driver/Src/stm32f1xx_hal_spi.c ****     if (HAL_OK != HAL_DMA_Abort(hspi->hdmarx))
2422:Drivers/STM32F1xx_HAL_Driver/Src/stm32f1xx_hal_spi.c ****     {
2423:Drivers/STM32F1xx_HAL_Driver/Src/stm32f1xx_hal_spi.c ****       SET_BIT(hspi->ErrorCode, HAL_SPI_ERROR_DMA);
2424:Drivers/STM32F1xx_HAL_Driver/Src/stm32f1xx_hal_spi.c ****       errorcode = HAL_ERROR;
2425:Drivers/STM32F1xx_HAL_Driver/Src/stm32f1xx_hal_spi.c ****     }
2426:Drivers/STM32F1xx_HAL_Driver/Src/stm32f1xx_hal_spi.c ****   }
ARM GAS  /var/folders/y0/yl1wrqfd209ghqq3s8k8qc1m0000gn/T//ccjYiGlu.s 			page 44


2427:Drivers/STM32F1xx_HAL_Driver/Src/stm32f1xx_hal_spi.c **** 
2428:Drivers/STM32F1xx_HAL_Driver/Src/stm32f1xx_hal_spi.c ****   /* Disable the SPI DMA Tx & Rx requests */
2429:Drivers/STM32F1xx_HAL_Driver/Src/stm32f1xx_hal_spi.c ****   CLEAR_BIT(hspi->Instance->CR2, SPI_CR2_TXDMAEN | SPI_CR2_RXDMAEN);
2430:Drivers/STM32F1xx_HAL_Driver/Src/stm32f1xx_hal_spi.c ****   hspi->State = HAL_SPI_STATE_READY;
2431:Drivers/STM32F1xx_HAL_Driver/Src/stm32f1xx_hal_spi.c ****   return errorcode;
2432:Drivers/STM32F1xx_HAL_Driver/Src/stm32f1xx_hal_spi.c **** }
2433:Drivers/STM32F1xx_HAL_Driver/Src/stm32f1xx_hal_spi.c **** 
2434:Drivers/STM32F1xx_HAL_Driver/Src/stm32f1xx_hal_spi.c **** /**
2435:Drivers/STM32F1xx_HAL_Driver/Src/stm32f1xx_hal_spi.c ****   * @brief  Handle SPI interrupt request.
2436:Drivers/STM32F1xx_HAL_Driver/Src/stm32f1xx_hal_spi.c ****   * @param  hspi pointer to a SPI_HandleTypeDef structure that contains
2437:Drivers/STM32F1xx_HAL_Driver/Src/stm32f1xx_hal_spi.c ****   *               the configuration information for the specified SPI module.
2438:Drivers/STM32F1xx_HAL_Driver/Src/stm32f1xx_hal_spi.c ****   * @retval None
2439:Drivers/STM32F1xx_HAL_Driver/Src/stm32f1xx_hal_spi.c ****   */
2440:Drivers/STM32F1xx_HAL_Driver/Src/stm32f1xx_hal_spi.c **** void HAL_SPI_IRQHandler(SPI_HandleTypeDef *hspi)
2441:Drivers/STM32F1xx_HAL_Driver/Src/stm32f1xx_hal_spi.c **** {
2442:Drivers/STM32F1xx_HAL_Driver/Src/stm32f1xx_hal_spi.c ****   uint32_t itsource = hspi->Instance->CR2;
2443:Drivers/STM32F1xx_HAL_Driver/Src/stm32f1xx_hal_spi.c ****   uint32_t itflag   = hspi->Instance->SR;
2444:Drivers/STM32F1xx_HAL_Driver/Src/stm32f1xx_hal_spi.c **** 
2445:Drivers/STM32F1xx_HAL_Driver/Src/stm32f1xx_hal_spi.c ****   /* SPI in mode Receiver ----------------------------------------------------*/
2446:Drivers/STM32F1xx_HAL_Driver/Src/stm32f1xx_hal_spi.c ****   if ((SPI_CHECK_FLAG(itflag, SPI_FLAG_OVR) == RESET) &&
2447:Drivers/STM32F1xx_HAL_Driver/Src/stm32f1xx_hal_spi.c ****       (SPI_CHECK_FLAG(itflag, SPI_FLAG_RXNE) != RESET) && (SPI_CHECK_IT_SOURCE(itsource, SPI_IT_RXN
2448:Drivers/STM32F1xx_HAL_Driver/Src/stm32f1xx_hal_spi.c ****   {
2449:Drivers/STM32F1xx_HAL_Driver/Src/stm32f1xx_hal_spi.c ****     hspi->RxISR(hspi);
2450:Drivers/STM32F1xx_HAL_Driver/Src/stm32f1xx_hal_spi.c ****     return;
2451:Drivers/STM32F1xx_HAL_Driver/Src/stm32f1xx_hal_spi.c ****   }
2452:Drivers/STM32F1xx_HAL_Driver/Src/stm32f1xx_hal_spi.c **** 
2453:Drivers/STM32F1xx_HAL_Driver/Src/stm32f1xx_hal_spi.c ****   /* SPI in mode Transmitter -------------------------------------------------*/
2454:Drivers/STM32F1xx_HAL_Driver/Src/stm32f1xx_hal_spi.c ****   if ((SPI_CHECK_FLAG(itflag, SPI_FLAG_TXE) != RESET) && (SPI_CHECK_IT_SOURCE(itsource, SPI_IT_TXE)
2455:Drivers/STM32F1xx_HAL_Driver/Src/stm32f1xx_hal_spi.c ****   {
2456:Drivers/STM32F1xx_HAL_Driver/Src/stm32f1xx_hal_spi.c ****     hspi->TxISR(hspi);
2457:Drivers/STM32F1xx_HAL_Driver/Src/stm32f1xx_hal_spi.c ****     return;
2458:Drivers/STM32F1xx_HAL_Driver/Src/stm32f1xx_hal_spi.c ****   }
2459:Drivers/STM32F1xx_HAL_Driver/Src/stm32f1xx_hal_spi.c **** 
2460:Drivers/STM32F1xx_HAL_Driver/Src/stm32f1xx_hal_spi.c ****   /* SPI in Error Treatment --------------------------------------------------*/
2461:Drivers/STM32F1xx_HAL_Driver/Src/stm32f1xx_hal_spi.c ****   if (((SPI_CHECK_FLAG(itflag, SPI_FLAG_MODF) != RESET) || (SPI_CHECK_FLAG(itflag, SPI_FLAG_OVR) !=
2462:Drivers/STM32F1xx_HAL_Driver/Src/stm32f1xx_hal_spi.c ****       && (SPI_CHECK_IT_SOURCE(itsource, SPI_IT_ERR) != RESET))
2463:Drivers/STM32F1xx_HAL_Driver/Src/stm32f1xx_hal_spi.c ****   {
2464:Drivers/STM32F1xx_HAL_Driver/Src/stm32f1xx_hal_spi.c ****     /* SPI Overrun error interrupt occurred ----------------------------------*/
2465:Drivers/STM32F1xx_HAL_Driver/Src/stm32f1xx_hal_spi.c ****     if (SPI_CHECK_FLAG(itflag, SPI_FLAG_OVR) != RESET)
2466:Drivers/STM32F1xx_HAL_Driver/Src/stm32f1xx_hal_spi.c ****     {
2467:Drivers/STM32F1xx_HAL_Driver/Src/stm32f1xx_hal_spi.c ****       if (hspi->State != HAL_SPI_STATE_BUSY_TX)
2468:Drivers/STM32F1xx_HAL_Driver/Src/stm32f1xx_hal_spi.c ****       {
2469:Drivers/STM32F1xx_HAL_Driver/Src/stm32f1xx_hal_spi.c ****         SET_BIT(hspi->ErrorCode, HAL_SPI_ERROR_OVR);
2470:Drivers/STM32F1xx_HAL_Driver/Src/stm32f1xx_hal_spi.c ****         __HAL_SPI_CLEAR_OVRFLAG(hspi);
2471:Drivers/STM32F1xx_HAL_Driver/Src/stm32f1xx_hal_spi.c ****       }
2472:Drivers/STM32F1xx_HAL_Driver/Src/stm32f1xx_hal_spi.c ****       else
2473:Drivers/STM32F1xx_HAL_Driver/Src/stm32f1xx_hal_spi.c ****       {
2474:Drivers/STM32F1xx_HAL_Driver/Src/stm32f1xx_hal_spi.c ****         __HAL_SPI_CLEAR_OVRFLAG(hspi);
2475:Drivers/STM32F1xx_HAL_Driver/Src/stm32f1xx_hal_spi.c ****         return;
2476:Drivers/STM32F1xx_HAL_Driver/Src/stm32f1xx_hal_spi.c ****       }
2477:Drivers/STM32F1xx_HAL_Driver/Src/stm32f1xx_hal_spi.c ****     }
2478:Drivers/STM32F1xx_HAL_Driver/Src/stm32f1xx_hal_spi.c **** 
2479:Drivers/STM32F1xx_HAL_Driver/Src/stm32f1xx_hal_spi.c ****     /* SPI Mode Fault error interrupt occurred -------------------------------*/
2480:Drivers/STM32F1xx_HAL_Driver/Src/stm32f1xx_hal_spi.c ****     if (SPI_CHECK_FLAG(itflag, SPI_FLAG_MODF) != RESET)
2481:Drivers/STM32F1xx_HAL_Driver/Src/stm32f1xx_hal_spi.c ****     {
2482:Drivers/STM32F1xx_HAL_Driver/Src/stm32f1xx_hal_spi.c ****       SET_BIT(hspi->ErrorCode, HAL_SPI_ERROR_MODF);
2483:Drivers/STM32F1xx_HAL_Driver/Src/stm32f1xx_hal_spi.c ****       __HAL_SPI_CLEAR_MODFFLAG(hspi);
ARM GAS  /var/folders/y0/yl1wrqfd209ghqq3s8k8qc1m0000gn/T//ccjYiGlu.s 			page 45


2484:Drivers/STM32F1xx_HAL_Driver/Src/stm32f1xx_hal_spi.c ****     }
2485:Drivers/STM32F1xx_HAL_Driver/Src/stm32f1xx_hal_spi.c **** 
2486:Drivers/STM32F1xx_HAL_Driver/Src/stm32f1xx_hal_spi.c ****     /* SPI Frame error interrupt occurred ------------------------------------*/
2487:Drivers/STM32F1xx_HAL_Driver/Src/stm32f1xx_hal_spi.c **** 
2488:Drivers/STM32F1xx_HAL_Driver/Src/stm32f1xx_hal_spi.c ****     if (hspi->ErrorCode != HAL_SPI_ERROR_NONE)
2489:Drivers/STM32F1xx_HAL_Driver/Src/stm32f1xx_hal_spi.c ****     {
2490:Drivers/STM32F1xx_HAL_Driver/Src/stm32f1xx_hal_spi.c ****       /* Disable all interrupts */
2491:Drivers/STM32F1xx_HAL_Driver/Src/stm32f1xx_hal_spi.c ****       __HAL_SPI_DISABLE_IT(hspi, SPI_IT_RXNE | SPI_IT_TXE | SPI_IT_ERR);
2492:Drivers/STM32F1xx_HAL_Driver/Src/stm32f1xx_hal_spi.c **** 
2493:Drivers/STM32F1xx_HAL_Driver/Src/stm32f1xx_hal_spi.c ****       hspi->State = HAL_SPI_STATE_READY;
2494:Drivers/STM32F1xx_HAL_Driver/Src/stm32f1xx_hal_spi.c ****       /* Disable the SPI DMA requests if enabled */
2495:Drivers/STM32F1xx_HAL_Driver/Src/stm32f1xx_hal_spi.c ****       if ((HAL_IS_BIT_SET(itsource, SPI_CR2_TXDMAEN)) || (HAL_IS_BIT_SET(itsource, SPI_CR2_RXDMAEN)
2496:Drivers/STM32F1xx_HAL_Driver/Src/stm32f1xx_hal_spi.c ****       {
2497:Drivers/STM32F1xx_HAL_Driver/Src/stm32f1xx_hal_spi.c ****         CLEAR_BIT(hspi->Instance->CR2, (SPI_CR2_TXDMAEN | SPI_CR2_RXDMAEN));
2498:Drivers/STM32F1xx_HAL_Driver/Src/stm32f1xx_hal_spi.c **** 
2499:Drivers/STM32F1xx_HAL_Driver/Src/stm32f1xx_hal_spi.c ****         /* Abort the SPI DMA Rx channel */
2500:Drivers/STM32F1xx_HAL_Driver/Src/stm32f1xx_hal_spi.c ****         if (hspi->hdmarx != NULL)
2501:Drivers/STM32F1xx_HAL_Driver/Src/stm32f1xx_hal_spi.c ****         {
2502:Drivers/STM32F1xx_HAL_Driver/Src/stm32f1xx_hal_spi.c ****           /* Set the SPI DMA Abort callback :
2503:Drivers/STM32F1xx_HAL_Driver/Src/stm32f1xx_hal_spi.c ****           will lead to call HAL_SPI_ErrorCallback() at end of DMA abort procedure */
2504:Drivers/STM32F1xx_HAL_Driver/Src/stm32f1xx_hal_spi.c ****           hspi->hdmarx->XferAbortCallback = SPI_DMAAbortOnError;
2505:Drivers/STM32F1xx_HAL_Driver/Src/stm32f1xx_hal_spi.c ****           if (HAL_OK != HAL_DMA_Abort_IT(hspi->hdmarx))
2506:Drivers/STM32F1xx_HAL_Driver/Src/stm32f1xx_hal_spi.c ****           {
2507:Drivers/STM32F1xx_HAL_Driver/Src/stm32f1xx_hal_spi.c ****             SET_BIT(hspi->ErrorCode, HAL_SPI_ERROR_ABORT);
2508:Drivers/STM32F1xx_HAL_Driver/Src/stm32f1xx_hal_spi.c ****           }
2509:Drivers/STM32F1xx_HAL_Driver/Src/stm32f1xx_hal_spi.c ****         }
2510:Drivers/STM32F1xx_HAL_Driver/Src/stm32f1xx_hal_spi.c ****         /* Abort the SPI DMA Tx channel */
2511:Drivers/STM32F1xx_HAL_Driver/Src/stm32f1xx_hal_spi.c ****         if (hspi->hdmatx != NULL)
2512:Drivers/STM32F1xx_HAL_Driver/Src/stm32f1xx_hal_spi.c ****         {
2513:Drivers/STM32F1xx_HAL_Driver/Src/stm32f1xx_hal_spi.c ****           /* Set the SPI DMA Abort callback :
2514:Drivers/STM32F1xx_HAL_Driver/Src/stm32f1xx_hal_spi.c ****           will lead to call HAL_SPI_ErrorCallback() at end of DMA abort procedure */
2515:Drivers/STM32F1xx_HAL_Driver/Src/stm32f1xx_hal_spi.c ****           hspi->hdmatx->XferAbortCallback = SPI_DMAAbortOnError;
2516:Drivers/STM32F1xx_HAL_Driver/Src/stm32f1xx_hal_spi.c ****           if (HAL_OK != HAL_DMA_Abort_IT(hspi->hdmatx))
2517:Drivers/STM32F1xx_HAL_Driver/Src/stm32f1xx_hal_spi.c ****           {
2518:Drivers/STM32F1xx_HAL_Driver/Src/stm32f1xx_hal_spi.c ****             SET_BIT(hspi->ErrorCode, HAL_SPI_ERROR_ABORT);
2519:Drivers/STM32F1xx_HAL_Driver/Src/stm32f1xx_hal_spi.c ****           }
2520:Drivers/STM32F1xx_HAL_Driver/Src/stm32f1xx_hal_spi.c ****         }
2521:Drivers/STM32F1xx_HAL_Driver/Src/stm32f1xx_hal_spi.c ****       }
2522:Drivers/STM32F1xx_HAL_Driver/Src/stm32f1xx_hal_spi.c ****       else
2523:Drivers/STM32F1xx_HAL_Driver/Src/stm32f1xx_hal_spi.c ****       {
2524:Drivers/STM32F1xx_HAL_Driver/Src/stm32f1xx_hal_spi.c ****         /* Call user error callback */
2525:Drivers/STM32F1xx_HAL_Driver/Src/stm32f1xx_hal_spi.c **** #if (USE_HAL_SPI_REGISTER_CALLBACKS == 1U)
2526:Drivers/STM32F1xx_HAL_Driver/Src/stm32f1xx_hal_spi.c ****         hspi->ErrorCallback(hspi);
2527:Drivers/STM32F1xx_HAL_Driver/Src/stm32f1xx_hal_spi.c **** #else
2528:Drivers/STM32F1xx_HAL_Driver/Src/stm32f1xx_hal_spi.c ****         HAL_SPI_ErrorCallback(hspi);
2529:Drivers/STM32F1xx_HAL_Driver/Src/stm32f1xx_hal_spi.c **** #endif /* USE_HAL_SPI_REGISTER_CALLBACKS */
2530:Drivers/STM32F1xx_HAL_Driver/Src/stm32f1xx_hal_spi.c ****       }
2531:Drivers/STM32F1xx_HAL_Driver/Src/stm32f1xx_hal_spi.c ****     }
2532:Drivers/STM32F1xx_HAL_Driver/Src/stm32f1xx_hal_spi.c ****     return;
2533:Drivers/STM32F1xx_HAL_Driver/Src/stm32f1xx_hal_spi.c ****   }
2534:Drivers/STM32F1xx_HAL_Driver/Src/stm32f1xx_hal_spi.c **** }
2535:Drivers/STM32F1xx_HAL_Driver/Src/stm32f1xx_hal_spi.c **** 
2536:Drivers/STM32F1xx_HAL_Driver/Src/stm32f1xx_hal_spi.c **** /**
2537:Drivers/STM32F1xx_HAL_Driver/Src/stm32f1xx_hal_spi.c ****   * @brief  Tx Transfer completed callback.
2538:Drivers/STM32F1xx_HAL_Driver/Src/stm32f1xx_hal_spi.c ****   * @param  hspi pointer to a SPI_HandleTypeDef structure that contains
2539:Drivers/STM32F1xx_HAL_Driver/Src/stm32f1xx_hal_spi.c ****   *               the configuration information for SPI module.
2540:Drivers/STM32F1xx_HAL_Driver/Src/stm32f1xx_hal_spi.c ****   * @retval None
ARM GAS  /var/folders/y0/yl1wrqfd209ghqq3s8k8qc1m0000gn/T//ccjYiGlu.s 			page 46


2541:Drivers/STM32F1xx_HAL_Driver/Src/stm32f1xx_hal_spi.c ****   */
2542:Drivers/STM32F1xx_HAL_Driver/Src/stm32f1xx_hal_spi.c **** __weak void HAL_SPI_TxCpltCallback(SPI_HandleTypeDef *hspi)
2543:Drivers/STM32F1xx_HAL_Driver/Src/stm32f1xx_hal_spi.c **** {
2544:Drivers/STM32F1xx_HAL_Driver/Src/stm32f1xx_hal_spi.c ****   /* Prevent unused argument(s) compilation warning */
2545:Drivers/STM32F1xx_HAL_Driver/Src/stm32f1xx_hal_spi.c ****   UNUSED(hspi);
2546:Drivers/STM32F1xx_HAL_Driver/Src/stm32f1xx_hal_spi.c **** 
2547:Drivers/STM32F1xx_HAL_Driver/Src/stm32f1xx_hal_spi.c ****   /* NOTE : This function should not be modified, when the callback is needed,
2548:Drivers/STM32F1xx_HAL_Driver/Src/stm32f1xx_hal_spi.c ****             the HAL_SPI_TxCpltCallback should be implemented in the user file
2549:Drivers/STM32F1xx_HAL_Driver/Src/stm32f1xx_hal_spi.c ****    */
2550:Drivers/STM32F1xx_HAL_Driver/Src/stm32f1xx_hal_spi.c **** }
2551:Drivers/STM32F1xx_HAL_Driver/Src/stm32f1xx_hal_spi.c **** 
2552:Drivers/STM32F1xx_HAL_Driver/Src/stm32f1xx_hal_spi.c **** /**
2553:Drivers/STM32F1xx_HAL_Driver/Src/stm32f1xx_hal_spi.c ****   * @brief  Rx Transfer completed callback.
2554:Drivers/STM32F1xx_HAL_Driver/Src/stm32f1xx_hal_spi.c ****   * @param  hspi pointer to a SPI_HandleTypeDef structure that contains
2555:Drivers/STM32F1xx_HAL_Driver/Src/stm32f1xx_hal_spi.c ****   *               the configuration information for SPI module.
2556:Drivers/STM32F1xx_HAL_Driver/Src/stm32f1xx_hal_spi.c ****   * @retval None
2557:Drivers/STM32F1xx_HAL_Driver/Src/stm32f1xx_hal_spi.c ****   */
2558:Drivers/STM32F1xx_HAL_Driver/Src/stm32f1xx_hal_spi.c **** __weak void HAL_SPI_RxCpltCallback(SPI_HandleTypeDef *hspi)
2559:Drivers/STM32F1xx_HAL_Driver/Src/stm32f1xx_hal_spi.c **** {
2560:Drivers/STM32F1xx_HAL_Driver/Src/stm32f1xx_hal_spi.c ****   /* Prevent unused argument(s) compilation warning */
2561:Drivers/STM32F1xx_HAL_Driver/Src/stm32f1xx_hal_spi.c ****   UNUSED(hspi);
2562:Drivers/STM32F1xx_HAL_Driver/Src/stm32f1xx_hal_spi.c **** 
2563:Drivers/STM32F1xx_HAL_Driver/Src/stm32f1xx_hal_spi.c ****   /* NOTE : This function should not be modified, when the callback is needed,
2564:Drivers/STM32F1xx_HAL_Driver/Src/stm32f1xx_hal_spi.c ****             the HAL_SPI_RxCpltCallback should be implemented in the user file
2565:Drivers/STM32F1xx_HAL_Driver/Src/stm32f1xx_hal_spi.c ****    */
2566:Drivers/STM32F1xx_HAL_Driver/Src/stm32f1xx_hal_spi.c **** }
2567:Drivers/STM32F1xx_HAL_Driver/Src/stm32f1xx_hal_spi.c **** 
2568:Drivers/STM32F1xx_HAL_Driver/Src/stm32f1xx_hal_spi.c **** /**
2569:Drivers/STM32F1xx_HAL_Driver/Src/stm32f1xx_hal_spi.c ****   * @brief  Tx and Rx Transfer completed callback.
2570:Drivers/STM32F1xx_HAL_Driver/Src/stm32f1xx_hal_spi.c ****   * @param  hspi pointer to a SPI_HandleTypeDef structure that contains
2571:Drivers/STM32F1xx_HAL_Driver/Src/stm32f1xx_hal_spi.c ****   *               the configuration information for SPI module.
2572:Drivers/STM32F1xx_HAL_Driver/Src/stm32f1xx_hal_spi.c ****   * @retval None
2573:Drivers/STM32F1xx_HAL_Driver/Src/stm32f1xx_hal_spi.c ****   */
2574:Drivers/STM32F1xx_HAL_Driver/Src/stm32f1xx_hal_spi.c **** __weak void HAL_SPI_TxRxCpltCallback(SPI_HandleTypeDef *hspi)
2575:Drivers/STM32F1xx_HAL_Driver/Src/stm32f1xx_hal_spi.c **** {
2576:Drivers/STM32F1xx_HAL_Driver/Src/stm32f1xx_hal_spi.c ****   /* Prevent unused argument(s) compilation warning */
2577:Drivers/STM32F1xx_HAL_Driver/Src/stm32f1xx_hal_spi.c ****   UNUSED(hspi);
2578:Drivers/STM32F1xx_HAL_Driver/Src/stm32f1xx_hal_spi.c **** 
2579:Drivers/STM32F1xx_HAL_Driver/Src/stm32f1xx_hal_spi.c ****   /* NOTE : This function should not be modified, when the callback is needed,
2580:Drivers/STM32F1xx_HAL_Driver/Src/stm32f1xx_hal_spi.c ****             the HAL_SPI_TxRxCpltCallback should be implemented in the user file
2581:Drivers/STM32F1xx_HAL_Driver/Src/stm32f1xx_hal_spi.c ****    */
2582:Drivers/STM32F1xx_HAL_Driver/Src/stm32f1xx_hal_spi.c **** }
2583:Drivers/STM32F1xx_HAL_Driver/Src/stm32f1xx_hal_spi.c **** 
2584:Drivers/STM32F1xx_HAL_Driver/Src/stm32f1xx_hal_spi.c **** /**
2585:Drivers/STM32F1xx_HAL_Driver/Src/stm32f1xx_hal_spi.c ****   * @brief  Tx Half Transfer completed callback.
2586:Drivers/STM32F1xx_HAL_Driver/Src/stm32f1xx_hal_spi.c ****   * @param  hspi pointer to a SPI_HandleTypeDef structure that contains
2587:Drivers/STM32F1xx_HAL_Driver/Src/stm32f1xx_hal_spi.c ****   *               the configuration information for SPI module.
2588:Drivers/STM32F1xx_HAL_Driver/Src/stm32f1xx_hal_spi.c ****   * @retval None
2589:Drivers/STM32F1xx_HAL_Driver/Src/stm32f1xx_hal_spi.c ****   */
2590:Drivers/STM32F1xx_HAL_Driver/Src/stm32f1xx_hal_spi.c **** __weak void HAL_SPI_TxHalfCpltCallback(SPI_HandleTypeDef *hspi)
2591:Drivers/STM32F1xx_HAL_Driver/Src/stm32f1xx_hal_spi.c **** {
2592:Drivers/STM32F1xx_HAL_Driver/Src/stm32f1xx_hal_spi.c ****   /* Prevent unused argument(s) compilation warning */
2593:Drivers/STM32F1xx_HAL_Driver/Src/stm32f1xx_hal_spi.c ****   UNUSED(hspi);
2594:Drivers/STM32F1xx_HAL_Driver/Src/stm32f1xx_hal_spi.c **** 
2595:Drivers/STM32F1xx_HAL_Driver/Src/stm32f1xx_hal_spi.c ****   /* NOTE : This function should not be modified, when the callback is needed,
2596:Drivers/STM32F1xx_HAL_Driver/Src/stm32f1xx_hal_spi.c ****             the HAL_SPI_TxHalfCpltCallback should be implemented in the user file
2597:Drivers/STM32F1xx_HAL_Driver/Src/stm32f1xx_hal_spi.c ****    */
ARM GAS  /var/folders/y0/yl1wrqfd209ghqq3s8k8qc1m0000gn/T//ccjYiGlu.s 			page 47


2598:Drivers/STM32F1xx_HAL_Driver/Src/stm32f1xx_hal_spi.c **** }
2599:Drivers/STM32F1xx_HAL_Driver/Src/stm32f1xx_hal_spi.c **** 
2600:Drivers/STM32F1xx_HAL_Driver/Src/stm32f1xx_hal_spi.c **** /**
2601:Drivers/STM32F1xx_HAL_Driver/Src/stm32f1xx_hal_spi.c ****   * @brief  Rx Half Transfer completed callback.
2602:Drivers/STM32F1xx_HAL_Driver/Src/stm32f1xx_hal_spi.c ****   * @param  hspi pointer to a SPI_HandleTypeDef structure that contains
2603:Drivers/STM32F1xx_HAL_Driver/Src/stm32f1xx_hal_spi.c ****   *               the configuration information for SPI module.
2604:Drivers/STM32F1xx_HAL_Driver/Src/stm32f1xx_hal_spi.c ****   * @retval None
2605:Drivers/STM32F1xx_HAL_Driver/Src/stm32f1xx_hal_spi.c ****   */
2606:Drivers/STM32F1xx_HAL_Driver/Src/stm32f1xx_hal_spi.c **** __weak void HAL_SPI_RxHalfCpltCallback(SPI_HandleTypeDef *hspi)
2607:Drivers/STM32F1xx_HAL_Driver/Src/stm32f1xx_hal_spi.c **** {
2608:Drivers/STM32F1xx_HAL_Driver/Src/stm32f1xx_hal_spi.c ****   /* Prevent unused argument(s) compilation warning */
2609:Drivers/STM32F1xx_HAL_Driver/Src/stm32f1xx_hal_spi.c ****   UNUSED(hspi);
2610:Drivers/STM32F1xx_HAL_Driver/Src/stm32f1xx_hal_spi.c **** 
2611:Drivers/STM32F1xx_HAL_Driver/Src/stm32f1xx_hal_spi.c ****   /* NOTE : This function should not be modified, when the callback is needed,
2612:Drivers/STM32F1xx_HAL_Driver/Src/stm32f1xx_hal_spi.c ****             the HAL_SPI_RxHalfCpltCallback() should be implemented in the user file
2613:Drivers/STM32F1xx_HAL_Driver/Src/stm32f1xx_hal_spi.c ****    */
2614:Drivers/STM32F1xx_HAL_Driver/Src/stm32f1xx_hal_spi.c **** }
2615:Drivers/STM32F1xx_HAL_Driver/Src/stm32f1xx_hal_spi.c **** 
2616:Drivers/STM32F1xx_HAL_Driver/Src/stm32f1xx_hal_spi.c **** /**
2617:Drivers/STM32F1xx_HAL_Driver/Src/stm32f1xx_hal_spi.c ****   * @brief  Tx and Rx Half Transfer callback.
2618:Drivers/STM32F1xx_HAL_Driver/Src/stm32f1xx_hal_spi.c ****   * @param  hspi pointer to a SPI_HandleTypeDef structure that contains
2619:Drivers/STM32F1xx_HAL_Driver/Src/stm32f1xx_hal_spi.c ****   *               the configuration information for SPI module.
2620:Drivers/STM32F1xx_HAL_Driver/Src/stm32f1xx_hal_spi.c ****   * @retval None
2621:Drivers/STM32F1xx_HAL_Driver/Src/stm32f1xx_hal_spi.c ****   */
2622:Drivers/STM32F1xx_HAL_Driver/Src/stm32f1xx_hal_spi.c **** __weak void HAL_SPI_TxRxHalfCpltCallback(SPI_HandleTypeDef *hspi)
2623:Drivers/STM32F1xx_HAL_Driver/Src/stm32f1xx_hal_spi.c **** {
2624:Drivers/STM32F1xx_HAL_Driver/Src/stm32f1xx_hal_spi.c ****   /* Prevent unused argument(s) compilation warning */
2625:Drivers/STM32F1xx_HAL_Driver/Src/stm32f1xx_hal_spi.c ****   UNUSED(hspi);
2626:Drivers/STM32F1xx_HAL_Driver/Src/stm32f1xx_hal_spi.c **** 
2627:Drivers/STM32F1xx_HAL_Driver/Src/stm32f1xx_hal_spi.c ****   /* NOTE : This function should not be modified, when the callback is needed,
2628:Drivers/STM32F1xx_HAL_Driver/Src/stm32f1xx_hal_spi.c ****             the HAL_SPI_TxRxHalfCpltCallback() should be implemented in the user file
2629:Drivers/STM32F1xx_HAL_Driver/Src/stm32f1xx_hal_spi.c ****    */
2630:Drivers/STM32F1xx_HAL_Driver/Src/stm32f1xx_hal_spi.c **** }
2631:Drivers/STM32F1xx_HAL_Driver/Src/stm32f1xx_hal_spi.c **** 
2632:Drivers/STM32F1xx_HAL_Driver/Src/stm32f1xx_hal_spi.c **** /**
2633:Drivers/STM32F1xx_HAL_Driver/Src/stm32f1xx_hal_spi.c ****   * @brief  SPI error callback.
2634:Drivers/STM32F1xx_HAL_Driver/Src/stm32f1xx_hal_spi.c ****   * @param  hspi pointer to a SPI_HandleTypeDef structure that contains
2635:Drivers/STM32F1xx_HAL_Driver/Src/stm32f1xx_hal_spi.c ****   *               the configuration information for SPI module.
2636:Drivers/STM32F1xx_HAL_Driver/Src/stm32f1xx_hal_spi.c ****   * @retval None
2637:Drivers/STM32F1xx_HAL_Driver/Src/stm32f1xx_hal_spi.c ****   */
2638:Drivers/STM32F1xx_HAL_Driver/Src/stm32f1xx_hal_spi.c **** __weak void HAL_SPI_ErrorCallback(SPI_HandleTypeDef *hspi)
2639:Drivers/STM32F1xx_HAL_Driver/Src/stm32f1xx_hal_spi.c **** {
2640:Drivers/STM32F1xx_HAL_Driver/Src/stm32f1xx_hal_spi.c ****   /* Prevent unused argument(s) compilation warning */
2641:Drivers/STM32F1xx_HAL_Driver/Src/stm32f1xx_hal_spi.c ****   UNUSED(hspi);
2642:Drivers/STM32F1xx_HAL_Driver/Src/stm32f1xx_hal_spi.c **** 
2643:Drivers/STM32F1xx_HAL_Driver/Src/stm32f1xx_hal_spi.c ****   /* NOTE : This function should not be modified, when the callback is needed,
2644:Drivers/STM32F1xx_HAL_Driver/Src/stm32f1xx_hal_spi.c ****             the HAL_SPI_ErrorCallback should be implemented in the user file
2645:Drivers/STM32F1xx_HAL_Driver/Src/stm32f1xx_hal_spi.c ****    */
2646:Drivers/STM32F1xx_HAL_Driver/Src/stm32f1xx_hal_spi.c ****   /* NOTE : The ErrorCode parameter in the hspi handle is updated by the SPI processes
2647:Drivers/STM32F1xx_HAL_Driver/Src/stm32f1xx_hal_spi.c ****             and user can use HAL_SPI_GetError() API to check the latest error occurred
2648:Drivers/STM32F1xx_HAL_Driver/Src/stm32f1xx_hal_spi.c ****    */
2649:Drivers/STM32F1xx_HAL_Driver/Src/stm32f1xx_hal_spi.c **** }
2650:Drivers/STM32F1xx_HAL_Driver/Src/stm32f1xx_hal_spi.c **** 
2651:Drivers/STM32F1xx_HAL_Driver/Src/stm32f1xx_hal_spi.c **** /**
2652:Drivers/STM32F1xx_HAL_Driver/Src/stm32f1xx_hal_spi.c ****   * @brief  SPI Abort Complete callback.
2653:Drivers/STM32F1xx_HAL_Driver/Src/stm32f1xx_hal_spi.c ****   * @param  hspi SPI handle.
2654:Drivers/STM32F1xx_HAL_Driver/Src/stm32f1xx_hal_spi.c ****   * @retval None
ARM GAS  /var/folders/y0/yl1wrqfd209ghqq3s8k8qc1m0000gn/T//ccjYiGlu.s 			page 48


2655:Drivers/STM32F1xx_HAL_Driver/Src/stm32f1xx_hal_spi.c ****   */
2656:Drivers/STM32F1xx_HAL_Driver/Src/stm32f1xx_hal_spi.c **** __weak void HAL_SPI_AbortCpltCallback(SPI_HandleTypeDef *hspi)
2657:Drivers/STM32F1xx_HAL_Driver/Src/stm32f1xx_hal_spi.c **** {
2658:Drivers/STM32F1xx_HAL_Driver/Src/stm32f1xx_hal_spi.c ****   /* Prevent unused argument(s) compilation warning */
2659:Drivers/STM32F1xx_HAL_Driver/Src/stm32f1xx_hal_spi.c ****   UNUSED(hspi);
2660:Drivers/STM32F1xx_HAL_Driver/Src/stm32f1xx_hal_spi.c **** 
2661:Drivers/STM32F1xx_HAL_Driver/Src/stm32f1xx_hal_spi.c ****   /* NOTE : This function should not be modified, when the callback is needed,
2662:Drivers/STM32F1xx_HAL_Driver/Src/stm32f1xx_hal_spi.c ****             the HAL_SPI_AbortCpltCallback can be implemented in the user file.
2663:Drivers/STM32F1xx_HAL_Driver/Src/stm32f1xx_hal_spi.c ****    */
2664:Drivers/STM32F1xx_HAL_Driver/Src/stm32f1xx_hal_spi.c **** }
2665:Drivers/STM32F1xx_HAL_Driver/Src/stm32f1xx_hal_spi.c **** 
2666:Drivers/STM32F1xx_HAL_Driver/Src/stm32f1xx_hal_spi.c **** /**
2667:Drivers/STM32F1xx_HAL_Driver/Src/stm32f1xx_hal_spi.c ****   * @}
2668:Drivers/STM32F1xx_HAL_Driver/Src/stm32f1xx_hal_spi.c ****   */
2669:Drivers/STM32F1xx_HAL_Driver/Src/stm32f1xx_hal_spi.c **** 
2670:Drivers/STM32F1xx_HAL_Driver/Src/stm32f1xx_hal_spi.c **** /** @defgroup SPI_Exported_Functions_Group3 Peripheral State and Errors functions
2671:Drivers/STM32F1xx_HAL_Driver/Src/stm32f1xx_hal_spi.c ****   * @brief   SPI control functions
2672:Drivers/STM32F1xx_HAL_Driver/Src/stm32f1xx_hal_spi.c ****   *
2673:Drivers/STM32F1xx_HAL_Driver/Src/stm32f1xx_hal_spi.c **** @verbatim
2674:Drivers/STM32F1xx_HAL_Driver/Src/stm32f1xx_hal_spi.c ****  ===============================================================================
2675:Drivers/STM32F1xx_HAL_Driver/Src/stm32f1xx_hal_spi.c ****                       ##### Peripheral State and Errors functions #####
2676:Drivers/STM32F1xx_HAL_Driver/Src/stm32f1xx_hal_spi.c ****  ===============================================================================
2677:Drivers/STM32F1xx_HAL_Driver/Src/stm32f1xx_hal_spi.c ****     [..]
2678:Drivers/STM32F1xx_HAL_Driver/Src/stm32f1xx_hal_spi.c ****     This subsection provides a set of functions allowing to control the SPI.
2679:Drivers/STM32F1xx_HAL_Driver/Src/stm32f1xx_hal_spi.c ****      (+) HAL_SPI_GetState() API can be helpful to check in run-time the state of the SPI peripheral
2680:Drivers/STM32F1xx_HAL_Driver/Src/stm32f1xx_hal_spi.c ****      (+) HAL_SPI_GetError() check in run-time Errors occurring during communication
2681:Drivers/STM32F1xx_HAL_Driver/Src/stm32f1xx_hal_spi.c **** @endverbatim
2682:Drivers/STM32F1xx_HAL_Driver/Src/stm32f1xx_hal_spi.c ****   * @{
2683:Drivers/STM32F1xx_HAL_Driver/Src/stm32f1xx_hal_spi.c ****   */
2684:Drivers/STM32F1xx_HAL_Driver/Src/stm32f1xx_hal_spi.c **** 
2685:Drivers/STM32F1xx_HAL_Driver/Src/stm32f1xx_hal_spi.c **** /**
2686:Drivers/STM32F1xx_HAL_Driver/Src/stm32f1xx_hal_spi.c ****   * @brief  Return the SPI handle state.
2687:Drivers/STM32F1xx_HAL_Driver/Src/stm32f1xx_hal_spi.c ****   * @param  hspi pointer to a SPI_HandleTypeDef structure that contains
2688:Drivers/STM32F1xx_HAL_Driver/Src/stm32f1xx_hal_spi.c ****   *               the configuration information for SPI module.
2689:Drivers/STM32F1xx_HAL_Driver/Src/stm32f1xx_hal_spi.c ****   * @retval SPI state
2690:Drivers/STM32F1xx_HAL_Driver/Src/stm32f1xx_hal_spi.c ****   */
2691:Drivers/STM32F1xx_HAL_Driver/Src/stm32f1xx_hal_spi.c **** HAL_SPI_StateTypeDef HAL_SPI_GetState(const SPI_HandleTypeDef *hspi)
2692:Drivers/STM32F1xx_HAL_Driver/Src/stm32f1xx_hal_spi.c **** {
2693:Drivers/STM32F1xx_HAL_Driver/Src/stm32f1xx_hal_spi.c ****   /* Return SPI handle state */
2694:Drivers/STM32F1xx_HAL_Driver/Src/stm32f1xx_hal_spi.c ****   return hspi->State;
2695:Drivers/STM32F1xx_HAL_Driver/Src/stm32f1xx_hal_spi.c **** }
2696:Drivers/STM32F1xx_HAL_Driver/Src/stm32f1xx_hal_spi.c **** 
2697:Drivers/STM32F1xx_HAL_Driver/Src/stm32f1xx_hal_spi.c **** /**
2698:Drivers/STM32F1xx_HAL_Driver/Src/stm32f1xx_hal_spi.c ****   * @brief  Return the SPI error code.
2699:Drivers/STM32F1xx_HAL_Driver/Src/stm32f1xx_hal_spi.c ****   * @param  hspi pointer to a SPI_HandleTypeDef structure that contains
2700:Drivers/STM32F1xx_HAL_Driver/Src/stm32f1xx_hal_spi.c ****   *               the configuration information for SPI module.
2701:Drivers/STM32F1xx_HAL_Driver/Src/stm32f1xx_hal_spi.c ****   * @retval SPI error code in bitmap format
2702:Drivers/STM32F1xx_HAL_Driver/Src/stm32f1xx_hal_spi.c ****   */
2703:Drivers/STM32F1xx_HAL_Driver/Src/stm32f1xx_hal_spi.c **** uint32_t HAL_SPI_GetError(const SPI_HandleTypeDef *hspi)
2704:Drivers/STM32F1xx_HAL_Driver/Src/stm32f1xx_hal_spi.c **** {
2705:Drivers/STM32F1xx_HAL_Driver/Src/stm32f1xx_hal_spi.c ****   /* Return SPI ErrorCode */
2706:Drivers/STM32F1xx_HAL_Driver/Src/stm32f1xx_hal_spi.c ****   return hspi->ErrorCode;
2707:Drivers/STM32F1xx_HAL_Driver/Src/stm32f1xx_hal_spi.c **** }
2708:Drivers/STM32F1xx_HAL_Driver/Src/stm32f1xx_hal_spi.c **** 
2709:Drivers/STM32F1xx_HAL_Driver/Src/stm32f1xx_hal_spi.c **** /**
2710:Drivers/STM32F1xx_HAL_Driver/Src/stm32f1xx_hal_spi.c ****   * @}
2711:Drivers/STM32F1xx_HAL_Driver/Src/stm32f1xx_hal_spi.c ****   */
ARM GAS  /var/folders/y0/yl1wrqfd209ghqq3s8k8qc1m0000gn/T//ccjYiGlu.s 			page 49


2712:Drivers/STM32F1xx_HAL_Driver/Src/stm32f1xx_hal_spi.c **** 
2713:Drivers/STM32F1xx_HAL_Driver/Src/stm32f1xx_hal_spi.c **** /**
2714:Drivers/STM32F1xx_HAL_Driver/Src/stm32f1xx_hal_spi.c ****   * @}
2715:Drivers/STM32F1xx_HAL_Driver/Src/stm32f1xx_hal_spi.c ****   */
2716:Drivers/STM32F1xx_HAL_Driver/Src/stm32f1xx_hal_spi.c **** 
2717:Drivers/STM32F1xx_HAL_Driver/Src/stm32f1xx_hal_spi.c **** /** @addtogroup SPI_Private_Functions
2718:Drivers/STM32F1xx_HAL_Driver/Src/stm32f1xx_hal_spi.c ****   * @brief   Private functions
2719:Drivers/STM32F1xx_HAL_Driver/Src/stm32f1xx_hal_spi.c ****   * @{
2720:Drivers/STM32F1xx_HAL_Driver/Src/stm32f1xx_hal_spi.c ****   */
2721:Drivers/STM32F1xx_HAL_Driver/Src/stm32f1xx_hal_spi.c **** 
2722:Drivers/STM32F1xx_HAL_Driver/Src/stm32f1xx_hal_spi.c **** /**
2723:Drivers/STM32F1xx_HAL_Driver/Src/stm32f1xx_hal_spi.c ****   * @brief  DMA SPI transmit process complete callback.
2724:Drivers/STM32F1xx_HAL_Driver/Src/stm32f1xx_hal_spi.c ****   * @param  hdma pointer to a DMA_HandleTypeDef structure that contains
2725:Drivers/STM32F1xx_HAL_Driver/Src/stm32f1xx_hal_spi.c ****   *               the configuration information for the specified DMA module.
2726:Drivers/STM32F1xx_HAL_Driver/Src/stm32f1xx_hal_spi.c ****   * @retval None
2727:Drivers/STM32F1xx_HAL_Driver/Src/stm32f1xx_hal_spi.c ****   */
2728:Drivers/STM32F1xx_HAL_Driver/Src/stm32f1xx_hal_spi.c **** static void SPI_DMATransmitCplt(DMA_HandleTypeDef *hdma)
2729:Drivers/STM32F1xx_HAL_Driver/Src/stm32f1xx_hal_spi.c **** {
2730:Drivers/STM32F1xx_HAL_Driver/Src/stm32f1xx_hal_spi.c ****   SPI_HandleTypeDef *hspi = (SPI_HandleTypeDef *)(((DMA_HandleTypeDef *)hdma)->Parent);
2731:Drivers/STM32F1xx_HAL_Driver/Src/stm32f1xx_hal_spi.c ****   uint32_t tickstart;
2732:Drivers/STM32F1xx_HAL_Driver/Src/stm32f1xx_hal_spi.c **** 
2733:Drivers/STM32F1xx_HAL_Driver/Src/stm32f1xx_hal_spi.c ****   /* Init tickstart for timeout management*/
2734:Drivers/STM32F1xx_HAL_Driver/Src/stm32f1xx_hal_spi.c ****   tickstart = HAL_GetTick();
2735:Drivers/STM32F1xx_HAL_Driver/Src/stm32f1xx_hal_spi.c **** 
2736:Drivers/STM32F1xx_HAL_Driver/Src/stm32f1xx_hal_spi.c ****   /* DMA Normal Mode */
2737:Drivers/STM32F1xx_HAL_Driver/Src/stm32f1xx_hal_spi.c ****   if ((hdma->Instance->CCR & DMA_CCR_CIRC) != DMA_CCR_CIRC)
2738:Drivers/STM32F1xx_HAL_Driver/Src/stm32f1xx_hal_spi.c ****   {
2739:Drivers/STM32F1xx_HAL_Driver/Src/stm32f1xx_hal_spi.c ****     /* Disable ERR interrupt */
2740:Drivers/STM32F1xx_HAL_Driver/Src/stm32f1xx_hal_spi.c ****     __HAL_SPI_DISABLE_IT(hspi, SPI_IT_ERR);
2741:Drivers/STM32F1xx_HAL_Driver/Src/stm32f1xx_hal_spi.c **** 
2742:Drivers/STM32F1xx_HAL_Driver/Src/stm32f1xx_hal_spi.c ****     /* Disable Tx DMA Request */
2743:Drivers/STM32F1xx_HAL_Driver/Src/stm32f1xx_hal_spi.c ****     CLEAR_BIT(hspi->Instance->CR2, SPI_CR2_TXDMAEN);
2744:Drivers/STM32F1xx_HAL_Driver/Src/stm32f1xx_hal_spi.c **** 
2745:Drivers/STM32F1xx_HAL_Driver/Src/stm32f1xx_hal_spi.c ****     /* Check the end of the transaction */
2746:Drivers/STM32F1xx_HAL_Driver/Src/stm32f1xx_hal_spi.c ****     if (SPI_EndRxTxTransaction(hspi, SPI_DEFAULT_TIMEOUT, tickstart) != HAL_OK)
2747:Drivers/STM32F1xx_HAL_Driver/Src/stm32f1xx_hal_spi.c ****     {
2748:Drivers/STM32F1xx_HAL_Driver/Src/stm32f1xx_hal_spi.c ****       SET_BIT(hspi->ErrorCode, HAL_SPI_ERROR_FLAG);
2749:Drivers/STM32F1xx_HAL_Driver/Src/stm32f1xx_hal_spi.c ****     }
2750:Drivers/STM32F1xx_HAL_Driver/Src/stm32f1xx_hal_spi.c **** 
2751:Drivers/STM32F1xx_HAL_Driver/Src/stm32f1xx_hal_spi.c ****     /* Clear overrun flag in 2 Lines communication mode because received data is not read */
2752:Drivers/STM32F1xx_HAL_Driver/Src/stm32f1xx_hal_spi.c ****     if (hspi->Init.Direction == SPI_DIRECTION_2LINES)
2753:Drivers/STM32F1xx_HAL_Driver/Src/stm32f1xx_hal_spi.c ****     {
2754:Drivers/STM32F1xx_HAL_Driver/Src/stm32f1xx_hal_spi.c ****       __HAL_SPI_CLEAR_OVRFLAG(hspi);
2755:Drivers/STM32F1xx_HAL_Driver/Src/stm32f1xx_hal_spi.c ****     }
2756:Drivers/STM32F1xx_HAL_Driver/Src/stm32f1xx_hal_spi.c **** 
2757:Drivers/STM32F1xx_HAL_Driver/Src/stm32f1xx_hal_spi.c ****     hspi->TxXferCount = 0U;
2758:Drivers/STM32F1xx_HAL_Driver/Src/stm32f1xx_hal_spi.c ****     hspi->State = HAL_SPI_STATE_READY;
2759:Drivers/STM32F1xx_HAL_Driver/Src/stm32f1xx_hal_spi.c **** 
2760:Drivers/STM32F1xx_HAL_Driver/Src/stm32f1xx_hal_spi.c ****     if (hspi->ErrorCode != HAL_SPI_ERROR_NONE)
2761:Drivers/STM32F1xx_HAL_Driver/Src/stm32f1xx_hal_spi.c ****     {
2762:Drivers/STM32F1xx_HAL_Driver/Src/stm32f1xx_hal_spi.c ****       /* Call user error callback */
2763:Drivers/STM32F1xx_HAL_Driver/Src/stm32f1xx_hal_spi.c **** #if (USE_HAL_SPI_REGISTER_CALLBACKS == 1U)
2764:Drivers/STM32F1xx_HAL_Driver/Src/stm32f1xx_hal_spi.c ****       hspi->ErrorCallback(hspi);
2765:Drivers/STM32F1xx_HAL_Driver/Src/stm32f1xx_hal_spi.c **** #else
2766:Drivers/STM32F1xx_HAL_Driver/Src/stm32f1xx_hal_spi.c ****       HAL_SPI_ErrorCallback(hspi);
2767:Drivers/STM32F1xx_HAL_Driver/Src/stm32f1xx_hal_spi.c **** #endif /* USE_HAL_SPI_REGISTER_CALLBACKS */
2768:Drivers/STM32F1xx_HAL_Driver/Src/stm32f1xx_hal_spi.c ****       return;
ARM GAS  /var/folders/y0/yl1wrqfd209ghqq3s8k8qc1m0000gn/T//ccjYiGlu.s 			page 50


2769:Drivers/STM32F1xx_HAL_Driver/Src/stm32f1xx_hal_spi.c ****     }
2770:Drivers/STM32F1xx_HAL_Driver/Src/stm32f1xx_hal_spi.c ****   }
2771:Drivers/STM32F1xx_HAL_Driver/Src/stm32f1xx_hal_spi.c ****   /* Call user Tx complete callback */
2772:Drivers/STM32F1xx_HAL_Driver/Src/stm32f1xx_hal_spi.c **** #if (USE_HAL_SPI_REGISTER_CALLBACKS == 1U)
2773:Drivers/STM32F1xx_HAL_Driver/Src/stm32f1xx_hal_spi.c ****   hspi->TxCpltCallback(hspi);
2774:Drivers/STM32F1xx_HAL_Driver/Src/stm32f1xx_hal_spi.c **** #else
2775:Drivers/STM32F1xx_HAL_Driver/Src/stm32f1xx_hal_spi.c ****   HAL_SPI_TxCpltCallback(hspi);
2776:Drivers/STM32F1xx_HAL_Driver/Src/stm32f1xx_hal_spi.c **** #endif /* USE_HAL_SPI_REGISTER_CALLBACKS */
2777:Drivers/STM32F1xx_HAL_Driver/Src/stm32f1xx_hal_spi.c **** }
2778:Drivers/STM32F1xx_HAL_Driver/Src/stm32f1xx_hal_spi.c **** 
2779:Drivers/STM32F1xx_HAL_Driver/Src/stm32f1xx_hal_spi.c **** /**
2780:Drivers/STM32F1xx_HAL_Driver/Src/stm32f1xx_hal_spi.c ****   * @brief  DMA SPI receive process complete callback.
2781:Drivers/STM32F1xx_HAL_Driver/Src/stm32f1xx_hal_spi.c ****   * @param  hdma pointer to a DMA_HandleTypeDef structure that contains
2782:Drivers/STM32F1xx_HAL_Driver/Src/stm32f1xx_hal_spi.c ****   *               the configuration information for the specified DMA module.
2783:Drivers/STM32F1xx_HAL_Driver/Src/stm32f1xx_hal_spi.c ****   * @retval None
2784:Drivers/STM32F1xx_HAL_Driver/Src/stm32f1xx_hal_spi.c ****   */
2785:Drivers/STM32F1xx_HAL_Driver/Src/stm32f1xx_hal_spi.c **** static void SPI_DMAReceiveCplt(DMA_HandleTypeDef *hdma)
2786:Drivers/STM32F1xx_HAL_Driver/Src/stm32f1xx_hal_spi.c **** {
2787:Drivers/STM32F1xx_HAL_Driver/Src/stm32f1xx_hal_spi.c ****   SPI_HandleTypeDef *hspi = (SPI_HandleTypeDef *)(((DMA_HandleTypeDef *)hdma)->Parent);
2788:Drivers/STM32F1xx_HAL_Driver/Src/stm32f1xx_hal_spi.c ****   uint32_t tickstart;
2789:Drivers/STM32F1xx_HAL_Driver/Src/stm32f1xx_hal_spi.c **** #if (USE_SPI_CRC != 0U)
2790:Drivers/STM32F1xx_HAL_Driver/Src/stm32f1xx_hal_spi.c ****   __IO uint32_t tmpreg = 0U;
2791:Drivers/STM32F1xx_HAL_Driver/Src/stm32f1xx_hal_spi.c **** #endif /* USE_SPI_CRC */
2792:Drivers/STM32F1xx_HAL_Driver/Src/stm32f1xx_hal_spi.c **** 
2793:Drivers/STM32F1xx_HAL_Driver/Src/stm32f1xx_hal_spi.c ****   /* Init tickstart for timeout management*/
2794:Drivers/STM32F1xx_HAL_Driver/Src/stm32f1xx_hal_spi.c ****   tickstart = HAL_GetTick();
2795:Drivers/STM32F1xx_HAL_Driver/Src/stm32f1xx_hal_spi.c **** 
2796:Drivers/STM32F1xx_HAL_Driver/Src/stm32f1xx_hal_spi.c ****   /* DMA Normal Mode */
2797:Drivers/STM32F1xx_HAL_Driver/Src/stm32f1xx_hal_spi.c ****   if ((hdma->Instance->CCR & DMA_CCR_CIRC) != DMA_CCR_CIRC)
2798:Drivers/STM32F1xx_HAL_Driver/Src/stm32f1xx_hal_spi.c ****   {
2799:Drivers/STM32F1xx_HAL_Driver/Src/stm32f1xx_hal_spi.c ****     /* Disable ERR interrupt */
2800:Drivers/STM32F1xx_HAL_Driver/Src/stm32f1xx_hal_spi.c ****     __HAL_SPI_DISABLE_IT(hspi, SPI_IT_ERR);
2801:Drivers/STM32F1xx_HAL_Driver/Src/stm32f1xx_hal_spi.c **** 
2802:Drivers/STM32F1xx_HAL_Driver/Src/stm32f1xx_hal_spi.c **** #if (USE_SPI_CRC != 0U)
2803:Drivers/STM32F1xx_HAL_Driver/Src/stm32f1xx_hal_spi.c ****     /* CRC handling */
2804:Drivers/STM32F1xx_HAL_Driver/Src/stm32f1xx_hal_spi.c ****     if (hspi->Init.CRCCalculation == SPI_CRCCALCULATION_ENABLE)
2805:Drivers/STM32F1xx_HAL_Driver/Src/stm32f1xx_hal_spi.c ****     {
2806:Drivers/STM32F1xx_HAL_Driver/Src/stm32f1xx_hal_spi.c ****       /* Wait until RXNE flag */
2807:Drivers/STM32F1xx_HAL_Driver/Src/stm32f1xx_hal_spi.c ****       if (SPI_WaitFlagStateUntilTimeout(hspi, SPI_FLAG_RXNE, SET, SPI_DEFAULT_TIMEOUT, tickstart) !
2808:Drivers/STM32F1xx_HAL_Driver/Src/stm32f1xx_hal_spi.c ****       {
2809:Drivers/STM32F1xx_HAL_Driver/Src/stm32f1xx_hal_spi.c ****         /* Error on the CRC reception */
2810:Drivers/STM32F1xx_HAL_Driver/Src/stm32f1xx_hal_spi.c ****         SET_BIT(hspi->ErrorCode, HAL_SPI_ERROR_CRC);
2811:Drivers/STM32F1xx_HAL_Driver/Src/stm32f1xx_hal_spi.c ****       }
2812:Drivers/STM32F1xx_HAL_Driver/Src/stm32f1xx_hal_spi.c ****       /* Read CRC */
2813:Drivers/STM32F1xx_HAL_Driver/Src/stm32f1xx_hal_spi.c ****       tmpreg = READ_REG(hspi->Instance->DR);
2814:Drivers/STM32F1xx_HAL_Driver/Src/stm32f1xx_hal_spi.c ****       /* To avoid GCC warning */
2815:Drivers/STM32F1xx_HAL_Driver/Src/stm32f1xx_hal_spi.c ****       UNUSED(tmpreg);
2816:Drivers/STM32F1xx_HAL_Driver/Src/stm32f1xx_hal_spi.c ****     }
2817:Drivers/STM32F1xx_HAL_Driver/Src/stm32f1xx_hal_spi.c **** #endif /* USE_SPI_CRC */
2818:Drivers/STM32F1xx_HAL_Driver/Src/stm32f1xx_hal_spi.c **** 
2819:Drivers/STM32F1xx_HAL_Driver/Src/stm32f1xx_hal_spi.c ****     /* Check if we are in Master RX 2 line mode */
2820:Drivers/STM32F1xx_HAL_Driver/Src/stm32f1xx_hal_spi.c ****     if ((hspi->Init.Direction == SPI_DIRECTION_2LINES) && (hspi->Init.Mode == SPI_MODE_MASTER))
2821:Drivers/STM32F1xx_HAL_Driver/Src/stm32f1xx_hal_spi.c ****     {
2822:Drivers/STM32F1xx_HAL_Driver/Src/stm32f1xx_hal_spi.c ****       /* Disable Rx/Tx DMA Request (done by default to handle the case master rx direction 2 lines)
2823:Drivers/STM32F1xx_HAL_Driver/Src/stm32f1xx_hal_spi.c ****       CLEAR_BIT(hspi->Instance->CR2, SPI_CR2_TXDMAEN | SPI_CR2_RXDMAEN);
2824:Drivers/STM32F1xx_HAL_Driver/Src/stm32f1xx_hal_spi.c ****     }
2825:Drivers/STM32F1xx_HAL_Driver/Src/stm32f1xx_hal_spi.c ****     else
ARM GAS  /var/folders/y0/yl1wrqfd209ghqq3s8k8qc1m0000gn/T//ccjYiGlu.s 			page 51


2826:Drivers/STM32F1xx_HAL_Driver/Src/stm32f1xx_hal_spi.c ****     {
2827:Drivers/STM32F1xx_HAL_Driver/Src/stm32f1xx_hal_spi.c ****       /* Normal case */
2828:Drivers/STM32F1xx_HAL_Driver/Src/stm32f1xx_hal_spi.c ****       CLEAR_BIT(hspi->Instance->CR2, SPI_CR2_RXDMAEN);
2829:Drivers/STM32F1xx_HAL_Driver/Src/stm32f1xx_hal_spi.c ****     }
2830:Drivers/STM32F1xx_HAL_Driver/Src/stm32f1xx_hal_spi.c **** 
2831:Drivers/STM32F1xx_HAL_Driver/Src/stm32f1xx_hal_spi.c ****     /* Check the end of the transaction */
2832:Drivers/STM32F1xx_HAL_Driver/Src/stm32f1xx_hal_spi.c ****     if (SPI_EndRxTransaction(hspi, SPI_DEFAULT_TIMEOUT, tickstart) != HAL_OK)
2833:Drivers/STM32F1xx_HAL_Driver/Src/stm32f1xx_hal_spi.c ****     {
2834:Drivers/STM32F1xx_HAL_Driver/Src/stm32f1xx_hal_spi.c ****       hspi->ErrorCode = HAL_SPI_ERROR_FLAG;
2835:Drivers/STM32F1xx_HAL_Driver/Src/stm32f1xx_hal_spi.c ****     }
2836:Drivers/STM32F1xx_HAL_Driver/Src/stm32f1xx_hal_spi.c **** 
2837:Drivers/STM32F1xx_HAL_Driver/Src/stm32f1xx_hal_spi.c ****     hspi->RxXferCount = 0U;
2838:Drivers/STM32F1xx_HAL_Driver/Src/stm32f1xx_hal_spi.c ****     hspi->State = HAL_SPI_STATE_READY;
2839:Drivers/STM32F1xx_HAL_Driver/Src/stm32f1xx_hal_spi.c **** 
2840:Drivers/STM32F1xx_HAL_Driver/Src/stm32f1xx_hal_spi.c **** #if (USE_SPI_CRC != 0U)
2841:Drivers/STM32F1xx_HAL_Driver/Src/stm32f1xx_hal_spi.c ****     /* Check if CRC error occurred */
2842:Drivers/STM32F1xx_HAL_Driver/Src/stm32f1xx_hal_spi.c ****     if (__HAL_SPI_GET_FLAG(hspi, SPI_FLAG_CRCERR) != RESET)
2843:Drivers/STM32F1xx_HAL_Driver/Src/stm32f1xx_hal_spi.c ****     {
2844:Drivers/STM32F1xx_HAL_Driver/Src/stm32f1xx_hal_spi.c ****       /* Check if CRC error is valid or not (workaround to be applied or not) */
2845:Drivers/STM32F1xx_HAL_Driver/Src/stm32f1xx_hal_spi.c ****       if (SPI_ISCRCErrorValid(hspi) == SPI_VALID_CRC_ERROR)
2846:Drivers/STM32F1xx_HAL_Driver/Src/stm32f1xx_hal_spi.c ****       {
2847:Drivers/STM32F1xx_HAL_Driver/Src/stm32f1xx_hal_spi.c ****         SET_BIT(hspi->ErrorCode, HAL_SPI_ERROR_CRC);
2848:Drivers/STM32F1xx_HAL_Driver/Src/stm32f1xx_hal_spi.c **** 
2849:Drivers/STM32F1xx_HAL_Driver/Src/stm32f1xx_hal_spi.c ****         /* Reset CRC Calculation */
2850:Drivers/STM32F1xx_HAL_Driver/Src/stm32f1xx_hal_spi.c ****         SPI_RESET_CRC(hspi);
2851:Drivers/STM32F1xx_HAL_Driver/Src/stm32f1xx_hal_spi.c ****       }
2852:Drivers/STM32F1xx_HAL_Driver/Src/stm32f1xx_hal_spi.c ****       else
2853:Drivers/STM32F1xx_HAL_Driver/Src/stm32f1xx_hal_spi.c ****       {
2854:Drivers/STM32F1xx_HAL_Driver/Src/stm32f1xx_hal_spi.c ****         __HAL_SPI_CLEAR_CRCERRFLAG(hspi);
2855:Drivers/STM32F1xx_HAL_Driver/Src/stm32f1xx_hal_spi.c ****       }
2856:Drivers/STM32F1xx_HAL_Driver/Src/stm32f1xx_hal_spi.c ****     }
2857:Drivers/STM32F1xx_HAL_Driver/Src/stm32f1xx_hal_spi.c **** #endif /* USE_SPI_CRC */
2858:Drivers/STM32F1xx_HAL_Driver/Src/stm32f1xx_hal_spi.c **** 
2859:Drivers/STM32F1xx_HAL_Driver/Src/stm32f1xx_hal_spi.c ****     if (hspi->ErrorCode != HAL_SPI_ERROR_NONE)
2860:Drivers/STM32F1xx_HAL_Driver/Src/stm32f1xx_hal_spi.c ****     {
2861:Drivers/STM32F1xx_HAL_Driver/Src/stm32f1xx_hal_spi.c ****       /* Call user error callback */
2862:Drivers/STM32F1xx_HAL_Driver/Src/stm32f1xx_hal_spi.c **** #if (USE_HAL_SPI_REGISTER_CALLBACKS == 1U)
2863:Drivers/STM32F1xx_HAL_Driver/Src/stm32f1xx_hal_spi.c ****       hspi->ErrorCallback(hspi);
2864:Drivers/STM32F1xx_HAL_Driver/Src/stm32f1xx_hal_spi.c **** #else
2865:Drivers/STM32F1xx_HAL_Driver/Src/stm32f1xx_hal_spi.c ****       HAL_SPI_ErrorCallback(hspi);
2866:Drivers/STM32F1xx_HAL_Driver/Src/stm32f1xx_hal_spi.c **** #endif /* USE_HAL_SPI_REGISTER_CALLBACKS */
2867:Drivers/STM32F1xx_HAL_Driver/Src/stm32f1xx_hal_spi.c ****       return;
2868:Drivers/STM32F1xx_HAL_Driver/Src/stm32f1xx_hal_spi.c ****     }
2869:Drivers/STM32F1xx_HAL_Driver/Src/stm32f1xx_hal_spi.c ****   }
2870:Drivers/STM32F1xx_HAL_Driver/Src/stm32f1xx_hal_spi.c ****   /* Call user Rx complete callback */
2871:Drivers/STM32F1xx_HAL_Driver/Src/stm32f1xx_hal_spi.c **** #if (USE_HAL_SPI_REGISTER_CALLBACKS == 1U)
2872:Drivers/STM32F1xx_HAL_Driver/Src/stm32f1xx_hal_spi.c ****   hspi->RxCpltCallback(hspi);
2873:Drivers/STM32F1xx_HAL_Driver/Src/stm32f1xx_hal_spi.c **** #else
2874:Drivers/STM32F1xx_HAL_Driver/Src/stm32f1xx_hal_spi.c ****   HAL_SPI_RxCpltCallback(hspi);
2875:Drivers/STM32F1xx_HAL_Driver/Src/stm32f1xx_hal_spi.c **** #endif /* USE_HAL_SPI_REGISTER_CALLBACKS */
2876:Drivers/STM32F1xx_HAL_Driver/Src/stm32f1xx_hal_spi.c **** }
2877:Drivers/STM32F1xx_HAL_Driver/Src/stm32f1xx_hal_spi.c **** 
2878:Drivers/STM32F1xx_HAL_Driver/Src/stm32f1xx_hal_spi.c **** /**
2879:Drivers/STM32F1xx_HAL_Driver/Src/stm32f1xx_hal_spi.c ****   * @brief  DMA SPI transmit receive process complete callback.
2880:Drivers/STM32F1xx_HAL_Driver/Src/stm32f1xx_hal_spi.c ****   * @param  hdma pointer to a DMA_HandleTypeDef structure that contains
2881:Drivers/STM32F1xx_HAL_Driver/Src/stm32f1xx_hal_spi.c ****   *               the configuration information for the specified DMA module.
2882:Drivers/STM32F1xx_HAL_Driver/Src/stm32f1xx_hal_spi.c ****   * @retval None
ARM GAS  /var/folders/y0/yl1wrqfd209ghqq3s8k8qc1m0000gn/T//ccjYiGlu.s 			page 52


2883:Drivers/STM32F1xx_HAL_Driver/Src/stm32f1xx_hal_spi.c ****   */
2884:Drivers/STM32F1xx_HAL_Driver/Src/stm32f1xx_hal_spi.c **** static void SPI_DMATransmitReceiveCplt(DMA_HandleTypeDef *hdma)
2885:Drivers/STM32F1xx_HAL_Driver/Src/stm32f1xx_hal_spi.c **** {
2886:Drivers/STM32F1xx_HAL_Driver/Src/stm32f1xx_hal_spi.c ****   SPI_HandleTypeDef *hspi = (SPI_HandleTypeDef *)(((DMA_HandleTypeDef *)hdma)->Parent);
2887:Drivers/STM32F1xx_HAL_Driver/Src/stm32f1xx_hal_spi.c ****   uint32_t tickstart;
2888:Drivers/STM32F1xx_HAL_Driver/Src/stm32f1xx_hal_spi.c **** #if (USE_SPI_CRC != 0U)
2889:Drivers/STM32F1xx_HAL_Driver/Src/stm32f1xx_hal_spi.c ****   __IO uint32_t tmpreg = 0U;
2890:Drivers/STM32F1xx_HAL_Driver/Src/stm32f1xx_hal_spi.c **** #endif /* USE_SPI_CRC */
2891:Drivers/STM32F1xx_HAL_Driver/Src/stm32f1xx_hal_spi.c **** 
2892:Drivers/STM32F1xx_HAL_Driver/Src/stm32f1xx_hal_spi.c ****   /* Init tickstart for timeout management*/
2893:Drivers/STM32F1xx_HAL_Driver/Src/stm32f1xx_hal_spi.c ****   tickstart = HAL_GetTick();
2894:Drivers/STM32F1xx_HAL_Driver/Src/stm32f1xx_hal_spi.c **** 
2895:Drivers/STM32F1xx_HAL_Driver/Src/stm32f1xx_hal_spi.c ****   /* DMA Normal Mode */
2896:Drivers/STM32F1xx_HAL_Driver/Src/stm32f1xx_hal_spi.c ****   if ((hdma->Instance->CCR & DMA_CCR_CIRC) != DMA_CCR_CIRC)
2897:Drivers/STM32F1xx_HAL_Driver/Src/stm32f1xx_hal_spi.c ****   {
2898:Drivers/STM32F1xx_HAL_Driver/Src/stm32f1xx_hal_spi.c ****     /* Disable ERR interrupt */
2899:Drivers/STM32F1xx_HAL_Driver/Src/stm32f1xx_hal_spi.c ****     __HAL_SPI_DISABLE_IT(hspi, SPI_IT_ERR);
2900:Drivers/STM32F1xx_HAL_Driver/Src/stm32f1xx_hal_spi.c **** 
2901:Drivers/STM32F1xx_HAL_Driver/Src/stm32f1xx_hal_spi.c **** #if (USE_SPI_CRC != 0U)
2902:Drivers/STM32F1xx_HAL_Driver/Src/stm32f1xx_hal_spi.c ****     /* CRC handling */
2903:Drivers/STM32F1xx_HAL_Driver/Src/stm32f1xx_hal_spi.c ****     if (hspi->Init.CRCCalculation == SPI_CRCCALCULATION_ENABLE)
2904:Drivers/STM32F1xx_HAL_Driver/Src/stm32f1xx_hal_spi.c ****     {
2905:Drivers/STM32F1xx_HAL_Driver/Src/stm32f1xx_hal_spi.c ****       /* Wait the CRC data */
2906:Drivers/STM32F1xx_HAL_Driver/Src/stm32f1xx_hal_spi.c ****       if (SPI_WaitFlagStateUntilTimeout(hspi, SPI_FLAG_RXNE, SET, SPI_DEFAULT_TIMEOUT, tickstart) !
2907:Drivers/STM32F1xx_HAL_Driver/Src/stm32f1xx_hal_spi.c ****       {
2908:Drivers/STM32F1xx_HAL_Driver/Src/stm32f1xx_hal_spi.c ****         SET_BIT(hspi->ErrorCode, HAL_SPI_ERROR_CRC);
2909:Drivers/STM32F1xx_HAL_Driver/Src/stm32f1xx_hal_spi.c ****       }
2910:Drivers/STM32F1xx_HAL_Driver/Src/stm32f1xx_hal_spi.c ****       /* Read CRC to Flush DR and RXNE flag */
2911:Drivers/STM32F1xx_HAL_Driver/Src/stm32f1xx_hal_spi.c ****       tmpreg = READ_REG(hspi->Instance->DR);
2912:Drivers/STM32F1xx_HAL_Driver/Src/stm32f1xx_hal_spi.c ****       /* To avoid GCC warning */
2913:Drivers/STM32F1xx_HAL_Driver/Src/stm32f1xx_hal_spi.c ****       UNUSED(tmpreg);
2914:Drivers/STM32F1xx_HAL_Driver/Src/stm32f1xx_hal_spi.c ****     }
2915:Drivers/STM32F1xx_HAL_Driver/Src/stm32f1xx_hal_spi.c **** #endif /* USE_SPI_CRC */
2916:Drivers/STM32F1xx_HAL_Driver/Src/stm32f1xx_hal_spi.c **** 
2917:Drivers/STM32F1xx_HAL_Driver/Src/stm32f1xx_hal_spi.c ****     /* Check the end of the transaction */
2918:Drivers/STM32F1xx_HAL_Driver/Src/stm32f1xx_hal_spi.c ****     if (SPI_EndRxTxTransaction(hspi, SPI_DEFAULT_TIMEOUT, tickstart) != HAL_OK)
2919:Drivers/STM32F1xx_HAL_Driver/Src/stm32f1xx_hal_spi.c ****     {
2920:Drivers/STM32F1xx_HAL_Driver/Src/stm32f1xx_hal_spi.c ****       SET_BIT(hspi->ErrorCode, HAL_SPI_ERROR_FLAG);
2921:Drivers/STM32F1xx_HAL_Driver/Src/stm32f1xx_hal_spi.c ****     }
2922:Drivers/STM32F1xx_HAL_Driver/Src/stm32f1xx_hal_spi.c **** 
2923:Drivers/STM32F1xx_HAL_Driver/Src/stm32f1xx_hal_spi.c ****     /* Disable Rx/Tx DMA Request */
2924:Drivers/STM32F1xx_HAL_Driver/Src/stm32f1xx_hal_spi.c ****     CLEAR_BIT(hspi->Instance->CR2, SPI_CR2_TXDMAEN | SPI_CR2_RXDMAEN);
2925:Drivers/STM32F1xx_HAL_Driver/Src/stm32f1xx_hal_spi.c **** 
2926:Drivers/STM32F1xx_HAL_Driver/Src/stm32f1xx_hal_spi.c ****     hspi->TxXferCount = 0U;
2927:Drivers/STM32F1xx_HAL_Driver/Src/stm32f1xx_hal_spi.c ****     hspi->RxXferCount = 0U;
2928:Drivers/STM32F1xx_HAL_Driver/Src/stm32f1xx_hal_spi.c ****     hspi->State = HAL_SPI_STATE_READY;
2929:Drivers/STM32F1xx_HAL_Driver/Src/stm32f1xx_hal_spi.c **** 
2930:Drivers/STM32F1xx_HAL_Driver/Src/stm32f1xx_hal_spi.c **** #if (USE_SPI_CRC != 0U)
2931:Drivers/STM32F1xx_HAL_Driver/Src/stm32f1xx_hal_spi.c ****     /* Check if CRC error occurred */
2932:Drivers/STM32F1xx_HAL_Driver/Src/stm32f1xx_hal_spi.c ****     if (__HAL_SPI_GET_FLAG(hspi, SPI_FLAG_CRCERR) != RESET)
2933:Drivers/STM32F1xx_HAL_Driver/Src/stm32f1xx_hal_spi.c ****     {
2934:Drivers/STM32F1xx_HAL_Driver/Src/stm32f1xx_hal_spi.c ****       /* Check if CRC error is valid or not (workaround to be applied or not) */
2935:Drivers/STM32F1xx_HAL_Driver/Src/stm32f1xx_hal_spi.c ****       if (SPI_ISCRCErrorValid(hspi) == SPI_VALID_CRC_ERROR)
2936:Drivers/STM32F1xx_HAL_Driver/Src/stm32f1xx_hal_spi.c ****       {
2937:Drivers/STM32F1xx_HAL_Driver/Src/stm32f1xx_hal_spi.c ****         SET_BIT(hspi->ErrorCode, HAL_SPI_ERROR_CRC);
2938:Drivers/STM32F1xx_HAL_Driver/Src/stm32f1xx_hal_spi.c **** 
2939:Drivers/STM32F1xx_HAL_Driver/Src/stm32f1xx_hal_spi.c ****         /* Reset CRC Calculation */
ARM GAS  /var/folders/y0/yl1wrqfd209ghqq3s8k8qc1m0000gn/T//ccjYiGlu.s 			page 53


2940:Drivers/STM32F1xx_HAL_Driver/Src/stm32f1xx_hal_spi.c ****         SPI_RESET_CRC(hspi);
2941:Drivers/STM32F1xx_HAL_Driver/Src/stm32f1xx_hal_spi.c ****       }
2942:Drivers/STM32F1xx_HAL_Driver/Src/stm32f1xx_hal_spi.c ****       else
2943:Drivers/STM32F1xx_HAL_Driver/Src/stm32f1xx_hal_spi.c ****       {
2944:Drivers/STM32F1xx_HAL_Driver/Src/stm32f1xx_hal_spi.c ****         __HAL_SPI_CLEAR_CRCERRFLAG(hspi);
2945:Drivers/STM32F1xx_HAL_Driver/Src/stm32f1xx_hal_spi.c ****       }
2946:Drivers/STM32F1xx_HAL_Driver/Src/stm32f1xx_hal_spi.c ****     }
2947:Drivers/STM32F1xx_HAL_Driver/Src/stm32f1xx_hal_spi.c **** #endif /* USE_SPI_CRC */
2948:Drivers/STM32F1xx_HAL_Driver/Src/stm32f1xx_hal_spi.c **** 
2949:Drivers/STM32F1xx_HAL_Driver/Src/stm32f1xx_hal_spi.c ****     if (hspi->ErrorCode != HAL_SPI_ERROR_NONE)
2950:Drivers/STM32F1xx_HAL_Driver/Src/stm32f1xx_hal_spi.c ****     {
2951:Drivers/STM32F1xx_HAL_Driver/Src/stm32f1xx_hal_spi.c ****       /* Call user error callback */
2952:Drivers/STM32F1xx_HAL_Driver/Src/stm32f1xx_hal_spi.c **** #if (USE_HAL_SPI_REGISTER_CALLBACKS == 1U)
2953:Drivers/STM32F1xx_HAL_Driver/Src/stm32f1xx_hal_spi.c ****       hspi->ErrorCallback(hspi);
2954:Drivers/STM32F1xx_HAL_Driver/Src/stm32f1xx_hal_spi.c **** #else
2955:Drivers/STM32F1xx_HAL_Driver/Src/stm32f1xx_hal_spi.c ****       HAL_SPI_ErrorCallback(hspi);
2956:Drivers/STM32F1xx_HAL_Driver/Src/stm32f1xx_hal_spi.c **** #endif /* USE_HAL_SPI_REGISTER_CALLBACKS */
2957:Drivers/STM32F1xx_HAL_Driver/Src/stm32f1xx_hal_spi.c ****       return;
2958:Drivers/STM32F1xx_HAL_Driver/Src/stm32f1xx_hal_spi.c ****     }
2959:Drivers/STM32F1xx_HAL_Driver/Src/stm32f1xx_hal_spi.c ****   }
2960:Drivers/STM32F1xx_HAL_Driver/Src/stm32f1xx_hal_spi.c ****   /* Call user TxRx complete callback */
2961:Drivers/STM32F1xx_HAL_Driver/Src/stm32f1xx_hal_spi.c **** #if (USE_HAL_SPI_REGISTER_CALLBACKS == 1U)
2962:Drivers/STM32F1xx_HAL_Driver/Src/stm32f1xx_hal_spi.c ****   hspi->TxRxCpltCallback(hspi);
2963:Drivers/STM32F1xx_HAL_Driver/Src/stm32f1xx_hal_spi.c **** #else
2964:Drivers/STM32F1xx_HAL_Driver/Src/stm32f1xx_hal_spi.c ****   HAL_SPI_TxRxCpltCallback(hspi);
2965:Drivers/STM32F1xx_HAL_Driver/Src/stm32f1xx_hal_spi.c **** #endif /* USE_HAL_SPI_REGISTER_CALLBACKS */
2966:Drivers/STM32F1xx_HAL_Driver/Src/stm32f1xx_hal_spi.c **** }
2967:Drivers/STM32F1xx_HAL_Driver/Src/stm32f1xx_hal_spi.c **** 
2968:Drivers/STM32F1xx_HAL_Driver/Src/stm32f1xx_hal_spi.c **** /**
2969:Drivers/STM32F1xx_HAL_Driver/Src/stm32f1xx_hal_spi.c ****   * @brief  DMA SPI half transmit process complete callback.
2970:Drivers/STM32F1xx_HAL_Driver/Src/stm32f1xx_hal_spi.c ****   * @param  hdma pointer to a DMA_HandleTypeDef structure that contains
2971:Drivers/STM32F1xx_HAL_Driver/Src/stm32f1xx_hal_spi.c ****   *               the configuration information for the specified DMA module.
2972:Drivers/STM32F1xx_HAL_Driver/Src/stm32f1xx_hal_spi.c ****   * @retval None
2973:Drivers/STM32F1xx_HAL_Driver/Src/stm32f1xx_hal_spi.c ****   */
2974:Drivers/STM32F1xx_HAL_Driver/Src/stm32f1xx_hal_spi.c **** static void SPI_DMAHalfTransmitCplt(DMA_HandleTypeDef *hdma)
2975:Drivers/STM32F1xx_HAL_Driver/Src/stm32f1xx_hal_spi.c **** {
2976:Drivers/STM32F1xx_HAL_Driver/Src/stm32f1xx_hal_spi.c ****   SPI_HandleTypeDef *hspi = (SPI_HandleTypeDef *)(((DMA_HandleTypeDef *)hdma)->Parent);
2977:Drivers/STM32F1xx_HAL_Driver/Src/stm32f1xx_hal_spi.c **** 
2978:Drivers/STM32F1xx_HAL_Driver/Src/stm32f1xx_hal_spi.c ****   /* Call user Tx half complete callback */
2979:Drivers/STM32F1xx_HAL_Driver/Src/stm32f1xx_hal_spi.c **** #if (USE_HAL_SPI_REGISTER_CALLBACKS == 1U)
2980:Drivers/STM32F1xx_HAL_Driver/Src/stm32f1xx_hal_spi.c ****   hspi->TxHalfCpltCallback(hspi);
2981:Drivers/STM32F1xx_HAL_Driver/Src/stm32f1xx_hal_spi.c **** #else
2982:Drivers/STM32F1xx_HAL_Driver/Src/stm32f1xx_hal_spi.c ****   HAL_SPI_TxHalfCpltCallback(hspi);
2983:Drivers/STM32F1xx_HAL_Driver/Src/stm32f1xx_hal_spi.c **** #endif /* USE_HAL_SPI_REGISTER_CALLBACKS */
2984:Drivers/STM32F1xx_HAL_Driver/Src/stm32f1xx_hal_spi.c **** }
2985:Drivers/STM32F1xx_HAL_Driver/Src/stm32f1xx_hal_spi.c **** 
2986:Drivers/STM32F1xx_HAL_Driver/Src/stm32f1xx_hal_spi.c **** /**
2987:Drivers/STM32F1xx_HAL_Driver/Src/stm32f1xx_hal_spi.c ****   * @brief  DMA SPI half receive process complete callback
2988:Drivers/STM32F1xx_HAL_Driver/Src/stm32f1xx_hal_spi.c ****   * @param  hdma pointer to a DMA_HandleTypeDef structure that contains
2989:Drivers/STM32F1xx_HAL_Driver/Src/stm32f1xx_hal_spi.c ****   *               the configuration information for the specified DMA module.
2990:Drivers/STM32F1xx_HAL_Driver/Src/stm32f1xx_hal_spi.c ****   * @retval None
2991:Drivers/STM32F1xx_HAL_Driver/Src/stm32f1xx_hal_spi.c ****   */
2992:Drivers/STM32F1xx_HAL_Driver/Src/stm32f1xx_hal_spi.c **** static void SPI_DMAHalfReceiveCplt(DMA_HandleTypeDef *hdma)
2993:Drivers/STM32F1xx_HAL_Driver/Src/stm32f1xx_hal_spi.c **** {
2994:Drivers/STM32F1xx_HAL_Driver/Src/stm32f1xx_hal_spi.c ****   SPI_HandleTypeDef *hspi = (SPI_HandleTypeDef *)(((DMA_HandleTypeDef *)hdma)->Parent);
2995:Drivers/STM32F1xx_HAL_Driver/Src/stm32f1xx_hal_spi.c **** 
2996:Drivers/STM32F1xx_HAL_Driver/Src/stm32f1xx_hal_spi.c ****   /* Call user Rx half complete callback */
ARM GAS  /var/folders/y0/yl1wrqfd209ghqq3s8k8qc1m0000gn/T//ccjYiGlu.s 			page 54


2997:Drivers/STM32F1xx_HAL_Driver/Src/stm32f1xx_hal_spi.c **** #if (USE_HAL_SPI_REGISTER_CALLBACKS == 1U)
2998:Drivers/STM32F1xx_HAL_Driver/Src/stm32f1xx_hal_spi.c ****   hspi->RxHalfCpltCallback(hspi);
2999:Drivers/STM32F1xx_HAL_Driver/Src/stm32f1xx_hal_spi.c **** #else
3000:Drivers/STM32F1xx_HAL_Driver/Src/stm32f1xx_hal_spi.c ****   HAL_SPI_RxHalfCpltCallback(hspi);
3001:Drivers/STM32F1xx_HAL_Driver/Src/stm32f1xx_hal_spi.c **** #endif /* USE_HAL_SPI_REGISTER_CALLBACKS */
3002:Drivers/STM32F1xx_HAL_Driver/Src/stm32f1xx_hal_spi.c **** }
3003:Drivers/STM32F1xx_HAL_Driver/Src/stm32f1xx_hal_spi.c **** 
3004:Drivers/STM32F1xx_HAL_Driver/Src/stm32f1xx_hal_spi.c **** /**
3005:Drivers/STM32F1xx_HAL_Driver/Src/stm32f1xx_hal_spi.c ****   * @brief  DMA SPI half transmit receive process complete callback.
3006:Drivers/STM32F1xx_HAL_Driver/Src/stm32f1xx_hal_spi.c ****   * @param  hdma pointer to a DMA_HandleTypeDef structure that contains
3007:Drivers/STM32F1xx_HAL_Driver/Src/stm32f1xx_hal_spi.c ****   *               the configuration information for the specified DMA module.
3008:Drivers/STM32F1xx_HAL_Driver/Src/stm32f1xx_hal_spi.c ****   * @retval None
3009:Drivers/STM32F1xx_HAL_Driver/Src/stm32f1xx_hal_spi.c ****   */
3010:Drivers/STM32F1xx_HAL_Driver/Src/stm32f1xx_hal_spi.c **** static void SPI_DMAHalfTransmitReceiveCplt(DMA_HandleTypeDef *hdma)
3011:Drivers/STM32F1xx_HAL_Driver/Src/stm32f1xx_hal_spi.c **** {
3012:Drivers/STM32F1xx_HAL_Driver/Src/stm32f1xx_hal_spi.c ****   SPI_HandleTypeDef *hspi = (SPI_HandleTypeDef *)(((DMA_HandleTypeDef *)hdma)->Parent);
3013:Drivers/STM32F1xx_HAL_Driver/Src/stm32f1xx_hal_spi.c **** 
3014:Drivers/STM32F1xx_HAL_Driver/Src/stm32f1xx_hal_spi.c ****   /* Call user TxRx half complete callback */
3015:Drivers/STM32F1xx_HAL_Driver/Src/stm32f1xx_hal_spi.c **** #if (USE_HAL_SPI_REGISTER_CALLBACKS == 1U)
3016:Drivers/STM32F1xx_HAL_Driver/Src/stm32f1xx_hal_spi.c ****   hspi->TxRxHalfCpltCallback(hspi);
3017:Drivers/STM32F1xx_HAL_Driver/Src/stm32f1xx_hal_spi.c **** #else
3018:Drivers/STM32F1xx_HAL_Driver/Src/stm32f1xx_hal_spi.c ****   HAL_SPI_TxRxHalfCpltCallback(hspi);
3019:Drivers/STM32F1xx_HAL_Driver/Src/stm32f1xx_hal_spi.c **** #endif /* USE_HAL_SPI_REGISTER_CALLBACKS */
3020:Drivers/STM32F1xx_HAL_Driver/Src/stm32f1xx_hal_spi.c **** }
3021:Drivers/STM32F1xx_HAL_Driver/Src/stm32f1xx_hal_spi.c **** 
3022:Drivers/STM32F1xx_HAL_Driver/Src/stm32f1xx_hal_spi.c **** /**
3023:Drivers/STM32F1xx_HAL_Driver/Src/stm32f1xx_hal_spi.c ****   * @brief  DMA SPI communication error callback.
3024:Drivers/STM32F1xx_HAL_Driver/Src/stm32f1xx_hal_spi.c ****   * @param  hdma pointer to a DMA_HandleTypeDef structure that contains
3025:Drivers/STM32F1xx_HAL_Driver/Src/stm32f1xx_hal_spi.c ****   *               the configuration information for the specified DMA module.
3026:Drivers/STM32F1xx_HAL_Driver/Src/stm32f1xx_hal_spi.c ****   * @retval None
3027:Drivers/STM32F1xx_HAL_Driver/Src/stm32f1xx_hal_spi.c ****   */
3028:Drivers/STM32F1xx_HAL_Driver/Src/stm32f1xx_hal_spi.c **** static void SPI_DMAError(DMA_HandleTypeDef *hdma)
3029:Drivers/STM32F1xx_HAL_Driver/Src/stm32f1xx_hal_spi.c **** {
3030:Drivers/STM32F1xx_HAL_Driver/Src/stm32f1xx_hal_spi.c ****   SPI_HandleTypeDef *hspi = (SPI_HandleTypeDef *)(((DMA_HandleTypeDef *)hdma)->Parent);
3031:Drivers/STM32F1xx_HAL_Driver/Src/stm32f1xx_hal_spi.c **** 
3032:Drivers/STM32F1xx_HAL_Driver/Src/stm32f1xx_hal_spi.c ****   /* Stop the disable DMA transfer on SPI side */
3033:Drivers/STM32F1xx_HAL_Driver/Src/stm32f1xx_hal_spi.c ****   CLEAR_BIT(hspi->Instance->CR2, SPI_CR2_TXDMAEN | SPI_CR2_RXDMAEN);
3034:Drivers/STM32F1xx_HAL_Driver/Src/stm32f1xx_hal_spi.c **** 
3035:Drivers/STM32F1xx_HAL_Driver/Src/stm32f1xx_hal_spi.c ****   SET_BIT(hspi->ErrorCode, HAL_SPI_ERROR_DMA);
3036:Drivers/STM32F1xx_HAL_Driver/Src/stm32f1xx_hal_spi.c ****   hspi->State = HAL_SPI_STATE_READY;
3037:Drivers/STM32F1xx_HAL_Driver/Src/stm32f1xx_hal_spi.c ****   /* Call user error callback */
3038:Drivers/STM32F1xx_HAL_Driver/Src/stm32f1xx_hal_spi.c **** #if (USE_HAL_SPI_REGISTER_CALLBACKS == 1U)
3039:Drivers/STM32F1xx_HAL_Driver/Src/stm32f1xx_hal_spi.c ****   hspi->ErrorCallback(hspi);
3040:Drivers/STM32F1xx_HAL_Driver/Src/stm32f1xx_hal_spi.c **** #else
3041:Drivers/STM32F1xx_HAL_Driver/Src/stm32f1xx_hal_spi.c ****   HAL_SPI_ErrorCallback(hspi);
3042:Drivers/STM32F1xx_HAL_Driver/Src/stm32f1xx_hal_spi.c **** #endif /* USE_HAL_SPI_REGISTER_CALLBACKS */
3043:Drivers/STM32F1xx_HAL_Driver/Src/stm32f1xx_hal_spi.c **** }
3044:Drivers/STM32F1xx_HAL_Driver/Src/stm32f1xx_hal_spi.c **** 
3045:Drivers/STM32F1xx_HAL_Driver/Src/stm32f1xx_hal_spi.c **** /**
3046:Drivers/STM32F1xx_HAL_Driver/Src/stm32f1xx_hal_spi.c ****   * @brief  DMA SPI communication abort callback, when initiated by HAL services on Error
3047:Drivers/STM32F1xx_HAL_Driver/Src/stm32f1xx_hal_spi.c ****   *         (To be called at end of DMA Abort procedure following error occurrence).
3048:Drivers/STM32F1xx_HAL_Driver/Src/stm32f1xx_hal_spi.c ****   * @param  hdma DMA handle.
3049:Drivers/STM32F1xx_HAL_Driver/Src/stm32f1xx_hal_spi.c ****   * @retval None
3050:Drivers/STM32F1xx_HAL_Driver/Src/stm32f1xx_hal_spi.c ****   */
3051:Drivers/STM32F1xx_HAL_Driver/Src/stm32f1xx_hal_spi.c **** static void SPI_DMAAbortOnError(DMA_HandleTypeDef *hdma)
3052:Drivers/STM32F1xx_HAL_Driver/Src/stm32f1xx_hal_spi.c **** {
3053:Drivers/STM32F1xx_HAL_Driver/Src/stm32f1xx_hal_spi.c ****   SPI_HandleTypeDef *hspi = (SPI_HandleTypeDef *)(((DMA_HandleTypeDef *)hdma)->Parent);
ARM GAS  /var/folders/y0/yl1wrqfd209ghqq3s8k8qc1m0000gn/T//ccjYiGlu.s 			page 55


3054:Drivers/STM32F1xx_HAL_Driver/Src/stm32f1xx_hal_spi.c ****   hspi->RxXferCount = 0U;
3055:Drivers/STM32F1xx_HAL_Driver/Src/stm32f1xx_hal_spi.c ****   hspi->TxXferCount = 0U;
3056:Drivers/STM32F1xx_HAL_Driver/Src/stm32f1xx_hal_spi.c **** 
3057:Drivers/STM32F1xx_HAL_Driver/Src/stm32f1xx_hal_spi.c ****   /* Call user error callback */
3058:Drivers/STM32F1xx_HAL_Driver/Src/stm32f1xx_hal_spi.c **** #if (USE_HAL_SPI_REGISTER_CALLBACKS == 1U)
3059:Drivers/STM32F1xx_HAL_Driver/Src/stm32f1xx_hal_spi.c ****   hspi->ErrorCallback(hspi);
3060:Drivers/STM32F1xx_HAL_Driver/Src/stm32f1xx_hal_spi.c **** #else
3061:Drivers/STM32F1xx_HAL_Driver/Src/stm32f1xx_hal_spi.c ****   HAL_SPI_ErrorCallback(hspi);
3062:Drivers/STM32F1xx_HAL_Driver/Src/stm32f1xx_hal_spi.c **** #endif /* USE_HAL_SPI_REGISTER_CALLBACKS */
3063:Drivers/STM32F1xx_HAL_Driver/Src/stm32f1xx_hal_spi.c **** }
3064:Drivers/STM32F1xx_HAL_Driver/Src/stm32f1xx_hal_spi.c **** 
3065:Drivers/STM32F1xx_HAL_Driver/Src/stm32f1xx_hal_spi.c **** /**
3066:Drivers/STM32F1xx_HAL_Driver/Src/stm32f1xx_hal_spi.c ****   * @brief  DMA SPI Tx communication abort callback, when initiated by user
3067:Drivers/STM32F1xx_HAL_Driver/Src/stm32f1xx_hal_spi.c ****   *         (To be called at end of DMA Tx Abort procedure following user abort request).
3068:Drivers/STM32F1xx_HAL_Driver/Src/stm32f1xx_hal_spi.c ****   * @note   When this callback is executed, User Abort complete call back is called only if no
3069:Drivers/STM32F1xx_HAL_Driver/Src/stm32f1xx_hal_spi.c ****   *         Abort still ongoing for Rx DMA Handle.
3070:Drivers/STM32F1xx_HAL_Driver/Src/stm32f1xx_hal_spi.c ****   * @param  hdma DMA handle.
3071:Drivers/STM32F1xx_HAL_Driver/Src/stm32f1xx_hal_spi.c ****   * @retval None
3072:Drivers/STM32F1xx_HAL_Driver/Src/stm32f1xx_hal_spi.c ****   */
3073:Drivers/STM32F1xx_HAL_Driver/Src/stm32f1xx_hal_spi.c **** static void SPI_DMATxAbortCallback(DMA_HandleTypeDef *hdma)
3074:Drivers/STM32F1xx_HAL_Driver/Src/stm32f1xx_hal_spi.c **** {
3075:Drivers/STM32F1xx_HAL_Driver/Src/stm32f1xx_hal_spi.c ****   SPI_HandleTypeDef *hspi = (SPI_HandleTypeDef *)(((DMA_HandleTypeDef *)hdma)->Parent);
3076:Drivers/STM32F1xx_HAL_Driver/Src/stm32f1xx_hal_spi.c ****   __IO uint32_t count;
3077:Drivers/STM32F1xx_HAL_Driver/Src/stm32f1xx_hal_spi.c **** 
3078:Drivers/STM32F1xx_HAL_Driver/Src/stm32f1xx_hal_spi.c ****   hspi->hdmatx->XferAbortCallback = NULL;
3079:Drivers/STM32F1xx_HAL_Driver/Src/stm32f1xx_hal_spi.c ****   count = SPI_DEFAULT_TIMEOUT * (SystemCoreClock / 24U / 1000U);
3080:Drivers/STM32F1xx_HAL_Driver/Src/stm32f1xx_hal_spi.c **** 
3081:Drivers/STM32F1xx_HAL_Driver/Src/stm32f1xx_hal_spi.c ****   /* Disable Tx DMA Request */
3082:Drivers/STM32F1xx_HAL_Driver/Src/stm32f1xx_hal_spi.c ****   CLEAR_BIT(hspi->Instance->CR2, SPI_CR2_TXDMAEN);
3083:Drivers/STM32F1xx_HAL_Driver/Src/stm32f1xx_hal_spi.c **** 
3084:Drivers/STM32F1xx_HAL_Driver/Src/stm32f1xx_hal_spi.c ****   /* Wait until TXE flag is set */
3085:Drivers/STM32F1xx_HAL_Driver/Src/stm32f1xx_hal_spi.c ****   do
3086:Drivers/STM32F1xx_HAL_Driver/Src/stm32f1xx_hal_spi.c ****   {
3087:Drivers/STM32F1xx_HAL_Driver/Src/stm32f1xx_hal_spi.c ****     if (count == 0U)
3088:Drivers/STM32F1xx_HAL_Driver/Src/stm32f1xx_hal_spi.c ****     {
3089:Drivers/STM32F1xx_HAL_Driver/Src/stm32f1xx_hal_spi.c ****       SET_BIT(hspi->ErrorCode, HAL_SPI_ERROR_ABORT);
3090:Drivers/STM32F1xx_HAL_Driver/Src/stm32f1xx_hal_spi.c ****       break;
3091:Drivers/STM32F1xx_HAL_Driver/Src/stm32f1xx_hal_spi.c ****     }
3092:Drivers/STM32F1xx_HAL_Driver/Src/stm32f1xx_hal_spi.c ****     count--;
3093:Drivers/STM32F1xx_HAL_Driver/Src/stm32f1xx_hal_spi.c ****   } while ((hspi->Instance->SR & SPI_FLAG_TXE) == RESET);
3094:Drivers/STM32F1xx_HAL_Driver/Src/stm32f1xx_hal_spi.c **** 
3095:Drivers/STM32F1xx_HAL_Driver/Src/stm32f1xx_hal_spi.c ****   /* Check if an Abort process is still ongoing */
3096:Drivers/STM32F1xx_HAL_Driver/Src/stm32f1xx_hal_spi.c ****   if (hspi->hdmarx != NULL)
3097:Drivers/STM32F1xx_HAL_Driver/Src/stm32f1xx_hal_spi.c ****   {
3098:Drivers/STM32F1xx_HAL_Driver/Src/stm32f1xx_hal_spi.c ****     if (hspi->hdmarx->XferAbortCallback != NULL)
3099:Drivers/STM32F1xx_HAL_Driver/Src/stm32f1xx_hal_spi.c ****     {
3100:Drivers/STM32F1xx_HAL_Driver/Src/stm32f1xx_hal_spi.c ****       return;
3101:Drivers/STM32F1xx_HAL_Driver/Src/stm32f1xx_hal_spi.c ****     }
3102:Drivers/STM32F1xx_HAL_Driver/Src/stm32f1xx_hal_spi.c ****   }
3103:Drivers/STM32F1xx_HAL_Driver/Src/stm32f1xx_hal_spi.c **** 
3104:Drivers/STM32F1xx_HAL_Driver/Src/stm32f1xx_hal_spi.c ****   /* No Abort process still ongoing : All DMA Stream/Channel are aborted, call user Abort Complete 
3105:Drivers/STM32F1xx_HAL_Driver/Src/stm32f1xx_hal_spi.c ****   hspi->RxXferCount = 0U;
3106:Drivers/STM32F1xx_HAL_Driver/Src/stm32f1xx_hal_spi.c ****   hspi->TxXferCount = 0U;
3107:Drivers/STM32F1xx_HAL_Driver/Src/stm32f1xx_hal_spi.c **** 
3108:Drivers/STM32F1xx_HAL_Driver/Src/stm32f1xx_hal_spi.c ****   /* Check no error during Abort procedure */
3109:Drivers/STM32F1xx_HAL_Driver/Src/stm32f1xx_hal_spi.c ****   if (hspi->ErrorCode != HAL_SPI_ERROR_ABORT)
3110:Drivers/STM32F1xx_HAL_Driver/Src/stm32f1xx_hal_spi.c ****   {
ARM GAS  /var/folders/y0/yl1wrqfd209ghqq3s8k8qc1m0000gn/T//ccjYiGlu.s 			page 56


3111:Drivers/STM32F1xx_HAL_Driver/Src/stm32f1xx_hal_spi.c ****     /* Reset errorCode */
3112:Drivers/STM32F1xx_HAL_Driver/Src/stm32f1xx_hal_spi.c ****     hspi->ErrorCode = HAL_SPI_ERROR_NONE;
3113:Drivers/STM32F1xx_HAL_Driver/Src/stm32f1xx_hal_spi.c ****   }
3114:Drivers/STM32F1xx_HAL_Driver/Src/stm32f1xx_hal_spi.c **** 
3115:Drivers/STM32F1xx_HAL_Driver/Src/stm32f1xx_hal_spi.c ****   /* Clear the Error flags in the SR register */
3116:Drivers/STM32F1xx_HAL_Driver/Src/stm32f1xx_hal_spi.c ****   __HAL_SPI_CLEAR_OVRFLAG(hspi);
3117:Drivers/STM32F1xx_HAL_Driver/Src/stm32f1xx_hal_spi.c **** 
3118:Drivers/STM32F1xx_HAL_Driver/Src/stm32f1xx_hal_spi.c ****   /* Restore hspi->State to Ready */
3119:Drivers/STM32F1xx_HAL_Driver/Src/stm32f1xx_hal_spi.c ****   hspi->State  = HAL_SPI_STATE_READY;
3120:Drivers/STM32F1xx_HAL_Driver/Src/stm32f1xx_hal_spi.c **** 
3121:Drivers/STM32F1xx_HAL_Driver/Src/stm32f1xx_hal_spi.c ****   /* Call user Abort complete callback */
3122:Drivers/STM32F1xx_HAL_Driver/Src/stm32f1xx_hal_spi.c **** #if (USE_HAL_SPI_REGISTER_CALLBACKS == 1U)
3123:Drivers/STM32F1xx_HAL_Driver/Src/stm32f1xx_hal_spi.c ****   hspi->AbortCpltCallback(hspi);
3124:Drivers/STM32F1xx_HAL_Driver/Src/stm32f1xx_hal_spi.c **** #else
3125:Drivers/STM32F1xx_HAL_Driver/Src/stm32f1xx_hal_spi.c ****   HAL_SPI_AbortCpltCallback(hspi);
3126:Drivers/STM32F1xx_HAL_Driver/Src/stm32f1xx_hal_spi.c **** #endif /* USE_HAL_SPI_REGISTER_CALLBACKS */
3127:Drivers/STM32F1xx_HAL_Driver/Src/stm32f1xx_hal_spi.c **** }
3128:Drivers/STM32F1xx_HAL_Driver/Src/stm32f1xx_hal_spi.c **** 
3129:Drivers/STM32F1xx_HAL_Driver/Src/stm32f1xx_hal_spi.c **** /**
3130:Drivers/STM32F1xx_HAL_Driver/Src/stm32f1xx_hal_spi.c ****   * @brief  DMA SPI Rx communication abort callback, when initiated by user
3131:Drivers/STM32F1xx_HAL_Driver/Src/stm32f1xx_hal_spi.c ****   *         (To be called at end of DMA Rx Abort procedure following user abort request).
3132:Drivers/STM32F1xx_HAL_Driver/Src/stm32f1xx_hal_spi.c ****   * @note   When this callback is executed, User Abort complete call back is called only if no
3133:Drivers/STM32F1xx_HAL_Driver/Src/stm32f1xx_hal_spi.c ****   *         Abort still ongoing for Tx DMA Handle.
3134:Drivers/STM32F1xx_HAL_Driver/Src/stm32f1xx_hal_spi.c ****   * @param  hdma DMA handle.
3135:Drivers/STM32F1xx_HAL_Driver/Src/stm32f1xx_hal_spi.c ****   * @retval None
3136:Drivers/STM32F1xx_HAL_Driver/Src/stm32f1xx_hal_spi.c ****   */
3137:Drivers/STM32F1xx_HAL_Driver/Src/stm32f1xx_hal_spi.c **** static void SPI_DMARxAbortCallback(DMA_HandleTypeDef *hdma)
3138:Drivers/STM32F1xx_HAL_Driver/Src/stm32f1xx_hal_spi.c **** {
3139:Drivers/STM32F1xx_HAL_Driver/Src/stm32f1xx_hal_spi.c ****   SPI_HandleTypeDef *hspi = (SPI_HandleTypeDef *)(((DMA_HandleTypeDef *)hdma)->Parent);
3140:Drivers/STM32F1xx_HAL_Driver/Src/stm32f1xx_hal_spi.c **** 
3141:Drivers/STM32F1xx_HAL_Driver/Src/stm32f1xx_hal_spi.c ****   /* Disable SPI Peripheral */
3142:Drivers/STM32F1xx_HAL_Driver/Src/stm32f1xx_hal_spi.c ****   __HAL_SPI_DISABLE(hspi);
3143:Drivers/STM32F1xx_HAL_Driver/Src/stm32f1xx_hal_spi.c **** 
3144:Drivers/STM32F1xx_HAL_Driver/Src/stm32f1xx_hal_spi.c ****   hspi->hdmarx->XferAbortCallback = NULL;
3145:Drivers/STM32F1xx_HAL_Driver/Src/stm32f1xx_hal_spi.c **** 
3146:Drivers/STM32F1xx_HAL_Driver/Src/stm32f1xx_hal_spi.c ****   /* Disable Rx DMA Request */
3147:Drivers/STM32F1xx_HAL_Driver/Src/stm32f1xx_hal_spi.c ****   CLEAR_BIT(hspi->Instance->CR2, SPI_CR2_RXDMAEN);
3148:Drivers/STM32F1xx_HAL_Driver/Src/stm32f1xx_hal_spi.c **** 
3149:Drivers/STM32F1xx_HAL_Driver/Src/stm32f1xx_hal_spi.c ****   /* Check Busy flag */
3150:Drivers/STM32F1xx_HAL_Driver/Src/stm32f1xx_hal_spi.c ****   if (SPI_EndRxTxTransaction(hspi, SPI_DEFAULT_TIMEOUT, HAL_GetTick()) != HAL_OK)
3151:Drivers/STM32F1xx_HAL_Driver/Src/stm32f1xx_hal_spi.c ****   {
3152:Drivers/STM32F1xx_HAL_Driver/Src/stm32f1xx_hal_spi.c ****     SET_BIT(hspi->ErrorCode, HAL_SPI_ERROR_ABORT);
3153:Drivers/STM32F1xx_HAL_Driver/Src/stm32f1xx_hal_spi.c ****   }
3154:Drivers/STM32F1xx_HAL_Driver/Src/stm32f1xx_hal_spi.c **** 
3155:Drivers/STM32F1xx_HAL_Driver/Src/stm32f1xx_hal_spi.c ****   /* Check if an Abort process is still ongoing */
3156:Drivers/STM32F1xx_HAL_Driver/Src/stm32f1xx_hal_spi.c ****   if (hspi->hdmatx != NULL)
3157:Drivers/STM32F1xx_HAL_Driver/Src/stm32f1xx_hal_spi.c ****   {
3158:Drivers/STM32F1xx_HAL_Driver/Src/stm32f1xx_hal_spi.c ****     if (hspi->hdmatx->XferAbortCallback != NULL)
3159:Drivers/STM32F1xx_HAL_Driver/Src/stm32f1xx_hal_spi.c ****     {
3160:Drivers/STM32F1xx_HAL_Driver/Src/stm32f1xx_hal_spi.c ****       return;
3161:Drivers/STM32F1xx_HAL_Driver/Src/stm32f1xx_hal_spi.c ****     }
3162:Drivers/STM32F1xx_HAL_Driver/Src/stm32f1xx_hal_spi.c ****   }
3163:Drivers/STM32F1xx_HAL_Driver/Src/stm32f1xx_hal_spi.c **** 
3164:Drivers/STM32F1xx_HAL_Driver/Src/stm32f1xx_hal_spi.c ****   /* No Abort process still ongoing : All DMA Stream/Channel are aborted, call user Abort Complete 
3165:Drivers/STM32F1xx_HAL_Driver/Src/stm32f1xx_hal_spi.c ****   hspi->RxXferCount = 0U;
3166:Drivers/STM32F1xx_HAL_Driver/Src/stm32f1xx_hal_spi.c ****   hspi->TxXferCount = 0U;
3167:Drivers/STM32F1xx_HAL_Driver/Src/stm32f1xx_hal_spi.c **** 
ARM GAS  /var/folders/y0/yl1wrqfd209ghqq3s8k8qc1m0000gn/T//ccjYiGlu.s 			page 57


3168:Drivers/STM32F1xx_HAL_Driver/Src/stm32f1xx_hal_spi.c ****   /* Check no error during Abort procedure */
3169:Drivers/STM32F1xx_HAL_Driver/Src/stm32f1xx_hal_spi.c ****   if (hspi->ErrorCode != HAL_SPI_ERROR_ABORT)
3170:Drivers/STM32F1xx_HAL_Driver/Src/stm32f1xx_hal_spi.c ****   {
3171:Drivers/STM32F1xx_HAL_Driver/Src/stm32f1xx_hal_spi.c ****     /* Reset errorCode */
3172:Drivers/STM32F1xx_HAL_Driver/Src/stm32f1xx_hal_spi.c ****     hspi->ErrorCode = HAL_SPI_ERROR_NONE;
3173:Drivers/STM32F1xx_HAL_Driver/Src/stm32f1xx_hal_spi.c ****   }
3174:Drivers/STM32F1xx_HAL_Driver/Src/stm32f1xx_hal_spi.c **** 
3175:Drivers/STM32F1xx_HAL_Driver/Src/stm32f1xx_hal_spi.c ****   /* Clear the Error flags in the SR register */
3176:Drivers/STM32F1xx_HAL_Driver/Src/stm32f1xx_hal_spi.c ****   __HAL_SPI_CLEAR_OVRFLAG(hspi);
3177:Drivers/STM32F1xx_HAL_Driver/Src/stm32f1xx_hal_spi.c **** 
3178:Drivers/STM32F1xx_HAL_Driver/Src/stm32f1xx_hal_spi.c ****   /* Restore hspi->State to Ready */
3179:Drivers/STM32F1xx_HAL_Driver/Src/stm32f1xx_hal_spi.c ****   hspi->State  = HAL_SPI_STATE_READY;
3180:Drivers/STM32F1xx_HAL_Driver/Src/stm32f1xx_hal_spi.c **** 
3181:Drivers/STM32F1xx_HAL_Driver/Src/stm32f1xx_hal_spi.c ****   /* Call user Abort complete callback */
3182:Drivers/STM32F1xx_HAL_Driver/Src/stm32f1xx_hal_spi.c **** #if (USE_HAL_SPI_REGISTER_CALLBACKS == 1U)
3183:Drivers/STM32F1xx_HAL_Driver/Src/stm32f1xx_hal_spi.c ****   hspi->AbortCpltCallback(hspi);
3184:Drivers/STM32F1xx_HAL_Driver/Src/stm32f1xx_hal_spi.c **** #else
3185:Drivers/STM32F1xx_HAL_Driver/Src/stm32f1xx_hal_spi.c ****   HAL_SPI_AbortCpltCallback(hspi);
3186:Drivers/STM32F1xx_HAL_Driver/Src/stm32f1xx_hal_spi.c **** #endif /* USE_HAL_SPI_REGISTER_CALLBACKS */
3187:Drivers/STM32F1xx_HAL_Driver/Src/stm32f1xx_hal_spi.c **** }
3188:Drivers/STM32F1xx_HAL_Driver/Src/stm32f1xx_hal_spi.c **** 
3189:Drivers/STM32F1xx_HAL_Driver/Src/stm32f1xx_hal_spi.c **** /**
3190:Drivers/STM32F1xx_HAL_Driver/Src/stm32f1xx_hal_spi.c ****   * @brief  Rx 8-bit handler for Transmit and Receive in Interrupt mode.
3191:Drivers/STM32F1xx_HAL_Driver/Src/stm32f1xx_hal_spi.c ****   * @param  hspi pointer to a SPI_HandleTypeDef structure that contains
3192:Drivers/STM32F1xx_HAL_Driver/Src/stm32f1xx_hal_spi.c ****   *               the configuration information for SPI module.
3193:Drivers/STM32F1xx_HAL_Driver/Src/stm32f1xx_hal_spi.c ****   * @retval None
3194:Drivers/STM32F1xx_HAL_Driver/Src/stm32f1xx_hal_spi.c ****   */
3195:Drivers/STM32F1xx_HAL_Driver/Src/stm32f1xx_hal_spi.c **** static void SPI_2linesRxISR_8BIT(struct __SPI_HandleTypeDef *hspi)
3196:Drivers/STM32F1xx_HAL_Driver/Src/stm32f1xx_hal_spi.c **** {
3197:Drivers/STM32F1xx_HAL_Driver/Src/stm32f1xx_hal_spi.c ****   /* Receive data in 8bit mode */
3198:Drivers/STM32F1xx_HAL_Driver/Src/stm32f1xx_hal_spi.c ****   *hspi->pRxBuffPtr = *((__IO uint8_t *)&hspi->Instance->DR);
3199:Drivers/STM32F1xx_HAL_Driver/Src/stm32f1xx_hal_spi.c ****   hspi->pRxBuffPtr++;
3200:Drivers/STM32F1xx_HAL_Driver/Src/stm32f1xx_hal_spi.c ****   hspi->RxXferCount--;
3201:Drivers/STM32F1xx_HAL_Driver/Src/stm32f1xx_hal_spi.c **** 
3202:Drivers/STM32F1xx_HAL_Driver/Src/stm32f1xx_hal_spi.c ****   /* Check end of the reception */
3203:Drivers/STM32F1xx_HAL_Driver/Src/stm32f1xx_hal_spi.c ****   if (hspi->RxXferCount == 0U)
3204:Drivers/STM32F1xx_HAL_Driver/Src/stm32f1xx_hal_spi.c ****   {
3205:Drivers/STM32F1xx_HAL_Driver/Src/stm32f1xx_hal_spi.c **** #if (USE_SPI_CRC != 0U)
3206:Drivers/STM32F1xx_HAL_Driver/Src/stm32f1xx_hal_spi.c ****     if (hspi->Init.CRCCalculation == SPI_CRCCALCULATION_ENABLE)
3207:Drivers/STM32F1xx_HAL_Driver/Src/stm32f1xx_hal_spi.c ****     {
3208:Drivers/STM32F1xx_HAL_Driver/Src/stm32f1xx_hal_spi.c ****       hspi->RxISR =  SPI_2linesRxISR_8BITCRC;
3209:Drivers/STM32F1xx_HAL_Driver/Src/stm32f1xx_hal_spi.c ****       return;
3210:Drivers/STM32F1xx_HAL_Driver/Src/stm32f1xx_hal_spi.c ****     }
3211:Drivers/STM32F1xx_HAL_Driver/Src/stm32f1xx_hal_spi.c **** #endif /* USE_SPI_CRC */
3212:Drivers/STM32F1xx_HAL_Driver/Src/stm32f1xx_hal_spi.c **** 
3213:Drivers/STM32F1xx_HAL_Driver/Src/stm32f1xx_hal_spi.c ****     /* Disable RXNE  and ERR interrupt */
3214:Drivers/STM32F1xx_HAL_Driver/Src/stm32f1xx_hal_spi.c ****     __HAL_SPI_DISABLE_IT(hspi, (SPI_IT_RXNE | SPI_IT_ERR));
3215:Drivers/STM32F1xx_HAL_Driver/Src/stm32f1xx_hal_spi.c **** 
3216:Drivers/STM32F1xx_HAL_Driver/Src/stm32f1xx_hal_spi.c ****     if (hspi->TxXferCount == 0U)
3217:Drivers/STM32F1xx_HAL_Driver/Src/stm32f1xx_hal_spi.c ****     {
3218:Drivers/STM32F1xx_HAL_Driver/Src/stm32f1xx_hal_spi.c ****       SPI_CloseRxTx_ISR(hspi);
3219:Drivers/STM32F1xx_HAL_Driver/Src/stm32f1xx_hal_spi.c ****     }
3220:Drivers/STM32F1xx_HAL_Driver/Src/stm32f1xx_hal_spi.c ****   }
3221:Drivers/STM32F1xx_HAL_Driver/Src/stm32f1xx_hal_spi.c **** }
3222:Drivers/STM32F1xx_HAL_Driver/Src/stm32f1xx_hal_spi.c **** 
3223:Drivers/STM32F1xx_HAL_Driver/Src/stm32f1xx_hal_spi.c **** #if (USE_SPI_CRC != 0U)
3224:Drivers/STM32F1xx_HAL_Driver/Src/stm32f1xx_hal_spi.c **** /**
ARM GAS  /var/folders/y0/yl1wrqfd209ghqq3s8k8qc1m0000gn/T//ccjYiGlu.s 			page 58


3225:Drivers/STM32F1xx_HAL_Driver/Src/stm32f1xx_hal_spi.c ****   * @brief  Rx 8-bit handler for Transmit and Receive in Interrupt mode.
3226:Drivers/STM32F1xx_HAL_Driver/Src/stm32f1xx_hal_spi.c ****   * @param  hspi pointer to a SPI_HandleTypeDef structure that contains
3227:Drivers/STM32F1xx_HAL_Driver/Src/stm32f1xx_hal_spi.c ****   *               the configuration information for SPI module.
3228:Drivers/STM32F1xx_HAL_Driver/Src/stm32f1xx_hal_spi.c ****   * @retval None
3229:Drivers/STM32F1xx_HAL_Driver/Src/stm32f1xx_hal_spi.c ****   */
3230:Drivers/STM32F1xx_HAL_Driver/Src/stm32f1xx_hal_spi.c **** static void SPI_2linesRxISR_8BITCRC(struct __SPI_HandleTypeDef *hspi)
3231:Drivers/STM32F1xx_HAL_Driver/Src/stm32f1xx_hal_spi.c **** {
3232:Drivers/STM32F1xx_HAL_Driver/Src/stm32f1xx_hal_spi.c ****   __IO uint8_t  *ptmpreg8;
3233:Drivers/STM32F1xx_HAL_Driver/Src/stm32f1xx_hal_spi.c ****   __IO uint8_t  tmpreg8 = 0;
3234:Drivers/STM32F1xx_HAL_Driver/Src/stm32f1xx_hal_spi.c **** 
3235:Drivers/STM32F1xx_HAL_Driver/Src/stm32f1xx_hal_spi.c ****   /* Initialize the 8bit temporary pointer */
3236:Drivers/STM32F1xx_HAL_Driver/Src/stm32f1xx_hal_spi.c ****   ptmpreg8 = (__IO uint8_t *)&hspi->Instance->DR;
3237:Drivers/STM32F1xx_HAL_Driver/Src/stm32f1xx_hal_spi.c ****   /* Read 8bit CRC to flush Data Register */
3238:Drivers/STM32F1xx_HAL_Driver/Src/stm32f1xx_hal_spi.c ****   tmpreg8 = *ptmpreg8;
3239:Drivers/STM32F1xx_HAL_Driver/Src/stm32f1xx_hal_spi.c ****   /* To avoid GCC warning */
3240:Drivers/STM32F1xx_HAL_Driver/Src/stm32f1xx_hal_spi.c ****   UNUSED(tmpreg8);
3241:Drivers/STM32F1xx_HAL_Driver/Src/stm32f1xx_hal_spi.c **** 
3242:Drivers/STM32F1xx_HAL_Driver/Src/stm32f1xx_hal_spi.c ****   /* Disable RXNE and ERR interrupt */
3243:Drivers/STM32F1xx_HAL_Driver/Src/stm32f1xx_hal_spi.c ****   __HAL_SPI_DISABLE_IT(hspi, (SPI_IT_RXNE | SPI_IT_ERR));
3244:Drivers/STM32F1xx_HAL_Driver/Src/stm32f1xx_hal_spi.c **** 
3245:Drivers/STM32F1xx_HAL_Driver/Src/stm32f1xx_hal_spi.c ****   if (hspi->TxXferCount == 0U)
3246:Drivers/STM32F1xx_HAL_Driver/Src/stm32f1xx_hal_spi.c ****   {
3247:Drivers/STM32F1xx_HAL_Driver/Src/stm32f1xx_hal_spi.c ****     SPI_CloseRxTx_ISR(hspi);
3248:Drivers/STM32F1xx_HAL_Driver/Src/stm32f1xx_hal_spi.c ****   }
3249:Drivers/STM32F1xx_HAL_Driver/Src/stm32f1xx_hal_spi.c **** }
3250:Drivers/STM32F1xx_HAL_Driver/Src/stm32f1xx_hal_spi.c **** #endif /* USE_SPI_CRC */
3251:Drivers/STM32F1xx_HAL_Driver/Src/stm32f1xx_hal_spi.c **** 
3252:Drivers/STM32F1xx_HAL_Driver/Src/stm32f1xx_hal_spi.c **** /**
3253:Drivers/STM32F1xx_HAL_Driver/Src/stm32f1xx_hal_spi.c ****   * @brief  Tx 8-bit handler for Transmit and Receive in Interrupt mode.
3254:Drivers/STM32F1xx_HAL_Driver/Src/stm32f1xx_hal_spi.c ****   * @param  hspi pointer to a SPI_HandleTypeDef structure that contains
3255:Drivers/STM32F1xx_HAL_Driver/Src/stm32f1xx_hal_spi.c ****   *               the configuration information for SPI module.
3256:Drivers/STM32F1xx_HAL_Driver/Src/stm32f1xx_hal_spi.c ****   * @retval None
3257:Drivers/STM32F1xx_HAL_Driver/Src/stm32f1xx_hal_spi.c ****   */
3258:Drivers/STM32F1xx_HAL_Driver/Src/stm32f1xx_hal_spi.c **** static void SPI_2linesTxISR_8BIT(struct __SPI_HandleTypeDef *hspi)
3259:Drivers/STM32F1xx_HAL_Driver/Src/stm32f1xx_hal_spi.c **** {
3260:Drivers/STM32F1xx_HAL_Driver/Src/stm32f1xx_hal_spi.c ****   *(__IO uint8_t *)&hspi->Instance->DR = *((const uint8_t *)hspi->pTxBuffPtr);
3261:Drivers/STM32F1xx_HAL_Driver/Src/stm32f1xx_hal_spi.c ****   hspi->pTxBuffPtr++;
3262:Drivers/STM32F1xx_HAL_Driver/Src/stm32f1xx_hal_spi.c ****   hspi->TxXferCount--;
3263:Drivers/STM32F1xx_HAL_Driver/Src/stm32f1xx_hal_spi.c **** 
3264:Drivers/STM32F1xx_HAL_Driver/Src/stm32f1xx_hal_spi.c ****   /* Check the end of the transmission */
3265:Drivers/STM32F1xx_HAL_Driver/Src/stm32f1xx_hal_spi.c ****   if (hspi->TxXferCount == 0U)
3266:Drivers/STM32F1xx_HAL_Driver/Src/stm32f1xx_hal_spi.c ****   {
3267:Drivers/STM32F1xx_HAL_Driver/Src/stm32f1xx_hal_spi.c **** #if (USE_SPI_CRC != 0U)
3268:Drivers/STM32F1xx_HAL_Driver/Src/stm32f1xx_hal_spi.c ****     if (hspi->Init.CRCCalculation == SPI_CRCCALCULATION_ENABLE)
3269:Drivers/STM32F1xx_HAL_Driver/Src/stm32f1xx_hal_spi.c ****     {
3270:Drivers/STM32F1xx_HAL_Driver/Src/stm32f1xx_hal_spi.c ****       /* Set CRC Next Bit to send CRC */
3271:Drivers/STM32F1xx_HAL_Driver/Src/stm32f1xx_hal_spi.c ****       SET_BIT(hspi->Instance->CR1, SPI_CR1_CRCNEXT);
3272:Drivers/STM32F1xx_HAL_Driver/Src/stm32f1xx_hal_spi.c ****       /* Disable TXE interrupt */
3273:Drivers/STM32F1xx_HAL_Driver/Src/stm32f1xx_hal_spi.c ****       __HAL_SPI_DISABLE_IT(hspi, SPI_IT_TXE);
3274:Drivers/STM32F1xx_HAL_Driver/Src/stm32f1xx_hal_spi.c ****       return;
3275:Drivers/STM32F1xx_HAL_Driver/Src/stm32f1xx_hal_spi.c ****     }
3276:Drivers/STM32F1xx_HAL_Driver/Src/stm32f1xx_hal_spi.c **** #endif /* USE_SPI_CRC */
3277:Drivers/STM32F1xx_HAL_Driver/Src/stm32f1xx_hal_spi.c **** 
3278:Drivers/STM32F1xx_HAL_Driver/Src/stm32f1xx_hal_spi.c ****     /* Disable TXE interrupt */
3279:Drivers/STM32F1xx_HAL_Driver/Src/stm32f1xx_hal_spi.c ****     __HAL_SPI_DISABLE_IT(hspi, SPI_IT_TXE);
3280:Drivers/STM32F1xx_HAL_Driver/Src/stm32f1xx_hal_spi.c **** 
3281:Drivers/STM32F1xx_HAL_Driver/Src/stm32f1xx_hal_spi.c ****     if (hspi->RxXferCount == 0U)
ARM GAS  /var/folders/y0/yl1wrqfd209ghqq3s8k8qc1m0000gn/T//ccjYiGlu.s 			page 59


3282:Drivers/STM32F1xx_HAL_Driver/Src/stm32f1xx_hal_spi.c ****     {
3283:Drivers/STM32F1xx_HAL_Driver/Src/stm32f1xx_hal_spi.c ****       SPI_CloseRxTx_ISR(hspi);
3284:Drivers/STM32F1xx_HAL_Driver/Src/stm32f1xx_hal_spi.c ****     }
3285:Drivers/STM32F1xx_HAL_Driver/Src/stm32f1xx_hal_spi.c ****   }
3286:Drivers/STM32F1xx_HAL_Driver/Src/stm32f1xx_hal_spi.c **** }
3287:Drivers/STM32F1xx_HAL_Driver/Src/stm32f1xx_hal_spi.c **** 
3288:Drivers/STM32F1xx_HAL_Driver/Src/stm32f1xx_hal_spi.c **** /**
3289:Drivers/STM32F1xx_HAL_Driver/Src/stm32f1xx_hal_spi.c ****   * @brief  Rx 16-bit handler for Transmit and Receive in Interrupt mode.
3290:Drivers/STM32F1xx_HAL_Driver/Src/stm32f1xx_hal_spi.c ****   * @param  hspi pointer to a SPI_HandleTypeDef structure that contains
3291:Drivers/STM32F1xx_HAL_Driver/Src/stm32f1xx_hal_spi.c ****   *               the configuration information for SPI module.
3292:Drivers/STM32F1xx_HAL_Driver/Src/stm32f1xx_hal_spi.c ****   * @retval None
3293:Drivers/STM32F1xx_HAL_Driver/Src/stm32f1xx_hal_spi.c ****   */
3294:Drivers/STM32F1xx_HAL_Driver/Src/stm32f1xx_hal_spi.c **** static void SPI_2linesRxISR_16BIT(struct __SPI_HandleTypeDef *hspi)
3295:Drivers/STM32F1xx_HAL_Driver/Src/stm32f1xx_hal_spi.c **** {
3296:Drivers/STM32F1xx_HAL_Driver/Src/stm32f1xx_hal_spi.c ****   /* Receive data in 16 Bit mode */
3297:Drivers/STM32F1xx_HAL_Driver/Src/stm32f1xx_hal_spi.c ****   *((uint16_t *)hspi->pRxBuffPtr) = (uint16_t)(hspi->Instance->DR);
3298:Drivers/STM32F1xx_HAL_Driver/Src/stm32f1xx_hal_spi.c ****   hspi->pRxBuffPtr += sizeof(uint16_t);
3299:Drivers/STM32F1xx_HAL_Driver/Src/stm32f1xx_hal_spi.c ****   hspi->RxXferCount--;
3300:Drivers/STM32F1xx_HAL_Driver/Src/stm32f1xx_hal_spi.c **** 
3301:Drivers/STM32F1xx_HAL_Driver/Src/stm32f1xx_hal_spi.c ****   if (hspi->RxXferCount == 0U)
3302:Drivers/STM32F1xx_HAL_Driver/Src/stm32f1xx_hal_spi.c ****   {
3303:Drivers/STM32F1xx_HAL_Driver/Src/stm32f1xx_hal_spi.c **** #if (USE_SPI_CRC != 0U)
3304:Drivers/STM32F1xx_HAL_Driver/Src/stm32f1xx_hal_spi.c ****     if (hspi->Init.CRCCalculation == SPI_CRCCALCULATION_ENABLE)
3305:Drivers/STM32F1xx_HAL_Driver/Src/stm32f1xx_hal_spi.c ****     {
3306:Drivers/STM32F1xx_HAL_Driver/Src/stm32f1xx_hal_spi.c ****       hspi->RxISR =  SPI_2linesRxISR_16BITCRC;
3307:Drivers/STM32F1xx_HAL_Driver/Src/stm32f1xx_hal_spi.c ****       return;
3308:Drivers/STM32F1xx_HAL_Driver/Src/stm32f1xx_hal_spi.c ****     }
3309:Drivers/STM32F1xx_HAL_Driver/Src/stm32f1xx_hal_spi.c **** #endif /* USE_SPI_CRC */
3310:Drivers/STM32F1xx_HAL_Driver/Src/stm32f1xx_hal_spi.c **** 
3311:Drivers/STM32F1xx_HAL_Driver/Src/stm32f1xx_hal_spi.c ****     /* Disable RXNE interrupt */
3312:Drivers/STM32F1xx_HAL_Driver/Src/stm32f1xx_hal_spi.c ****     __HAL_SPI_DISABLE_IT(hspi, SPI_IT_RXNE);
3313:Drivers/STM32F1xx_HAL_Driver/Src/stm32f1xx_hal_spi.c **** 
3314:Drivers/STM32F1xx_HAL_Driver/Src/stm32f1xx_hal_spi.c ****     if (hspi->TxXferCount == 0U)
3315:Drivers/STM32F1xx_HAL_Driver/Src/stm32f1xx_hal_spi.c ****     {
3316:Drivers/STM32F1xx_HAL_Driver/Src/stm32f1xx_hal_spi.c ****       SPI_CloseRxTx_ISR(hspi);
3317:Drivers/STM32F1xx_HAL_Driver/Src/stm32f1xx_hal_spi.c ****     }
3318:Drivers/STM32F1xx_HAL_Driver/Src/stm32f1xx_hal_spi.c ****   }
3319:Drivers/STM32F1xx_HAL_Driver/Src/stm32f1xx_hal_spi.c **** }
3320:Drivers/STM32F1xx_HAL_Driver/Src/stm32f1xx_hal_spi.c **** 
3321:Drivers/STM32F1xx_HAL_Driver/Src/stm32f1xx_hal_spi.c **** #if (USE_SPI_CRC != 0U)
3322:Drivers/STM32F1xx_HAL_Driver/Src/stm32f1xx_hal_spi.c **** /**
3323:Drivers/STM32F1xx_HAL_Driver/Src/stm32f1xx_hal_spi.c ****   * @brief  Manage the CRC 16-bit receive for Transmit and Receive in Interrupt mode.
3324:Drivers/STM32F1xx_HAL_Driver/Src/stm32f1xx_hal_spi.c ****   * @param  hspi pointer to a SPI_HandleTypeDef structure that contains
3325:Drivers/STM32F1xx_HAL_Driver/Src/stm32f1xx_hal_spi.c ****   *               the configuration information for SPI module.
3326:Drivers/STM32F1xx_HAL_Driver/Src/stm32f1xx_hal_spi.c ****   * @retval None
3327:Drivers/STM32F1xx_HAL_Driver/Src/stm32f1xx_hal_spi.c ****   */
3328:Drivers/STM32F1xx_HAL_Driver/Src/stm32f1xx_hal_spi.c **** static void SPI_2linesRxISR_16BITCRC(struct __SPI_HandleTypeDef *hspi)
3329:Drivers/STM32F1xx_HAL_Driver/Src/stm32f1xx_hal_spi.c **** {
3330:Drivers/STM32F1xx_HAL_Driver/Src/stm32f1xx_hal_spi.c ****   __IO uint32_t tmpreg = 0U;
3331:Drivers/STM32F1xx_HAL_Driver/Src/stm32f1xx_hal_spi.c **** 
3332:Drivers/STM32F1xx_HAL_Driver/Src/stm32f1xx_hal_spi.c ****   /* Read 16bit CRC to flush Data Register */
3333:Drivers/STM32F1xx_HAL_Driver/Src/stm32f1xx_hal_spi.c ****   tmpreg = READ_REG(hspi->Instance->DR);
3334:Drivers/STM32F1xx_HAL_Driver/Src/stm32f1xx_hal_spi.c ****   /* To avoid GCC warning */
3335:Drivers/STM32F1xx_HAL_Driver/Src/stm32f1xx_hal_spi.c ****   UNUSED(tmpreg);
3336:Drivers/STM32F1xx_HAL_Driver/Src/stm32f1xx_hal_spi.c **** 
3337:Drivers/STM32F1xx_HAL_Driver/Src/stm32f1xx_hal_spi.c ****   /* Disable RXNE interrupt */
3338:Drivers/STM32F1xx_HAL_Driver/Src/stm32f1xx_hal_spi.c ****   __HAL_SPI_DISABLE_IT(hspi, SPI_IT_RXNE);
ARM GAS  /var/folders/y0/yl1wrqfd209ghqq3s8k8qc1m0000gn/T//ccjYiGlu.s 			page 60


3339:Drivers/STM32F1xx_HAL_Driver/Src/stm32f1xx_hal_spi.c **** 
3340:Drivers/STM32F1xx_HAL_Driver/Src/stm32f1xx_hal_spi.c ****   SPI_CloseRxTx_ISR(hspi);
3341:Drivers/STM32F1xx_HAL_Driver/Src/stm32f1xx_hal_spi.c **** }
3342:Drivers/STM32F1xx_HAL_Driver/Src/stm32f1xx_hal_spi.c **** #endif /* USE_SPI_CRC */
3343:Drivers/STM32F1xx_HAL_Driver/Src/stm32f1xx_hal_spi.c **** 
3344:Drivers/STM32F1xx_HAL_Driver/Src/stm32f1xx_hal_spi.c **** /**
3345:Drivers/STM32F1xx_HAL_Driver/Src/stm32f1xx_hal_spi.c ****   * @brief  Tx 16-bit handler for Transmit and Receive in Interrupt mode.
3346:Drivers/STM32F1xx_HAL_Driver/Src/stm32f1xx_hal_spi.c ****   * @param  hspi pointer to a SPI_HandleTypeDef structure that contains
3347:Drivers/STM32F1xx_HAL_Driver/Src/stm32f1xx_hal_spi.c ****   *               the configuration information for SPI module.
3348:Drivers/STM32F1xx_HAL_Driver/Src/stm32f1xx_hal_spi.c ****   * @retval None
3349:Drivers/STM32F1xx_HAL_Driver/Src/stm32f1xx_hal_spi.c ****   */
3350:Drivers/STM32F1xx_HAL_Driver/Src/stm32f1xx_hal_spi.c **** static void SPI_2linesTxISR_16BIT(struct __SPI_HandleTypeDef *hspi)
3351:Drivers/STM32F1xx_HAL_Driver/Src/stm32f1xx_hal_spi.c **** {
3352:Drivers/STM32F1xx_HAL_Driver/Src/stm32f1xx_hal_spi.c ****   /* Transmit data in 16 Bit mode */
3353:Drivers/STM32F1xx_HAL_Driver/Src/stm32f1xx_hal_spi.c ****   hspi->Instance->DR = *((const uint16_t *)hspi->pTxBuffPtr);
3354:Drivers/STM32F1xx_HAL_Driver/Src/stm32f1xx_hal_spi.c ****   hspi->pTxBuffPtr += sizeof(uint16_t);
3355:Drivers/STM32F1xx_HAL_Driver/Src/stm32f1xx_hal_spi.c ****   hspi->TxXferCount--;
3356:Drivers/STM32F1xx_HAL_Driver/Src/stm32f1xx_hal_spi.c **** 
3357:Drivers/STM32F1xx_HAL_Driver/Src/stm32f1xx_hal_spi.c ****   /* Enable CRC Transmission */
3358:Drivers/STM32F1xx_HAL_Driver/Src/stm32f1xx_hal_spi.c ****   if (hspi->TxXferCount == 0U)
3359:Drivers/STM32F1xx_HAL_Driver/Src/stm32f1xx_hal_spi.c ****   {
3360:Drivers/STM32F1xx_HAL_Driver/Src/stm32f1xx_hal_spi.c **** #if (USE_SPI_CRC != 0U)
3361:Drivers/STM32F1xx_HAL_Driver/Src/stm32f1xx_hal_spi.c ****     if (hspi->Init.CRCCalculation == SPI_CRCCALCULATION_ENABLE)
3362:Drivers/STM32F1xx_HAL_Driver/Src/stm32f1xx_hal_spi.c ****     {
3363:Drivers/STM32F1xx_HAL_Driver/Src/stm32f1xx_hal_spi.c ****       /* Set CRC Next Bit to send CRC */
3364:Drivers/STM32F1xx_HAL_Driver/Src/stm32f1xx_hal_spi.c ****       SET_BIT(hspi->Instance->CR1, SPI_CR1_CRCNEXT);
3365:Drivers/STM32F1xx_HAL_Driver/Src/stm32f1xx_hal_spi.c ****       /* Disable TXE interrupt */
3366:Drivers/STM32F1xx_HAL_Driver/Src/stm32f1xx_hal_spi.c ****       __HAL_SPI_DISABLE_IT(hspi, SPI_IT_TXE);
3367:Drivers/STM32F1xx_HAL_Driver/Src/stm32f1xx_hal_spi.c ****       return;
3368:Drivers/STM32F1xx_HAL_Driver/Src/stm32f1xx_hal_spi.c ****     }
3369:Drivers/STM32F1xx_HAL_Driver/Src/stm32f1xx_hal_spi.c **** #endif /* USE_SPI_CRC */
3370:Drivers/STM32F1xx_HAL_Driver/Src/stm32f1xx_hal_spi.c **** 
3371:Drivers/STM32F1xx_HAL_Driver/Src/stm32f1xx_hal_spi.c ****     /* Disable TXE interrupt */
3372:Drivers/STM32F1xx_HAL_Driver/Src/stm32f1xx_hal_spi.c ****     __HAL_SPI_DISABLE_IT(hspi, SPI_IT_TXE);
3373:Drivers/STM32F1xx_HAL_Driver/Src/stm32f1xx_hal_spi.c **** 
3374:Drivers/STM32F1xx_HAL_Driver/Src/stm32f1xx_hal_spi.c ****     if (hspi->RxXferCount == 0U)
3375:Drivers/STM32F1xx_HAL_Driver/Src/stm32f1xx_hal_spi.c ****     {
3376:Drivers/STM32F1xx_HAL_Driver/Src/stm32f1xx_hal_spi.c ****       SPI_CloseRxTx_ISR(hspi);
3377:Drivers/STM32F1xx_HAL_Driver/Src/stm32f1xx_hal_spi.c ****     }
3378:Drivers/STM32F1xx_HAL_Driver/Src/stm32f1xx_hal_spi.c ****   }
3379:Drivers/STM32F1xx_HAL_Driver/Src/stm32f1xx_hal_spi.c **** }
3380:Drivers/STM32F1xx_HAL_Driver/Src/stm32f1xx_hal_spi.c **** 
3381:Drivers/STM32F1xx_HAL_Driver/Src/stm32f1xx_hal_spi.c **** #if (USE_SPI_CRC != 0U)
3382:Drivers/STM32F1xx_HAL_Driver/Src/stm32f1xx_hal_spi.c **** /**
3383:Drivers/STM32F1xx_HAL_Driver/Src/stm32f1xx_hal_spi.c ****   * @brief  Manage the CRC 8-bit receive in Interrupt context.
3384:Drivers/STM32F1xx_HAL_Driver/Src/stm32f1xx_hal_spi.c ****   * @param  hspi pointer to a SPI_HandleTypeDef structure that contains
3385:Drivers/STM32F1xx_HAL_Driver/Src/stm32f1xx_hal_spi.c ****   *               the configuration information for SPI module.
3386:Drivers/STM32F1xx_HAL_Driver/Src/stm32f1xx_hal_spi.c ****   * @retval None
3387:Drivers/STM32F1xx_HAL_Driver/Src/stm32f1xx_hal_spi.c ****   */
3388:Drivers/STM32F1xx_HAL_Driver/Src/stm32f1xx_hal_spi.c **** static void SPI_RxISR_8BITCRC(struct __SPI_HandleTypeDef *hspi)
3389:Drivers/STM32F1xx_HAL_Driver/Src/stm32f1xx_hal_spi.c **** {
3390:Drivers/STM32F1xx_HAL_Driver/Src/stm32f1xx_hal_spi.c ****   __IO uint8_t  *ptmpreg8;
3391:Drivers/STM32F1xx_HAL_Driver/Src/stm32f1xx_hal_spi.c ****   __IO uint8_t  tmpreg8 = 0;
3392:Drivers/STM32F1xx_HAL_Driver/Src/stm32f1xx_hal_spi.c **** 
3393:Drivers/STM32F1xx_HAL_Driver/Src/stm32f1xx_hal_spi.c ****   /* Initialize the 8bit temporary pointer */
3394:Drivers/STM32F1xx_HAL_Driver/Src/stm32f1xx_hal_spi.c ****   ptmpreg8 = (__IO uint8_t *)&hspi->Instance->DR;
3395:Drivers/STM32F1xx_HAL_Driver/Src/stm32f1xx_hal_spi.c ****   /* Read 8bit CRC to flush Data Register */
ARM GAS  /var/folders/y0/yl1wrqfd209ghqq3s8k8qc1m0000gn/T//ccjYiGlu.s 			page 61


3396:Drivers/STM32F1xx_HAL_Driver/Src/stm32f1xx_hal_spi.c ****   tmpreg8 = *ptmpreg8;
3397:Drivers/STM32F1xx_HAL_Driver/Src/stm32f1xx_hal_spi.c ****   /* To avoid GCC warning */
3398:Drivers/STM32F1xx_HAL_Driver/Src/stm32f1xx_hal_spi.c ****   UNUSED(tmpreg8);
3399:Drivers/STM32F1xx_HAL_Driver/Src/stm32f1xx_hal_spi.c **** 
3400:Drivers/STM32F1xx_HAL_Driver/Src/stm32f1xx_hal_spi.c ****   SPI_CloseRx_ISR(hspi);
3401:Drivers/STM32F1xx_HAL_Driver/Src/stm32f1xx_hal_spi.c **** }
3402:Drivers/STM32F1xx_HAL_Driver/Src/stm32f1xx_hal_spi.c **** #endif /* USE_SPI_CRC */
3403:Drivers/STM32F1xx_HAL_Driver/Src/stm32f1xx_hal_spi.c **** 
3404:Drivers/STM32F1xx_HAL_Driver/Src/stm32f1xx_hal_spi.c **** /**
3405:Drivers/STM32F1xx_HAL_Driver/Src/stm32f1xx_hal_spi.c ****   * @brief  Manage the receive 8-bit in Interrupt context.
3406:Drivers/STM32F1xx_HAL_Driver/Src/stm32f1xx_hal_spi.c ****   * @param  hspi pointer to a SPI_HandleTypeDef structure that contains
3407:Drivers/STM32F1xx_HAL_Driver/Src/stm32f1xx_hal_spi.c ****   *               the configuration information for SPI module.
3408:Drivers/STM32F1xx_HAL_Driver/Src/stm32f1xx_hal_spi.c ****   * @retval None
3409:Drivers/STM32F1xx_HAL_Driver/Src/stm32f1xx_hal_spi.c ****   */
3410:Drivers/STM32F1xx_HAL_Driver/Src/stm32f1xx_hal_spi.c **** static void SPI_RxISR_8BIT(struct __SPI_HandleTypeDef *hspi)
3411:Drivers/STM32F1xx_HAL_Driver/Src/stm32f1xx_hal_spi.c **** {
3412:Drivers/STM32F1xx_HAL_Driver/Src/stm32f1xx_hal_spi.c ****   *hspi->pRxBuffPtr = (*(__IO uint8_t *)&hspi->Instance->DR);
3413:Drivers/STM32F1xx_HAL_Driver/Src/stm32f1xx_hal_spi.c ****   hspi->pRxBuffPtr++;
3414:Drivers/STM32F1xx_HAL_Driver/Src/stm32f1xx_hal_spi.c ****   hspi->RxXferCount--;
3415:Drivers/STM32F1xx_HAL_Driver/Src/stm32f1xx_hal_spi.c **** 
3416:Drivers/STM32F1xx_HAL_Driver/Src/stm32f1xx_hal_spi.c **** #if (USE_SPI_CRC != 0U)
3417:Drivers/STM32F1xx_HAL_Driver/Src/stm32f1xx_hal_spi.c ****   /* Enable CRC Transmission */
3418:Drivers/STM32F1xx_HAL_Driver/Src/stm32f1xx_hal_spi.c ****   if ((hspi->RxXferCount == 1U) && (hspi->Init.CRCCalculation == SPI_CRCCALCULATION_ENABLE))
3419:Drivers/STM32F1xx_HAL_Driver/Src/stm32f1xx_hal_spi.c ****   {
3420:Drivers/STM32F1xx_HAL_Driver/Src/stm32f1xx_hal_spi.c ****     SET_BIT(hspi->Instance->CR1, SPI_CR1_CRCNEXT);
3421:Drivers/STM32F1xx_HAL_Driver/Src/stm32f1xx_hal_spi.c ****   }
3422:Drivers/STM32F1xx_HAL_Driver/Src/stm32f1xx_hal_spi.c ****   /* Check if CRCNEXT is well reset by hardware */
3423:Drivers/STM32F1xx_HAL_Driver/Src/stm32f1xx_hal_spi.c ****   if (READ_BIT(hspi->Instance->CR1, SPI_CR1_CRCNEXT))
3424:Drivers/STM32F1xx_HAL_Driver/Src/stm32f1xx_hal_spi.c ****   {
3425:Drivers/STM32F1xx_HAL_Driver/Src/stm32f1xx_hal_spi.c ****     /* Workaround to force CRCNEXT bit to zero in case of CRCNEXT is not reset automatically by har
3426:Drivers/STM32F1xx_HAL_Driver/Src/stm32f1xx_hal_spi.c ****     CLEAR_BIT(hspi->Instance->CR1, SPI_CR1_CRCNEXT);
3427:Drivers/STM32F1xx_HAL_Driver/Src/stm32f1xx_hal_spi.c ****   }
3428:Drivers/STM32F1xx_HAL_Driver/Src/stm32f1xx_hal_spi.c **** 
3429:Drivers/STM32F1xx_HAL_Driver/Src/stm32f1xx_hal_spi.c **** #endif /* USE_SPI_CRC */
3430:Drivers/STM32F1xx_HAL_Driver/Src/stm32f1xx_hal_spi.c **** 
3431:Drivers/STM32F1xx_HAL_Driver/Src/stm32f1xx_hal_spi.c ****   if (hspi->RxXferCount == 0U)
3432:Drivers/STM32F1xx_HAL_Driver/Src/stm32f1xx_hal_spi.c ****   {
3433:Drivers/STM32F1xx_HAL_Driver/Src/stm32f1xx_hal_spi.c **** #if (USE_SPI_CRC != 0U)
3434:Drivers/STM32F1xx_HAL_Driver/Src/stm32f1xx_hal_spi.c ****     if (hspi->Init.CRCCalculation == SPI_CRCCALCULATION_ENABLE)
3435:Drivers/STM32F1xx_HAL_Driver/Src/stm32f1xx_hal_spi.c ****     {
3436:Drivers/STM32F1xx_HAL_Driver/Src/stm32f1xx_hal_spi.c ****       hspi->RxISR =  SPI_RxISR_8BITCRC;
3437:Drivers/STM32F1xx_HAL_Driver/Src/stm32f1xx_hal_spi.c ****       return;
3438:Drivers/STM32F1xx_HAL_Driver/Src/stm32f1xx_hal_spi.c ****     }
3439:Drivers/STM32F1xx_HAL_Driver/Src/stm32f1xx_hal_spi.c **** #endif /* USE_SPI_CRC */
3440:Drivers/STM32F1xx_HAL_Driver/Src/stm32f1xx_hal_spi.c ****     SPI_CloseRx_ISR(hspi);
3441:Drivers/STM32F1xx_HAL_Driver/Src/stm32f1xx_hal_spi.c ****   }
3442:Drivers/STM32F1xx_HAL_Driver/Src/stm32f1xx_hal_spi.c **** }
3443:Drivers/STM32F1xx_HAL_Driver/Src/stm32f1xx_hal_spi.c **** 
3444:Drivers/STM32F1xx_HAL_Driver/Src/stm32f1xx_hal_spi.c **** #if (USE_SPI_CRC != 0U)
3445:Drivers/STM32F1xx_HAL_Driver/Src/stm32f1xx_hal_spi.c **** /**
3446:Drivers/STM32F1xx_HAL_Driver/Src/stm32f1xx_hal_spi.c ****   * @brief  Manage the CRC 16-bit receive in Interrupt context.
3447:Drivers/STM32F1xx_HAL_Driver/Src/stm32f1xx_hal_spi.c ****   * @param  hspi pointer to a SPI_HandleTypeDef structure that contains
3448:Drivers/STM32F1xx_HAL_Driver/Src/stm32f1xx_hal_spi.c ****   *               the configuration information for SPI module.
3449:Drivers/STM32F1xx_HAL_Driver/Src/stm32f1xx_hal_spi.c ****   * @retval None
3450:Drivers/STM32F1xx_HAL_Driver/Src/stm32f1xx_hal_spi.c ****   */
3451:Drivers/STM32F1xx_HAL_Driver/Src/stm32f1xx_hal_spi.c **** static void SPI_RxISR_16BITCRC(struct __SPI_HandleTypeDef *hspi)
3452:Drivers/STM32F1xx_HAL_Driver/Src/stm32f1xx_hal_spi.c **** {
ARM GAS  /var/folders/y0/yl1wrqfd209ghqq3s8k8qc1m0000gn/T//ccjYiGlu.s 			page 62


3453:Drivers/STM32F1xx_HAL_Driver/Src/stm32f1xx_hal_spi.c ****   __IO uint32_t tmpreg = 0U;
3454:Drivers/STM32F1xx_HAL_Driver/Src/stm32f1xx_hal_spi.c **** 
3455:Drivers/STM32F1xx_HAL_Driver/Src/stm32f1xx_hal_spi.c ****   /* Read 16bit CRC to flush Data Register */
3456:Drivers/STM32F1xx_HAL_Driver/Src/stm32f1xx_hal_spi.c ****   tmpreg = READ_REG(hspi->Instance->DR);
3457:Drivers/STM32F1xx_HAL_Driver/Src/stm32f1xx_hal_spi.c ****   /* To avoid GCC warning */
3458:Drivers/STM32F1xx_HAL_Driver/Src/stm32f1xx_hal_spi.c ****   UNUSED(tmpreg);
3459:Drivers/STM32F1xx_HAL_Driver/Src/stm32f1xx_hal_spi.c **** 
3460:Drivers/STM32F1xx_HAL_Driver/Src/stm32f1xx_hal_spi.c ****   /* Disable RXNE and ERR interrupt */
3461:Drivers/STM32F1xx_HAL_Driver/Src/stm32f1xx_hal_spi.c ****   __HAL_SPI_DISABLE_IT(hspi, (SPI_IT_RXNE | SPI_IT_ERR));
3462:Drivers/STM32F1xx_HAL_Driver/Src/stm32f1xx_hal_spi.c **** 
3463:Drivers/STM32F1xx_HAL_Driver/Src/stm32f1xx_hal_spi.c ****   SPI_CloseRx_ISR(hspi);
3464:Drivers/STM32F1xx_HAL_Driver/Src/stm32f1xx_hal_spi.c **** }
3465:Drivers/STM32F1xx_HAL_Driver/Src/stm32f1xx_hal_spi.c **** #endif /* USE_SPI_CRC */
3466:Drivers/STM32F1xx_HAL_Driver/Src/stm32f1xx_hal_spi.c **** 
3467:Drivers/STM32F1xx_HAL_Driver/Src/stm32f1xx_hal_spi.c **** /**
3468:Drivers/STM32F1xx_HAL_Driver/Src/stm32f1xx_hal_spi.c ****   * @brief  Manage the 16-bit receive in Interrupt context.
3469:Drivers/STM32F1xx_HAL_Driver/Src/stm32f1xx_hal_spi.c ****   * @param  hspi pointer to a SPI_HandleTypeDef structure that contains
3470:Drivers/STM32F1xx_HAL_Driver/Src/stm32f1xx_hal_spi.c ****   *               the configuration information for SPI module.
3471:Drivers/STM32F1xx_HAL_Driver/Src/stm32f1xx_hal_spi.c ****   * @retval None
3472:Drivers/STM32F1xx_HAL_Driver/Src/stm32f1xx_hal_spi.c ****   */
3473:Drivers/STM32F1xx_HAL_Driver/Src/stm32f1xx_hal_spi.c **** static void SPI_RxISR_16BIT(struct __SPI_HandleTypeDef *hspi)
3474:Drivers/STM32F1xx_HAL_Driver/Src/stm32f1xx_hal_spi.c **** {
3475:Drivers/STM32F1xx_HAL_Driver/Src/stm32f1xx_hal_spi.c ****   *((uint16_t *)hspi->pRxBuffPtr) = (uint16_t)(hspi->Instance->DR);
3476:Drivers/STM32F1xx_HAL_Driver/Src/stm32f1xx_hal_spi.c ****   hspi->pRxBuffPtr += sizeof(uint16_t);
3477:Drivers/STM32F1xx_HAL_Driver/Src/stm32f1xx_hal_spi.c ****   hspi->RxXferCount--;
3478:Drivers/STM32F1xx_HAL_Driver/Src/stm32f1xx_hal_spi.c **** 
3479:Drivers/STM32F1xx_HAL_Driver/Src/stm32f1xx_hal_spi.c **** #if (USE_SPI_CRC != 0U)
3480:Drivers/STM32F1xx_HAL_Driver/Src/stm32f1xx_hal_spi.c ****   /* Enable CRC Transmission */
3481:Drivers/STM32F1xx_HAL_Driver/Src/stm32f1xx_hal_spi.c ****   if ((hspi->RxXferCount == 1U) && (hspi->Init.CRCCalculation == SPI_CRCCALCULATION_ENABLE))
3482:Drivers/STM32F1xx_HAL_Driver/Src/stm32f1xx_hal_spi.c ****   {
3483:Drivers/STM32F1xx_HAL_Driver/Src/stm32f1xx_hal_spi.c ****     SET_BIT(hspi->Instance->CR1, SPI_CR1_CRCNEXT);
3484:Drivers/STM32F1xx_HAL_Driver/Src/stm32f1xx_hal_spi.c ****   }
3485:Drivers/STM32F1xx_HAL_Driver/Src/stm32f1xx_hal_spi.c ****   /* Check if CRCNEXT is well reset by hardware */
3486:Drivers/STM32F1xx_HAL_Driver/Src/stm32f1xx_hal_spi.c ****   if (READ_BIT(hspi->Instance->CR1, SPI_CR1_CRCNEXT))
3487:Drivers/STM32F1xx_HAL_Driver/Src/stm32f1xx_hal_spi.c ****   {
3488:Drivers/STM32F1xx_HAL_Driver/Src/stm32f1xx_hal_spi.c ****     /* Workaround to force CRCNEXT bit to zero in case of CRCNEXT is not reset automatically by har
3489:Drivers/STM32F1xx_HAL_Driver/Src/stm32f1xx_hal_spi.c ****     CLEAR_BIT(hspi->Instance->CR1, SPI_CR1_CRCNEXT);
3490:Drivers/STM32F1xx_HAL_Driver/Src/stm32f1xx_hal_spi.c ****   }
3491:Drivers/STM32F1xx_HAL_Driver/Src/stm32f1xx_hal_spi.c **** 
3492:Drivers/STM32F1xx_HAL_Driver/Src/stm32f1xx_hal_spi.c **** #endif /* USE_SPI_CRC */
3493:Drivers/STM32F1xx_HAL_Driver/Src/stm32f1xx_hal_spi.c **** 
3494:Drivers/STM32F1xx_HAL_Driver/Src/stm32f1xx_hal_spi.c ****   if (hspi->RxXferCount == 0U)
3495:Drivers/STM32F1xx_HAL_Driver/Src/stm32f1xx_hal_spi.c ****   {
3496:Drivers/STM32F1xx_HAL_Driver/Src/stm32f1xx_hal_spi.c **** #if (USE_SPI_CRC != 0U)
3497:Drivers/STM32F1xx_HAL_Driver/Src/stm32f1xx_hal_spi.c ****     if (hspi->Init.CRCCalculation == SPI_CRCCALCULATION_ENABLE)
3498:Drivers/STM32F1xx_HAL_Driver/Src/stm32f1xx_hal_spi.c ****     {
3499:Drivers/STM32F1xx_HAL_Driver/Src/stm32f1xx_hal_spi.c ****       hspi->RxISR = SPI_RxISR_16BITCRC;
3500:Drivers/STM32F1xx_HAL_Driver/Src/stm32f1xx_hal_spi.c ****       return;
3501:Drivers/STM32F1xx_HAL_Driver/Src/stm32f1xx_hal_spi.c ****     }
3502:Drivers/STM32F1xx_HAL_Driver/Src/stm32f1xx_hal_spi.c **** #endif /* USE_SPI_CRC */
3503:Drivers/STM32F1xx_HAL_Driver/Src/stm32f1xx_hal_spi.c ****     SPI_CloseRx_ISR(hspi);
3504:Drivers/STM32F1xx_HAL_Driver/Src/stm32f1xx_hal_spi.c ****   }
3505:Drivers/STM32F1xx_HAL_Driver/Src/stm32f1xx_hal_spi.c **** }
3506:Drivers/STM32F1xx_HAL_Driver/Src/stm32f1xx_hal_spi.c **** 
3507:Drivers/STM32F1xx_HAL_Driver/Src/stm32f1xx_hal_spi.c **** /**
3508:Drivers/STM32F1xx_HAL_Driver/Src/stm32f1xx_hal_spi.c ****   * @brief  Handle the data 8-bit transmit in Interrupt mode.
3509:Drivers/STM32F1xx_HAL_Driver/Src/stm32f1xx_hal_spi.c ****   * @param  hspi pointer to a SPI_HandleTypeDef structure that contains
ARM GAS  /var/folders/y0/yl1wrqfd209ghqq3s8k8qc1m0000gn/T//ccjYiGlu.s 			page 63


3510:Drivers/STM32F1xx_HAL_Driver/Src/stm32f1xx_hal_spi.c ****   *               the configuration information for SPI module.
3511:Drivers/STM32F1xx_HAL_Driver/Src/stm32f1xx_hal_spi.c ****   * @retval None
3512:Drivers/STM32F1xx_HAL_Driver/Src/stm32f1xx_hal_spi.c ****   */
3513:Drivers/STM32F1xx_HAL_Driver/Src/stm32f1xx_hal_spi.c **** static void SPI_TxISR_8BIT(struct __SPI_HandleTypeDef *hspi)
3514:Drivers/STM32F1xx_HAL_Driver/Src/stm32f1xx_hal_spi.c **** {
3515:Drivers/STM32F1xx_HAL_Driver/Src/stm32f1xx_hal_spi.c ****   *(__IO uint8_t *)&hspi->Instance->DR = *((const uint8_t *)hspi->pTxBuffPtr);
3516:Drivers/STM32F1xx_HAL_Driver/Src/stm32f1xx_hal_spi.c ****   hspi->pTxBuffPtr++;
3517:Drivers/STM32F1xx_HAL_Driver/Src/stm32f1xx_hal_spi.c ****   hspi->TxXferCount--;
3518:Drivers/STM32F1xx_HAL_Driver/Src/stm32f1xx_hal_spi.c **** 
3519:Drivers/STM32F1xx_HAL_Driver/Src/stm32f1xx_hal_spi.c ****   if (hspi->TxXferCount == 0U)
3520:Drivers/STM32F1xx_HAL_Driver/Src/stm32f1xx_hal_spi.c ****   {
3521:Drivers/STM32F1xx_HAL_Driver/Src/stm32f1xx_hal_spi.c **** #if (USE_SPI_CRC != 0U)
3522:Drivers/STM32F1xx_HAL_Driver/Src/stm32f1xx_hal_spi.c ****     if (hspi->Init.CRCCalculation == SPI_CRCCALCULATION_ENABLE)
3523:Drivers/STM32F1xx_HAL_Driver/Src/stm32f1xx_hal_spi.c ****     {
3524:Drivers/STM32F1xx_HAL_Driver/Src/stm32f1xx_hal_spi.c ****       /* Enable CRC Transmission */
3525:Drivers/STM32F1xx_HAL_Driver/Src/stm32f1xx_hal_spi.c ****       SET_BIT(hspi->Instance->CR1, SPI_CR1_CRCNEXT);
3526:Drivers/STM32F1xx_HAL_Driver/Src/stm32f1xx_hal_spi.c ****     }
3527:Drivers/STM32F1xx_HAL_Driver/Src/stm32f1xx_hal_spi.c **** #endif /* USE_SPI_CRC */
3528:Drivers/STM32F1xx_HAL_Driver/Src/stm32f1xx_hal_spi.c ****     SPI_CloseTx_ISR(hspi);
3529:Drivers/STM32F1xx_HAL_Driver/Src/stm32f1xx_hal_spi.c ****   }
3530:Drivers/STM32F1xx_HAL_Driver/Src/stm32f1xx_hal_spi.c **** }
3531:Drivers/STM32F1xx_HAL_Driver/Src/stm32f1xx_hal_spi.c **** 
3532:Drivers/STM32F1xx_HAL_Driver/Src/stm32f1xx_hal_spi.c **** /**
3533:Drivers/STM32F1xx_HAL_Driver/Src/stm32f1xx_hal_spi.c ****   * @brief  Handle the data 16-bit transmit in Interrupt mode.
3534:Drivers/STM32F1xx_HAL_Driver/Src/stm32f1xx_hal_spi.c ****   * @param  hspi pointer to a SPI_HandleTypeDef structure that contains
3535:Drivers/STM32F1xx_HAL_Driver/Src/stm32f1xx_hal_spi.c ****   *               the configuration information for SPI module.
3536:Drivers/STM32F1xx_HAL_Driver/Src/stm32f1xx_hal_spi.c ****   * @retval None
3537:Drivers/STM32F1xx_HAL_Driver/Src/stm32f1xx_hal_spi.c ****   */
3538:Drivers/STM32F1xx_HAL_Driver/Src/stm32f1xx_hal_spi.c **** static void SPI_TxISR_16BIT(struct __SPI_HandleTypeDef *hspi)
3539:Drivers/STM32F1xx_HAL_Driver/Src/stm32f1xx_hal_spi.c **** {
3540:Drivers/STM32F1xx_HAL_Driver/Src/stm32f1xx_hal_spi.c ****   /* Transmit data in 16 Bit mode */
3541:Drivers/STM32F1xx_HAL_Driver/Src/stm32f1xx_hal_spi.c ****   hspi->Instance->DR = *((const uint16_t *)hspi->pTxBuffPtr);
3542:Drivers/STM32F1xx_HAL_Driver/Src/stm32f1xx_hal_spi.c ****   hspi->pTxBuffPtr += sizeof(uint16_t);
3543:Drivers/STM32F1xx_HAL_Driver/Src/stm32f1xx_hal_spi.c ****   hspi->TxXferCount--;
3544:Drivers/STM32F1xx_HAL_Driver/Src/stm32f1xx_hal_spi.c **** 
3545:Drivers/STM32F1xx_HAL_Driver/Src/stm32f1xx_hal_spi.c ****   if (hspi->TxXferCount == 0U)
3546:Drivers/STM32F1xx_HAL_Driver/Src/stm32f1xx_hal_spi.c ****   {
3547:Drivers/STM32F1xx_HAL_Driver/Src/stm32f1xx_hal_spi.c **** #if (USE_SPI_CRC != 0U)
3548:Drivers/STM32F1xx_HAL_Driver/Src/stm32f1xx_hal_spi.c ****     if (hspi->Init.CRCCalculation == SPI_CRCCALCULATION_ENABLE)
3549:Drivers/STM32F1xx_HAL_Driver/Src/stm32f1xx_hal_spi.c ****     {
3550:Drivers/STM32F1xx_HAL_Driver/Src/stm32f1xx_hal_spi.c ****       /* Enable CRC Transmission */
3551:Drivers/STM32F1xx_HAL_Driver/Src/stm32f1xx_hal_spi.c ****       SET_BIT(hspi->Instance->CR1, SPI_CR1_CRCNEXT);
3552:Drivers/STM32F1xx_HAL_Driver/Src/stm32f1xx_hal_spi.c ****     }
3553:Drivers/STM32F1xx_HAL_Driver/Src/stm32f1xx_hal_spi.c **** #endif /* USE_SPI_CRC */
3554:Drivers/STM32F1xx_HAL_Driver/Src/stm32f1xx_hal_spi.c ****     SPI_CloseTx_ISR(hspi);
3555:Drivers/STM32F1xx_HAL_Driver/Src/stm32f1xx_hal_spi.c ****   }
3556:Drivers/STM32F1xx_HAL_Driver/Src/stm32f1xx_hal_spi.c **** }
3557:Drivers/STM32F1xx_HAL_Driver/Src/stm32f1xx_hal_spi.c **** 
3558:Drivers/STM32F1xx_HAL_Driver/Src/stm32f1xx_hal_spi.c **** /**
3559:Drivers/STM32F1xx_HAL_Driver/Src/stm32f1xx_hal_spi.c ****   * @brief  Handle SPI Communication Timeout.
3560:Drivers/STM32F1xx_HAL_Driver/Src/stm32f1xx_hal_spi.c ****   * @param  hspi pointer to a SPI_HandleTypeDef structure that contains
3561:Drivers/STM32F1xx_HAL_Driver/Src/stm32f1xx_hal_spi.c ****   *              the configuration information for SPI module.
3562:Drivers/STM32F1xx_HAL_Driver/Src/stm32f1xx_hal_spi.c ****   * @param  Flag SPI flag to check
3563:Drivers/STM32F1xx_HAL_Driver/Src/stm32f1xx_hal_spi.c ****   * @param  State flag state to check
3564:Drivers/STM32F1xx_HAL_Driver/Src/stm32f1xx_hal_spi.c ****   * @param  Timeout Timeout duration
3565:Drivers/STM32F1xx_HAL_Driver/Src/stm32f1xx_hal_spi.c ****   * @param  Tickstart tick start value
3566:Drivers/STM32F1xx_HAL_Driver/Src/stm32f1xx_hal_spi.c ****   * @retval HAL status
ARM GAS  /var/folders/y0/yl1wrqfd209ghqq3s8k8qc1m0000gn/T//ccjYiGlu.s 			page 64


3567:Drivers/STM32F1xx_HAL_Driver/Src/stm32f1xx_hal_spi.c ****   */
3568:Drivers/STM32F1xx_HAL_Driver/Src/stm32f1xx_hal_spi.c **** static HAL_StatusTypeDef SPI_WaitFlagStateUntilTimeout(SPI_HandleTypeDef *hspi, uint32_t Flag, Flag
3569:Drivers/STM32F1xx_HAL_Driver/Src/stm32f1xx_hal_spi.c ****                                                        uint32_t Timeout, uint32_t Tickstart)
3570:Drivers/STM32F1xx_HAL_Driver/Src/stm32f1xx_hal_spi.c **** {
3571:Drivers/STM32F1xx_HAL_Driver/Src/stm32f1xx_hal_spi.c ****   __IO uint32_t count;
3572:Drivers/STM32F1xx_HAL_Driver/Src/stm32f1xx_hal_spi.c ****   uint32_t tmp_timeout;
3573:Drivers/STM32F1xx_HAL_Driver/Src/stm32f1xx_hal_spi.c ****   uint32_t tmp_tickstart;
3574:Drivers/STM32F1xx_HAL_Driver/Src/stm32f1xx_hal_spi.c **** 
3575:Drivers/STM32F1xx_HAL_Driver/Src/stm32f1xx_hal_spi.c ****   /* Adjust Timeout value  in case of end of transfer */
3576:Drivers/STM32F1xx_HAL_Driver/Src/stm32f1xx_hal_spi.c ****   tmp_timeout   = Timeout - (HAL_GetTick() - Tickstart);
3577:Drivers/STM32F1xx_HAL_Driver/Src/stm32f1xx_hal_spi.c ****   tmp_tickstart = HAL_GetTick();
3578:Drivers/STM32F1xx_HAL_Driver/Src/stm32f1xx_hal_spi.c **** 
3579:Drivers/STM32F1xx_HAL_Driver/Src/stm32f1xx_hal_spi.c ****   /* Calculate Timeout based on a software loop to avoid blocking issue if Systick is disabled */
3580:Drivers/STM32F1xx_HAL_Driver/Src/stm32f1xx_hal_spi.c ****   count = tmp_timeout * ((SystemCoreClock * 32U) >> 20U);
3581:Drivers/STM32F1xx_HAL_Driver/Src/stm32f1xx_hal_spi.c **** 
3582:Drivers/STM32F1xx_HAL_Driver/Src/stm32f1xx_hal_spi.c ****   while ((__HAL_SPI_GET_FLAG(hspi, Flag) ? SET : RESET) != State)
3583:Drivers/STM32F1xx_HAL_Driver/Src/stm32f1xx_hal_spi.c ****   {
3584:Drivers/STM32F1xx_HAL_Driver/Src/stm32f1xx_hal_spi.c ****     if (Timeout != HAL_MAX_DELAY)
3585:Drivers/STM32F1xx_HAL_Driver/Src/stm32f1xx_hal_spi.c ****     {
3586:Drivers/STM32F1xx_HAL_Driver/Src/stm32f1xx_hal_spi.c ****       if (((HAL_GetTick() - tmp_tickstart) >= tmp_timeout) || (tmp_timeout == 0U))
3587:Drivers/STM32F1xx_HAL_Driver/Src/stm32f1xx_hal_spi.c ****       {
3588:Drivers/STM32F1xx_HAL_Driver/Src/stm32f1xx_hal_spi.c ****         /* Disable the SPI and reset the CRC: the CRC value should be cleared
3589:Drivers/STM32F1xx_HAL_Driver/Src/stm32f1xx_hal_spi.c ****            on both master and slave sides in order to resynchronize the master
3590:Drivers/STM32F1xx_HAL_Driver/Src/stm32f1xx_hal_spi.c ****            and slave for their respective CRC calculation */
3591:Drivers/STM32F1xx_HAL_Driver/Src/stm32f1xx_hal_spi.c **** 
3592:Drivers/STM32F1xx_HAL_Driver/Src/stm32f1xx_hal_spi.c ****         /* Disable TXE, RXNE and ERR interrupts for the interrupt process */
3593:Drivers/STM32F1xx_HAL_Driver/Src/stm32f1xx_hal_spi.c ****         __HAL_SPI_DISABLE_IT(hspi, (SPI_IT_TXE | SPI_IT_RXNE | SPI_IT_ERR));
3594:Drivers/STM32F1xx_HAL_Driver/Src/stm32f1xx_hal_spi.c **** 
3595:Drivers/STM32F1xx_HAL_Driver/Src/stm32f1xx_hal_spi.c ****         if ((hspi->Init.Mode == SPI_MODE_MASTER) && ((hspi->Init.Direction == SPI_DIRECTION_1LINE)
3596:Drivers/STM32F1xx_HAL_Driver/Src/stm32f1xx_hal_spi.c ****                                                      || (hspi->Init.Direction == SPI_DIRECTION_2LIN
3597:Drivers/STM32F1xx_HAL_Driver/Src/stm32f1xx_hal_spi.c ****         {
3598:Drivers/STM32F1xx_HAL_Driver/Src/stm32f1xx_hal_spi.c ****           /* Disable SPI peripheral */
3599:Drivers/STM32F1xx_HAL_Driver/Src/stm32f1xx_hal_spi.c ****           __HAL_SPI_DISABLE(hspi);
3600:Drivers/STM32F1xx_HAL_Driver/Src/stm32f1xx_hal_spi.c ****         }
3601:Drivers/STM32F1xx_HAL_Driver/Src/stm32f1xx_hal_spi.c **** 
3602:Drivers/STM32F1xx_HAL_Driver/Src/stm32f1xx_hal_spi.c ****         /* Reset CRC Calculation */
3603:Drivers/STM32F1xx_HAL_Driver/Src/stm32f1xx_hal_spi.c ****         if (hspi->Init.CRCCalculation == SPI_CRCCALCULATION_ENABLE)
3604:Drivers/STM32F1xx_HAL_Driver/Src/stm32f1xx_hal_spi.c ****         {
3605:Drivers/STM32F1xx_HAL_Driver/Src/stm32f1xx_hal_spi.c ****           SPI_RESET_CRC(hspi);
3606:Drivers/STM32F1xx_HAL_Driver/Src/stm32f1xx_hal_spi.c ****         }
3607:Drivers/STM32F1xx_HAL_Driver/Src/stm32f1xx_hal_spi.c **** 
3608:Drivers/STM32F1xx_HAL_Driver/Src/stm32f1xx_hal_spi.c ****         hspi->State = HAL_SPI_STATE_READY;
3609:Drivers/STM32F1xx_HAL_Driver/Src/stm32f1xx_hal_spi.c **** 
3610:Drivers/STM32F1xx_HAL_Driver/Src/stm32f1xx_hal_spi.c ****         /* Process Unlocked */
3611:Drivers/STM32F1xx_HAL_Driver/Src/stm32f1xx_hal_spi.c ****         __HAL_UNLOCK(hspi);
3612:Drivers/STM32F1xx_HAL_Driver/Src/stm32f1xx_hal_spi.c **** 
3613:Drivers/STM32F1xx_HAL_Driver/Src/stm32f1xx_hal_spi.c ****         return HAL_TIMEOUT;
3614:Drivers/STM32F1xx_HAL_Driver/Src/stm32f1xx_hal_spi.c ****       }
3615:Drivers/STM32F1xx_HAL_Driver/Src/stm32f1xx_hal_spi.c ****       /* If Systick is disabled or not incremented, deactivate timeout to go in disable loop proced
3616:Drivers/STM32F1xx_HAL_Driver/Src/stm32f1xx_hal_spi.c ****       if (count == 0U)
3617:Drivers/STM32F1xx_HAL_Driver/Src/stm32f1xx_hal_spi.c ****       {
3618:Drivers/STM32F1xx_HAL_Driver/Src/stm32f1xx_hal_spi.c ****         tmp_timeout = 0U;
3619:Drivers/STM32F1xx_HAL_Driver/Src/stm32f1xx_hal_spi.c ****       }
3620:Drivers/STM32F1xx_HAL_Driver/Src/stm32f1xx_hal_spi.c ****       count--;
3621:Drivers/STM32F1xx_HAL_Driver/Src/stm32f1xx_hal_spi.c ****     }
3622:Drivers/STM32F1xx_HAL_Driver/Src/stm32f1xx_hal_spi.c ****   }
3623:Drivers/STM32F1xx_HAL_Driver/Src/stm32f1xx_hal_spi.c **** 
ARM GAS  /var/folders/y0/yl1wrqfd209ghqq3s8k8qc1m0000gn/T//ccjYiGlu.s 			page 65


3624:Drivers/STM32F1xx_HAL_Driver/Src/stm32f1xx_hal_spi.c ****   return HAL_OK;
3625:Drivers/STM32F1xx_HAL_Driver/Src/stm32f1xx_hal_spi.c **** }
3626:Drivers/STM32F1xx_HAL_Driver/Src/stm32f1xx_hal_spi.c **** 
3627:Drivers/STM32F1xx_HAL_Driver/Src/stm32f1xx_hal_spi.c **** /**
3628:Drivers/STM32F1xx_HAL_Driver/Src/stm32f1xx_hal_spi.c ****   * @brief  Handle the check of the RX transaction complete.
3629:Drivers/STM32F1xx_HAL_Driver/Src/stm32f1xx_hal_spi.c ****   * @param  hspi pointer to a SPI_HandleTypeDef structure that contains
3630:Drivers/STM32F1xx_HAL_Driver/Src/stm32f1xx_hal_spi.c ****   *               the configuration information for SPI module.
3631:Drivers/STM32F1xx_HAL_Driver/Src/stm32f1xx_hal_spi.c ****   * @param  Timeout Timeout duration
3632:Drivers/STM32F1xx_HAL_Driver/Src/stm32f1xx_hal_spi.c ****   * @param  Tickstart tick start value
3633:Drivers/STM32F1xx_HAL_Driver/Src/stm32f1xx_hal_spi.c ****   * @retval HAL status
3634:Drivers/STM32F1xx_HAL_Driver/Src/stm32f1xx_hal_spi.c ****   */
3635:Drivers/STM32F1xx_HAL_Driver/Src/stm32f1xx_hal_spi.c **** static HAL_StatusTypeDef SPI_EndRxTransaction(SPI_HandleTypeDef *hspi,  uint32_t Timeout, uint32_t 
3636:Drivers/STM32F1xx_HAL_Driver/Src/stm32f1xx_hal_spi.c **** {
3637:Drivers/STM32F1xx_HAL_Driver/Src/stm32f1xx_hal_spi.c ****   if ((hspi->Init.Mode == SPI_MODE_MASTER) && ((hspi->Init.Direction == SPI_DIRECTION_1LINE)
3638:Drivers/STM32F1xx_HAL_Driver/Src/stm32f1xx_hal_spi.c ****                                                || (hspi->Init.Direction == SPI_DIRECTION_2LINES_RXO
3639:Drivers/STM32F1xx_HAL_Driver/Src/stm32f1xx_hal_spi.c ****   {
3640:Drivers/STM32F1xx_HAL_Driver/Src/stm32f1xx_hal_spi.c ****     /* Disable SPI peripheral */
3641:Drivers/STM32F1xx_HAL_Driver/Src/stm32f1xx_hal_spi.c ****     __HAL_SPI_DISABLE(hspi);
3642:Drivers/STM32F1xx_HAL_Driver/Src/stm32f1xx_hal_spi.c ****   }
3643:Drivers/STM32F1xx_HAL_Driver/Src/stm32f1xx_hal_spi.c **** 
3644:Drivers/STM32F1xx_HAL_Driver/Src/stm32f1xx_hal_spi.c ****   if ((hspi->Init.Mode == SPI_MODE_MASTER) && (hspi->Init.Direction == SPI_DIRECTION_2LINES_RXONLY)
3645:Drivers/STM32F1xx_HAL_Driver/Src/stm32f1xx_hal_spi.c ****   {
3646:Drivers/STM32F1xx_HAL_Driver/Src/stm32f1xx_hal_spi.c ****     /* Wait the RXNE reset */
3647:Drivers/STM32F1xx_HAL_Driver/Src/stm32f1xx_hal_spi.c ****     if (SPI_WaitFlagStateUntilTimeout(hspi, SPI_FLAG_RXNE, RESET, Timeout, Tickstart) != HAL_OK)
3648:Drivers/STM32F1xx_HAL_Driver/Src/stm32f1xx_hal_spi.c ****     {
3649:Drivers/STM32F1xx_HAL_Driver/Src/stm32f1xx_hal_spi.c ****       SET_BIT(hspi->ErrorCode, HAL_SPI_ERROR_FLAG);
3650:Drivers/STM32F1xx_HAL_Driver/Src/stm32f1xx_hal_spi.c ****       return HAL_TIMEOUT;
3651:Drivers/STM32F1xx_HAL_Driver/Src/stm32f1xx_hal_spi.c ****     }
3652:Drivers/STM32F1xx_HAL_Driver/Src/stm32f1xx_hal_spi.c ****   }
3653:Drivers/STM32F1xx_HAL_Driver/Src/stm32f1xx_hal_spi.c ****   else
3654:Drivers/STM32F1xx_HAL_Driver/Src/stm32f1xx_hal_spi.c ****   {
3655:Drivers/STM32F1xx_HAL_Driver/Src/stm32f1xx_hal_spi.c ****     /* Control the BSY flag */
3656:Drivers/STM32F1xx_HAL_Driver/Src/stm32f1xx_hal_spi.c ****     if (SPI_WaitFlagStateUntilTimeout(hspi, SPI_FLAG_BSY, RESET, Timeout, Tickstart) != HAL_OK)
3657:Drivers/STM32F1xx_HAL_Driver/Src/stm32f1xx_hal_spi.c ****     {
3658:Drivers/STM32F1xx_HAL_Driver/Src/stm32f1xx_hal_spi.c ****       SET_BIT(hspi->ErrorCode, HAL_SPI_ERROR_FLAG);
3659:Drivers/STM32F1xx_HAL_Driver/Src/stm32f1xx_hal_spi.c ****       return HAL_TIMEOUT;
3660:Drivers/STM32F1xx_HAL_Driver/Src/stm32f1xx_hal_spi.c ****     }
3661:Drivers/STM32F1xx_HAL_Driver/Src/stm32f1xx_hal_spi.c ****   }
3662:Drivers/STM32F1xx_HAL_Driver/Src/stm32f1xx_hal_spi.c ****   return HAL_OK;
3663:Drivers/STM32F1xx_HAL_Driver/Src/stm32f1xx_hal_spi.c **** }
3664:Drivers/STM32F1xx_HAL_Driver/Src/stm32f1xx_hal_spi.c **** 
3665:Drivers/STM32F1xx_HAL_Driver/Src/stm32f1xx_hal_spi.c **** /**
3666:Drivers/STM32F1xx_HAL_Driver/Src/stm32f1xx_hal_spi.c ****   * @brief  Handle the check of the RXTX or TX transaction complete.
3667:Drivers/STM32F1xx_HAL_Driver/Src/stm32f1xx_hal_spi.c ****   * @param  hspi SPI handle
3668:Drivers/STM32F1xx_HAL_Driver/Src/stm32f1xx_hal_spi.c ****   * @param  Timeout Timeout duration
3669:Drivers/STM32F1xx_HAL_Driver/Src/stm32f1xx_hal_spi.c ****   * @param  Tickstart tick start value
3670:Drivers/STM32F1xx_HAL_Driver/Src/stm32f1xx_hal_spi.c ****   * @retval HAL status
3671:Drivers/STM32F1xx_HAL_Driver/Src/stm32f1xx_hal_spi.c ****   */
3672:Drivers/STM32F1xx_HAL_Driver/Src/stm32f1xx_hal_spi.c **** static HAL_StatusTypeDef SPI_EndRxTxTransaction(SPI_HandleTypeDef *hspi, uint32_t Timeout, uint32_t
3673:Drivers/STM32F1xx_HAL_Driver/Src/stm32f1xx_hal_spi.c **** {
3674:Drivers/STM32F1xx_HAL_Driver/Src/stm32f1xx_hal_spi.c ****   /* Wait until TXE flag */
3675:Drivers/STM32F1xx_HAL_Driver/Src/stm32f1xx_hal_spi.c ****   if (SPI_WaitFlagStateUntilTimeout(hspi, SPI_FLAG_TXE, SET, Timeout, Tickstart) != HAL_OK)
3676:Drivers/STM32F1xx_HAL_Driver/Src/stm32f1xx_hal_spi.c ****   {
3677:Drivers/STM32F1xx_HAL_Driver/Src/stm32f1xx_hal_spi.c ****     SET_BIT(hspi->ErrorCode, HAL_SPI_ERROR_FLAG);
3678:Drivers/STM32F1xx_HAL_Driver/Src/stm32f1xx_hal_spi.c ****     return HAL_TIMEOUT;
3679:Drivers/STM32F1xx_HAL_Driver/Src/stm32f1xx_hal_spi.c ****   }
3680:Drivers/STM32F1xx_HAL_Driver/Src/stm32f1xx_hal_spi.c **** 
ARM GAS  /var/folders/y0/yl1wrqfd209ghqq3s8k8qc1m0000gn/T//ccjYiGlu.s 			page 66


3681:Drivers/STM32F1xx_HAL_Driver/Src/stm32f1xx_hal_spi.c ****   /* Control the BSY flag */
3682:Drivers/STM32F1xx_HAL_Driver/Src/stm32f1xx_hal_spi.c ****   if (SPI_WaitFlagStateUntilTimeout(hspi, SPI_FLAG_BSY, RESET, Timeout, Tickstart) != HAL_OK)
3683:Drivers/STM32F1xx_HAL_Driver/Src/stm32f1xx_hal_spi.c ****   {
3684:Drivers/STM32F1xx_HAL_Driver/Src/stm32f1xx_hal_spi.c ****     SET_BIT(hspi->ErrorCode, HAL_SPI_ERROR_FLAG);
3685:Drivers/STM32F1xx_HAL_Driver/Src/stm32f1xx_hal_spi.c ****     return HAL_TIMEOUT;
3686:Drivers/STM32F1xx_HAL_Driver/Src/stm32f1xx_hal_spi.c ****   }
3687:Drivers/STM32F1xx_HAL_Driver/Src/stm32f1xx_hal_spi.c ****   return HAL_OK;
3688:Drivers/STM32F1xx_HAL_Driver/Src/stm32f1xx_hal_spi.c **** }
3689:Drivers/STM32F1xx_HAL_Driver/Src/stm32f1xx_hal_spi.c **** 
3690:Drivers/STM32F1xx_HAL_Driver/Src/stm32f1xx_hal_spi.c **** /**
3691:Drivers/STM32F1xx_HAL_Driver/Src/stm32f1xx_hal_spi.c ****   * @brief  Handle the end of the RXTX transaction.
3692:Drivers/STM32F1xx_HAL_Driver/Src/stm32f1xx_hal_spi.c ****   * @param  hspi pointer to a SPI_HandleTypeDef structure that contains
3693:Drivers/STM32F1xx_HAL_Driver/Src/stm32f1xx_hal_spi.c ****   *               the configuration information for SPI module.
3694:Drivers/STM32F1xx_HAL_Driver/Src/stm32f1xx_hal_spi.c ****   * @retval None
3695:Drivers/STM32F1xx_HAL_Driver/Src/stm32f1xx_hal_spi.c ****   */
3696:Drivers/STM32F1xx_HAL_Driver/Src/stm32f1xx_hal_spi.c **** static void SPI_CloseRxTx_ISR(SPI_HandleTypeDef *hspi)
3697:Drivers/STM32F1xx_HAL_Driver/Src/stm32f1xx_hal_spi.c **** {
3698:Drivers/STM32F1xx_HAL_Driver/Src/stm32f1xx_hal_spi.c ****   uint32_t tickstart;
3699:Drivers/STM32F1xx_HAL_Driver/Src/stm32f1xx_hal_spi.c ****   __IO uint32_t count = SPI_DEFAULT_TIMEOUT * (SystemCoreClock / 24U / 1000U);
3700:Drivers/STM32F1xx_HAL_Driver/Src/stm32f1xx_hal_spi.c **** 
3701:Drivers/STM32F1xx_HAL_Driver/Src/stm32f1xx_hal_spi.c ****   /* Init tickstart for timeout management */
3702:Drivers/STM32F1xx_HAL_Driver/Src/stm32f1xx_hal_spi.c ****   tickstart = HAL_GetTick();
3703:Drivers/STM32F1xx_HAL_Driver/Src/stm32f1xx_hal_spi.c **** 
3704:Drivers/STM32F1xx_HAL_Driver/Src/stm32f1xx_hal_spi.c ****   /* Disable ERR interrupt */
3705:Drivers/STM32F1xx_HAL_Driver/Src/stm32f1xx_hal_spi.c ****   __HAL_SPI_DISABLE_IT(hspi, SPI_IT_ERR);
3706:Drivers/STM32F1xx_HAL_Driver/Src/stm32f1xx_hal_spi.c **** 
3707:Drivers/STM32F1xx_HAL_Driver/Src/stm32f1xx_hal_spi.c ****   /* Wait until TXE flag is set */
3708:Drivers/STM32F1xx_HAL_Driver/Src/stm32f1xx_hal_spi.c ****   do
3709:Drivers/STM32F1xx_HAL_Driver/Src/stm32f1xx_hal_spi.c ****   {
3710:Drivers/STM32F1xx_HAL_Driver/Src/stm32f1xx_hal_spi.c ****     if (count == 0U)
3711:Drivers/STM32F1xx_HAL_Driver/Src/stm32f1xx_hal_spi.c ****     {
3712:Drivers/STM32F1xx_HAL_Driver/Src/stm32f1xx_hal_spi.c ****       SET_BIT(hspi->ErrorCode, HAL_SPI_ERROR_FLAG);
3713:Drivers/STM32F1xx_HAL_Driver/Src/stm32f1xx_hal_spi.c ****       break;
3714:Drivers/STM32F1xx_HAL_Driver/Src/stm32f1xx_hal_spi.c ****     }
3715:Drivers/STM32F1xx_HAL_Driver/Src/stm32f1xx_hal_spi.c ****     count--;
3716:Drivers/STM32F1xx_HAL_Driver/Src/stm32f1xx_hal_spi.c ****   } while ((hspi->Instance->SR & SPI_FLAG_TXE) == RESET);
3717:Drivers/STM32F1xx_HAL_Driver/Src/stm32f1xx_hal_spi.c **** 
3718:Drivers/STM32F1xx_HAL_Driver/Src/stm32f1xx_hal_spi.c ****   /* Check the end of the transaction */
3719:Drivers/STM32F1xx_HAL_Driver/Src/stm32f1xx_hal_spi.c ****   if (SPI_EndRxTxTransaction(hspi, SPI_DEFAULT_TIMEOUT, tickstart) != HAL_OK)
3720:Drivers/STM32F1xx_HAL_Driver/Src/stm32f1xx_hal_spi.c ****   {
3721:Drivers/STM32F1xx_HAL_Driver/Src/stm32f1xx_hal_spi.c ****     SET_BIT(hspi->ErrorCode, HAL_SPI_ERROR_FLAG);
3722:Drivers/STM32F1xx_HAL_Driver/Src/stm32f1xx_hal_spi.c ****   }
3723:Drivers/STM32F1xx_HAL_Driver/Src/stm32f1xx_hal_spi.c **** 
3724:Drivers/STM32F1xx_HAL_Driver/Src/stm32f1xx_hal_spi.c ****   /* Clear overrun flag in 2 Lines communication mode because received is not read */
3725:Drivers/STM32F1xx_HAL_Driver/Src/stm32f1xx_hal_spi.c ****   if (hspi->Init.Direction == SPI_DIRECTION_2LINES)
3726:Drivers/STM32F1xx_HAL_Driver/Src/stm32f1xx_hal_spi.c ****   {
3727:Drivers/STM32F1xx_HAL_Driver/Src/stm32f1xx_hal_spi.c ****     __HAL_SPI_CLEAR_OVRFLAG(hspi);
3728:Drivers/STM32F1xx_HAL_Driver/Src/stm32f1xx_hal_spi.c ****   }
3729:Drivers/STM32F1xx_HAL_Driver/Src/stm32f1xx_hal_spi.c **** 
3730:Drivers/STM32F1xx_HAL_Driver/Src/stm32f1xx_hal_spi.c **** #if (USE_SPI_CRC != 0U)
3731:Drivers/STM32F1xx_HAL_Driver/Src/stm32f1xx_hal_spi.c ****   /* Check if CRC error occurred */
3732:Drivers/STM32F1xx_HAL_Driver/Src/stm32f1xx_hal_spi.c ****   if (__HAL_SPI_GET_FLAG(hspi, SPI_FLAG_CRCERR) != RESET)
3733:Drivers/STM32F1xx_HAL_Driver/Src/stm32f1xx_hal_spi.c ****   {
3734:Drivers/STM32F1xx_HAL_Driver/Src/stm32f1xx_hal_spi.c ****     /* Check if CRC error is valid or not (workaround to be applied or not) */
3735:Drivers/STM32F1xx_HAL_Driver/Src/stm32f1xx_hal_spi.c ****     if (SPI_ISCRCErrorValid(hspi) == SPI_VALID_CRC_ERROR)
3736:Drivers/STM32F1xx_HAL_Driver/Src/stm32f1xx_hal_spi.c ****     {
3737:Drivers/STM32F1xx_HAL_Driver/Src/stm32f1xx_hal_spi.c ****       hspi->State = HAL_SPI_STATE_READY;
ARM GAS  /var/folders/y0/yl1wrqfd209ghqq3s8k8qc1m0000gn/T//ccjYiGlu.s 			page 67


3738:Drivers/STM32F1xx_HAL_Driver/Src/stm32f1xx_hal_spi.c ****       SET_BIT(hspi->ErrorCode, HAL_SPI_ERROR_CRC);
3739:Drivers/STM32F1xx_HAL_Driver/Src/stm32f1xx_hal_spi.c **** 
3740:Drivers/STM32F1xx_HAL_Driver/Src/stm32f1xx_hal_spi.c ****       /* Reset CRC Calculation */
3741:Drivers/STM32F1xx_HAL_Driver/Src/stm32f1xx_hal_spi.c ****       SPI_RESET_CRC(hspi);
3742:Drivers/STM32F1xx_HAL_Driver/Src/stm32f1xx_hal_spi.c **** 
3743:Drivers/STM32F1xx_HAL_Driver/Src/stm32f1xx_hal_spi.c ****       /* Call user error callback */
3744:Drivers/STM32F1xx_HAL_Driver/Src/stm32f1xx_hal_spi.c **** #if (USE_HAL_SPI_REGISTER_CALLBACKS == 1U)
3745:Drivers/STM32F1xx_HAL_Driver/Src/stm32f1xx_hal_spi.c ****       hspi->ErrorCallback(hspi);
3746:Drivers/STM32F1xx_HAL_Driver/Src/stm32f1xx_hal_spi.c **** #else
3747:Drivers/STM32F1xx_HAL_Driver/Src/stm32f1xx_hal_spi.c ****       HAL_SPI_ErrorCallback(hspi);
3748:Drivers/STM32F1xx_HAL_Driver/Src/stm32f1xx_hal_spi.c **** #endif /* USE_HAL_SPI_REGISTER_CALLBACKS */
3749:Drivers/STM32F1xx_HAL_Driver/Src/stm32f1xx_hal_spi.c ****     }
3750:Drivers/STM32F1xx_HAL_Driver/Src/stm32f1xx_hal_spi.c ****     else
3751:Drivers/STM32F1xx_HAL_Driver/Src/stm32f1xx_hal_spi.c ****     {
3752:Drivers/STM32F1xx_HAL_Driver/Src/stm32f1xx_hal_spi.c ****       __HAL_SPI_CLEAR_CRCERRFLAG(hspi);
3753:Drivers/STM32F1xx_HAL_Driver/Src/stm32f1xx_hal_spi.c ****     }
3754:Drivers/STM32F1xx_HAL_Driver/Src/stm32f1xx_hal_spi.c ****   }
3755:Drivers/STM32F1xx_HAL_Driver/Src/stm32f1xx_hal_spi.c ****   else
3756:Drivers/STM32F1xx_HAL_Driver/Src/stm32f1xx_hal_spi.c ****   {
3757:Drivers/STM32F1xx_HAL_Driver/Src/stm32f1xx_hal_spi.c **** #endif /* USE_SPI_CRC */
3758:Drivers/STM32F1xx_HAL_Driver/Src/stm32f1xx_hal_spi.c ****     if (hspi->ErrorCode == HAL_SPI_ERROR_NONE)
3759:Drivers/STM32F1xx_HAL_Driver/Src/stm32f1xx_hal_spi.c ****     {
3760:Drivers/STM32F1xx_HAL_Driver/Src/stm32f1xx_hal_spi.c ****       if (hspi->State == HAL_SPI_STATE_BUSY_RX)
3761:Drivers/STM32F1xx_HAL_Driver/Src/stm32f1xx_hal_spi.c ****       {
3762:Drivers/STM32F1xx_HAL_Driver/Src/stm32f1xx_hal_spi.c ****         hspi->State = HAL_SPI_STATE_READY;
3763:Drivers/STM32F1xx_HAL_Driver/Src/stm32f1xx_hal_spi.c ****         /* Call user Rx complete callback */
3764:Drivers/STM32F1xx_HAL_Driver/Src/stm32f1xx_hal_spi.c **** #if (USE_HAL_SPI_REGISTER_CALLBACKS == 1U)
3765:Drivers/STM32F1xx_HAL_Driver/Src/stm32f1xx_hal_spi.c ****         hspi->RxCpltCallback(hspi);
3766:Drivers/STM32F1xx_HAL_Driver/Src/stm32f1xx_hal_spi.c **** #else
3767:Drivers/STM32F1xx_HAL_Driver/Src/stm32f1xx_hal_spi.c ****         HAL_SPI_RxCpltCallback(hspi);
3768:Drivers/STM32F1xx_HAL_Driver/Src/stm32f1xx_hal_spi.c **** #endif /* USE_HAL_SPI_REGISTER_CALLBACKS */
3769:Drivers/STM32F1xx_HAL_Driver/Src/stm32f1xx_hal_spi.c ****       }
3770:Drivers/STM32F1xx_HAL_Driver/Src/stm32f1xx_hal_spi.c ****       else
3771:Drivers/STM32F1xx_HAL_Driver/Src/stm32f1xx_hal_spi.c ****       {
3772:Drivers/STM32F1xx_HAL_Driver/Src/stm32f1xx_hal_spi.c ****         hspi->State = HAL_SPI_STATE_READY;
3773:Drivers/STM32F1xx_HAL_Driver/Src/stm32f1xx_hal_spi.c ****         /* Call user TxRx complete callback */
3774:Drivers/STM32F1xx_HAL_Driver/Src/stm32f1xx_hal_spi.c **** #if (USE_HAL_SPI_REGISTER_CALLBACKS == 1U)
3775:Drivers/STM32F1xx_HAL_Driver/Src/stm32f1xx_hal_spi.c ****         hspi->TxRxCpltCallback(hspi);
3776:Drivers/STM32F1xx_HAL_Driver/Src/stm32f1xx_hal_spi.c **** #else
3777:Drivers/STM32F1xx_HAL_Driver/Src/stm32f1xx_hal_spi.c ****         HAL_SPI_TxRxCpltCallback(hspi);
3778:Drivers/STM32F1xx_HAL_Driver/Src/stm32f1xx_hal_spi.c **** #endif /* USE_HAL_SPI_REGISTER_CALLBACKS */
3779:Drivers/STM32F1xx_HAL_Driver/Src/stm32f1xx_hal_spi.c ****       }
3780:Drivers/STM32F1xx_HAL_Driver/Src/stm32f1xx_hal_spi.c ****     }
3781:Drivers/STM32F1xx_HAL_Driver/Src/stm32f1xx_hal_spi.c ****     else
3782:Drivers/STM32F1xx_HAL_Driver/Src/stm32f1xx_hal_spi.c ****     {
3783:Drivers/STM32F1xx_HAL_Driver/Src/stm32f1xx_hal_spi.c ****       hspi->State = HAL_SPI_STATE_READY;
3784:Drivers/STM32F1xx_HAL_Driver/Src/stm32f1xx_hal_spi.c ****       /* Call user error callback */
3785:Drivers/STM32F1xx_HAL_Driver/Src/stm32f1xx_hal_spi.c **** #if (USE_HAL_SPI_REGISTER_CALLBACKS == 1U)
3786:Drivers/STM32F1xx_HAL_Driver/Src/stm32f1xx_hal_spi.c ****       hspi->ErrorCallback(hspi);
3787:Drivers/STM32F1xx_HAL_Driver/Src/stm32f1xx_hal_spi.c **** #else
3788:Drivers/STM32F1xx_HAL_Driver/Src/stm32f1xx_hal_spi.c ****       HAL_SPI_ErrorCallback(hspi);
3789:Drivers/STM32F1xx_HAL_Driver/Src/stm32f1xx_hal_spi.c **** #endif /* USE_HAL_SPI_REGISTER_CALLBACKS */
3790:Drivers/STM32F1xx_HAL_Driver/Src/stm32f1xx_hal_spi.c ****     }
3791:Drivers/STM32F1xx_HAL_Driver/Src/stm32f1xx_hal_spi.c **** #if (USE_SPI_CRC != 0U)
3792:Drivers/STM32F1xx_HAL_Driver/Src/stm32f1xx_hal_spi.c ****   }
3793:Drivers/STM32F1xx_HAL_Driver/Src/stm32f1xx_hal_spi.c **** #endif /* USE_SPI_CRC */
3794:Drivers/STM32F1xx_HAL_Driver/Src/stm32f1xx_hal_spi.c **** }
ARM GAS  /var/folders/y0/yl1wrqfd209ghqq3s8k8qc1m0000gn/T//ccjYiGlu.s 			page 68


3795:Drivers/STM32F1xx_HAL_Driver/Src/stm32f1xx_hal_spi.c **** 
3796:Drivers/STM32F1xx_HAL_Driver/Src/stm32f1xx_hal_spi.c **** /**
3797:Drivers/STM32F1xx_HAL_Driver/Src/stm32f1xx_hal_spi.c ****   * @brief  Handle the end of the RX transaction.
3798:Drivers/STM32F1xx_HAL_Driver/Src/stm32f1xx_hal_spi.c ****   * @param  hspi pointer to a SPI_HandleTypeDef structure that contains
3799:Drivers/STM32F1xx_HAL_Driver/Src/stm32f1xx_hal_spi.c ****   *               the configuration information for SPI module.
3800:Drivers/STM32F1xx_HAL_Driver/Src/stm32f1xx_hal_spi.c ****   * @retval None
3801:Drivers/STM32F1xx_HAL_Driver/Src/stm32f1xx_hal_spi.c ****   */
3802:Drivers/STM32F1xx_HAL_Driver/Src/stm32f1xx_hal_spi.c **** static void SPI_CloseRx_ISR(SPI_HandleTypeDef *hspi)
3803:Drivers/STM32F1xx_HAL_Driver/Src/stm32f1xx_hal_spi.c **** {
3804:Drivers/STM32F1xx_HAL_Driver/Src/stm32f1xx_hal_spi.c ****   /* Disable RXNE and ERR interrupt */
3805:Drivers/STM32F1xx_HAL_Driver/Src/stm32f1xx_hal_spi.c ****   __HAL_SPI_DISABLE_IT(hspi, (SPI_IT_RXNE | SPI_IT_ERR));
3806:Drivers/STM32F1xx_HAL_Driver/Src/stm32f1xx_hal_spi.c **** 
3807:Drivers/STM32F1xx_HAL_Driver/Src/stm32f1xx_hal_spi.c ****   /* Check the end of the transaction */
3808:Drivers/STM32F1xx_HAL_Driver/Src/stm32f1xx_hal_spi.c ****   if (SPI_EndRxTransaction(hspi, SPI_DEFAULT_TIMEOUT, HAL_GetTick()) != HAL_OK)
3809:Drivers/STM32F1xx_HAL_Driver/Src/stm32f1xx_hal_spi.c ****   {
3810:Drivers/STM32F1xx_HAL_Driver/Src/stm32f1xx_hal_spi.c ****     SET_BIT(hspi->ErrorCode, HAL_SPI_ERROR_FLAG);
3811:Drivers/STM32F1xx_HAL_Driver/Src/stm32f1xx_hal_spi.c ****   }
3812:Drivers/STM32F1xx_HAL_Driver/Src/stm32f1xx_hal_spi.c **** 
3813:Drivers/STM32F1xx_HAL_Driver/Src/stm32f1xx_hal_spi.c ****   /* Clear overrun flag in 2 Lines communication mode because received is not read */
3814:Drivers/STM32F1xx_HAL_Driver/Src/stm32f1xx_hal_spi.c ****   if (hspi->Init.Direction == SPI_DIRECTION_2LINES)
3815:Drivers/STM32F1xx_HAL_Driver/Src/stm32f1xx_hal_spi.c ****   {
3816:Drivers/STM32F1xx_HAL_Driver/Src/stm32f1xx_hal_spi.c ****     __HAL_SPI_CLEAR_OVRFLAG(hspi);
3817:Drivers/STM32F1xx_HAL_Driver/Src/stm32f1xx_hal_spi.c ****   }
3818:Drivers/STM32F1xx_HAL_Driver/Src/stm32f1xx_hal_spi.c ****   hspi->State = HAL_SPI_STATE_READY;
3819:Drivers/STM32F1xx_HAL_Driver/Src/stm32f1xx_hal_spi.c **** 
3820:Drivers/STM32F1xx_HAL_Driver/Src/stm32f1xx_hal_spi.c **** #if (USE_SPI_CRC != 0U)
3821:Drivers/STM32F1xx_HAL_Driver/Src/stm32f1xx_hal_spi.c ****   /* Check if CRC error occurred */
3822:Drivers/STM32F1xx_HAL_Driver/Src/stm32f1xx_hal_spi.c ****   if (__HAL_SPI_GET_FLAG(hspi, SPI_FLAG_CRCERR) != RESET)
3823:Drivers/STM32F1xx_HAL_Driver/Src/stm32f1xx_hal_spi.c ****   {
3824:Drivers/STM32F1xx_HAL_Driver/Src/stm32f1xx_hal_spi.c ****     /* Check if CRC error is valid or not (workaround to be applied or not) */
3825:Drivers/STM32F1xx_HAL_Driver/Src/stm32f1xx_hal_spi.c ****     if (SPI_ISCRCErrorValid(hspi) == SPI_VALID_CRC_ERROR)
3826:Drivers/STM32F1xx_HAL_Driver/Src/stm32f1xx_hal_spi.c ****     {
3827:Drivers/STM32F1xx_HAL_Driver/Src/stm32f1xx_hal_spi.c ****       SET_BIT(hspi->ErrorCode, HAL_SPI_ERROR_CRC);
3828:Drivers/STM32F1xx_HAL_Driver/Src/stm32f1xx_hal_spi.c **** 
3829:Drivers/STM32F1xx_HAL_Driver/Src/stm32f1xx_hal_spi.c ****       /* Reset CRC Calculation */
3830:Drivers/STM32F1xx_HAL_Driver/Src/stm32f1xx_hal_spi.c ****       SPI_RESET_CRC(hspi);
3831:Drivers/STM32F1xx_HAL_Driver/Src/stm32f1xx_hal_spi.c **** 
3832:Drivers/STM32F1xx_HAL_Driver/Src/stm32f1xx_hal_spi.c ****       /* Call user error callback */
3833:Drivers/STM32F1xx_HAL_Driver/Src/stm32f1xx_hal_spi.c **** #if (USE_HAL_SPI_REGISTER_CALLBACKS == 1U)
3834:Drivers/STM32F1xx_HAL_Driver/Src/stm32f1xx_hal_spi.c ****       hspi->ErrorCallback(hspi);
3835:Drivers/STM32F1xx_HAL_Driver/Src/stm32f1xx_hal_spi.c **** #else
3836:Drivers/STM32F1xx_HAL_Driver/Src/stm32f1xx_hal_spi.c ****       HAL_SPI_ErrorCallback(hspi);
3837:Drivers/STM32F1xx_HAL_Driver/Src/stm32f1xx_hal_spi.c **** #endif /* USE_HAL_SPI_REGISTER_CALLBACKS */
3838:Drivers/STM32F1xx_HAL_Driver/Src/stm32f1xx_hal_spi.c ****     }
3839:Drivers/STM32F1xx_HAL_Driver/Src/stm32f1xx_hal_spi.c ****     else
3840:Drivers/STM32F1xx_HAL_Driver/Src/stm32f1xx_hal_spi.c ****     {
3841:Drivers/STM32F1xx_HAL_Driver/Src/stm32f1xx_hal_spi.c ****       __HAL_SPI_CLEAR_CRCERRFLAG(hspi);
3842:Drivers/STM32F1xx_HAL_Driver/Src/stm32f1xx_hal_spi.c ****     }
3843:Drivers/STM32F1xx_HAL_Driver/Src/stm32f1xx_hal_spi.c ****   }
3844:Drivers/STM32F1xx_HAL_Driver/Src/stm32f1xx_hal_spi.c ****   else
3845:Drivers/STM32F1xx_HAL_Driver/Src/stm32f1xx_hal_spi.c ****   {
3846:Drivers/STM32F1xx_HAL_Driver/Src/stm32f1xx_hal_spi.c **** #endif /* USE_SPI_CRC */
3847:Drivers/STM32F1xx_HAL_Driver/Src/stm32f1xx_hal_spi.c ****     if (hspi->ErrorCode == HAL_SPI_ERROR_NONE)
3848:Drivers/STM32F1xx_HAL_Driver/Src/stm32f1xx_hal_spi.c ****     {
3849:Drivers/STM32F1xx_HAL_Driver/Src/stm32f1xx_hal_spi.c ****       /* Call user Rx complete callback */
3850:Drivers/STM32F1xx_HAL_Driver/Src/stm32f1xx_hal_spi.c **** #if (USE_HAL_SPI_REGISTER_CALLBACKS == 1U)
3851:Drivers/STM32F1xx_HAL_Driver/Src/stm32f1xx_hal_spi.c ****       hspi->RxCpltCallback(hspi);
ARM GAS  /var/folders/y0/yl1wrqfd209ghqq3s8k8qc1m0000gn/T//ccjYiGlu.s 			page 69


3852:Drivers/STM32F1xx_HAL_Driver/Src/stm32f1xx_hal_spi.c **** #else
3853:Drivers/STM32F1xx_HAL_Driver/Src/stm32f1xx_hal_spi.c ****       HAL_SPI_RxCpltCallback(hspi);
3854:Drivers/STM32F1xx_HAL_Driver/Src/stm32f1xx_hal_spi.c **** #endif /* USE_HAL_SPI_REGISTER_CALLBACKS */
3855:Drivers/STM32F1xx_HAL_Driver/Src/stm32f1xx_hal_spi.c ****     }
3856:Drivers/STM32F1xx_HAL_Driver/Src/stm32f1xx_hal_spi.c ****     else
3857:Drivers/STM32F1xx_HAL_Driver/Src/stm32f1xx_hal_spi.c ****     {
3858:Drivers/STM32F1xx_HAL_Driver/Src/stm32f1xx_hal_spi.c ****       /* Call user error callback */
3859:Drivers/STM32F1xx_HAL_Driver/Src/stm32f1xx_hal_spi.c **** #if (USE_HAL_SPI_REGISTER_CALLBACKS == 1U)
3860:Drivers/STM32F1xx_HAL_Driver/Src/stm32f1xx_hal_spi.c ****       hspi->ErrorCallback(hspi);
3861:Drivers/STM32F1xx_HAL_Driver/Src/stm32f1xx_hal_spi.c **** #else
3862:Drivers/STM32F1xx_HAL_Driver/Src/stm32f1xx_hal_spi.c ****       HAL_SPI_ErrorCallback(hspi);
3863:Drivers/STM32F1xx_HAL_Driver/Src/stm32f1xx_hal_spi.c **** #endif /* USE_HAL_SPI_REGISTER_CALLBACKS */
3864:Drivers/STM32F1xx_HAL_Driver/Src/stm32f1xx_hal_spi.c ****     }
3865:Drivers/STM32F1xx_HAL_Driver/Src/stm32f1xx_hal_spi.c **** #if (USE_SPI_CRC != 0U)
3866:Drivers/STM32F1xx_HAL_Driver/Src/stm32f1xx_hal_spi.c ****   }
3867:Drivers/STM32F1xx_HAL_Driver/Src/stm32f1xx_hal_spi.c **** #endif /* USE_SPI_CRC */
3868:Drivers/STM32F1xx_HAL_Driver/Src/stm32f1xx_hal_spi.c **** }
3869:Drivers/STM32F1xx_HAL_Driver/Src/stm32f1xx_hal_spi.c **** 
3870:Drivers/STM32F1xx_HAL_Driver/Src/stm32f1xx_hal_spi.c **** /**
3871:Drivers/STM32F1xx_HAL_Driver/Src/stm32f1xx_hal_spi.c ****   * @brief  Handle the end of the TX transaction.
3872:Drivers/STM32F1xx_HAL_Driver/Src/stm32f1xx_hal_spi.c ****   * @param  hspi pointer to a SPI_HandleTypeDef structure that contains
3873:Drivers/STM32F1xx_HAL_Driver/Src/stm32f1xx_hal_spi.c ****   *               the configuration information for SPI module.
3874:Drivers/STM32F1xx_HAL_Driver/Src/stm32f1xx_hal_spi.c ****   * @retval None
3875:Drivers/STM32F1xx_HAL_Driver/Src/stm32f1xx_hal_spi.c ****   */
3876:Drivers/STM32F1xx_HAL_Driver/Src/stm32f1xx_hal_spi.c **** static void SPI_CloseTx_ISR(SPI_HandleTypeDef *hspi)
3877:Drivers/STM32F1xx_HAL_Driver/Src/stm32f1xx_hal_spi.c **** {
3878:Drivers/STM32F1xx_HAL_Driver/Src/stm32f1xx_hal_spi.c ****   uint32_t tickstart;
3879:Drivers/STM32F1xx_HAL_Driver/Src/stm32f1xx_hal_spi.c ****   __IO uint32_t count = SPI_DEFAULT_TIMEOUT * (SystemCoreClock / 24U / 1000U);
3880:Drivers/STM32F1xx_HAL_Driver/Src/stm32f1xx_hal_spi.c **** 
3881:Drivers/STM32F1xx_HAL_Driver/Src/stm32f1xx_hal_spi.c ****   /* Init tickstart for timeout management*/
3882:Drivers/STM32F1xx_HAL_Driver/Src/stm32f1xx_hal_spi.c ****   tickstart = HAL_GetTick();
3883:Drivers/STM32F1xx_HAL_Driver/Src/stm32f1xx_hal_spi.c **** 
3884:Drivers/STM32F1xx_HAL_Driver/Src/stm32f1xx_hal_spi.c ****   /* Wait until TXE flag is set */
3885:Drivers/STM32F1xx_HAL_Driver/Src/stm32f1xx_hal_spi.c ****   do
3886:Drivers/STM32F1xx_HAL_Driver/Src/stm32f1xx_hal_spi.c ****   {
3887:Drivers/STM32F1xx_HAL_Driver/Src/stm32f1xx_hal_spi.c ****     if (count == 0U)
3888:Drivers/STM32F1xx_HAL_Driver/Src/stm32f1xx_hal_spi.c ****     {
3889:Drivers/STM32F1xx_HAL_Driver/Src/stm32f1xx_hal_spi.c ****       SET_BIT(hspi->ErrorCode, HAL_SPI_ERROR_FLAG);
3890:Drivers/STM32F1xx_HAL_Driver/Src/stm32f1xx_hal_spi.c ****       break;
3891:Drivers/STM32F1xx_HAL_Driver/Src/stm32f1xx_hal_spi.c ****     }
3892:Drivers/STM32F1xx_HAL_Driver/Src/stm32f1xx_hal_spi.c ****     count--;
3893:Drivers/STM32F1xx_HAL_Driver/Src/stm32f1xx_hal_spi.c ****   } while ((hspi->Instance->SR & SPI_FLAG_TXE) == RESET);
3894:Drivers/STM32F1xx_HAL_Driver/Src/stm32f1xx_hal_spi.c **** 
3895:Drivers/STM32F1xx_HAL_Driver/Src/stm32f1xx_hal_spi.c ****   /* Disable TXE and ERR interrupt */
3896:Drivers/STM32F1xx_HAL_Driver/Src/stm32f1xx_hal_spi.c ****   __HAL_SPI_DISABLE_IT(hspi, (SPI_IT_TXE | SPI_IT_ERR));
3897:Drivers/STM32F1xx_HAL_Driver/Src/stm32f1xx_hal_spi.c **** 
3898:Drivers/STM32F1xx_HAL_Driver/Src/stm32f1xx_hal_spi.c ****   /* Check the end of the transaction */
3899:Drivers/STM32F1xx_HAL_Driver/Src/stm32f1xx_hal_spi.c ****   if (SPI_EndRxTxTransaction(hspi, SPI_DEFAULT_TIMEOUT, tickstart) != HAL_OK)
3900:Drivers/STM32F1xx_HAL_Driver/Src/stm32f1xx_hal_spi.c ****   {
3901:Drivers/STM32F1xx_HAL_Driver/Src/stm32f1xx_hal_spi.c ****     SET_BIT(hspi->ErrorCode, HAL_SPI_ERROR_FLAG);
3902:Drivers/STM32F1xx_HAL_Driver/Src/stm32f1xx_hal_spi.c ****   }
3903:Drivers/STM32F1xx_HAL_Driver/Src/stm32f1xx_hal_spi.c **** 
3904:Drivers/STM32F1xx_HAL_Driver/Src/stm32f1xx_hal_spi.c ****   /* Clear overrun flag in 2 Lines communication mode because received is not read */
3905:Drivers/STM32F1xx_HAL_Driver/Src/stm32f1xx_hal_spi.c ****   if (hspi->Init.Direction == SPI_DIRECTION_2LINES)
3906:Drivers/STM32F1xx_HAL_Driver/Src/stm32f1xx_hal_spi.c ****   {
3907:Drivers/STM32F1xx_HAL_Driver/Src/stm32f1xx_hal_spi.c ****     __HAL_SPI_CLEAR_OVRFLAG(hspi);
3908:Drivers/STM32F1xx_HAL_Driver/Src/stm32f1xx_hal_spi.c ****   }
ARM GAS  /var/folders/y0/yl1wrqfd209ghqq3s8k8qc1m0000gn/T//ccjYiGlu.s 			page 70


3909:Drivers/STM32F1xx_HAL_Driver/Src/stm32f1xx_hal_spi.c **** 
3910:Drivers/STM32F1xx_HAL_Driver/Src/stm32f1xx_hal_spi.c ****   hspi->State = HAL_SPI_STATE_READY;
3911:Drivers/STM32F1xx_HAL_Driver/Src/stm32f1xx_hal_spi.c ****   if (hspi->ErrorCode != HAL_SPI_ERROR_NONE)
3912:Drivers/STM32F1xx_HAL_Driver/Src/stm32f1xx_hal_spi.c ****   {
3913:Drivers/STM32F1xx_HAL_Driver/Src/stm32f1xx_hal_spi.c ****     /* Call user error callback */
3914:Drivers/STM32F1xx_HAL_Driver/Src/stm32f1xx_hal_spi.c **** #if (USE_HAL_SPI_REGISTER_CALLBACKS == 1U)
3915:Drivers/STM32F1xx_HAL_Driver/Src/stm32f1xx_hal_spi.c ****     hspi->ErrorCallback(hspi);
3916:Drivers/STM32F1xx_HAL_Driver/Src/stm32f1xx_hal_spi.c **** #else
3917:Drivers/STM32F1xx_HAL_Driver/Src/stm32f1xx_hal_spi.c ****     HAL_SPI_ErrorCallback(hspi);
3918:Drivers/STM32F1xx_HAL_Driver/Src/stm32f1xx_hal_spi.c **** #endif /* USE_HAL_SPI_REGISTER_CALLBACKS */
3919:Drivers/STM32F1xx_HAL_Driver/Src/stm32f1xx_hal_spi.c ****   }
3920:Drivers/STM32F1xx_HAL_Driver/Src/stm32f1xx_hal_spi.c ****   else
3921:Drivers/STM32F1xx_HAL_Driver/Src/stm32f1xx_hal_spi.c ****   {
3922:Drivers/STM32F1xx_HAL_Driver/Src/stm32f1xx_hal_spi.c ****     /* Call user Rx complete callback */
3923:Drivers/STM32F1xx_HAL_Driver/Src/stm32f1xx_hal_spi.c **** #if (USE_HAL_SPI_REGISTER_CALLBACKS == 1U)
3924:Drivers/STM32F1xx_HAL_Driver/Src/stm32f1xx_hal_spi.c ****     hspi->TxCpltCallback(hspi);
3925:Drivers/STM32F1xx_HAL_Driver/Src/stm32f1xx_hal_spi.c **** #else
3926:Drivers/STM32F1xx_HAL_Driver/Src/stm32f1xx_hal_spi.c ****     HAL_SPI_TxCpltCallback(hspi);
3927:Drivers/STM32F1xx_HAL_Driver/Src/stm32f1xx_hal_spi.c **** #endif /* USE_HAL_SPI_REGISTER_CALLBACKS */
3928:Drivers/STM32F1xx_HAL_Driver/Src/stm32f1xx_hal_spi.c ****   }
3929:Drivers/STM32F1xx_HAL_Driver/Src/stm32f1xx_hal_spi.c **** }
3930:Drivers/STM32F1xx_HAL_Driver/Src/stm32f1xx_hal_spi.c **** 
3931:Drivers/STM32F1xx_HAL_Driver/Src/stm32f1xx_hal_spi.c **** /**
3932:Drivers/STM32F1xx_HAL_Driver/Src/stm32f1xx_hal_spi.c ****   * @brief  Handle abort a Rx transaction.
3933:Drivers/STM32F1xx_HAL_Driver/Src/stm32f1xx_hal_spi.c ****   * @param  hspi pointer to a SPI_HandleTypeDef structure that contains
3934:Drivers/STM32F1xx_HAL_Driver/Src/stm32f1xx_hal_spi.c ****   *               the configuration information for SPI module.
3935:Drivers/STM32F1xx_HAL_Driver/Src/stm32f1xx_hal_spi.c ****   * @retval None
3936:Drivers/STM32F1xx_HAL_Driver/Src/stm32f1xx_hal_spi.c ****   */
3937:Drivers/STM32F1xx_HAL_Driver/Src/stm32f1xx_hal_spi.c **** static void SPI_AbortRx_ISR(SPI_HandleTypeDef *hspi)
3938:Drivers/STM32F1xx_HAL_Driver/Src/stm32f1xx_hal_spi.c **** {
  27              		.loc 1 3938 1 view -0
  28              		.cfi_startproc
  29              		@ args = 0, pretend = 0, frame = 8
  30              		@ frame_needed = 0, uses_anonymous_args = 0
  31              		@ link register save eliminated.
  32              		.loc 1 3938 1 is_stmt 0 view .LVU1
  33 0000 82B0     		sub	sp, sp, #8
  34              	.LCFI0:
  35              		.cfi_def_cfa_offset 8
3939:Drivers/STM32F1xx_HAL_Driver/Src/stm32f1xx_hal_spi.c ****   __IO uint32_t tmpreg = 0U;
  36              		.loc 1 3939 3 is_stmt 1 view .LVU2
  37              		.loc 1 3939 17 is_stmt 0 view .LVU3
  38 0002 0023     		movs	r3, #0
  39 0004 0193     		str	r3, [sp, #4]
3940:Drivers/STM32F1xx_HAL_Driver/Src/stm32f1xx_hal_spi.c ****   __IO uint32_t count = SPI_DEFAULT_TIMEOUT * (SystemCoreClock / 24U / 1000U);
  40              		.loc 1 3940 3 is_stmt 1 view .LVU4
  41              		.loc 1 3940 70 is_stmt 0 view .LVU5
  42 0006 164B     		ldr	r3, .L7
  43 0008 1B68     		ldr	r3, [r3]
  44 000a 164A     		ldr	r2, .L7+4
  45 000c A2FB0323 		umull	r2, r3, r2, r3
  46 0010 5B0A     		lsrs	r3, r3, #9
  47              		.loc 1 3940 45 view .LVU6
  48 0012 6422     		movs	r2, #100
  49 0014 02FB03F3 		mul	r3, r2, r3
  50              		.loc 1 3940 17 view .LVU7
  51 0018 0093     		str	r3, [sp]
ARM GAS  /var/folders/y0/yl1wrqfd209ghqq3s8k8qc1m0000gn/T//ccjYiGlu.s 			page 71


  52              	.L4:
3941:Drivers/STM32F1xx_HAL_Driver/Src/stm32f1xx_hal_spi.c **** 
3942:Drivers/STM32F1xx_HAL_Driver/Src/stm32f1xx_hal_spi.c ****   /* Wait until TXE flag is set */
3943:Drivers/STM32F1xx_HAL_Driver/Src/stm32f1xx_hal_spi.c ****   do
  53              		.loc 1 3943 3 is_stmt 1 view .LVU8
3944:Drivers/STM32F1xx_HAL_Driver/Src/stm32f1xx_hal_spi.c ****   {
3945:Drivers/STM32F1xx_HAL_Driver/Src/stm32f1xx_hal_spi.c ****     if (count == 0U)
  54              		.loc 1 3945 5 view .LVU9
  55              		.loc 1 3945 15 is_stmt 0 view .LVU10
  56 001a 009B     		ldr	r3, [sp]
  57              		.loc 1 3945 8 view .LVU11
  58 001c 43B1     		cbz	r3, .L6
3946:Drivers/STM32F1xx_HAL_Driver/Src/stm32f1xx_hal_spi.c ****     {
3947:Drivers/STM32F1xx_HAL_Driver/Src/stm32f1xx_hal_spi.c ****       SET_BIT(hspi->ErrorCode, HAL_SPI_ERROR_ABORT);
3948:Drivers/STM32F1xx_HAL_Driver/Src/stm32f1xx_hal_spi.c ****       break;
3949:Drivers/STM32F1xx_HAL_Driver/Src/stm32f1xx_hal_spi.c ****     }
3950:Drivers/STM32F1xx_HAL_Driver/Src/stm32f1xx_hal_spi.c ****     count--;
  59              		.loc 1 3950 5 is_stmt 1 view .LVU12
  60              		.loc 1 3950 10 is_stmt 0 view .LVU13
  61 001e 009B     		ldr	r3, [sp]
  62 0020 013B     		subs	r3, r3, #1
  63 0022 0093     		str	r3, [sp]
3951:Drivers/STM32F1xx_HAL_Driver/Src/stm32f1xx_hal_spi.c ****   } while ((hspi->Instance->SR & SPI_FLAG_TXE) == RESET);
  64              		.loc 1 3951 48 is_stmt 1 view .LVU14
  65              		.loc 1 3951 17 is_stmt 0 view .LVU15
  66 0024 0368     		ldr	r3, [r0]
  67              		.loc 1 3951 27 view .LVU16
  68 0026 9B68     		ldr	r3, [r3, #8]
  69              		.loc 1 3951 48 view .LVU17
  70 0028 13F0020F 		tst	r3, #2
  71 002c F5D0     		beq	.L4
  72 002e 03E0     		b	.L3
  73              	.L6:
3947:Drivers/STM32F1xx_HAL_Driver/Src/stm32f1xx_hal_spi.c ****       break;
  74              		.loc 1 3947 7 is_stmt 1 view .LVU18
  75 0030 436D     		ldr	r3, [r0, #84]
  76 0032 43F04003 		orr	r3, r3, #64
  77 0036 4365     		str	r3, [r0, #84]
3948:Drivers/STM32F1xx_HAL_Driver/Src/stm32f1xx_hal_spi.c ****     }
  78              		.loc 1 3948 7 view .LVU19
  79              	.L3:
3952:Drivers/STM32F1xx_HAL_Driver/Src/stm32f1xx_hal_spi.c **** 
3953:Drivers/STM32F1xx_HAL_Driver/Src/stm32f1xx_hal_spi.c ****   /* Disable SPI Peripheral */
3954:Drivers/STM32F1xx_HAL_Driver/Src/stm32f1xx_hal_spi.c ****   __HAL_SPI_DISABLE(hspi);
  80              		.loc 1 3954 3 view .LVU20
  81 0038 0268     		ldr	r2, [r0]
  82 003a 1368     		ldr	r3, [r2]
  83 003c 23F04003 		bic	r3, r3, #64
  84 0040 1360     		str	r3, [r2]
3955:Drivers/STM32F1xx_HAL_Driver/Src/stm32f1xx_hal_spi.c **** 
3956:Drivers/STM32F1xx_HAL_Driver/Src/stm32f1xx_hal_spi.c ****   /* Disable TXEIE, RXNEIE and ERRIE(mode fault event, overrun error, TI frame error) interrupts */
3957:Drivers/STM32F1xx_HAL_Driver/Src/stm32f1xx_hal_spi.c ****   CLEAR_BIT(hspi->Instance->CR2, (SPI_CR2_TXEIE | SPI_CR2_RXNEIE | SPI_CR2_ERRIE));
  85              		.loc 1 3957 3 view .LVU21
  86 0042 0268     		ldr	r2, [r0]
  87 0044 5368     		ldr	r3, [r2, #4]
  88 0046 23F0E003 		bic	r3, r3, #224
  89 004a 5360     		str	r3, [r2, #4]
ARM GAS  /var/folders/y0/yl1wrqfd209ghqq3s8k8qc1m0000gn/T//ccjYiGlu.s 			page 72


3958:Drivers/STM32F1xx_HAL_Driver/Src/stm32f1xx_hal_spi.c **** 
3959:Drivers/STM32F1xx_HAL_Driver/Src/stm32f1xx_hal_spi.c ****   /* Flush Data Register by a blank read */
3960:Drivers/STM32F1xx_HAL_Driver/Src/stm32f1xx_hal_spi.c ****   tmpreg = READ_REG(hspi->Instance->DR);
  90              		.loc 1 3960 3 view .LVU22
  91              		.loc 1 3960 12 is_stmt 0 view .LVU23
  92 004c 0368     		ldr	r3, [r0]
  93 004e DB68     		ldr	r3, [r3, #12]
  94              		.loc 1 3960 10 view .LVU24
  95 0050 0193     		str	r3, [sp, #4]
3961:Drivers/STM32F1xx_HAL_Driver/Src/stm32f1xx_hal_spi.c ****   /* To avoid GCC warning */
3962:Drivers/STM32F1xx_HAL_Driver/Src/stm32f1xx_hal_spi.c ****   UNUSED(tmpreg);
  96              		.loc 1 3962 3 is_stmt 1 view .LVU25
  97 0052 019B     		ldr	r3, [sp, #4]
3963:Drivers/STM32F1xx_HAL_Driver/Src/stm32f1xx_hal_spi.c **** 
3964:Drivers/STM32F1xx_HAL_Driver/Src/stm32f1xx_hal_spi.c ****   hspi->State = HAL_SPI_STATE_ABORT;
  98              		.loc 1 3964 3 view .LVU26
  99              		.loc 1 3964 15 is_stmt 0 view .LVU27
 100 0054 0723     		movs	r3, #7
 101 0056 80F85130 		strb	r3, [r0, #81]
3965:Drivers/STM32F1xx_HAL_Driver/Src/stm32f1xx_hal_spi.c **** }
 102              		.loc 1 3965 1 view .LVU28
 103 005a 02B0     		add	sp, sp, #8
 104              	.LCFI1:
 105              		.cfi_def_cfa_offset 0
 106              		@ sp needed
 107 005c 7047     		bx	lr
 108              	.L8:
 109 005e 00BF     		.align	2
 110              	.L7:
 111 0060 00000000 		.word	SystemCoreClock
 112 0064 F1197605 		.word	91625969
 113              		.cfi_endproc
 114              	.LFE118:
 116              		.section	.text.SPI_AbortTx_ISR,"ax",%progbits
 117              		.align	1
 118              		.syntax unified
 119              		.thumb
 120              		.thumb_func
 122              	SPI_AbortTx_ISR:
 123              	.LVL1:
 124              	.LFB119:
3966:Drivers/STM32F1xx_HAL_Driver/Src/stm32f1xx_hal_spi.c **** 
3967:Drivers/STM32F1xx_HAL_Driver/Src/stm32f1xx_hal_spi.c **** /**
3968:Drivers/STM32F1xx_HAL_Driver/Src/stm32f1xx_hal_spi.c ****   * @brief  Handle abort a Tx or Rx/Tx transaction.
3969:Drivers/STM32F1xx_HAL_Driver/Src/stm32f1xx_hal_spi.c ****   * @param  hspi pointer to a SPI_HandleTypeDef structure that contains
3970:Drivers/STM32F1xx_HAL_Driver/Src/stm32f1xx_hal_spi.c ****   *               the configuration information for SPI module.
3971:Drivers/STM32F1xx_HAL_Driver/Src/stm32f1xx_hal_spi.c ****   * @retval None
3972:Drivers/STM32F1xx_HAL_Driver/Src/stm32f1xx_hal_spi.c ****   */
3973:Drivers/STM32F1xx_HAL_Driver/Src/stm32f1xx_hal_spi.c **** static void SPI_AbortTx_ISR(SPI_HandleTypeDef *hspi)
3974:Drivers/STM32F1xx_HAL_Driver/Src/stm32f1xx_hal_spi.c **** {
 125              		.loc 1 3974 1 is_stmt 1 view -0
 126              		.cfi_startproc
 127              		@ args = 0, pretend = 0, frame = 0
 128              		@ frame_needed = 0, uses_anonymous_args = 0
 129              		@ link register save eliminated.
3975:Drivers/STM32F1xx_HAL_Driver/Src/stm32f1xx_hal_spi.c ****   /* Disable TXEIE interrupt */
3976:Drivers/STM32F1xx_HAL_Driver/Src/stm32f1xx_hal_spi.c ****   CLEAR_BIT(hspi->Instance->CR2, (SPI_CR2_TXEIE));
ARM GAS  /var/folders/y0/yl1wrqfd209ghqq3s8k8qc1m0000gn/T//ccjYiGlu.s 			page 73


 130              		.loc 1 3976 3 view .LVU30
 131 0000 0268     		ldr	r2, [r0]
 132 0002 5368     		ldr	r3, [r2, #4]
 133 0004 23F08003 		bic	r3, r3, #128
 134 0008 5360     		str	r3, [r2, #4]
3977:Drivers/STM32F1xx_HAL_Driver/Src/stm32f1xx_hal_spi.c **** 
3978:Drivers/STM32F1xx_HAL_Driver/Src/stm32f1xx_hal_spi.c ****   /* Disable SPI Peripheral */
3979:Drivers/STM32F1xx_HAL_Driver/Src/stm32f1xx_hal_spi.c ****   __HAL_SPI_DISABLE(hspi);
 135              		.loc 1 3979 3 view .LVU31
 136 000a 0268     		ldr	r2, [r0]
 137 000c 1368     		ldr	r3, [r2]
 138 000e 23F04003 		bic	r3, r3, #64
 139 0012 1360     		str	r3, [r2]
3980:Drivers/STM32F1xx_HAL_Driver/Src/stm32f1xx_hal_spi.c **** 
3981:Drivers/STM32F1xx_HAL_Driver/Src/stm32f1xx_hal_spi.c ****   hspi->State = HAL_SPI_STATE_ABORT;
 140              		.loc 1 3981 3 view .LVU32
 141              		.loc 1 3981 15 is_stmt 0 view .LVU33
 142 0014 0723     		movs	r3, #7
 143 0016 80F85130 		strb	r3, [r0, #81]
3982:Drivers/STM32F1xx_HAL_Driver/Src/stm32f1xx_hal_spi.c **** }
 144              		.loc 1 3982 1 view .LVU34
 145 001a 7047     		bx	lr
 146              		.cfi_endproc
 147              	.LFE119:
 149              		.section	.text.SPI_WaitFlagStateUntilTimeout,"ax",%progbits
 150              		.align	1
 151              		.syntax unified
 152              		.thumb
 153              		.thumb_func
 155              	SPI_WaitFlagStateUntilTimeout:
 156              	.LVL2:
 157              	.LFB112:
3570:Drivers/STM32F1xx_HAL_Driver/Src/stm32f1xx_hal_spi.c ****   __IO uint32_t count;
 158              		.loc 1 3570 1 is_stmt 1 view -0
 159              		.cfi_startproc
 160              		@ args = 4, pretend = 0, frame = 8
 161              		@ frame_needed = 0, uses_anonymous_args = 0
3570:Drivers/STM32F1xx_HAL_Driver/Src/stm32f1xx_hal_spi.c ****   __IO uint32_t count;
 162              		.loc 1 3570 1 is_stmt 0 view .LVU36
 163 0000 2DE9F043 		push	{r4, r5, r6, r7, r8, r9, lr}
 164              	.LCFI2:
 165              		.cfi_def_cfa_offset 28
 166              		.cfi_offset 4, -28
 167              		.cfi_offset 5, -24
 168              		.cfi_offset 6, -20
 169              		.cfi_offset 7, -16
 170              		.cfi_offset 8, -12
 171              		.cfi_offset 9, -8
 172              		.cfi_offset 14, -4
 173 0004 83B0     		sub	sp, sp, #12
 174              	.LCFI3:
 175              		.cfi_def_cfa_offset 40
 176 0006 0446     		mov	r4, r0
 177 0008 0F46     		mov	r7, r1
 178 000a 1646     		mov	r6, r2
 179 000c 1D46     		mov	r5, r3
3571:Drivers/STM32F1xx_HAL_Driver/Src/stm32f1xx_hal_spi.c ****   uint32_t tmp_timeout;
ARM GAS  /var/folders/y0/yl1wrqfd209ghqq3s8k8qc1m0000gn/T//ccjYiGlu.s 			page 74


 180              		.loc 1 3571 3 is_stmt 1 view .LVU37
3572:Drivers/STM32F1xx_HAL_Driver/Src/stm32f1xx_hal_spi.c ****   uint32_t tmp_tickstart;
 181              		.loc 1 3572 3 view .LVU38
3573:Drivers/STM32F1xx_HAL_Driver/Src/stm32f1xx_hal_spi.c **** 
 182              		.loc 1 3573 3 view .LVU39
3576:Drivers/STM32F1xx_HAL_Driver/Src/stm32f1xx_hal_spi.c ****   tmp_tickstart = HAL_GetTick();
 183              		.loc 1 3576 3 view .LVU40
3576:Drivers/STM32F1xx_HAL_Driver/Src/stm32f1xx_hal_spi.c ****   tmp_tickstart = HAL_GetTick();
 184              		.loc 1 3576 30 is_stmt 0 view .LVU41
 185 000e FFF7FEFF 		bl	HAL_GetTick
 186              	.LVL3:
3576:Drivers/STM32F1xx_HAL_Driver/Src/stm32f1xx_hal_spi.c ****   tmp_tickstart = HAL_GetTick();
 187              		.loc 1 3576 44 discriminator 1 view .LVU42
 188 0012 0A9B     		ldr	r3, [sp, #40]
 189 0014 1B1A     		subs	r3, r3, r0
3576:Drivers/STM32F1xx_HAL_Driver/Src/stm32f1xx_hal_spi.c ****   tmp_tickstart = HAL_GetTick();
 190              		.loc 1 3576 17 discriminator 1 view .LVU43
 191 0016 03EB0508 		add	r8, r3, r5
 192              	.LVL4:
3577:Drivers/STM32F1xx_HAL_Driver/Src/stm32f1xx_hal_spi.c **** 
 193              		.loc 1 3577 3 is_stmt 1 view .LVU44
3577:Drivers/STM32F1xx_HAL_Driver/Src/stm32f1xx_hal_spi.c **** 
 194              		.loc 1 3577 19 is_stmt 0 view .LVU45
 195 001a FFF7FEFF 		bl	HAL_GetTick
 196              	.LVL5:
 197 001e 8146     		mov	r9, r0
 198              	.LVL6:
3580:Drivers/STM32F1xx_HAL_Driver/Src/stm32f1xx_hal_spi.c **** 
 199              		.loc 1 3580 3 is_stmt 1 view .LVU46
3580:Drivers/STM32F1xx_HAL_Driver/Src/stm32f1xx_hal_spi.c **** 
 200              		.loc 1 3580 43 is_stmt 0 view .LVU47
 201 0020 284B     		ldr	r3, .L25
 202 0022 1B68     		ldr	r3, [r3]
3580:Drivers/STM32F1xx_HAL_Driver/Src/stm32f1xx_hal_spi.c **** 
 203              		.loc 1 3580 50 view .LVU48
 204 0024 C3F3CB33 		ubfx	r3, r3, #15, #12
3580:Drivers/STM32F1xx_HAL_Driver/Src/stm32f1xx_hal_spi.c **** 
 205              		.loc 1 3580 23 view .LVU49
 206 0028 08FB03F3 		mul	r3, r8, r3
3580:Drivers/STM32F1xx_HAL_Driver/Src/stm32f1xx_hal_spi.c **** 
 207              		.loc 1 3580 9 view .LVU50
 208 002c 0193     		str	r3, [sp, #4]
3582:Drivers/STM32F1xx_HAL_Driver/Src/stm32f1xx_hal_spi.c ****   {
 209              		.loc 1 3582 3 is_stmt 1 view .LVU51
 210              	.LVL7:
 211              	.L12:
3582:Drivers/STM32F1xx_HAL_Driver/Src/stm32f1xx_hal_spi.c ****   {
 212              		.loc 1 3582 57 view .LVU52
3582:Drivers/STM32F1xx_HAL_Driver/Src/stm32f1xx_hal_spi.c ****   {
 213              		.loc 1 3582 11 is_stmt 0 view .LVU53
 214 002e 2368     		ldr	r3, [r4]
 215 0030 9B68     		ldr	r3, [r3, #8]
3582:Drivers/STM32F1xx_HAL_Driver/Src/stm32f1xx_hal_spi.c ****   {
 216              		.loc 1 3582 48 view .LVU54
 217 0032 37EA0303 		bics	r3, r7, r3
 218 0036 0CBF     		ite	eq
 219 0038 0123     		moveq	r3, #1
ARM GAS  /var/folders/y0/yl1wrqfd209ghqq3s8k8qc1m0000gn/T//ccjYiGlu.s 			page 75


 220 003a 0023     		movne	r3, #0
3582:Drivers/STM32F1xx_HAL_Driver/Src/stm32f1xx_hal_spi.c ****   {
 221              		.loc 1 3582 57 view .LVU55
 222 003c B342     		cmp	r3, r6
 223 003e 3DD0     		beq	.L21
3584:Drivers/STM32F1xx_HAL_Driver/Src/stm32f1xx_hal_spi.c ****     {
 224              		.loc 1 3584 5 is_stmt 1 view .LVU56
3584:Drivers/STM32F1xx_HAL_Driver/Src/stm32f1xx_hal_spi.c ****     {
 225              		.loc 1 3584 8 is_stmt 0 view .LVU57
 226 0040 B5F1FF3F 		cmp	r5, #-1
 227 0044 F3D0     		beq	.L12
3586:Drivers/STM32F1xx_HAL_Driver/Src/stm32f1xx_hal_spi.c ****       {
 228              		.loc 1 3586 7 is_stmt 1 view .LVU58
3586:Drivers/STM32F1xx_HAL_Driver/Src/stm32f1xx_hal_spi.c ****       {
 229              		.loc 1 3586 13 is_stmt 0 view .LVU59
 230 0046 FFF7FEFF 		bl	HAL_GetTick
 231              	.LVL8:
3586:Drivers/STM32F1xx_HAL_Driver/Src/stm32f1xx_hal_spi.c ****       {
 232              		.loc 1 3586 27 discriminator 1 view .LVU60
 233 004a 4B46     		mov	r3, r9
 234 004c C01A     		subs	r0, r0, r3
3586:Drivers/STM32F1xx_HAL_Driver/Src/stm32f1xx_hal_spi.c ****       {
 235              		.loc 1 3586 10 discriminator 1 view .LVU61
 236 004e 4045     		cmp	r0, r8
 237 0050 07D2     		bcs	.L22
 238              	.LVL9:
3616:Drivers/STM32F1xx_HAL_Driver/Src/stm32f1xx_hal_spi.c ****       {
 239              		.loc 1 3616 7 is_stmt 1 view .LVU62
3616:Drivers/STM32F1xx_HAL_Driver/Src/stm32f1xx_hal_spi.c ****       {
 240              		.loc 1 3616 17 is_stmt 0 view .LVU63
 241 0052 019A     		ldr	r2, [sp, #4]
3616:Drivers/STM32F1xx_HAL_Driver/Src/stm32f1xx_hal_spi.c ****       {
 242              		.loc 1 3616 10 view .LVU64
 243 0054 02B1     		cbz	r2, .L18
 244 0056 4246     		mov	r2, r8
 245              	.L18:
 246              	.LVL10:
3620:Drivers/STM32F1xx_HAL_Driver/Src/stm32f1xx_hal_spi.c ****     }
 247              		.loc 1 3620 7 is_stmt 1 view .LVU65
3620:Drivers/STM32F1xx_HAL_Driver/Src/stm32f1xx_hal_spi.c ****     }
 248              		.loc 1 3620 12 is_stmt 0 view .LVU66
 249 0058 019B     		ldr	r3, [sp, #4]
 250              	.LVL11:
3620:Drivers/STM32F1xx_HAL_Driver/Src/stm32f1xx_hal_spi.c ****     }
 251              		.loc 1 3620 12 view .LVU67
 252 005a 013B     		subs	r3, r3, #1
 253 005c 0193     		str	r3, [sp, #4]
 254 005e 9046     		mov	r8, r2
 255 0060 E5E7     		b	.L12
 256              	.LVL12:
 257              	.L22:
3593:Drivers/STM32F1xx_HAL_Driver/Src/stm32f1xx_hal_spi.c **** 
 258              		.loc 1 3593 9 is_stmt 1 view .LVU68
 259 0062 2268     		ldr	r2, [r4]
 260 0064 5368     		ldr	r3, [r2, #4]
 261              	.LVL13:
3593:Drivers/STM32F1xx_HAL_Driver/Src/stm32f1xx_hal_spi.c **** 
ARM GAS  /var/folders/y0/yl1wrqfd209ghqq3s8k8qc1m0000gn/T//ccjYiGlu.s 			page 76


 262              		.loc 1 3593 9 is_stmt 0 view .LVU69
 263 0066 23F0E003 		bic	r3, r3, #224
 264 006a 5360     		str	r3, [r2, #4]
3595:Drivers/STM32F1xx_HAL_Driver/Src/stm32f1xx_hal_spi.c ****                                                      || (hspi->Init.Direction == SPI_DIRECTION_2LIN
 265              		.loc 1 3595 9 is_stmt 1 view .LVU70
3595:Drivers/STM32F1xx_HAL_Driver/Src/stm32f1xx_hal_spi.c ****                                                      || (hspi->Init.Direction == SPI_DIRECTION_2LIN
 266              		.loc 1 3595 24 is_stmt 0 view .LVU71
 267 006c 6368     		ldr	r3, [r4, #4]
3595:Drivers/STM32F1xx_HAL_Driver/Src/stm32f1xx_hal_spi.c ****                                                      || (hspi->Init.Direction == SPI_DIRECTION_2LIN
 268              		.loc 1 3595 12 view .LVU72
 269 006e B3F5827F 		cmp	r3, #260
 270 0072 0BD0     		beq	.L23
 271              	.L14:
3603:Drivers/STM32F1xx_HAL_Driver/Src/stm32f1xx_hal_spi.c ****         {
 272              		.loc 1 3603 9 is_stmt 1 view .LVU73
3603:Drivers/STM32F1xx_HAL_Driver/Src/stm32f1xx_hal_spi.c ****         {
 273              		.loc 1 3603 23 is_stmt 0 view .LVU74
 274 0074 A36A     		ldr	r3, [r4, #40]
3603:Drivers/STM32F1xx_HAL_Driver/Src/stm32f1xx_hal_spi.c ****         {
 275              		.loc 1 3603 12 view .LVU75
 276 0076 B3F5005F 		cmp	r3, #8192
 277 007a 14D0     		beq	.L24
 278              	.L16:
3605:Drivers/STM32F1xx_HAL_Driver/Src/stm32f1xx_hal_spi.c ****         }
 279              		.loc 1 3605 11 is_stmt 1 view .LVU76
3608:Drivers/STM32F1xx_HAL_Driver/Src/stm32f1xx_hal_spi.c **** 
 280              		.loc 1 3608 9 view .LVU77
3608:Drivers/STM32F1xx_HAL_Driver/Src/stm32f1xx_hal_spi.c **** 
 281              		.loc 1 3608 21 is_stmt 0 view .LVU78
 282 007c 0123     		movs	r3, #1
 283 007e 84F85130 		strb	r3, [r4, #81]
3611:Drivers/STM32F1xx_HAL_Driver/Src/stm32f1xx_hal_spi.c **** 
 284              		.loc 1 3611 9 is_stmt 1 view .LVU79
3611:Drivers/STM32F1xx_HAL_Driver/Src/stm32f1xx_hal_spi.c **** 
 285              		.loc 1 3611 9 view .LVU80
 286 0082 0023     		movs	r3, #0
 287 0084 84F85030 		strb	r3, [r4, #80]
3611:Drivers/STM32F1xx_HAL_Driver/Src/stm32f1xx_hal_spi.c **** 
 288              		.loc 1 3611 9 view .LVU81
3613:Drivers/STM32F1xx_HAL_Driver/Src/stm32f1xx_hal_spi.c ****       }
 289              		.loc 1 3613 9 view .LVU82
3613:Drivers/STM32F1xx_HAL_Driver/Src/stm32f1xx_hal_spi.c ****       }
 290              		.loc 1 3613 16 is_stmt 0 view .LVU83
 291 0088 0320     		movs	r0, #3
 292 008a 18E0     		b	.L17
 293              	.L23:
3595:Drivers/STM32F1xx_HAL_Driver/Src/stm32f1xx_hal_spi.c ****                                                      || (hspi->Init.Direction == SPI_DIRECTION_2LIN
 294              		.loc 1 3595 65 discriminator 1 view .LVU84
 295 008c A368     		ldr	r3, [r4, #8]
3595:Drivers/STM32F1xx_HAL_Driver/Src/stm32f1xx_hal_spi.c ****                                                      || (hspi->Init.Direction == SPI_DIRECTION_2LIN
 296              		.loc 1 3595 50 discriminator 1 view .LVU85
 297 008e B3F5004F 		cmp	r3, #32768
 298 0092 02D0     		beq	.L15
3596:Drivers/STM32F1xx_HAL_Driver/Src/stm32f1xx_hal_spi.c ****         {
 299              		.loc 1 3596 54 view .LVU86
 300 0094 B3F5806F 		cmp	r3, #1024
 301 0098 ECD1     		bne	.L14
ARM GAS  /var/folders/y0/yl1wrqfd209ghqq3s8k8qc1m0000gn/T//ccjYiGlu.s 			page 77


 302              	.L15:
3599:Drivers/STM32F1xx_HAL_Driver/Src/stm32f1xx_hal_spi.c ****         }
 303              		.loc 1 3599 11 is_stmt 1 view .LVU87
 304 009a 2268     		ldr	r2, [r4]
 305 009c 1368     		ldr	r3, [r2]
 306 009e 23F04003 		bic	r3, r3, #64
 307 00a2 1360     		str	r3, [r2]
 308 00a4 E6E7     		b	.L14
 309              	.L24:
3605:Drivers/STM32F1xx_HAL_Driver/Src/stm32f1xx_hal_spi.c ****         }
 310              		.loc 1 3605 11 view .LVU88
3605:Drivers/STM32F1xx_HAL_Driver/Src/stm32f1xx_hal_spi.c ****         }
 311              		.loc 1 3605 11 view .LVU89
 312 00a6 2268     		ldr	r2, [r4]
 313 00a8 1368     		ldr	r3, [r2]
 314 00aa 23F40053 		bic	r3, r3, #8192
 315 00ae 1360     		str	r3, [r2]
3605:Drivers/STM32F1xx_HAL_Driver/Src/stm32f1xx_hal_spi.c ****         }
 316              		.loc 1 3605 11 view .LVU90
 317 00b0 2268     		ldr	r2, [r4]
 318 00b2 1368     		ldr	r3, [r2]
 319 00b4 43F40053 		orr	r3, r3, #8192
 320 00b8 1360     		str	r3, [r2]
 321 00ba DFE7     		b	.L16
 322              	.L21:
3624:Drivers/STM32F1xx_HAL_Driver/Src/stm32f1xx_hal_spi.c **** }
 323              		.loc 1 3624 10 is_stmt 0 view .LVU91
 324 00bc 0020     		movs	r0, #0
 325              	.L17:
3625:Drivers/STM32F1xx_HAL_Driver/Src/stm32f1xx_hal_spi.c **** 
 326              		.loc 1 3625 1 view .LVU92
 327 00be 03B0     		add	sp, sp, #12
 328              	.LCFI4:
 329              		.cfi_def_cfa_offset 28
 330              		@ sp needed
 331 00c0 BDE8F083 		pop	{r4, r5, r6, r7, r8, r9, pc}
 332              	.LVL14:
 333              	.L26:
3625:Drivers/STM32F1xx_HAL_Driver/Src/stm32f1xx_hal_spi.c **** 
 334              		.loc 1 3625 1 view .LVU93
 335              		.align	2
 336              	.L25:
 337 00c4 00000000 		.word	SystemCoreClock
 338              		.cfi_endproc
 339              	.LFE112:
 341              		.section	.text.SPI_EndRxTxTransaction,"ax",%progbits
 342              		.align	1
 343              		.syntax unified
 344              		.thumb
 345              		.thumb_func
 347              	SPI_EndRxTxTransaction:
 348              	.LVL15:
 349              	.LFB114:
3673:Drivers/STM32F1xx_HAL_Driver/Src/stm32f1xx_hal_spi.c ****   /* Wait until TXE flag */
 350              		.loc 1 3673 1 is_stmt 1 view -0
 351              		.cfi_startproc
 352              		@ args = 0, pretend = 0, frame = 0
ARM GAS  /var/folders/y0/yl1wrqfd209ghqq3s8k8qc1m0000gn/T//ccjYiGlu.s 			page 78


 353              		@ frame_needed = 0, uses_anonymous_args = 0
3673:Drivers/STM32F1xx_HAL_Driver/Src/stm32f1xx_hal_spi.c ****   /* Wait until TXE flag */
 354              		.loc 1 3673 1 is_stmt 0 view .LVU95
 355 0000 70B5     		push	{r4, r5, r6, lr}
 356              	.LCFI5:
 357              		.cfi_def_cfa_offset 16
 358              		.cfi_offset 4, -16
 359              		.cfi_offset 5, -12
 360              		.cfi_offset 6, -8
 361              		.cfi_offset 14, -4
 362 0002 82B0     		sub	sp, sp, #8
 363              	.LCFI6:
 364              		.cfi_def_cfa_offset 24
 365 0004 0446     		mov	r4, r0
 366 0006 0B46     		mov	r3, r1
 367 0008 0D46     		mov	r5, r1
 368 000a 1646     		mov	r6, r2
3675:Drivers/STM32F1xx_HAL_Driver/Src/stm32f1xx_hal_spi.c ****   {
 369              		.loc 1 3675 3 is_stmt 1 view .LVU96
3675:Drivers/STM32F1xx_HAL_Driver/Src/stm32f1xx_hal_spi.c ****   {
 370              		.loc 1 3675 7 is_stmt 0 view .LVU97
 371 000c 0092     		str	r2, [sp]
 372 000e 0122     		movs	r2, #1
 373              	.LVL16:
3675:Drivers/STM32F1xx_HAL_Driver/Src/stm32f1xx_hal_spi.c ****   {
 374              		.loc 1 3675 7 view .LVU98
 375 0010 0221     		movs	r1, #2
 376              	.LVL17:
3675:Drivers/STM32F1xx_HAL_Driver/Src/stm32f1xx_hal_spi.c ****   {
 377              		.loc 1 3675 7 view .LVU99
 378 0012 FFF7FEFF 		bl	SPI_WaitFlagStateUntilTimeout
 379              	.LVL18:
3675:Drivers/STM32F1xx_HAL_Driver/Src/stm32f1xx_hal_spi.c ****   {
 380              		.loc 1 3675 6 discriminator 1 view .LVU100
 381 0016 48B9     		cbnz	r0, .L31
3682:Drivers/STM32F1xx_HAL_Driver/Src/stm32f1xx_hal_spi.c ****   {
 382              		.loc 1 3682 3 is_stmt 1 view .LVU101
3682:Drivers/STM32F1xx_HAL_Driver/Src/stm32f1xx_hal_spi.c ****   {
 383              		.loc 1 3682 7 is_stmt 0 view .LVU102
 384 0018 0096     		str	r6, [sp]
 385 001a 2B46     		mov	r3, r5
 386 001c 0246     		mov	r2, r0
 387 001e 8021     		movs	r1, #128
 388 0020 2046     		mov	r0, r4
 389 0022 FFF7FEFF 		bl	SPI_WaitFlagStateUntilTimeout
 390              	.LVL19:
3682:Drivers/STM32F1xx_HAL_Driver/Src/stm32f1xx_hal_spi.c ****   {
 391              		.loc 1 3682 6 discriminator 1 view .LVU103
 392 0026 38B9     		cbnz	r0, .L32
 393              	.L29:
3688:Drivers/STM32F1xx_HAL_Driver/Src/stm32f1xx_hal_spi.c **** 
 394              		.loc 1 3688 1 view .LVU104
 395 0028 02B0     		add	sp, sp, #8
 396              	.LCFI7:
 397              		.cfi_remember_state
 398              		.cfi_def_cfa_offset 16
 399              		@ sp needed
ARM GAS  /var/folders/y0/yl1wrqfd209ghqq3s8k8qc1m0000gn/T//ccjYiGlu.s 			page 79


 400 002a 70BD     		pop	{r4, r5, r6, pc}
 401              	.LVL20:
 402              	.L31:
 403              	.LCFI8:
 404              		.cfi_restore_state
3677:Drivers/STM32F1xx_HAL_Driver/Src/stm32f1xx_hal_spi.c ****     return HAL_TIMEOUT;
 405              		.loc 1 3677 5 is_stmt 1 view .LVU105
 406 002c 636D     		ldr	r3, [r4, #84]
 407 002e 43F02003 		orr	r3, r3, #32
 408 0032 6365     		str	r3, [r4, #84]
3678:Drivers/STM32F1xx_HAL_Driver/Src/stm32f1xx_hal_spi.c ****   }
 409              		.loc 1 3678 5 view .LVU106
3678:Drivers/STM32F1xx_HAL_Driver/Src/stm32f1xx_hal_spi.c ****   }
 410              		.loc 1 3678 12 is_stmt 0 view .LVU107
 411 0034 0320     		movs	r0, #3
 412 0036 F7E7     		b	.L29
 413              	.L32:
3684:Drivers/STM32F1xx_HAL_Driver/Src/stm32f1xx_hal_spi.c ****     return HAL_TIMEOUT;
 414              		.loc 1 3684 5 is_stmt 1 view .LVU108
 415 0038 636D     		ldr	r3, [r4, #84]
 416 003a 43F02003 		orr	r3, r3, #32
 417 003e 6365     		str	r3, [r4, #84]
3685:Drivers/STM32F1xx_HAL_Driver/Src/stm32f1xx_hal_spi.c ****   }
 418              		.loc 1 3685 5 view .LVU109
3685:Drivers/STM32F1xx_HAL_Driver/Src/stm32f1xx_hal_spi.c ****   }
 419              		.loc 1 3685 12 is_stmt 0 view .LVU110
 420 0040 0320     		movs	r0, #3
 421 0042 F1E7     		b	.L29
 422              		.cfi_endproc
 423              	.LFE114:
 425              		.section	.text.SPI_EndRxTransaction,"ax",%progbits
 426              		.align	1
 427              		.syntax unified
 428              		.thumb
 429              		.thumb_func
 431              	SPI_EndRxTransaction:
 432              	.LVL21:
 433              	.LFB113:
3636:Drivers/STM32F1xx_HAL_Driver/Src/stm32f1xx_hal_spi.c ****   if ((hspi->Init.Mode == SPI_MODE_MASTER) && ((hspi->Init.Direction == SPI_DIRECTION_1LINE)
 434              		.loc 1 3636 1 is_stmt 1 view -0
 435              		.cfi_startproc
 436              		@ args = 0, pretend = 0, frame = 0
 437              		@ frame_needed = 0, uses_anonymous_args = 0
3636:Drivers/STM32F1xx_HAL_Driver/Src/stm32f1xx_hal_spi.c ****   if ((hspi->Init.Mode == SPI_MODE_MASTER) && ((hspi->Init.Direction == SPI_DIRECTION_1LINE)
 438              		.loc 1 3636 1 is_stmt 0 view .LVU112
 439 0000 10B5     		push	{r4, lr}
 440              	.LCFI9:
 441              		.cfi_def_cfa_offset 8
 442              		.cfi_offset 4, -8
 443              		.cfi_offset 14, -4
 444 0002 82B0     		sub	sp, sp, #8
 445              	.LCFI10:
 446              		.cfi_def_cfa_offset 16
 447 0004 0446     		mov	r4, r0
 448 0006 0B46     		mov	r3, r1
3637:Drivers/STM32F1xx_HAL_Driver/Src/stm32f1xx_hal_spi.c ****                                                || (hspi->Init.Direction == SPI_DIRECTION_2LINES_RXO
 449              		.loc 1 3637 3 is_stmt 1 view .LVU113
ARM GAS  /var/folders/y0/yl1wrqfd209ghqq3s8k8qc1m0000gn/T//ccjYiGlu.s 			page 80


3637:Drivers/STM32F1xx_HAL_Driver/Src/stm32f1xx_hal_spi.c ****                                                || (hspi->Init.Direction == SPI_DIRECTION_2LINES_RXO
 450              		.loc 1 3637 18 is_stmt 0 view .LVU114
 451 0008 4168     		ldr	r1, [r0, #4]
 452              	.LVL22:
3637:Drivers/STM32F1xx_HAL_Driver/Src/stm32f1xx_hal_spi.c ****                                                || (hspi->Init.Direction == SPI_DIRECTION_2LINES_RXO
 453              		.loc 1 3637 6 view .LVU115
 454 000a B1F5827F 		cmp	r1, #260
 455 000e 10D0     		beq	.L39
 456              	.LVL23:
 457              	.L34:
3644:Drivers/STM32F1xx_HAL_Driver/Src/stm32f1xx_hal_spi.c ****   {
 458              		.loc 1 3644 3 is_stmt 1 view .LVU116
3644:Drivers/STM32F1xx_HAL_Driver/Src/stm32f1xx_hal_spi.c ****   {
 459              		.loc 1 3644 18 is_stmt 0 view .LVU117
 460 0010 6168     		ldr	r1, [r4, #4]
3644:Drivers/STM32F1xx_HAL_Driver/Src/stm32f1xx_hal_spi.c ****   {
 461              		.loc 1 3644 6 view .LVU118
 462 0012 B1F5827F 		cmp	r1, #260
 463 0016 03D1     		bne	.L36
3644:Drivers/STM32F1xx_HAL_Driver/Src/stm32f1xx_hal_spi.c ****   {
 464              		.loc 1 3644 58 discriminator 1 view .LVU119
 465 0018 A168     		ldr	r1, [r4, #8]
3644:Drivers/STM32F1xx_HAL_Driver/Src/stm32f1xx_hal_spi.c ****   {
 466              		.loc 1 3644 44 discriminator 1 view .LVU120
 467 001a B1F5806F 		cmp	r1, #1024
 468 001e 15D0     		beq	.L40
 469              	.L36:
3656:Drivers/STM32F1xx_HAL_Driver/Src/stm32f1xx_hal_spi.c ****     {
 470              		.loc 1 3656 5 is_stmt 1 view .LVU121
3656:Drivers/STM32F1xx_HAL_Driver/Src/stm32f1xx_hal_spi.c ****     {
 471              		.loc 1 3656 9 is_stmt 0 view .LVU122
 472 0020 0092     		str	r2, [sp]
 473 0022 0022     		movs	r2, #0
 474              	.LVL24:
3656:Drivers/STM32F1xx_HAL_Driver/Src/stm32f1xx_hal_spi.c ****     {
 475              		.loc 1 3656 9 view .LVU123
 476 0024 8021     		movs	r1, #128
 477 0026 2046     		mov	r0, r4
 478 0028 FFF7FEFF 		bl	SPI_WaitFlagStateUntilTimeout
 479              	.LVL25:
3656:Drivers/STM32F1xx_HAL_Driver/Src/stm32f1xx_hal_spi.c ****     {
 480              		.loc 1 3656 8 discriminator 1 view .LVU124
 481 002c E0B9     		cbnz	r0, .L41
 482              	.L37:
3663:Drivers/STM32F1xx_HAL_Driver/Src/stm32f1xx_hal_spi.c **** 
 483              		.loc 1 3663 1 view .LVU125
 484 002e 02B0     		add	sp, sp, #8
 485              	.LCFI11:
 486              		.cfi_remember_state
 487              		.cfi_def_cfa_offset 8
 488              		@ sp needed
 489 0030 10BD     		pop	{r4, pc}
 490              	.LVL26:
 491              	.L39:
 492              	.LCFI12:
 493              		.cfi_restore_state
3637:Drivers/STM32F1xx_HAL_Driver/Src/stm32f1xx_hal_spi.c ****                                                || (hspi->Init.Direction == SPI_DIRECTION_2LINES_RXO
ARM GAS  /var/folders/y0/yl1wrqfd209ghqq3s8k8qc1m0000gn/T//ccjYiGlu.s 			page 81


 494              		.loc 1 3637 59 discriminator 1 view .LVU126
 495 0032 8168     		ldr	r1, [r0, #8]
3637:Drivers/STM32F1xx_HAL_Driver/Src/stm32f1xx_hal_spi.c ****                                                || (hspi->Init.Direction == SPI_DIRECTION_2LINES_RXO
 496              		.loc 1 3637 44 discriminator 1 view .LVU127
 497 0034 B1F5004F 		cmp	r1, #32768
 498 0038 02D0     		beq	.L35
3638:Drivers/STM32F1xx_HAL_Driver/Src/stm32f1xx_hal_spi.c ****   {
 499              		.loc 1 3638 48 view .LVU128
 500 003a B1F5806F 		cmp	r1, #1024
 501 003e E7D1     		bne	.L34
 502              	.L35:
3641:Drivers/STM32F1xx_HAL_Driver/Src/stm32f1xx_hal_spi.c ****   }
 503              		.loc 1 3641 5 is_stmt 1 view .LVU129
 504 0040 2068     		ldr	r0, [r4]
 505              	.LVL27:
3641:Drivers/STM32F1xx_HAL_Driver/Src/stm32f1xx_hal_spi.c ****   }
 506              		.loc 1 3641 5 is_stmt 0 view .LVU130
 507 0042 0168     		ldr	r1, [r0]
 508 0044 21F04001 		bic	r1, r1, #64
 509 0048 0160     		str	r1, [r0]
 510 004a E1E7     		b	.L34
 511              	.L40:
3647:Drivers/STM32F1xx_HAL_Driver/Src/stm32f1xx_hal_spi.c ****     {
 512              		.loc 1 3647 5 is_stmt 1 view .LVU131
3647:Drivers/STM32F1xx_HAL_Driver/Src/stm32f1xx_hal_spi.c ****     {
 513              		.loc 1 3647 9 is_stmt 0 view .LVU132
 514 004c 0092     		str	r2, [sp]
 515 004e 0022     		movs	r2, #0
 516              	.LVL28:
3647:Drivers/STM32F1xx_HAL_Driver/Src/stm32f1xx_hal_spi.c ****     {
 517              		.loc 1 3647 9 view .LVU133
 518 0050 0121     		movs	r1, #1
 519 0052 2046     		mov	r0, r4
 520 0054 FFF7FEFF 		bl	SPI_WaitFlagStateUntilTimeout
 521              	.LVL29:
3647:Drivers/STM32F1xx_HAL_Driver/Src/stm32f1xx_hal_spi.c ****     {
 522              		.loc 1 3647 8 discriminator 1 view .LVU134
 523 0058 0028     		cmp	r0, #0
 524 005a E8D0     		beq	.L37
3649:Drivers/STM32F1xx_HAL_Driver/Src/stm32f1xx_hal_spi.c ****       return HAL_TIMEOUT;
 525              		.loc 1 3649 7 is_stmt 1 view .LVU135
 526 005c 636D     		ldr	r3, [r4, #84]
 527 005e 43F02003 		orr	r3, r3, #32
 528 0062 6365     		str	r3, [r4, #84]
3650:Drivers/STM32F1xx_HAL_Driver/Src/stm32f1xx_hal_spi.c ****     }
 529              		.loc 1 3650 7 view .LVU136
3650:Drivers/STM32F1xx_HAL_Driver/Src/stm32f1xx_hal_spi.c ****     }
 530              		.loc 1 3650 14 is_stmt 0 view .LVU137
 531 0064 0320     		movs	r0, #3
 532 0066 E2E7     		b	.L37
 533              	.L41:
3658:Drivers/STM32F1xx_HAL_Driver/Src/stm32f1xx_hal_spi.c ****       return HAL_TIMEOUT;
 534              		.loc 1 3658 7 is_stmt 1 view .LVU138
 535 0068 636D     		ldr	r3, [r4, #84]
 536 006a 43F02003 		orr	r3, r3, #32
 537 006e 6365     		str	r3, [r4, #84]
3659:Drivers/STM32F1xx_HAL_Driver/Src/stm32f1xx_hal_spi.c ****     }
ARM GAS  /var/folders/y0/yl1wrqfd209ghqq3s8k8qc1m0000gn/T//ccjYiGlu.s 			page 82


 538              		.loc 1 3659 7 view .LVU139
3659:Drivers/STM32F1xx_HAL_Driver/Src/stm32f1xx_hal_spi.c ****     }
 539              		.loc 1 3659 14 is_stmt 0 view .LVU140
 540 0070 0320     		movs	r0, #3
 541 0072 DCE7     		b	.L37
 542              		.cfi_endproc
 543              	.LFE113:
 545              		.section	.text.HAL_SPI_MspInit,"ax",%progbits
 546              		.align	1
 547              		.weak	HAL_SPI_MspInit
 548              		.syntax unified
 549              		.thumb
 550              		.thumb_func
 552              	HAL_SPI_MspInit:
 553              	.LVL30:
 554              	.LFB67:
 508:Drivers/STM32F1xx_HAL_Driver/Src/stm32f1xx_hal_spi.c ****   /* Prevent unused argument(s) compilation warning */
 555              		.loc 1 508 1 is_stmt 1 view -0
 556              		.cfi_startproc
 557              		@ args = 0, pretend = 0, frame = 0
 558              		@ frame_needed = 0, uses_anonymous_args = 0
 559              		@ link register save eliminated.
 510:Drivers/STM32F1xx_HAL_Driver/Src/stm32f1xx_hal_spi.c **** 
 560              		.loc 1 510 3 view .LVU142
 515:Drivers/STM32F1xx_HAL_Driver/Src/stm32f1xx_hal_spi.c **** 
 561              		.loc 1 515 1 is_stmt 0 view .LVU143
 562 0000 7047     		bx	lr
 563              		.cfi_endproc
 564              	.LFE67:
 566              		.section	.text.HAL_SPI_Init,"ax",%progbits
 567              		.align	1
 568              		.global	HAL_SPI_Init
 569              		.syntax unified
 570              		.thumb
 571              		.thumb_func
 573              	HAL_SPI_Init:
 574              	.LVL31:
 575              	.LFB65:
 336:Drivers/STM32F1xx_HAL_Driver/Src/stm32f1xx_hal_spi.c ****   /* Check the SPI handle allocation */
 576              		.loc 1 336 1 is_stmt 1 view -0
 577              		.cfi_startproc
 578              		@ args = 0, pretend = 0, frame = 0
 579              		@ frame_needed = 0, uses_anonymous_args = 0
 338:Drivers/STM32F1xx_HAL_Driver/Src/stm32f1xx_hal_spi.c ****   {
 580              		.loc 1 338 3 view .LVU145
 338:Drivers/STM32F1xx_HAL_Driver/Src/stm32f1xx_hal_spi.c ****   {
 581              		.loc 1 338 6 is_stmt 0 view .LVU146
 582 0000 0028     		cmp	r0, #0
 583 0002 56D0     		beq	.L48
 336:Drivers/STM32F1xx_HAL_Driver/Src/stm32f1xx_hal_spi.c ****   /* Check the SPI handle allocation */
 584              		.loc 1 336 1 view .LVU147
 585 0004 10B5     		push	{r4, lr}
 586              	.LCFI13:
 587              		.cfi_def_cfa_offset 8
 588              		.cfi_offset 4, -8
 589              		.cfi_offset 14, -4
 590 0006 0446     		mov	r4, r0
ARM GAS  /var/folders/y0/yl1wrqfd209ghqq3s8k8qc1m0000gn/T//ccjYiGlu.s 			page 83


 344:Drivers/STM32F1xx_HAL_Driver/Src/stm32f1xx_hal_spi.c ****   assert_param(IS_SPI_MODE(hspi->Init.Mode));
 591              		.loc 1 344 3 is_stmt 1 view .LVU148
 345:Drivers/STM32F1xx_HAL_Driver/Src/stm32f1xx_hal_spi.c ****   assert_param(IS_SPI_DIRECTION(hspi->Init.Direction));
 592              		.loc 1 345 3 view .LVU149
 346:Drivers/STM32F1xx_HAL_Driver/Src/stm32f1xx_hal_spi.c ****   assert_param(IS_SPI_DATASIZE(hspi->Init.DataSize));
 593              		.loc 1 346 3 view .LVU150
 347:Drivers/STM32F1xx_HAL_Driver/Src/stm32f1xx_hal_spi.c ****   assert_param(IS_SPI_NSS(hspi->Init.NSS));
 594              		.loc 1 347 3 view .LVU151
 348:Drivers/STM32F1xx_HAL_Driver/Src/stm32f1xx_hal_spi.c ****   assert_param(IS_SPI_BAUDRATE_PRESCALER(hspi->Init.BaudRatePrescaler));
 595              		.loc 1 348 3 view .LVU152
 349:Drivers/STM32F1xx_HAL_Driver/Src/stm32f1xx_hal_spi.c ****   assert_param(IS_SPI_FIRST_BIT(hspi->Init.FirstBit));
 596              		.loc 1 349 3 view .LVU153
 350:Drivers/STM32F1xx_HAL_Driver/Src/stm32f1xx_hal_spi.c ****   /* TI mode is not supported on this device.
 597              		.loc 1 350 3 view .LVU154
 353:Drivers/STM32F1xx_HAL_Driver/Src/stm32f1xx_hal_spi.c ****   if (hspi->Init.TIMode == SPI_TIMODE_DISABLE)
 598              		.loc 1 353 3 view .LVU155
 354:Drivers/STM32F1xx_HAL_Driver/Src/stm32f1xx_hal_spi.c ****   {
 599              		.loc 1 354 3 view .LVU156
 354:Drivers/STM32F1xx_HAL_Driver/Src/stm32f1xx_hal_spi.c ****   {
 600              		.loc 1 354 17 is_stmt 0 view .LVU157
 601 0008 436A     		ldr	r3, [r0, #36]
 354:Drivers/STM32F1xx_HAL_Driver/Src/stm32f1xx_hal_spi.c ****   {
 602              		.loc 1 354 6 view .LVU158
 603 000a 33B9     		cbnz	r3, .L45
 356:Drivers/STM32F1xx_HAL_Driver/Src/stm32f1xx_hal_spi.c ****     assert_param(IS_SPI_CPHA(hspi->Init.CLKPhase));
 604              		.loc 1 356 5 is_stmt 1 view .LVU159
 357:Drivers/STM32F1xx_HAL_Driver/Src/stm32f1xx_hal_spi.c **** 
 605              		.loc 1 357 5 view .LVU160
 359:Drivers/STM32F1xx_HAL_Driver/Src/stm32f1xx_hal_spi.c ****     {
 606              		.loc 1 359 5 view .LVU161
 359:Drivers/STM32F1xx_HAL_Driver/Src/stm32f1xx_hal_spi.c ****     {
 607              		.loc 1 359 19 is_stmt 0 view .LVU162
 608 000c 4368     		ldr	r3, [r0, #4]
 359:Drivers/STM32F1xx_HAL_Driver/Src/stm32f1xx_hal_spi.c ****     {
 609              		.loc 1 359 8 view .LVU163
 610 000e B3F5827F 		cmp	r3, #260
 611 0012 05D0     		beq	.L46
 366:Drivers/STM32F1xx_HAL_Driver/Src/stm32f1xx_hal_spi.c ****     }
 612              		.loc 1 366 7 is_stmt 1 view .LVU164
 366:Drivers/STM32F1xx_HAL_Driver/Src/stm32f1xx_hal_spi.c ****     }
 613              		.loc 1 366 36 is_stmt 0 view .LVU165
 614 0014 0023     		movs	r3, #0
 615 0016 C361     		str	r3, [r0, #28]
 616 0018 02E0     		b	.L46
 617              	.L45:
 371:Drivers/STM32F1xx_HAL_Driver/Src/stm32f1xx_hal_spi.c **** 
 618              		.loc 1 371 5 is_stmt 1 view .LVU166
 374:Drivers/STM32F1xx_HAL_Driver/Src/stm32f1xx_hal_spi.c ****     hspi->Init.CLKPhase    = SPI_PHASE_1EDGE;
 619              		.loc 1 374 5 view .LVU167
 374:Drivers/STM32F1xx_HAL_Driver/Src/stm32f1xx_hal_spi.c ****     hspi->Init.CLKPhase    = SPI_PHASE_1EDGE;
 620              		.loc 1 374 28 is_stmt 0 view .LVU168
 621 001a 0023     		movs	r3, #0
 622 001c 0361     		str	r3, [r0, #16]
 375:Drivers/STM32F1xx_HAL_Driver/Src/stm32f1xx_hal_spi.c ****   }
 623              		.loc 1 375 5 is_stmt 1 view .LVU169
 375:Drivers/STM32F1xx_HAL_Driver/Src/stm32f1xx_hal_spi.c ****   }
 624              		.loc 1 375 28 is_stmt 0 view .LVU170
ARM GAS  /var/folders/y0/yl1wrqfd209ghqq3s8k8qc1m0000gn/T//ccjYiGlu.s 			page 84


 625 001e 4361     		str	r3, [r0, #20]
 626              	.L46:
 384:Drivers/STM32F1xx_HAL_Driver/Src/stm32f1xx_hal_spi.c **** #endif /* USE_SPI_CRC */
 627              		.loc 1 384 3 is_stmt 1 view .LVU171
 384:Drivers/STM32F1xx_HAL_Driver/Src/stm32f1xx_hal_spi.c **** #endif /* USE_SPI_CRC */
 628              		.loc 1 384 29 is_stmt 0 view .LVU172
 629 0020 0023     		movs	r3, #0
 630 0022 A362     		str	r3, [r4, #40]
 387:Drivers/STM32F1xx_HAL_Driver/Src/stm32f1xx_hal_spi.c ****   {
 631              		.loc 1 387 3 is_stmt 1 view .LVU173
 387:Drivers/STM32F1xx_HAL_Driver/Src/stm32f1xx_hal_spi.c ****   {
 632              		.loc 1 387 11 is_stmt 0 view .LVU174
 633 0024 94F85130 		ldrb	r3, [r4, #81]	@ zero_extendqisi2
 387:Drivers/STM32F1xx_HAL_Driver/Src/stm32f1xx_hal_spi.c ****   {
 634              		.loc 1 387 6 view .LVU175
 635 0028 002B     		cmp	r3, #0
 636 002a 3CD0     		beq	.L53
 637              	.LVL32:
 638              	.L47:
 416:Drivers/STM32F1xx_HAL_Driver/Src/stm32f1xx_hal_spi.c **** 
 639              		.loc 1 416 3 is_stmt 1 view .LVU176
 416:Drivers/STM32F1xx_HAL_Driver/Src/stm32f1xx_hal_spi.c **** 
 640              		.loc 1 416 15 is_stmt 0 view .LVU177
 641 002c 0223     		movs	r3, #2
 642 002e 84F85130 		strb	r3, [r4, #81]
 419:Drivers/STM32F1xx_HAL_Driver/Src/stm32f1xx_hal_spi.c **** 
 643              		.loc 1 419 3 is_stmt 1 view .LVU178
 644 0032 2268     		ldr	r2, [r4]
 645 0034 1368     		ldr	r3, [r2]
 646 0036 23F04003 		bic	r3, r3, #64
 647 003a 1360     		str	r3, [r2]
 424:Drivers/STM32F1xx_HAL_Driver/Src/stm32f1xx_hal_spi.c ****                                   (hspi->Init.Direction & (SPI_CR1_RXONLY | SPI_CR1_BIDIMODE)) |
 648              		.loc 1 424 3 view .LVU179
 649 003c 6368     		ldr	r3, [r4, #4]
 650 003e 03F48273 		and	r3, r3, #260
 651 0042 A268     		ldr	r2, [r4, #8]
 652 0044 02F40442 		and	r2, r2, #33792
 653 0048 1343     		orrs	r3, r3, r2
 654 004a E268     		ldr	r2, [r4, #12]
 655 004c 02F40062 		and	r2, r2, #2048
 656 0050 1343     		orrs	r3, r3, r2
 657 0052 2269     		ldr	r2, [r4, #16]
 658 0054 02F00202 		and	r2, r2, #2
 659 0058 1343     		orrs	r3, r3, r2
 660 005a 6269     		ldr	r2, [r4, #20]
 661 005c 02F00102 		and	r2, r2, #1
 662 0060 1343     		orrs	r3, r3, r2
 663 0062 A269     		ldr	r2, [r4, #24]
 664 0064 02F40072 		and	r2, r2, #512
 665 0068 1343     		orrs	r3, r3, r2
 666 006a E269     		ldr	r2, [r4, #28]
 667 006c 02F03802 		and	r2, r2, #56
 668 0070 1343     		orrs	r3, r3, r2
 669 0072 226A     		ldr	r2, [r4, #32]
 670 0074 02F08002 		and	r2, r2, #128
 671 0078 1343     		orrs	r3, r3, r2
 672 007a A26A     		ldr	r2, [r4, #40]
ARM GAS  /var/folders/y0/yl1wrqfd209ghqq3s8k8qc1m0000gn/T//ccjYiGlu.s 			page 85


 673 007c 02F40052 		and	r2, r2, #8192
 674 0080 2168     		ldr	r1, [r4]
 675 0082 1343     		orrs	r3, r3, r2
 676 0084 0B60     		str	r3, [r1]
 435:Drivers/STM32F1xx_HAL_Driver/Src/stm32f1xx_hal_spi.c **** 
 677              		.loc 1 435 3 view .LVU180
 678 0086 638B     		ldrh	r3, [r4, #26]
 679 0088 2268     		ldr	r2, [r4]
 680 008a 03F00403 		and	r3, r3, #4
 681 008e 5360     		str	r3, [r2, #4]
 448:Drivers/STM32F1xx_HAL_Driver/Src/stm32f1xx_hal_spi.c **** #endif /* SPI_I2SCFGR_I2SMOD */
 682              		.loc 1 448 3 view .LVU181
 683 0090 2268     		ldr	r2, [r4]
 684 0092 D369     		ldr	r3, [r2, #28]
 685 0094 23F40063 		bic	r3, r3, #2048
 686 0098 D361     		str	r3, [r2, #28]
 451:Drivers/STM32F1xx_HAL_Driver/Src/stm32f1xx_hal_spi.c ****   hspi->State     = HAL_SPI_STATE_READY;
 687              		.loc 1 451 3 view .LVU182
 451:Drivers/STM32F1xx_HAL_Driver/Src/stm32f1xx_hal_spi.c ****   hspi->State     = HAL_SPI_STATE_READY;
 688              		.loc 1 451 19 is_stmt 0 view .LVU183
 689 009a 0020     		movs	r0, #0
 690 009c 6065     		str	r0, [r4, #84]
 452:Drivers/STM32F1xx_HAL_Driver/Src/stm32f1xx_hal_spi.c **** 
 691              		.loc 1 452 3 is_stmt 1 view .LVU184
 452:Drivers/STM32F1xx_HAL_Driver/Src/stm32f1xx_hal_spi.c **** 
 692              		.loc 1 452 19 is_stmt 0 view .LVU185
 693 009e 0123     		movs	r3, #1
 694 00a0 84F85130 		strb	r3, [r4, #81]
 454:Drivers/STM32F1xx_HAL_Driver/Src/stm32f1xx_hal_spi.c **** }
 695              		.loc 1 454 3 is_stmt 1 view .LVU186
 455:Drivers/STM32F1xx_HAL_Driver/Src/stm32f1xx_hal_spi.c **** 
 696              		.loc 1 455 1 is_stmt 0 view .LVU187
 697 00a4 10BD     		pop	{r4, pc}
 698              	.LVL33:
 699              	.L53:
 390:Drivers/STM32F1xx_HAL_Driver/Src/stm32f1xx_hal_spi.c **** 
 700              		.loc 1 390 5 is_stmt 1 view .LVU188
 390:Drivers/STM32F1xx_HAL_Driver/Src/stm32f1xx_hal_spi.c **** 
 701              		.loc 1 390 16 is_stmt 0 view .LVU189
 702 00a6 84F85030 		strb	r3, [r4, #80]
 412:Drivers/STM32F1xx_HAL_Driver/Src/stm32f1xx_hal_spi.c **** #endif /* USE_HAL_SPI_REGISTER_CALLBACKS */
 703              		.loc 1 412 5 is_stmt 1 view .LVU190
 704 00aa 2046     		mov	r0, r4
 705              	.LVL34:
 412:Drivers/STM32F1xx_HAL_Driver/Src/stm32f1xx_hal_spi.c **** #endif /* USE_HAL_SPI_REGISTER_CALLBACKS */
 706              		.loc 1 412 5 is_stmt 0 view .LVU191
 707 00ac FFF7FEFF 		bl	HAL_SPI_MspInit
 708              	.LVL35:
 709 00b0 BCE7     		b	.L47
 710              	.LVL36:
 711              	.L48:
 712              	.LCFI14:
 713              		.cfi_def_cfa_offset 0
 714              		.cfi_restore 4
 715              		.cfi_restore 14
 340:Drivers/STM32F1xx_HAL_Driver/Src/stm32f1xx_hal_spi.c ****   }
 716              		.loc 1 340 12 view .LVU192
ARM GAS  /var/folders/y0/yl1wrqfd209ghqq3s8k8qc1m0000gn/T//ccjYiGlu.s 			page 86


 717 00b2 0120     		movs	r0, #1
 718              	.LVL37:
 455:Drivers/STM32F1xx_HAL_Driver/Src/stm32f1xx_hal_spi.c **** 
 719              		.loc 1 455 1 view .LVU193
 720 00b4 7047     		bx	lr
 721              		.cfi_endproc
 722              	.LFE65:
 724              		.section	.text.HAL_SPI_MspDeInit,"ax",%progbits
 725              		.align	1
 726              		.weak	HAL_SPI_MspDeInit
 727              		.syntax unified
 728              		.thumb
 729              		.thumb_func
 731              	HAL_SPI_MspDeInit:
 732              	.LVL38:
 733              	.LFB68:
 524:Drivers/STM32F1xx_HAL_Driver/Src/stm32f1xx_hal_spi.c ****   /* Prevent unused argument(s) compilation warning */
 734              		.loc 1 524 1 is_stmt 1 view -0
 735              		.cfi_startproc
 736              		@ args = 0, pretend = 0, frame = 0
 737              		@ frame_needed = 0, uses_anonymous_args = 0
 738              		@ link register save eliminated.
 526:Drivers/STM32F1xx_HAL_Driver/Src/stm32f1xx_hal_spi.c **** 
 739              		.loc 1 526 3 view .LVU195
 531:Drivers/STM32F1xx_HAL_Driver/Src/stm32f1xx_hal_spi.c **** 
 740              		.loc 1 531 1 is_stmt 0 view .LVU196
 741 0000 7047     		bx	lr
 742              		.cfi_endproc
 743              	.LFE68:
 745              		.section	.text.HAL_SPI_DeInit,"ax",%progbits
 746              		.align	1
 747              		.global	HAL_SPI_DeInit
 748              		.syntax unified
 749              		.thumb
 750              		.thumb_func
 752              	HAL_SPI_DeInit:
 753              	.LVL39:
 754              	.LFB66:
 464:Drivers/STM32F1xx_HAL_Driver/Src/stm32f1xx_hal_spi.c ****   /* Check the SPI handle allocation */
 755              		.loc 1 464 1 is_stmt 1 view -0
 756              		.cfi_startproc
 757              		@ args = 0, pretend = 0, frame = 0
 758              		@ frame_needed = 0, uses_anonymous_args = 0
 466:Drivers/STM32F1xx_HAL_Driver/Src/stm32f1xx_hal_spi.c ****   {
 759              		.loc 1 466 3 view .LVU198
 466:Drivers/STM32F1xx_HAL_Driver/Src/stm32f1xx_hal_spi.c ****   {
 760              		.loc 1 466 6 is_stmt 0 view .LVU199
 761 0000 90B1     		cbz	r0, .L57
 464:Drivers/STM32F1xx_HAL_Driver/Src/stm32f1xx_hal_spi.c ****   /* Check the SPI handle allocation */
 762              		.loc 1 464 1 view .LVU200
 763 0002 10B5     		push	{r4, lr}
 764              	.LCFI15:
 765              		.cfi_def_cfa_offset 8
 766              		.cfi_offset 4, -8
 767              		.cfi_offset 14, -4
 768 0004 0446     		mov	r4, r0
 472:Drivers/STM32F1xx_HAL_Driver/Src/stm32f1xx_hal_spi.c **** 
ARM GAS  /var/folders/y0/yl1wrqfd209ghqq3s8k8qc1m0000gn/T//ccjYiGlu.s 			page 87


 769              		.loc 1 472 3 is_stmt 1 view .LVU201
 474:Drivers/STM32F1xx_HAL_Driver/Src/stm32f1xx_hal_spi.c **** 
 770              		.loc 1 474 3 view .LVU202
 474:Drivers/STM32F1xx_HAL_Driver/Src/stm32f1xx_hal_spi.c **** 
 771              		.loc 1 474 15 is_stmt 0 view .LVU203
 772 0006 0223     		movs	r3, #2
 773 0008 80F85130 		strb	r3, [r0, #81]
 477:Drivers/STM32F1xx_HAL_Driver/Src/stm32f1xx_hal_spi.c **** 
 774              		.loc 1 477 3 is_stmt 1 view .LVU204
 775 000c 0268     		ldr	r2, [r0]
 776 000e 1368     		ldr	r3, [r2]
 777 0010 23F04003 		bic	r3, r3, #64
 778 0014 1360     		str	r3, [r2]
 489:Drivers/STM32F1xx_HAL_Driver/Src/stm32f1xx_hal_spi.c **** #endif /* USE_HAL_SPI_REGISTER_CALLBACKS */
 779              		.loc 1 489 3 view .LVU205
 780 0016 FFF7FEFF 		bl	HAL_SPI_MspDeInit
 781              	.LVL40:
 492:Drivers/STM32F1xx_HAL_Driver/Src/stm32f1xx_hal_spi.c ****   hspi->State = HAL_SPI_STATE_RESET;
 782              		.loc 1 492 3 view .LVU206
 492:Drivers/STM32F1xx_HAL_Driver/Src/stm32f1xx_hal_spi.c ****   hspi->State = HAL_SPI_STATE_RESET;
 783              		.loc 1 492 19 is_stmt 0 view .LVU207
 784 001a 0020     		movs	r0, #0
 785 001c 6065     		str	r0, [r4, #84]
 493:Drivers/STM32F1xx_HAL_Driver/Src/stm32f1xx_hal_spi.c **** 
 786              		.loc 1 493 3 is_stmt 1 view .LVU208
 493:Drivers/STM32F1xx_HAL_Driver/Src/stm32f1xx_hal_spi.c **** 
 787              		.loc 1 493 15 is_stmt 0 view .LVU209
 788 001e 84F85100 		strb	r0, [r4, #81]
 496:Drivers/STM32F1xx_HAL_Driver/Src/stm32f1xx_hal_spi.c **** 
 789              		.loc 1 496 3 is_stmt 1 view .LVU210
 496:Drivers/STM32F1xx_HAL_Driver/Src/stm32f1xx_hal_spi.c **** 
 790              		.loc 1 496 3 view .LVU211
 791 0022 84F85000 		strb	r0, [r4, #80]
 496:Drivers/STM32F1xx_HAL_Driver/Src/stm32f1xx_hal_spi.c **** 
 792              		.loc 1 496 3 view .LVU212
 498:Drivers/STM32F1xx_HAL_Driver/Src/stm32f1xx_hal_spi.c **** }
 793              		.loc 1 498 3 view .LVU213
 499:Drivers/STM32F1xx_HAL_Driver/Src/stm32f1xx_hal_spi.c **** 
 794              		.loc 1 499 1 is_stmt 0 view .LVU214
 795 0026 10BD     		pop	{r4, pc}
 796              	.LVL41:
 797              	.L57:
 798              	.LCFI16:
 799              		.cfi_def_cfa_offset 0
 800              		.cfi_restore 4
 801              		.cfi_restore 14
 468:Drivers/STM32F1xx_HAL_Driver/Src/stm32f1xx_hal_spi.c ****   }
 802              		.loc 1 468 12 view .LVU215
 803 0028 0120     		movs	r0, #1
 804              	.LVL42:
 499:Drivers/STM32F1xx_HAL_Driver/Src/stm32f1xx_hal_spi.c **** 
 805              		.loc 1 499 1 view .LVU216
 806 002a 7047     		bx	lr
 807              		.cfi_endproc
 808              	.LFE66:
 810              		.section	.text.HAL_SPI_Transmit,"ax",%progbits
 811              		.align	1
ARM GAS  /var/folders/y0/yl1wrqfd209ghqq3s8k8qc1m0000gn/T//ccjYiGlu.s 			page 88


 812              		.global	HAL_SPI_Transmit
 813              		.syntax unified
 814              		.thumb
 815              		.thumb_func
 817              	HAL_SPI_Transmit:
 818              	.LVL43:
 819              	.LFB69:
 796:Drivers/STM32F1xx_HAL_Driver/Src/stm32f1xx_hal_spi.c ****   uint32_t tickstart;
 820              		.loc 1 796 1 is_stmt 1 view -0
 821              		.cfi_startproc
 822              		@ args = 0, pretend = 0, frame = 8
 823              		@ frame_needed = 0, uses_anonymous_args = 0
 796:Drivers/STM32F1xx_HAL_Driver/Src/stm32f1xx_hal_spi.c ****   uint32_t tickstart;
 824              		.loc 1 796 1 is_stmt 0 view .LVU218
 825 0000 2DE9F043 		push	{r4, r5, r6, r7, r8, r9, lr}
 826              	.LCFI17:
 827              		.cfi_def_cfa_offset 28
 828              		.cfi_offset 4, -28
 829              		.cfi_offset 5, -24
 830              		.cfi_offset 6, -20
 831              		.cfi_offset 7, -16
 832              		.cfi_offset 8, -12
 833              		.cfi_offset 9, -8
 834              		.cfi_offset 14, -4
 835 0004 83B0     		sub	sp, sp, #12
 836              	.LCFI18:
 837              		.cfi_def_cfa_offset 40
 838 0006 0446     		mov	r4, r0
 839 0008 8946     		mov	r9, r1
 840 000a 9046     		mov	r8, r2
 841 000c 1D46     		mov	r5, r3
 797:Drivers/STM32F1xx_HAL_Driver/Src/stm32f1xx_hal_spi.c ****   uint16_t initial_TxXferCount;
 842              		.loc 1 797 3 is_stmt 1 view .LVU219
 798:Drivers/STM32F1xx_HAL_Driver/Src/stm32f1xx_hal_spi.c **** 
 843              		.loc 1 798 3 view .LVU220
 801:Drivers/STM32F1xx_HAL_Driver/Src/stm32f1xx_hal_spi.c **** 
 844              		.loc 1 801 3 view .LVU221
 804:Drivers/STM32F1xx_HAL_Driver/Src/stm32f1xx_hal_spi.c ****   initial_TxXferCount = Size;
 845              		.loc 1 804 3 view .LVU222
 804:Drivers/STM32F1xx_HAL_Driver/Src/stm32f1xx_hal_spi.c ****   initial_TxXferCount = Size;
 846              		.loc 1 804 15 is_stmt 0 view .LVU223
 847 000e FFF7FEFF 		bl	HAL_GetTick
 848              	.LVL44:
 805:Drivers/STM32F1xx_HAL_Driver/Src/stm32f1xx_hal_spi.c **** 
 849              		.loc 1 805 3 is_stmt 1 view .LVU224
 807:Drivers/STM32F1xx_HAL_Driver/Src/stm32f1xx_hal_spi.c ****   {
 850              		.loc 1 807 3 view .LVU225
 807:Drivers/STM32F1xx_HAL_Driver/Src/stm32f1xx_hal_spi.c ****   {
 851              		.loc 1 807 11 is_stmt 0 view .LVU226
 852 0012 94F85130 		ldrb	r3, [r4, #81]	@ zero_extendqisi2
 807:Drivers/STM32F1xx_HAL_Driver/Src/stm32f1xx_hal_spi.c ****   {
 853              		.loc 1 807 6 view .LVU227
 854 0016 012B     		cmp	r3, #1
 855 0018 40F0CD80 		bne	.L86
 856 001c 0646     		mov	r6, r0
 857 001e DFB2     		uxtb	r7, r3
 812:Drivers/STM32F1xx_HAL_Driver/Src/stm32f1xx_hal_spi.c ****   {
ARM GAS  /var/folders/y0/yl1wrqfd209ghqq3s8k8qc1m0000gn/T//ccjYiGlu.s 			page 89


 858              		.loc 1 812 3 is_stmt 1 view .LVU228
 812:Drivers/STM32F1xx_HAL_Driver/Src/stm32f1xx_hal_spi.c ****   {
 859              		.loc 1 812 6 is_stmt 0 view .LVU229
 860 0020 4946     		mov	r1, r9
 861 0022 0029     		cmp	r1, #0
 862 0024 00F0C880 		beq	.L63
 812:Drivers/STM32F1xx_HAL_Driver/Src/stm32f1xx_hal_spi.c ****   {
 863              		.loc 1 812 23 discriminator 1 view .LVU230
 864 0028 4246     		mov	r2, r8
 865 002a 002A     		cmp	r2, #0
 866 002c 00F0C480 		beq	.L63
 818:Drivers/STM32F1xx_HAL_Driver/Src/stm32f1xx_hal_spi.c **** 
 867              		.loc 1 818 3 is_stmt 1 view .LVU231
 818:Drivers/STM32F1xx_HAL_Driver/Src/stm32f1xx_hal_spi.c **** 
 868              		.loc 1 818 3 view .LVU232
 869 0030 94F85030 		ldrb	r3, [r4, #80]	@ zero_extendqisi2
 870 0034 012B     		cmp	r3, #1
 871 0036 00F0C380 		beq	.L87
 818:Drivers/STM32F1xx_HAL_Driver/Src/stm32f1xx_hal_spi.c **** 
 872              		.loc 1 818 3 discriminator 2 view .LVU233
 873 003a 0123     		movs	r3, #1
 874 003c 84F85030 		strb	r3, [r4, #80]
 818:Drivers/STM32F1xx_HAL_Driver/Src/stm32f1xx_hal_spi.c **** 
 875              		.loc 1 818 3 view .LVU234
 821:Drivers/STM32F1xx_HAL_Driver/Src/stm32f1xx_hal_spi.c ****   hspi->ErrorCode   = HAL_SPI_ERROR_NONE;
 876              		.loc 1 821 3 view .LVU235
 821:Drivers/STM32F1xx_HAL_Driver/Src/stm32f1xx_hal_spi.c ****   hspi->ErrorCode   = HAL_SPI_ERROR_NONE;
 877              		.loc 1 821 21 is_stmt 0 view .LVU236
 878 0040 0323     		movs	r3, #3
 879 0042 84F85130 		strb	r3, [r4, #81]
 822:Drivers/STM32F1xx_HAL_Driver/Src/stm32f1xx_hal_spi.c ****   hspi->pTxBuffPtr  = (const uint8_t *)pData;
 880              		.loc 1 822 3 is_stmt 1 view .LVU237
 822:Drivers/STM32F1xx_HAL_Driver/Src/stm32f1xx_hal_spi.c ****   hspi->pTxBuffPtr  = (const uint8_t *)pData;
 881              		.loc 1 822 21 is_stmt 0 view .LVU238
 882 0046 0023     		movs	r3, #0
 883 0048 6365     		str	r3, [r4, #84]
 823:Drivers/STM32F1xx_HAL_Driver/Src/stm32f1xx_hal_spi.c ****   hspi->TxXferSize  = Size;
 884              		.loc 1 823 3 is_stmt 1 view .LVU239
 823:Drivers/STM32F1xx_HAL_Driver/Src/stm32f1xx_hal_spi.c ****   hspi->TxXferSize  = Size;
 885              		.loc 1 823 21 is_stmt 0 view .LVU240
 886 004a C4F83090 		str	r9, [r4, #48]
 824:Drivers/STM32F1xx_HAL_Driver/Src/stm32f1xx_hal_spi.c ****   hspi->TxXferCount = Size;
 887              		.loc 1 824 3 is_stmt 1 view .LVU241
 824:Drivers/STM32F1xx_HAL_Driver/Src/stm32f1xx_hal_spi.c ****   hspi->TxXferCount = Size;
 888              		.loc 1 824 21 is_stmt 0 view .LVU242
 889 004e A4F83480 		strh	r8, [r4, #52]	@ movhi
 825:Drivers/STM32F1xx_HAL_Driver/Src/stm32f1xx_hal_spi.c **** 
 890              		.loc 1 825 3 is_stmt 1 view .LVU243
 825:Drivers/STM32F1xx_HAL_Driver/Src/stm32f1xx_hal_spi.c **** 
 891              		.loc 1 825 21 is_stmt 0 view .LVU244
 892 0052 A4F83680 		strh	r8, [r4, #54]	@ movhi
 828:Drivers/STM32F1xx_HAL_Driver/Src/stm32f1xx_hal_spi.c ****   hspi->RxXferSize  = 0U;
 893              		.loc 1 828 3 is_stmt 1 view .LVU245
 828:Drivers/STM32F1xx_HAL_Driver/Src/stm32f1xx_hal_spi.c ****   hspi->RxXferSize  = 0U;
 894              		.loc 1 828 21 is_stmt 0 view .LVU246
 895 0056 A363     		str	r3, [r4, #56]
 829:Drivers/STM32F1xx_HAL_Driver/Src/stm32f1xx_hal_spi.c ****   hspi->RxXferCount = 0U;
ARM GAS  /var/folders/y0/yl1wrqfd209ghqq3s8k8qc1m0000gn/T//ccjYiGlu.s 			page 90


 896              		.loc 1 829 3 is_stmt 1 view .LVU247
 829:Drivers/STM32F1xx_HAL_Driver/Src/stm32f1xx_hal_spi.c ****   hspi->RxXferCount = 0U;
 897              		.loc 1 829 21 is_stmt 0 view .LVU248
 898 0058 A387     		strh	r3, [r4, #60]	@ movhi
 830:Drivers/STM32F1xx_HAL_Driver/Src/stm32f1xx_hal_spi.c ****   hspi->TxISR       = NULL;
 899              		.loc 1 830 3 is_stmt 1 view .LVU249
 830:Drivers/STM32F1xx_HAL_Driver/Src/stm32f1xx_hal_spi.c ****   hspi->TxISR       = NULL;
 900              		.loc 1 830 21 is_stmt 0 view .LVU250
 901 005a E387     		strh	r3, [r4, #62]	@ movhi
 831:Drivers/STM32F1xx_HAL_Driver/Src/stm32f1xx_hal_spi.c ****   hspi->RxISR       = NULL;
 902              		.loc 1 831 3 is_stmt 1 view .LVU251
 831:Drivers/STM32F1xx_HAL_Driver/Src/stm32f1xx_hal_spi.c ****   hspi->RxISR       = NULL;
 903              		.loc 1 831 21 is_stmt 0 view .LVU252
 904 005c 6364     		str	r3, [r4, #68]
 832:Drivers/STM32F1xx_HAL_Driver/Src/stm32f1xx_hal_spi.c **** 
 905              		.loc 1 832 3 is_stmt 1 view .LVU253
 832:Drivers/STM32F1xx_HAL_Driver/Src/stm32f1xx_hal_spi.c **** 
 906              		.loc 1 832 21 is_stmt 0 view .LVU254
 907 005e 2364     		str	r3, [r4, #64]
 835:Drivers/STM32F1xx_HAL_Driver/Src/stm32f1xx_hal_spi.c ****   {
 908              		.loc 1 835 3 is_stmt 1 view .LVU255
 835:Drivers/STM32F1xx_HAL_Driver/Src/stm32f1xx_hal_spi.c ****   {
 909              		.loc 1 835 17 is_stmt 0 view .LVU256
 910 0060 A368     		ldr	r3, [r4, #8]
 835:Drivers/STM32F1xx_HAL_Driver/Src/stm32f1xx_hal_spi.c ****   {
 911              		.loc 1 835 6 view .LVU257
 912 0062 B3F5004F 		cmp	r3, #32768
 913 0066 1ED0     		beq	.L90
 914              	.LVL45:
 915              	.L64:
 851:Drivers/STM32F1xx_HAL_Driver/Src/stm32f1xx_hal_spi.c ****   {
 916              		.loc 1 851 3 is_stmt 1 view .LVU258
 851:Drivers/STM32F1xx_HAL_Driver/Src/stm32f1xx_hal_spi.c ****   {
 917              		.loc 1 851 12 is_stmt 0 view .LVU259
 918 0068 2368     		ldr	r3, [r4]
 851:Drivers/STM32F1xx_HAL_Driver/Src/stm32f1xx_hal_spi.c ****   {
 919              		.loc 1 851 22 view .LVU260
 920 006a 1A68     		ldr	r2, [r3]
 851:Drivers/STM32F1xx_HAL_Driver/Src/stm32f1xx_hal_spi.c ****   {
 921              		.loc 1 851 6 view .LVU261
 922 006c 12F0400F 		tst	r2, #64
 923 0070 03D1     		bne	.L65
 854:Drivers/STM32F1xx_HAL_Driver/Src/stm32f1xx_hal_spi.c ****   }
 924              		.loc 1 854 5 is_stmt 1 view .LVU262
 925 0072 1A68     		ldr	r2, [r3]
 926 0074 42F04002 		orr	r2, r2, #64
 927 0078 1A60     		str	r2, [r3]
 928              	.L65:
 858:Drivers/STM32F1xx_HAL_Driver/Src/stm32f1xx_hal_spi.c ****   {
 929              		.loc 1 858 3 view .LVU263
 858:Drivers/STM32F1xx_HAL_Driver/Src/stm32f1xx_hal_spi.c ****   {
 930              		.loc 1 858 17 is_stmt 0 view .LVU264
 931 007a E368     		ldr	r3, [r4, #12]
 858:Drivers/STM32F1xx_HAL_Driver/Src/stm32f1xx_hal_spi.c ****   {
 932              		.loc 1 858 6 view .LVU265
 933 007c B3F5006F 		cmp	r3, #2048
 934 0080 1CD0     		beq	.L91
ARM GAS  /var/folders/y0/yl1wrqfd209ghqq3s8k8qc1m0000gn/T//ccjYiGlu.s 			page 91


 891:Drivers/STM32F1xx_HAL_Driver/Src/stm32f1xx_hal_spi.c ****     {
 935              		.loc 1 891 5 is_stmt 1 view .LVU266
 891:Drivers/STM32F1xx_HAL_Driver/Src/stm32f1xx_hal_spi.c ****     {
 936              		.loc 1 891 20 is_stmt 0 view .LVU267
 937 0082 6368     		ldr	r3, [r4, #4]
 891:Drivers/STM32F1xx_HAL_Driver/Src/stm32f1xx_hal_spi.c ****     {
 938              		.loc 1 891 8 view .LVU268
 939 0084 13B1     		cbz	r3, .L76
 891:Drivers/STM32F1xx_HAL_Driver/Src/stm32f1xx_hal_spi.c ****     {
 940              		.loc 1 891 45 discriminator 1 view .LVU269
 941 0086 4346     		mov	r3, r8
 942 0088 012B     		cmp	r3, #1
 943 008a 5FD1     		bne	.L82
 944              	.L76:
 893:Drivers/STM32F1xx_HAL_Driver/Src/stm32f1xx_hal_spi.c ****       hspi->pTxBuffPtr += sizeof(uint8_t);
 945              		.loc 1 893 7 is_stmt 1 view .LVU270
 893:Drivers/STM32F1xx_HAL_Driver/Src/stm32f1xx_hal_spi.c ****       hspi->pTxBuffPtr += sizeof(uint8_t);
 946              		.loc 1 893 71 is_stmt 0 view .LVU271
 947 008c 226B     		ldr	r2, [r4, #48]
 893:Drivers/STM32F1xx_HAL_Driver/Src/stm32f1xx_hal_spi.c ****       hspi->pTxBuffPtr += sizeof(uint8_t);
 948              		.loc 1 893 30 view .LVU272
 949 008e 2368     		ldr	r3, [r4]
 893:Drivers/STM32F1xx_HAL_Driver/Src/stm32f1xx_hal_spi.c ****       hspi->pTxBuffPtr += sizeof(uint8_t);
 950              		.loc 1 893 48 view .LVU273
 951 0090 1278     		ldrb	r2, [r2]	@ zero_extendqisi2
 893:Drivers/STM32F1xx_HAL_Driver/Src/stm32f1xx_hal_spi.c ****       hspi->pTxBuffPtr += sizeof(uint8_t);
 952              		.loc 1 893 46 view .LVU274
 953 0092 1A73     		strb	r2, [r3, #12]
 894:Drivers/STM32F1xx_HAL_Driver/Src/stm32f1xx_hal_spi.c ****       hspi->TxXferCount--;
 954              		.loc 1 894 7 is_stmt 1 view .LVU275
 894:Drivers/STM32F1xx_HAL_Driver/Src/stm32f1xx_hal_spi.c ****       hspi->TxXferCount--;
 955              		.loc 1 894 11 is_stmt 0 view .LVU276
 956 0094 236B     		ldr	r3, [r4, #48]
 894:Drivers/STM32F1xx_HAL_Driver/Src/stm32f1xx_hal_spi.c ****       hspi->TxXferCount--;
 957              		.loc 1 894 24 view .LVU277
 958 0096 0133     		adds	r3, r3, #1
 959 0098 2363     		str	r3, [r4, #48]
 895:Drivers/STM32F1xx_HAL_Driver/Src/stm32f1xx_hal_spi.c ****     }
 960              		.loc 1 895 7 is_stmt 1 view .LVU278
 895:Drivers/STM32F1xx_HAL_Driver/Src/stm32f1xx_hal_spi.c ****     }
 961              		.loc 1 895 11 is_stmt 0 view .LVU279
 962 009a E38E     		ldrh	r3, [r4, #54]
 963 009c 9BB2     		uxth	r3, r3
 895:Drivers/STM32F1xx_HAL_Driver/Src/stm32f1xx_hal_spi.c ****     }
 964              		.loc 1 895 24 view .LVU280
 965 009e 013B     		subs	r3, r3, #1
 966 00a0 9BB2     		uxth	r3, r3
 967 00a2 E386     		strh	r3, [r4, #54]	@ movhi
 968 00a4 52E0     		b	.L82
 969              	.LVL46:
 970              	.L90:
 838:Drivers/STM32F1xx_HAL_Driver/Src/stm32f1xx_hal_spi.c ****     SPI_1LINE_TX(hspi);
 971              		.loc 1 838 5 is_stmt 1 view .LVU281
 972 00a6 2268     		ldr	r2, [r4]
 973              	.LVL47:
 838:Drivers/STM32F1xx_HAL_Driver/Src/stm32f1xx_hal_spi.c ****     SPI_1LINE_TX(hspi);
 974              		.loc 1 838 5 is_stmt 0 view .LVU282
ARM GAS  /var/folders/y0/yl1wrqfd209ghqq3s8k8qc1m0000gn/T//ccjYiGlu.s 			page 92


 975 00a8 1368     		ldr	r3, [r2]
 976 00aa 23F04003 		bic	r3, r3, #64
 977 00ae 1360     		str	r3, [r2]
 839:Drivers/STM32F1xx_HAL_Driver/Src/stm32f1xx_hal_spi.c ****   }
 978              		.loc 1 839 5 is_stmt 1 view .LVU283
 979 00b0 2268     		ldr	r2, [r4]
 980 00b2 1368     		ldr	r3, [r2]
 981 00b4 43F48043 		orr	r3, r3, #16384
 982 00b8 1360     		str	r3, [r2]
 983 00ba D5E7     		b	.L64
 984              	.L91:
 860:Drivers/STM32F1xx_HAL_Driver/Src/stm32f1xx_hal_spi.c ****     {
 985              		.loc 1 860 5 view .LVU284
 860:Drivers/STM32F1xx_HAL_Driver/Src/stm32f1xx_hal_spi.c ****     {
 986              		.loc 1 860 20 is_stmt 0 view .LVU285
 987 00bc 6368     		ldr	r3, [r4, #4]
 860:Drivers/STM32F1xx_HAL_Driver/Src/stm32f1xx_hal_spi.c ****     {
 988              		.loc 1 860 8 view .LVU286
 989 00be 13B1     		cbz	r3, .L67
 860:Drivers/STM32F1xx_HAL_Driver/Src/stm32f1xx_hal_spi.c ****     {
 990              		.loc 1 860 45 discriminator 1 view .LVU287
 991 00c0 4346     		mov	r3, r8
 992 00c2 012B     		cmp	r3, #1
 993 00c4 15D1     		bne	.L73
 994              	.L67:
 862:Drivers/STM32F1xx_HAL_Driver/Src/stm32f1xx_hal_spi.c ****       hspi->pTxBuffPtr += sizeof(uint16_t);
 995              		.loc 1 862 7 is_stmt 1 view .LVU288
 862:Drivers/STM32F1xx_HAL_Driver/Src/stm32f1xx_hal_spi.c ****       hspi->pTxBuffPtr += sizeof(uint16_t);
 996              		.loc 1 862 52 is_stmt 0 view .LVU289
 997 00c6 226B     		ldr	r2, [r4, #48]
 862:Drivers/STM32F1xx_HAL_Driver/Src/stm32f1xx_hal_spi.c ****       hspi->pTxBuffPtr += sizeof(uint16_t);
 998              		.loc 1 862 11 view .LVU290
 999 00c8 2368     		ldr	r3, [r4]
 862:Drivers/STM32F1xx_HAL_Driver/Src/stm32f1xx_hal_spi.c ****       hspi->pTxBuffPtr += sizeof(uint16_t);
 1000              		.loc 1 862 28 view .LVU291
 1001 00ca 1288     		ldrh	r2, [r2]
 862:Drivers/STM32F1xx_HAL_Driver/Src/stm32f1xx_hal_spi.c ****       hspi->pTxBuffPtr += sizeof(uint16_t);
 1002              		.loc 1 862 26 view .LVU292
 1003 00cc DA60     		str	r2, [r3, #12]
 863:Drivers/STM32F1xx_HAL_Driver/Src/stm32f1xx_hal_spi.c ****       hspi->TxXferCount--;
 1004              		.loc 1 863 7 is_stmt 1 view .LVU293
 863:Drivers/STM32F1xx_HAL_Driver/Src/stm32f1xx_hal_spi.c ****       hspi->TxXferCount--;
 1005              		.loc 1 863 11 is_stmt 0 view .LVU294
 1006 00ce 236B     		ldr	r3, [r4, #48]
 863:Drivers/STM32F1xx_HAL_Driver/Src/stm32f1xx_hal_spi.c ****       hspi->TxXferCount--;
 1007              		.loc 1 863 24 view .LVU295
 1008 00d0 0233     		adds	r3, r3, #2
 1009 00d2 2363     		str	r3, [r4, #48]
 864:Drivers/STM32F1xx_HAL_Driver/Src/stm32f1xx_hal_spi.c ****     }
 1010              		.loc 1 864 7 is_stmt 1 view .LVU296
 864:Drivers/STM32F1xx_HAL_Driver/Src/stm32f1xx_hal_spi.c ****     }
 1011              		.loc 1 864 11 is_stmt 0 view .LVU297
 1012 00d4 E38E     		ldrh	r3, [r4, #54]
 1013 00d6 9BB2     		uxth	r3, r3
 864:Drivers/STM32F1xx_HAL_Driver/Src/stm32f1xx_hal_spi.c ****     }
 1014              		.loc 1 864 24 view .LVU298
 1015 00d8 013B     		subs	r3, r3, #1
ARM GAS  /var/folders/y0/yl1wrqfd209ghqq3s8k8qc1m0000gn/T//ccjYiGlu.s 			page 93


 1016 00da 9BB2     		uxth	r3, r3
 1017 00dc E386     		strh	r3, [r4, #54]	@ movhi
 1018 00de 08E0     		b	.L73
 1019              	.LVL48:
 1020              	.L69:
 879:Drivers/STM32F1xx_HAL_Driver/Src/stm32f1xx_hal_spi.c ****         {
 1021              		.loc 1 879 9 is_stmt 1 view .LVU299
 879:Drivers/STM32F1xx_HAL_Driver/Src/stm32f1xx_hal_spi.c ****         {
 1022              		.loc 1 879 16 is_stmt 0 view .LVU300
 1023 00e0 FFF7FEFF 		bl	HAL_GetTick
 1024              	.LVL49:
 879:Drivers/STM32F1xx_HAL_Driver/Src/stm32f1xx_hal_spi.c ****         {
 1025              		.loc 1 879 30 discriminator 1 view .LVU301
 1026 00e4 801B     		subs	r0, r0, r6
 879:Drivers/STM32F1xx_HAL_Driver/Src/stm32f1xx_hal_spi.c ****         {
 1027              		.loc 1 879 12 discriminator 1 view .LVU302
 1028 00e6 A842     		cmp	r0, r5
 1029 00e8 02D3     		bcc	.L71
 879:Drivers/STM32F1xx_HAL_Driver/Src/stm32f1xx_hal_spi.c ****         {
 1030              		.loc 1 879 56 discriminator 2 view .LVU303
 1031 00ea B5F1FF3F 		cmp	r5, #-1
 1032 00ee 15D1     		bne	.L72
 1033              	.L71:
 879:Drivers/STM32F1xx_HAL_Driver/Src/stm32f1xx_hal_spi.c ****         {
 1034              		.loc 1 879 87 discriminator 4 view .LVU304
 1035 00f0 A5B1     		cbz	r5, .L72
 1036              	.L73:
 867:Drivers/STM32F1xx_HAL_Driver/Src/stm32f1xx_hal_spi.c ****     {
 1037              		.loc 1 867 30 is_stmt 1 view .LVU305
 867:Drivers/STM32F1xx_HAL_Driver/Src/stm32f1xx_hal_spi.c ****     {
 1038              		.loc 1 867 16 is_stmt 0 view .LVU306
 1039 00f2 E38E     		ldrh	r3, [r4, #54]
 1040 00f4 9BB2     		uxth	r3, r3
 867:Drivers/STM32F1xx_HAL_Driver/Src/stm32f1xx_hal_spi.c ****     {
 1041              		.loc 1 867 30 view .LVU307
 1042 00f6 002B     		cmp	r3, #0
 1043 00f8 42D0     		beq	.L75
 870:Drivers/STM32F1xx_HAL_Driver/Src/stm32f1xx_hal_spi.c ****       {
 1044              		.loc 1 870 7 is_stmt 1 view .LVU308
 870:Drivers/STM32F1xx_HAL_Driver/Src/stm32f1xx_hal_spi.c ****       {
 1045              		.loc 1 870 11 is_stmt 0 view .LVU309
 1046 00fa 2368     		ldr	r3, [r4]
 1047 00fc 9A68     		ldr	r2, [r3, #8]
 870:Drivers/STM32F1xx_HAL_Driver/Src/stm32f1xx_hal_spi.c ****       {
 1048              		.loc 1 870 10 view .LVU310
 1049 00fe 12F0020F 		tst	r2, #2
 1050 0102 EDD0     		beq	.L69
 872:Drivers/STM32F1xx_HAL_Driver/Src/stm32f1xx_hal_spi.c ****         hspi->pTxBuffPtr += sizeof(uint16_t);
 1051              		.loc 1 872 9 is_stmt 1 view .LVU311
 872:Drivers/STM32F1xx_HAL_Driver/Src/stm32f1xx_hal_spi.c ****         hspi->pTxBuffPtr += sizeof(uint16_t);
 1052              		.loc 1 872 54 is_stmt 0 view .LVU312
 1053 0104 226B     		ldr	r2, [r4, #48]
 872:Drivers/STM32F1xx_HAL_Driver/Src/stm32f1xx_hal_spi.c ****         hspi->pTxBuffPtr += sizeof(uint16_t);
 1054              		.loc 1 872 30 view .LVU313
 1055 0106 1288     		ldrh	r2, [r2]
 872:Drivers/STM32F1xx_HAL_Driver/Src/stm32f1xx_hal_spi.c ****         hspi->pTxBuffPtr += sizeof(uint16_t);
 1056              		.loc 1 872 28 view .LVU314
ARM GAS  /var/folders/y0/yl1wrqfd209ghqq3s8k8qc1m0000gn/T//ccjYiGlu.s 			page 94


 1057 0108 DA60     		str	r2, [r3, #12]
 873:Drivers/STM32F1xx_HAL_Driver/Src/stm32f1xx_hal_spi.c ****         hspi->TxXferCount--;
 1058              		.loc 1 873 9 is_stmt 1 view .LVU315
 873:Drivers/STM32F1xx_HAL_Driver/Src/stm32f1xx_hal_spi.c ****         hspi->TxXferCount--;
 1059              		.loc 1 873 13 is_stmt 0 view .LVU316
 1060 010a 236B     		ldr	r3, [r4, #48]
 873:Drivers/STM32F1xx_HAL_Driver/Src/stm32f1xx_hal_spi.c ****         hspi->TxXferCount--;
 1061              		.loc 1 873 26 view .LVU317
 1062 010c 0233     		adds	r3, r3, #2
 1063 010e 2363     		str	r3, [r4, #48]
 874:Drivers/STM32F1xx_HAL_Driver/Src/stm32f1xx_hal_spi.c ****       }
 1064              		.loc 1 874 9 is_stmt 1 view .LVU318
 874:Drivers/STM32F1xx_HAL_Driver/Src/stm32f1xx_hal_spi.c ****       }
 1065              		.loc 1 874 13 is_stmt 0 view .LVU319
 1066 0110 E38E     		ldrh	r3, [r4, #54]
 1067 0112 9BB2     		uxth	r3, r3
 874:Drivers/STM32F1xx_HAL_Driver/Src/stm32f1xx_hal_spi.c ****       }
 1068              		.loc 1 874 26 view .LVU320
 1069 0114 013B     		subs	r3, r3, #1
 1070 0116 9BB2     		uxth	r3, r3
 1071 0118 E386     		strh	r3, [r4, #54]	@ movhi
 1072 011a EAE7     		b	.L73
 1073              	.L72:
 881:Drivers/STM32F1xx_HAL_Driver/Src/stm32f1xx_hal_spi.c ****           __HAL_UNLOCK(hspi);
 1074              		.loc 1 881 11 is_stmt 1 view .LVU321
 881:Drivers/STM32F1xx_HAL_Driver/Src/stm32f1xx_hal_spi.c ****           __HAL_UNLOCK(hspi);
 1075              		.loc 1 881 23 is_stmt 0 view .LVU322
 1076 011c 0123     		movs	r3, #1
 1077 011e 84F85130 		strb	r3, [r4, #81]
 882:Drivers/STM32F1xx_HAL_Driver/Src/stm32f1xx_hal_spi.c ****           return HAL_TIMEOUT;
 1078              		.loc 1 882 11 is_stmt 1 view .LVU323
 882:Drivers/STM32F1xx_HAL_Driver/Src/stm32f1xx_hal_spi.c ****           return HAL_TIMEOUT;
 1079              		.loc 1 882 11 view .LVU324
 1080 0122 0023     		movs	r3, #0
 1081 0124 84F85030 		strb	r3, [r4, #80]
 882:Drivers/STM32F1xx_HAL_Driver/Src/stm32f1xx_hal_spi.c ****           return HAL_TIMEOUT;
 1082              		.loc 1 882 11 view .LVU325
 883:Drivers/STM32F1xx_HAL_Driver/Src/stm32f1xx_hal_spi.c ****         }
 1083              		.loc 1 883 11 view .LVU326
 883:Drivers/STM32F1xx_HAL_Driver/Src/stm32f1xx_hal_spi.c ****         }
 1084              		.loc 1 883 18 is_stmt 0 view .LVU327
 1085 0128 0327     		movs	r7, #3
 1086 012a 45E0     		b	.L63
 1087              	.L92:
 902:Drivers/STM32F1xx_HAL_Driver/Src/stm32f1xx_hal_spi.c ****         hspi->pTxBuffPtr += sizeof(uint8_t);
 1088              		.loc 1 902 9 is_stmt 1 view .LVU328
 902:Drivers/STM32F1xx_HAL_Driver/Src/stm32f1xx_hal_spi.c ****         hspi->pTxBuffPtr += sizeof(uint8_t);
 1089              		.loc 1 902 73 is_stmt 0 view .LVU329
 1090 012c 226B     		ldr	r2, [r4, #48]
 902:Drivers/STM32F1xx_HAL_Driver/Src/stm32f1xx_hal_spi.c ****         hspi->pTxBuffPtr += sizeof(uint8_t);
 1091              		.loc 1 902 50 view .LVU330
 1092 012e 1278     		ldrb	r2, [r2]	@ zero_extendqisi2
 902:Drivers/STM32F1xx_HAL_Driver/Src/stm32f1xx_hal_spi.c ****         hspi->pTxBuffPtr += sizeof(uint8_t);
 1093              		.loc 1 902 48 view .LVU331
 1094 0130 1A73     		strb	r2, [r3, #12]
 903:Drivers/STM32F1xx_HAL_Driver/Src/stm32f1xx_hal_spi.c ****         hspi->TxXferCount--;
 1095              		.loc 1 903 9 is_stmt 1 view .LVU332
ARM GAS  /var/folders/y0/yl1wrqfd209ghqq3s8k8qc1m0000gn/T//ccjYiGlu.s 			page 95


 903:Drivers/STM32F1xx_HAL_Driver/Src/stm32f1xx_hal_spi.c ****         hspi->TxXferCount--;
 1096              		.loc 1 903 13 is_stmt 0 view .LVU333
 1097 0132 236B     		ldr	r3, [r4, #48]
 903:Drivers/STM32F1xx_HAL_Driver/Src/stm32f1xx_hal_spi.c ****         hspi->TxXferCount--;
 1098              		.loc 1 903 26 view .LVU334
 1099 0134 0133     		adds	r3, r3, #1
 1100 0136 2363     		str	r3, [r4, #48]
 904:Drivers/STM32F1xx_HAL_Driver/Src/stm32f1xx_hal_spi.c ****       }
 1101              		.loc 1 904 9 is_stmt 1 view .LVU335
 904:Drivers/STM32F1xx_HAL_Driver/Src/stm32f1xx_hal_spi.c ****       }
 1102              		.loc 1 904 13 is_stmt 0 view .LVU336
 1103 0138 B4F836C0 		ldrh	ip, [r4, #54]
 1104 013c 1FFA8CFC 		uxth	ip, ip
 904:Drivers/STM32F1xx_HAL_Driver/Src/stm32f1xx_hal_spi.c ****       }
 1105              		.loc 1 904 26 view .LVU337
 1106 0140 0CF1FF3C 		add	ip, ip, #-1
 1107 0144 1FFA8CFC 		uxth	ip, ip
 1108 0148 A4F836C0 		strh	ip, [r4, #54]	@ movhi
 1109              	.L82:
 897:Drivers/STM32F1xx_HAL_Driver/Src/stm32f1xx_hal_spi.c ****     {
 1110              		.loc 1 897 30 is_stmt 1 view .LVU338
 897:Drivers/STM32F1xx_HAL_Driver/Src/stm32f1xx_hal_spi.c ****     {
 1111              		.loc 1 897 16 is_stmt 0 view .LVU339
 1112 014c E38E     		ldrh	r3, [r4, #54]
 1113 014e 9BB2     		uxth	r3, r3
 897:Drivers/STM32F1xx_HAL_Driver/Src/stm32f1xx_hal_spi.c ****     {
 1114              		.loc 1 897 30 view .LVU340
 1115 0150 B3B1     		cbz	r3, .L75
 900:Drivers/STM32F1xx_HAL_Driver/Src/stm32f1xx_hal_spi.c ****       {
 1116              		.loc 1 900 7 is_stmt 1 view .LVU341
 900:Drivers/STM32F1xx_HAL_Driver/Src/stm32f1xx_hal_spi.c ****       {
 1117              		.loc 1 900 11 is_stmt 0 view .LVU342
 1118 0152 2368     		ldr	r3, [r4]
 1119 0154 9A68     		ldr	r2, [r3, #8]
 900:Drivers/STM32F1xx_HAL_Driver/Src/stm32f1xx_hal_spi.c ****       {
 1120              		.loc 1 900 10 view .LVU343
 1121 0156 12F0020F 		tst	r2, #2
 1122 015a E7D1     		bne	.L92
 909:Drivers/STM32F1xx_HAL_Driver/Src/stm32f1xx_hal_spi.c ****         {
 1123              		.loc 1 909 9 is_stmt 1 view .LVU344
 909:Drivers/STM32F1xx_HAL_Driver/Src/stm32f1xx_hal_spi.c ****         {
 1124              		.loc 1 909 16 is_stmt 0 view .LVU345
 1125 015c FFF7FEFF 		bl	HAL_GetTick
 1126              	.LVL50:
 909:Drivers/STM32F1xx_HAL_Driver/Src/stm32f1xx_hal_spi.c ****         {
 1127              		.loc 1 909 30 discriminator 1 view .LVU346
 1128 0160 801B     		subs	r0, r0, r6
 909:Drivers/STM32F1xx_HAL_Driver/Src/stm32f1xx_hal_spi.c ****         {
 1129              		.loc 1 909 12 discriminator 1 view .LVU347
 1130 0162 A842     		cmp	r0, r5
 1131 0164 02D3     		bcc	.L80
 909:Drivers/STM32F1xx_HAL_Driver/Src/stm32f1xx_hal_spi.c ****         {
 1132              		.loc 1 909 56 discriminator 2 view .LVU348
 1133 0166 B5F1FF3F 		cmp	r5, #-1
 1134 016a 01D1     		bne	.L81
 1135              	.L80:
 909:Drivers/STM32F1xx_HAL_Driver/Src/stm32f1xx_hal_spi.c ****         {
ARM GAS  /var/folders/y0/yl1wrqfd209ghqq3s8k8qc1m0000gn/T//ccjYiGlu.s 			page 96


 1136              		.loc 1 909 87 discriminator 4 view .LVU349
 1137 016c 002D     		cmp	r5, #0
 1138 016e EDD1     		bne	.L82
 1139              	.L81:
 911:Drivers/STM32F1xx_HAL_Driver/Src/stm32f1xx_hal_spi.c ****           __HAL_UNLOCK(hspi);
 1140              		.loc 1 911 11 is_stmt 1 view .LVU350
 911:Drivers/STM32F1xx_HAL_Driver/Src/stm32f1xx_hal_spi.c ****           __HAL_UNLOCK(hspi);
 1141              		.loc 1 911 23 is_stmt 0 view .LVU351
 1142 0170 0123     		movs	r3, #1
 1143 0172 84F85130 		strb	r3, [r4, #81]
 912:Drivers/STM32F1xx_HAL_Driver/Src/stm32f1xx_hal_spi.c ****           return HAL_TIMEOUT;
 1144              		.loc 1 912 11 is_stmt 1 view .LVU352
 912:Drivers/STM32F1xx_HAL_Driver/Src/stm32f1xx_hal_spi.c ****           return HAL_TIMEOUT;
 1145              		.loc 1 912 11 view .LVU353
 1146 0176 0023     		movs	r3, #0
 1147 0178 84F85030 		strb	r3, [r4, #80]
 912:Drivers/STM32F1xx_HAL_Driver/Src/stm32f1xx_hal_spi.c ****           return HAL_TIMEOUT;
 1148              		.loc 1 912 11 view .LVU354
 913:Drivers/STM32F1xx_HAL_Driver/Src/stm32f1xx_hal_spi.c ****         }
 1149              		.loc 1 913 11 view .LVU355
 913:Drivers/STM32F1xx_HAL_Driver/Src/stm32f1xx_hal_spi.c ****         }
 1150              		.loc 1 913 18 is_stmt 0 view .LVU356
 1151 017c 0327     		movs	r7, #3
 1152 017e 1BE0     		b	.L63
 1153              	.L75:
 927:Drivers/STM32F1xx_HAL_Driver/Src/stm32f1xx_hal_spi.c ****   {
 1154              		.loc 1 927 3 is_stmt 1 view .LVU357
 927:Drivers/STM32F1xx_HAL_Driver/Src/stm32f1xx_hal_spi.c ****   {
 1155              		.loc 1 927 7 is_stmt 0 view .LVU358
 1156 0180 3246     		mov	r2, r6
 1157 0182 2946     		mov	r1, r5
 1158 0184 2046     		mov	r0, r4
 1159 0186 FFF7FEFF 		bl	SPI_EndRxTxTransaction
 1160              	.LVL51:
 927:Drivers/STM32F1xx_HAL_Driver/Src/stm32f1xx_hal_spi.c ****   {
 1161              		.loc 1 927 6 discriminator 1 view .LVU359
 1162 018a 08B1     		cbz	r0, .L84
 929:Drivers/STM32F1xx_HAL_Driver/Src/stm32f1xx_hal_spi.c ****   }
 1163              		.loc 1 929 5 is_stmt 1 view .LVU360
 929:Drivers/STM32F1xx_HAL_Driver/Src/stm32f1xx_hal_spi.c ****   }
 1164              		.loc 1 929 21 is_stmt 0 view .LVU361
 1165 018c 2023     		movs	r3, #32
 1166 018e 6365     		str	r3, [r4, #84]
 1167              	.L84:
 933:Drivers/STM32F1xx_HAL_Driver/Src/stm32f1xx_hal_spi.c ****   {
 1168              		.loc 1 933 3 is_stmt 1 view .LVU362
 933:Drivers/STM32F1xx_HAL_Driver/Src/stm32f1xx_hal_spi.c ****   {
 1169              		.loc 1 933 17 is_stmt 0 view .LVU363
 1170 0190 A368     		ldr	r3, [r4, #8]
 933:Drivers/STM32F1xx_HAL_Driver/Src/stm32f1xx_hal_spi.c ****   {
 1171              		.loc 1 933 6 view .LVU364
 1172 0192 33B9     		cbnz	r3, .L85
 935:Drivers/STM32F1xx_HAL_Driver/Src/stm32f1xx_hal_spi.c ****   }
 1173              		.loc 1 935 5 is_stmt 1 view .LVU365
 1174              	.LBB2:
 935:Drivers/STM32F1xx_HAL_Driver/Src/stm32f1xx_hal_spi.c ****   }
 1175              		.loc 1 935 5 view .LVU366
ARM GAS  /var/folders/y0/yl1wrqfd209ghqq3s8k8qc1m0000gn/T//ccjYiGlu.s 			page 97


 1176 0194 0193     		str	r3, [sp, #4]
 935:Drivers/STM32F1xx_HAL_Driver/Src/stm32f1xx_hal_spi.c ****   }
 1177              		.loc 1 935 5 view .LVU367
 1178 0196 2368     		ldr	r3, [r4]
 1179 0198 DA68     		ldr	r2, [r3, #12]
 1180 019a 0192     		str	r2, [sp, #4]
 935:Drivers/STM32F1xx_HAL_Driver/Src/stm32f1xx_hal_spi.c ****   }
 1181              		.loc 1 935 5 view .LVU368
 1182 019c 9B68     		ldr	r3, [r3, #8]
 1183 019e 0193     		str	r3, [sp, #4]
 935:Drivers/STM32F1xx_HAL_Driver/Src/stm32f1xx_hal_spi.c ****   }
 1184              		.loc 1 935 5 view .LVU369
 1185 01a0 019B     		ldr	r3, [sp, #4]
 1186              	.L85:
 1187              	.LBE2:
 935:Drivers/STM32F1xx_HAL_Driver/Src/stm32f1xx_hal_spi.c ****   }
 1188              		.loc 1 935 5 view .LVU370
 938:Drivers/STM32F1xx_HAL_Driver/Src/stm32f1xx_hal_spi.c ****   /* Process Unlocked */
 1189              		.loc 1 938 3 view .LVU371
 938:Drivers/STM32F1xx_HAL_Driver/Src/stm32f1xx_hal_spi.c ****   /* Process Unlocked */
 1190              		.loc 1 938 15 is_stmt 0 view .LVU372
 1191 01a2 0123     		movs	r3, #1
 1192 01a4 84F85130 		strb	r3, [r4, #81]
 940:Drivers/STM32F1xx_HAL_Driver/Src/stm32f1xx_hal_spi.c **** 
 1193              		.loc 1 940 3 is_stmt 1 view .LVU373
 940:Drivers/STM32F1xx_HAL_Driver/Src/stm32f1xx_hal_spi.c **** 
 1194              		.loc 1 940 3 view .LVU374
 1195 01a8 0023     		movs	r3, #0
 1196 01aa 84F85030 		strb	r3, [r4, #80]
 940:Drivers/STM32F1xx_HAL_Driver/Src/stm32f1xx_hal_spi.c **** 
 1197              		.loc 1 940 3 view .LVU375
 942:Drivers/STM32F1xx_HAL_Driver/Src/stm32f1xx_hal_spi.c ****   {
 1198              		.loc 1 942 3 view .LVU376
 942:Drivers/STM32F1xx_HAL_Driver/Src/stm32f1xx_hal_spi.c ****   {
 1199              		.loc 1 942 11 is_stmt 0 view .LVU377
 1200 01ae 636D     		ldr	r3, [r4, #84]
 942:Drivers/STM32F1xx_HAL_Driver/Src/stm32f1xx_hal_spi.c ****   {
 1201              		.loc 1 942 6 view .LVU378
 1202 01b0 13B9     		cbnz	r3, .L63
 948:Drivers/STM32F1xx_HAL_Driver/Src/stm32f1xx_hal_spi.c ****   }
 1203              		.loc 1 948 12 view .LVU379
 1204 01b2 1F46     		mov	r7, r3
 1205 01b4 00E0     		b	.L63
 1206              	.LVL52:
 1207              	.L86:
 809:Drivers/STM32F1xx_HAL_Driver/Src/stm32f1xx_hal_spi.c ****   }
 1208              		.loc 1 809 12 view .LVU380
 1209 01b6 0227     		movs	r7, #2
 1210              	.LVL53:
 1211              	.L63:
 950:Drivers/STM32F1xx_HAL_Driver/Src/stm32f1xx_hal_spi.c **** 
 1212              		.loc 1 950 1 view .LVU381
 1213 01b8 3846     		mov	r0, r7
 1214 01ba 03B0     		add	sp, sp, #12
 1215              	.LCFI19:
 1216              		.cfi_remember_state
 1217              		.cfi_def_cfa_offset 28
ARM GAS  /var/folders/y0/yl1wrqfd209ghqq3s8k8qc1m0000gn/T//ccjYiGlu.s 			page 98


 1218              		@ sp needed
 1219 01bc BDE8F083 		pop	{r4, r5, r6, r7, r8, r9, pc}
 1220              	.LVL54:
 1221              	.L87:
 1222              	.LCFI20:
 1223              		.cfi_restore_state
 818:Drivers/STM32F1xx_HAL_Driver/Src/stm32f1xx_hal_spi.c **** 
 1224              		.loc 1 818 3 discriminator 1 view .LVU382
 1225 01c0 0227     		movs	r7, #2
 1226 01c2 F9E7     		b	.L63
 1227              		.cfi_endproc
 1228              	.LFE69:
 1230              		.section	.text.HAL_SPI_TransmitReceive,"ax",%progbits
 1231              		.align	1
 1232              		.global	HAL_SPI_TransmitReceive
 1233              		.syntax unified
 1234              		.thumb
 1235              		.thumb_func
 1237              	HAL_SPI_TransmitReceive:
 1238              	.LVL55:
 1239              	.LFB71:
1179:Drivers/STM32F1xx_HAL_Driver/Src/stm32f1xx_hal_spi.c ****   uint16_t             initial_TxXferCount;
 1240              		.loc 1 1179 1 is_stmt 1 view -0
 1241              		.cfi_startproc
 1242              		@ args = 4, pretend = 0, frame = 8
 1243              		@ frame_needed = 0, uses_anonymous_args = 0
1179:Drivers/STM32F1xx_HAL_Driver/Src/stm32f1xx_hal_spi.c ****   uint16_t             initial_TxXferCount;
 1244              		.loc 1 1179 1 is_stmt 0 view .LVU384
 1245 0000 2DE9F043 		push	{r4, r5, r6, r7, r8, r9, lr}
 1246              	.LCFI21:
 1247              		.cfi_def_cfa_offset 28
 1248              		.cfi_offset 4, -28
 1249              		.cfi_offset 5, -24
 1250              		.cfi_offset 6, -20
 1251              		.cfi_offset 7, -16
 1252              		.cfi_offset 8, -12
 1253              		.cfi_offset 9, -8
 1254              		.cfi_offset 14, -4
 1255 0004 83B0     		sub	sp, sp, #12
 1256              	.LCFI22:
 1257              		.cfi_def_cfa_offset 40
 1258 0006 0446     		mov	r4, r0
 1259 0008 0F46     		mov	r7, r1
 1260 000a 9146     		mov	r9, r2
 1261 000c 9846     		mov	r8, r3
 1262 000e 0A9D     		ldr	r5, [sp, #40]
1180:Drivers/STM32F1xx_HAL_Driver/Src/stm32f1xx_hal_spi.c ****   uint32_t             tmp_mode;
 1263              		.loc 1 1180 3 is_stmt 1 view .LVU385
1181:Drivers/STM32F1xx_HAL_Driver/Src/stm32f1xx_hal_spi.c ****   HAL_SPI_StateTypeDef tmp_state;
 1264              		.loc 1 1181 3 view .LVU386
1182:Drivers/STM32F1xx_HAL_Driver/Src/stm32f1xx_hal_spi.c ****   uint32_t             tickstart;
 1265              		.loc 1 1182 3 view .LVU387
1183:Drivers/STM32F1xx_HAL_Driver/Src/stm32f1xx_hal_spi.c **** #if (USE_SPI_CRC != 0U)
 1266              		.loc 1 1183 3 view .LVU388
1189:Drivers/STM32F1xx_HAL_Driver/Src/stm32f1xx_hal_spi.c **** 
 1267              		.loc 1 1189 3 view .LVU389
 1268              	.LVL56:
ARM GAS  /var/folders/y0/yl1wrqfd209ghqq3s8k8qc1m0000gn/T//ccjYiGlu.s 			page 99


1192:Drivers/STM32F1xx_HAL_Driver/Src/stm32f1xx_hal_spi.c **** 
 1269              		.loc 1 1192 3 view .LVU390
1195:Drivers/STM32F1xx_HAL_Driver/Src/stm32f1xx_hal_spi.c **** 
 1270              		.loc 1 1195 3 view .LVU391
1195:Drivers/STM32F1xx_HAL_Driver/Src/stm32f1xx_hal_spi.c **** 
 1271              		.loc 1 1195 15 is_stmt 0 view .LVU392
 1272 0010 FFF7FEFF 		bl	HAL_GetTick
 1273              	.LVL57:
1195:Drivers/STM32F1xx_HAL_Driver/Src/stm32f1xx_hal_spi.c **** 
 1274              		.loc 1 1195 15 view .LVU393
 1275 0014 0646     		mov	r6, r0
 1276              	.LVL58:
1198:Drivers/STM32F1xx_HAL_Driver/Src/stm32f1xx_hal_spi.c ****   tmp_mode            = hspi->Init.Mode;
 1277              		.loc 1 1198 3 is_stmt 1 view .LVU394
1198:Drivers/STM32F1xx_HAL_Driver/Src/stm32f1xx_hal_spi.c ****   tmp_mode            = hspi->Init.Mode;
 1278              		.loc 1 1198 23 is_stmt 0 view .LVU395
 1279 0016 94F85130 		ldrb	r3, [r4, #81]	@ zero_extendqisi2
 1280              	.LVL59:
1199:Drivers/STM32F1xx_HAL_Driver/Src/stm32f1xx_hal_spi.c ****   initial_TxXferCount = Size;
 1281              		.loc 1 1199 3 is_stmt 1 view .LVU396
1199:Drivers/STM32F1xx_HAL_Driver/Src/stm32f1xx_hal_spi.c ****   initial_TxXferCount = Size;
 1282              		.loc 1 1199 23 is_stmt 0 view .LVU397
 1283 001a 6268     		ldr	r2, [r4, #4]
 1284              	.LVL60:
1200:Drivers/STM32F1xx_HAL_Driver/Src/stm32f1xx_hal_spi.c **** 
 1285              		.loc 1 1200 3 is_stmt 1 view .LVU398
1202:Drivers/STM32F1xx_HAL_Driver/Src/stm32f1xx_hal_spi.c ****         ((tmp_mode == SPI_MODE_MASTER) && (hspi->Init.Direction == SPI_DIRECTION_2LINES) &&
 1286              		.loc 1 1202 3 view .LVU399
1202:Drivers/STM32F1xx_HAL_Driver/Src/stm32f1xx_hal_spi.c ****         ((tmp_mode == SPI_MODE_MASTER) && (hspi->Init.Direction == SPI_DIRECTION_2LINES) &&
 1287              		.loc 1 1202 6 is_stmt 0 view .LVU400
 1288 001c 012B     		cmp	r3, #1
 1289 001e 0BD0     		beq	.L94
 1290 0020 D9B2     		uxtb	r1, r3
1202:Drivers/STM32F1xx_HAL_Driver/Src/stm32f1xx_hal_spi.c ****         ((tmp_mode == SPI_MODE_MASTER) && (hspi->Init.Direction == SPI_DIRECTION_2LINES) &&
 1291              		.loc 1 1202 7 discriminator 1 view .LVU401
 1292 0022 B2F5827F 		cmp	r2, #260
 1293 0026 40F00D81 		bne	.L116
1203:Drivers/STM32F1xx_HAL_Driver/Src/stm32f1xx_hal_spi.c ****          (tmp_state == HAL_SPI_STATE_BUSY_RX))))
 1294              		.loc 1 1203 54 view .LVU402
 1295 002a A368     		ldr	r3, [r4, #8]
 1296              	.LVL61:
1203:Drivers/STM32F1xx_HAL_Driver/Src/stm32f1xx_hal_spi.c ****          (tmp_state == HAL_SPI_STATE_BUSY_RX))))
 1297              		.loc 1 1203 40 view .LVU403
 1298 002c 002B     		cmp	r3, #0
 1299 002e 40F00D81 		bne	.L117
1203:Drivers/STM32F1xx_HAL_Driver/Src/stm32f1xx_hal_spi.c ****          (tmp_state == HAL_SPI_STATE_BUSY_RX))))
 1300              		.loc 1 1203 90 discriminator 1 view .LVU404
 1301 0032 0429     		cmp	r1, #4
 1302 0034 40F00C81 		bne	.L118
 1303              	.LVL62:
 1304              	.L94:
1209:Drivers/STM32F1xx_HAL_Driver/Src/stm32f1xx_hal_spi.c ****   {
 1305              		.loc 1 1209 3 is_stmt 1 view .LVU405
1209:Drivers/STM32F1xx_HAL_Driver/Src/stm32f1xx_hal_spi.c ****   {
 1306              		.loc 1 1209 6 is_stmt 0 view .LVU406
 1307 0038 002F     		cmp	r7, #0
 1308 003a 00F00B81 		beq	.L119
ARM GAS  /var/folders/y0/yl1wrqfd209ghqq3s8k8qc1m0000gn/T//ccjYiGlu.s 			page 100


1209:Drivers/STM32F1xx_HAL_Driver/Src/stm32f1xx_hal_spi.c ****   {
 1309              		.loc 1 1209 25 discriminator 1 view .LVU407
 1310 003e 4B46     		mov	r3, r9
 1311 0040 002B     		cmp	r3, #0
 1312 0042 00F00981 		beq	.L120
 1313              	.LVL63:
1209:Drivers/STM32F1xx_HAL_Driver/Src/stm32f1xx_hal_spi.c ****   {
 1314              		.loc 1 1209 46 discriminator 2 view .LVU408
 1315 0046 4346     		mov	r3, r8
 1316              	.LVL64:
1209:Drivers/STM32F1xx_HAL_Driver/Src/stm32f1xx_hal_spi.c ****   {
 1317              		.loc 1 1209 46 discriminator 2 view .LVU409
 1318 0048 002B     		cmp	r3, #0
 1319 004a 00F00781 		beq	.L121
 1320              	.LVL65:
1215:Drivers/STM32F1xx_HAL_Driver/Src/stm32f1xx_hal_spi.c **** 
 1321              		.loc 1 1215 3 is_stmt 1 view .LVU410
1215:Drivers/STM32F1xx_HAL_Driver/Src/stm32f1xx_hal_spi.c **** 
 1322              		.loc 1 1215 3 view .LVU411
 1323 004e 94F85030 		ldrb	r3, [r4, #80]	@ zero_extendqisi2
 1324              	.LVL66:
1215:Drivers/STM32F1xx_HAL_Driver/Src/stm32f1xx_hal_spi.c **** 
 1325              		.loc 1 1215 3 is_stmt 0 view .LVU412
 1326 0052 012B     		cmp	r3, #1
 1327 0054 00F00481 		beq	.L122
1215:Drivers/STM32F1xx_HAL_Driver/Src/stm32f1xx_hal_spi.c **** 
 1328              		.loc 1 1215 3 is_stmt 1 discriminator 2 view .LVU413
 1329 0058 0123     		movs	r3, #1
 1330 005a 84F85030 		strb	r3, [r4, #80]
1215:Drivers/STM32F1xx_HAL_Driver/Src/stm32f1xx_hal_spi.c **** 
 1331              		.loc 1 1215 3 view .LVU414
1218:Drivers/STM32F1xx_HAL_Driver/Src/stm32f1xx_hal_spi.c ****   {
 1332              		.loc 1 1218 3 view .LVU415
1218:Drivers/STM32F1xx_HAL_Driver/Src/stm32f1xx_hal_spi.c ****   {
 1333              		.loc 1 1218 11 is_stmt 0 view .LVU416
 1334 005e 94F85130 		ldrb	r3, [r4, #81]	@ zero_extendqisi2
1218:Drivers/STM32F1xx_HAL_Driver/Src/stm32f1xx_hal_spi.c ****   {
 1335              		.loc 1 1218 6 view .LVU417
 1336 0062 042B     		cmp	r3, #4
 1337 0064 02D0     		beq	.L96
1220:Drivers/STM32F1xx_HAL_Driver/Src/stm32f1xx_hal_spi.c ****   }
 1338              		.loc 1 1220 5 is_stmt 1 view .LVU418
1220:Drivers/STM32F1xx_HAL_Driver/Src/stm32f1xx_hal_spi.c ****   }
 1339              		.loc 1 1220 17 is_stmt 0 view .LVU419
 1340 0066 0523     		movs	r3, #5
 1341 0068 84F85130 		strb	r3, [r4, #81]
 1342              	.L96:
1224:Drivers/STM32F1xx_HAL_Driver/Src/stm32f1xx_hal_spi.c ****   hspi->pRxBuffPtr  = (uint8_t *)pRxData;
 1343              		.loc 1 1224 3 is_stmt 1 view .LVU420
1224:Drivers/STM32F1xx_HAL_Driver/Src/stm32f1xx_hal_spi.c ****   hspi->pRxBuffPtr  = (uint8_t *)pRxData;
 1344              		.loc 1 1224 21 is_stmt 0 view .LVU421
 1345 006c 0023     		movs	r3, #0
 1346 006e 6365     		str	r3, [r4, #84]
1225:Drivers/STM32F1xx_HAL_Driver/Src/stm32f1xx_hal_spi.c ****   hspi->RxXferCount = Size;
 1347              		.loc 1 1225 3 is_stmt 1 view .LVU422
1225:Drivers/STM32F1xx_HAL_Driver/Src/stm32f1xx_hal_spi.c ****   hspi->RxXferCount = Size;
 1348              		.loc 1 1225 21 is_stmt 0 view .LVU423
ARM GAS  /var/folders/y0/yl1wrqfd209ghqq3s8k8qc1m0000gn/T//ccjYiGlu.s 			page 101


 1349 0070 C4F83890 		str	r9, [r4, #56]
1226:Drivers/STM32F1xx_HAL_Driver/Src/stm32f1xx_hal_spi.c ****   hspi->RxXferSize  = Size;
 1350              		.loc 1 1226 3 is_stmt 1 view .LVU424
1226:Drivers/STM32F1xx_HAL_Driver/Src/stm32f1xx_hal_spi.c ****   hspi->RxXferSize  = Size;
 1351              		.loc 1 1226 21 is_stmt 0 view .LVU425
 1352 0074 A4F83E80 		strh	r8, [r4, #62]	@ movhi
1227:Drivers/STM32F1xx_HAL_Driver/Src/stm32f1xx_hal_spi.c ****   hspi->pTxBuffPtr  = (const uint8_t *)pTxData;
 1353              		.loc 1 1227 3 is_stmt 1 view .LVU426
1227:Drivers/STM32F1xx_HAL_Driver/Src/stm32f1xx_hal_spi.c ****   hspi->pTxBuffPtr  = (const uint8_t *)pTxData;
 1354              		.loc 1 1227 21 is_stmt 0 view .LVU427
 1355 0078 A4F83C80 		strh	r8, [r4, #60]	@ movhi
1228:Drivers/STM32F1xx_HAL_Driver/Src/stm32f1xx_hal_spi.c ****   hspi->TxXferCount = Size;
 1356              		.loc 1 1228 3 is_stmt 1 view .LVU428
1228:Drivers/STM32F1xx_HAL_Driver/Src/stm32f1xx_hal_spi.c ****   hspi->TxXferCount = Size;
 1357              		.loc 1 1228 21 is_stmt 0 view .LVU429
 1358 007c 2763     		str	r7, [r4, #48]
1229:Drivers/STM32F1xx_HAL_Driver/Src/stm32f1xx_hal_spi.c ****   hspi->TxXferSize  = Size;
 1359              		.loc 1 1229 3 is_stmt 1 view .LVU430
1229:Drivers/STM32F1xx_HAL_Driver/Src/stm32f1xx_hal_spi.c ****   hspi->TxXferSize  = Size;
 1360              		.loc 1 1229 21 is_stmt 0 view .LVU431
 1361 007e A4F83680 		strh	r8, [r4, #54]	@ movhi
1230:Drivers/STM32F1xx_HAL_Driver/Src/stm32f1xx_hal_spi.c **** 
 1362              		.loc 1 1230 3 is_stmt 1 view .LVU432
1230:Drivers/STM32F1xx_HAL_Driver/Src/stm32f1xx_hal_spi.c **** 
 1363              		.loc 1 1230 21 is_stmt 0 view .LVU433
 1364 0082 A4F83480 		strh	r8, [r4, #52]	@ movhi
1233:Drivers/STM32F1xx_HAL_Driver/Src/stm32f1xx_hal_spi.c ****   hspi->TxISR       = NULL;
 1365              		.loc 1 1233 3 is_stmt 1 view .LVU434
1233:Drivers/STM32F1xx_HAL_Driver/Src/stm32f1xx_hal_spi.c ****   hspi->TxISR       = NULL;
 1366              		.loc 1 1233 21 is_stmt 0 view .LVU435
 1367 0086 2364     		str	r3, [r4, #64]
1234:Drivers/STM32F1xx_HAL_Driver/Src/stm32f1xx_hal_spi.c **** 
 1368              		.loc 1 1234 3 is_stmt 1 view .LVU436
1234:Drivers/STM32F1xx_HAL_Driver/Src/stm32f1xx_hal_spi.c **** 
 1369              		.loc 1 1234 21 is_stmt 0 view .LVU437
 1370 0088 6364     		str	r3, [r4, #68]
1245:Drivers/STM32F1xx_HAL_Driver/Src/stm32f1xx_hal_spi.c ****   {
 1371              		.loc 1 1245 3 is_stmt 1 view .LVU438
1245:Drivers/STM32F1xx_HAL_Driver/Src/stm32f1xx_hal_spi.c ****   {
 1372              		.loc 1 1245 12 is_stmt 0 view .LVU439
 1373 008a 2368     		ldr	r3, [r4]
1245:Drivers/STM32F1xx_HAL_Driver/Src/stm32f1xx_hal_spi.c ****   {
 1374              		.loc 1 1245 22 view .LVU440
 1375 008c 1A68     		ldr	r2, [r3]
 1376              	.LVL67:
1245:Drivers/STM32F1xx_HAL_Driver/Src/stm32f1xx_hal_spi.c ****   {
 1377              		.loc 1 1245 6 view .LVU441
 1378 008e 12F0400F 		tst	r2, #64
 1379 0092 03D1     		bne	.L97
1248:Drivers/STM32F1xx_HAL_Driver/Src/stm32f1xx_hal_spi.c ****   }
 1380              		.loc 1 1248 5 is_stmt 1 view .LVU442
 1381 0094 1A68     		ldr	r2, [r3]
 1382 0096 42F04002 		orr	r2, r2, #64
 1383 009a 1A60     		str	r2, [r3]
 1384              	.LVL68:
 1385              	.L97:
1252:Drivers/STM32F1xx_HAL_Driver/Src/stm32f1xx_hal_spi.c ****   {
ARM GAS  /var/folders/y0/yl1wrqfd209ghqq3s8k8qc1m0000gn/T//ccjYiGlu.s 			page 102


 1386              		.loc 1 1252 3 view .LVU443
1252:Drivers/STM32F1xx_HAL_Driver/Src/stm32f1xx_hal_spi.c ****   {
 1387              		.loc 1 1252 17 is_stmt 0 view .LVU444
 1388 009c E368     		ldr	r3, [r4, #12]
1252:Drivers/STM32F1xx_HAL_Driver/Src/stm32f1xx_hal_spi.c ****   {
 1389              		.loc 1 1252 6 view .LVU445
 1390 009e B3F5006F 		cmp	r3, #2048
 1391 00a2 13D0     		beq	.L124
1309:Drivers/STM32F1xx_HAL_Driver/Src/stm32f1xx_hal_spi.c ****     {
 1392              		.loc 1 1309 5 is_stmt 1 view .LVU446
1309:Drivers/STM32F1xx_HAL_Driver/Src/stm32f1xx_hal_spi.c ****     {
 1393              		.loc 1 1309 20 is_stmt 0 view .LVU447
 1394 00a4 6368     		ldr	r3, [r4, #4]
1309:Drivers/STM32F1xx_HAL_Driver/Src/stm32f1xx_hal_spi.c ****     {
 1395              		.loc 1 1309 8 view .LVU448
 1396 00a6 13B1     		cbz	r3, .L106
1309:Drivers/STM32F1xx_HAL_Driver/Src/stm32f1xx_hal_spi.c ****     {
 1397              		.loc 1 1309 45 discriminator 1 view .LVU449
 1398 00a8 4346     		mov	r3, r8
 1399 00aa 012B     		cmp	r3, #1
 1400 00ac 0BD1     		bne	.L107
 1401              	.L106:
1311:Drivers/STM32F1xx_HAL_Driver/Src/stm32f1xx_hal_spi.c ****       hspi->pTxBuffPtr += sizeof(uint8_t);
 1402              		.loc 1 1311 7 is_stmt 1 view .LVU450
1311:Drivers/STM32F1xx_HAL_Driver/Src/stm32f1xx_hal_spi.c ****       hspi->pTxBuffPtr += sizeof(uint8_t);
 1403              		.loc 1 1311 71 is_stmt 0 view .LVU451
 1404 00ae 226B     		ldr	r2, [r4, #48]
1311:Drivers/STM32F1xx_HAL_Driver/Src/stm32f1xx_hal_spi.c ****       hspi->pTxBuffPtr += sizeof(uint8_t);
 1405              		.loc 1 1311 30 view .LVU452
 1406 00b0 2368     		ldr	r3, [r4]
1311:Drivers/STM32F1xx_HAL_Driver/Src/stm32f1xx_hal_spi.c ****       hspi->pTxBuffPtr += sizeof(uint8_t);
 1407              		.loc 1 1311 48 view .LVU453
 1408 00b2 1278     		ldrb	r2, [r2]	@ zero_extendqisi2
1311:Drivers/STM32F1xx_HAL_Driver/Src/stm32f1xx_hal_spi.c ****       hspi->pTxBuffPtr += sizeof(uint8_t);
 1409              		.loc 1 1311 46 view .LVU454
 1410 00b4 1A73     		strb	r2, [r3, #12]
1312:Drivers/STM32F1xx_HAL_Driver/Src/stm32f1xx_hal_spi.c ****       hspi->TxXferCount--;
 1411              		.loc 1 1312 7 is_stmt 1 view .LVU455
1312:Drivers/STM32F1xx_HAL_Driver/Src/stm32f1xx_hal_spi.c ****       hspi->TxXferCount--;
 1412              		.loc 1 1312 11 is_stmt 0 view .LVU456
 1413 00b6 236B     		ldr	r3, [r4, #48]
1312:Drivers/STM32F1xx_HAL_Driver/Src/stm32f1xx_hal_spi.c ****       hspi->TxXferCount--;
 1414              		.loc 1 1312 24 view .LVU457
 1415 00b8 0133     		adds	r3, r3, #1
 1416 00ba 2363     		str	r3, [r4, #48]
1313:Drivers/STM32F1xx_HAL_Driver/Src/stm32f1xx_hal_spi.c **** 
 1417              		.loc 1 1313 7 is_stmt 1 view .LVU458
1313:Drivers/STM32F1xx_HAL_Driver/Src/stm32f1xx_hal_spi.c **** 
 1418              		.loc 1 1313 11 is_stmt 0 view .LVU459
 1419 00bc E38E     		ldrh	r3, [r4, #54]
 1420 00be 9BB2     		uxth	r3, r3
1313:Drivers/STM32F1xx_HAL_Driver/Src/stm32f1xx_hal_spi.c **** 
 1421              		.loc 1 1313 24 view .LVU460
 1422 00c0 013B     		subs	r3, r3, #1
 1423 00c2 9BB2     		uxth	r3, r3
 1424 00c4 E386     		strh	r3, [r4, #54]	@ movhi
 1425              	.L107:
ARM GAS  /var/folders/y0/yl1wrqfd209ghqq3s8k8qc1m0000gn/T//ccjYiGlu.s 			page 103


1350:Drivers/STM32F1xx_HAL_Driver/Src/stm32f1xx_hal_spi.c ****       }
 1426              		.loc 1 1350 19 view .LVU461
 1427 00c6 0123     		movs	r3, #1
 1428 00c8 1F46     		mov	r7, r3
 1429              	.LVL69:
1350:Drivers/STM32F1xx_HAL_Driver/Src/stm32f1xx_hal_spi.c ****       }
 1430              		.loc 1 1350 19 view .LVU462
 1431 00ca 74E0     		b	.L112
 1432              	.LVL70:
 1433              	.L124:
1254:Drivers/STM32F1xx_HAL_Driver/Src/stm32f1xx_hal_spi.c ****     {
 1434              		.loc 1 1254 5 is_stmt 1 view .LVU463
1254:Drivers/STM32F1xx_HAL_Driver/Src/stm32f1xx_hal_spi.c ****     {
 1435              		.loc 1 1254 20 is_stmt 0 view .LVU464
 1436 00cc 6368     		ldr	r3, [r4, #4]
1254:Drivers/STM32F1xx_HAL_Driver/Src/stm32f1xx_hal_spi.c ****     {
 1437              		.loc 1 1254 8 view .LVU465
 1438 00ce 13B1     		cbz	r3, .L99
1254:Drivers/STM32F1xx_HAL_Driver/Src/stm32f1xx_hal_spi.c ****     {
 1439              		.loc 1 1254 45 discriminator 1 view .LVU466
 1440 00d0 4346     		mov	r3, r8
 1441 00d2 012B     		cmp	r3, #1
 1442 00d4 0BD1     		bne	.L100
 1443              	.L99:
1256:Drivers/STM32F1xx_HAL_Driver/Src/stm32f1xx_hal_spi.c ****       hspi->pTxBuffPtr += sizeof(uint16_t);
 1444              		.loc 1 1256 7 is_stmt 1 view .LVU467
1256:Drivers/STM32F1xx_HAL_Driver/Src/stm32f1xx_hal_spi.c ****       hspi->pTxBuffPtr += sizeof(uint16_t);
 1445              		.loc 1 1256 52 is_stmt 0 view .LVU468
 1446 00d6 226B     		ldr	r2, [r4, #48]
1256:Drivers/STM32F1xx_HAL_Driver/Src/stm32f1xx_hal_spi.c ****       hspi->pTxBuffPtr += sizeof(uint16_t);
 1447              		.loc 1 1256 11 view .LVU469
 1448 00d8 2368     		ldr	r3, [r4]
1256:Drivers/STM32F1xx_HAL_Driver/Src/stm32f1xx_hal_spi.c ****       hspi->pTxBuffPtr += sizeof(uint16_t);
 1449              		.loc 1 1256 28 view .LVU470
 1450 00da 1288     		ldrh	r2, [r2]
1256:Drivers/STM32F1xx_HAL_Driver/Src/stm32f1xx_hal_spi.c ****       hspi->pTxBuffPtr += sizeof(uint16_t);
 1451              		.loc 1 1256 26 view .LVU471
 1452 00dc DA60     		str	r2, [r3, #12]
1257:Drivers/STM32F1xx_HAL_Driver/Src/stm32f1xx_hal_spi.c ****       hspi->TxXferCount--;
 1453              		.loc 1 1257 7 is_stmt 1 view .LVU472
1257:Drivers/STM32F1xx_HAL_Driver/Src/stm32f1xx_hal_spi.c ****       hspi->TxXferCount--;
 1454              		.loc 1 1257 11 is_stmt 0 view .LVU473
 1455 00de 236B     		ldr	r3, [r4, #48]
1257:Drivers/STM32F1xx_HAL_Driver/Src/stm32f1xx_hal_spi.c ****       hspi->TxXferCount--;
 1456              		.loc 1 1257 24 view .LVU474
 1457 00e0 0233     		adds	r3, r3, #2
 1458 00e2 2363     		str	r3, [r4, #48]
1258:Drivers/STM32F1xx_HAL_Driver/Src/stm32f1xx_hal_spi.c **** 
 1459              		.loc 1 1258 7 is_stmt 1 view .LVU475
1258:Drivers/STM32F1xx_HAL_Driver/Src/stm32f1xx_hal_spi.c **** 
 1460              		.loc 1 1258 11 is_stmt 0 view .LVU476
 1461 00e4 E38E     		ldrh	r3, [r4, #54]
 1462 00e6 9BB2     		uxth	r3, r3
1258:Drivers/STM32F1xx_HAL_Driver/Src/stm32f1xx_hal_spi.c **** 
 1463              		.loc 1 1258 24 view .LVU477
 1464 00e8 013B     		subs	r3, r3, #1
 1465 00ea 9BB2     		uxth	r3, r3
ARM GAS  /var/folders/y0/yl1wrqfd209ghqq3s8k8qc1m0000gn/T//ccjYiGlu.s 			page 104


 1466 00ec E386     		strh	r3, [r4, #54]	@ movhi
 1467              	.L100:
1296:Drivers/STM32F1xx_HAL_Driver/Src/stm32f1xx_hal_spi.c ****       }
 1468              		.loc 1 1296 19 view .LVU478
 1469 00ee 0123     		movs	r3, #1
 1470 00f0 1F46     		mov	r7, r3
 1471              	.LVL71:
1296:Drivers/STM32F1xx_HAL_Driver/Src/stm32f1xx_hal_spi.c ****       }
 1472              		.loc 1 1296 19 view .LVU479
 1473 00f2 1BE0     		b	.L103
 1474              	.LVL72:
 1475              	.L101:
1290:Drivers/STM32F1xx_HAL_Driver/Src/stm32f1xx_hal_spi.c ****       {
 1476              		.loc 1 1290 7 is_stmt 1 view .LVU480
1290:Drivers/STM32F1xx_HAL_Driver/Src/stm32f1xx_hal_spi.c ****       {
 1477              		.loc 1 1290 12 is_stmt 0 view .LVU481
 1478 00f4 2268     		ldr	r2, [r4]
 1479 00f6 9368     		ldr	r3, [r2, #8]
1290:Drivers/STM32F1xx_HAL_Driver/Src/stm32f1xx_hal_spi.c ****       {
 1480              		.loc 1 1290 10 view .LVU482
 1481 00f8 13F00103 		ands	r3, r3, #1
 1482 00fc 0ED0     		beq	.L102
1290:Drivers/STM32F1xx_HAL_Driver/Src/stm32f1xx_hal_spi.c ****       {
 1483              		.loc 1 1290 61 discriminator 1 view .LVU483
 1484 00fe E18F     		ldrh	r1, [r4, #62]
 1485 0100 89B2     		uxth	r1, r1
1290:Drivers/STM32F1xx_HAL_Driver/Src/stm32f1xx_hal_spi.c ****       {
 1486              		.loc 1 1290 53 discriminator 1 view .LVU484
 1487 0102 59B1     		cbz	r1, .L102
1292:Drivers/STM32F1xx_HAL_Driver/Src/stm32f1xx_hal_spi.c ****         hspi->pRxBuffPtr += sizeof(uint16_t);
 1488              		.loc 1 1292 9 is_stmt 1 view .LVU485
1292:Drivers/STM32F1xx_HAL_Driver/Src/stm32f1xx_hal_spi.c ****         hspi->pRxBuffPtr += sizeof(uint16_t);
 1489              		.loc 1 1292 67 is_stmt 0 view .LVU486
 1490 0104 D168     		ldr	r1, [r2, #12]
1292:Drivers/STM32F1xx_HAL_Driver/Src/stm32f1xx_hal_spi.c ****         hspi->pRxBuffPtr += sizeof(uint16_t);
 1491              		.loc 1 1292 27 view .LVU487
 1492 0106 A26B     		ldr	r2, [r4, #56]
1292:Drivers/STM32F1xx_HAL_Driver/Src/stm32f1xx_hal_spi.c ****         hspi->pRxBuffPtr += sizeof(uint16_t);
 1493              		.loc 1 1292 41 view .LVU488
 1494 0108 1180     		strh	r1, [r2]	@ movhi
1293:Drivers/STM32F1xx_HAL_Driver/Src/stm32f1xx_hal_spi.c ****         hspi->RxXferCount--;
 1495              		.loc 1 1293 9 is_stmt 1 view .LVU489
1293:Drivers/STM32F1xx_HAL_Driver/Src/stm32f1xx_hal_spi.c ****         hspi->RxXferCount--;
 1496              		.loc 1 1293 13 is_stmt 0 view .LVU490
 1497 010a A26B     		ldr	r2, [r4, #56]
1293:Drivers/STM32F1xx_HAL_Driver/Src/stm32f1xx_hal_spi.c ****         hspi->RxXferCount--;
 1498              		.loc 1 1293 26 view .LVU491
 1499 010c 0232     		adds	r2, r2, #2
 1500 010e A263     		str	r2, [r4, #56]
1294:Drivers/STM32F1xx_HAL_Driver/Src/stm32f1xx_hal_spi.c ****         /* Next Data is a Transmission (Tx). Tx is allowed */
 1501              		.loc 1 1294 9 is_stmt 1 view .LVU492
1294:Drivers/STM32F1xx_HAL_Driver/Src/stm32f1xx_hal_spi.c ****         /* Next Data is a Transmission (Tx). Tx is allowed */
 1502              		.loc 1 1294 13 is_stmt 0 view .LVU493
 1503 0110 E28F     		ldrh	r2, [r4, #62]
 1504 0112 92B2     		uxth	r2, r2
1294:Drivers/STM32F1xx_HAL_Driver/Src/stm32f1xx_hal_spi.c ****         /* Next Data is a Transmission (Tx). Tx is allowed */
 1505              		.loc 1 1294 26 view .LVU494
ARM GAS  /var/folders/y0/yl1wrqfd209ghqq3s8k8qc1m0000gn/T//ccjYiGlu.s 			page 105


 1506 0114 013A     		subs	r2, r2, #1
 1507 0116 92B2     		uxth	r2, r2
 1508 0118 E287     		strh	r2, [r4, #62]	@ movhi
1296:Drivers/STM32F1xx_HAL_Driver/Src/stm32f1xx_hal_spi.c ****       }
 1509              		.loc 1 1296 9 is_stmt 1 view .LVU495
 1510              	.LVL73:
1296:Drivers/STM32F1xx_HAL_Driver/Src/stm32f1xx_hal_spi.c ****       }
 1511              		.loc 1 1296 19 is_stmt 0 view .LVU496
 1512 011a 1F46     		mov	r7, r3
 1513              	.LVL74:
 1514              	.L102:
1298:Drivers/STM32F1xx_HAL_Driver/Src/stm32f1xx_hal_spi.c ****       {
 1515              		.loc 1 1298 7 is_stmt 1 view .LVU497
1298:Drivers/STM32F1xx_HAL_Driver/Src/stm32f1xx_hal_spi.c ****       {
 1516              		.loc 1 1298 13 is_stmt 0 view .LVU498
 1517 011c FFF7FEFF 		bl	HAL_GetTick
 1518              	.LVL75:
1298:Drivers/STM32F1xx_HAL_Driver/Src/stm32f1xx_hal_spi.c ****       {
 1519              		.loc 1 1298 27 discriminator 1 view .LVU499
 1520 0120 801B     		subs	r0, r0, r6
1298:Drivers/STM32F1xx_HAL_Driver/Src/stm32f1xx_hal_spi.c ****       {
 1521              		.loc 1 1298 10 discriminator 1 view .LVU500
 1522 0122 A842     		cmp	r0, r5
 1523 0124 02D3     		bcc	.L103
1298:Drivers/STM32F1xx_HAL_Driver/Src/stm32f1xx_hal_spi.c ****       {
 1524              		.loc 1 1298 53 discriminator 2 view .LVU501
 1525 0126 B5F1FF3F 		cmp	r5, #-1
 1526 012a 1FD1     		bne	.L125
 1527              	.LVL76:
 1528              	.L103:
1269:Drivers/STM32F1xx_HAL_Driver/Src/stm32f1xx_hal_spi.c ****     {
 1529              		.loc 1 1269 37 is_stmt 1 view .LVU502
1269:Drivers/STM32F1xx_HAL_Driver/Src/stm32f1xx_hal_spi.c ****     {
 1530              		.loc 1 1269 17 is_stmt 0 view .LVU503
 1531 012c E38E     		ldrh	r3, [r4, #54]
 1532 012e 9BB2     		uxth	r3, r3
1269:Drivers/STM32F1xx_HAL_Driver/Src/stm32f1xx_hal_spi.c ****     {
 1533              		.loc 1 1269 37 view .LVU504
 1534 0130 1BB9     		cbnz	r3, .L104
1269:Drivers/STM32F1xx_HAL_Driver/Src/stm32f1xx_hal_spi.c ****     {
 1535              		.loc 1 1269 45 discriminator 1 view .LVU505
 1536 0132 E38F     		ldrh	r3, [r4, #62]
 1537 0134 9BB2     		uxth	r3, r3
1269:Drivers/STM32F1xx_HAL_Driver/Src/stm32f1xx_hal_spi.c ****     {
 1538              		.loc 1 1269 37 discriminator 1 view .LVU506
 1539 0136 002B     		cmp	r3, #0
 1540 0138 64D0     		beq	.L105
 1541              	.L104:
1272:Drivers/STM32F1xx_HAL_Driver/Src/stm32f1xx_hal_spi.c ****       {
 1542              		.loc 1 1272 7 is_stmt 1 view .LVU507
1272:Drivers/STM32F1xx_HAL_Driver/Src/stm32f1xx_hal_spi.c ****       {
 1543              		.loc 1 1272 12 is_stmt 0 view .LVU508
 1544 013a 2368     		ldr	r3, [r4]
 1545 013c 9A68     		ldr	r2, [r3, #8]
1272:Drivers/STM32F1xx_HAL_Driver/Src/stm32f1xx_hal_spi.c ****       {
 1546              		.loc 1 1272 10 view .LVU509
 1547 013e 12F0020F 		tst	r2, #2
ARM GAS  /var/folders/y0/yl1wrqfd209ghqq3s8k8qc1m0000gn/T//ccjYiGlu.s 			page 106


 1548 0142 D7D0     		beq	.L101
1272:Drivers/STM32F1xx_HAL_Driver/Src/stm32f1xx_hal_spi.c ****       {
 1549              		.loc 1 1272 60 discriminator 1 view .LVU510
 1550 0144 E28E     		ldrh	r2, [r4, #54]
 1551 0146 92B2     		uxth	r2, r2
1272:Drivers/STM32F1xx_HAL_Driver/Src/stm32f1xx_hal_spi.c ****       {
 1552              		.loc 1 1272 52 discriminator 1 view .LVU511
 1553 0148 002A     		cmp	r2, #0
 1554 014a D3D0     		beq	.L101
1272:Drivers/STM32F1xx_HAL_Driver/Src/stm32f1xx_hal_spi.c ****       {
 1555              		.loc 1 1272 80 discriminator 2 view .LVU512
 1556 014c 002F     		cmp	r7, #0
 1557 014e D1D0     		beq	.L101
1274:Drivers/STM32F1xx_HAL_Driver/Src/stm32f1xx_hal_spi.c ****         hspi->pTxBuffPtr += sizeof(uint16_t);
 1558              		.loc 1 1274 9 is_stmt 1 view .LVU513
1274:Drivers/STM32F1xx_HAL_Driver/Src/stm32f1xx_hal_spi.c ****         hspi->pTxBuffPtr += sizeof(uint16_t);
 1559              		.loc 1 1274 54 is_stmt 0 view .LVU514
 1560 0150 226B     		ldr	r2, [r4, #48]
1274:Drivers/STM32F1xx_HAL_Driver/Src/stm32f1xx_hal_spi.c ****         hspi->pTxBuffPtr += sizeof(uint16_t);
 1561              		.loc 1 1274 30 view .LVU515
 1562 0152 1288     		ldrh	r2, [r2]
1274:Drivers/STM32F1xx_HAL_Driver/Src/stm32f1xx_hal_spi.c ****         hspi->pTxBuffPtr += sizeof(uint16_t);
 1563              		.loc 1 1274 28 view .LVU516
 1564 0154 DA60     		str	r2, [r3, #12]
1275:Drivers/STM32F1xx_HAL_Driver/Src/stm32f1xx_hal_spi.c ****         hspi->TxXferCount--;
 1565              		.loc 1 1275 9 is_stmt 1 view .LVU517
1275:Drivers/STM32F1xx_HAL_Driver/Src/stm32f1xx_hal_spi.c ****         hspi->TxXferCount--;
 1566              		.loc 1 1275 13 is_stmt 0 view .LVU518
 1567 0156 236B     		ldr	r3, [r4, #48]
1275:Drivers/STM32F1xx_HAL_Driver/Src/stm32f1xx_hal_spi.c ****         hspi->TxXferCount--;
 1568              		.loc 1 1275 26 view .LVU519
 1569 0158 0233     		adds	r3, r3, #2
 1570 015a 2363     		str	r3, [r4, #48]
1276:Drivers/STM32F1xx_HAL_Driver/Src/stm32f1xx_hal_spi.c ****         /* Next Data is a reception (Rx). Tx not allowed */
 1571              		.loc 1 1276 9 is_stmt 1 view .LVU520
1276:Drivers/STM32F1xx_HAL_Driver/Src/stm32f1xx_hal_spi.c ****         /* Next Data is a reception (Rx). Tx not allowed */
 1572              		.loc 1 1276 13 is_stmt 0 view .LVU521
 1573 015c E38E     		ldrh	r3, [r4, #54]
 1574 015e 9BB2     		uxth	r3, r3
1276:Drivers/STM32F1xx_HAL_Driver/Src/stm32f1xx_hal_spi.c ****         /* Next Data is a reception (Rx). Tx not allowed */
 1575              		.loc 1 1276 26 view .LVU522
 1576 0160 013B     		subs	r3, r3, #1
 1577 0162 9BB2     		uxth	r3, r3
 1578 0164 E386     		strh	r3, [r4, #54]	@ movhi
1278:Drivers/STM32F1xx_HAL_Driver/Src/stm32f1xx_hal_spi.c **** 
 1579              		.loc 1 1278 9 is_stmt 1 view .LVU523
 1580              	.LVL77:
1278:Drivers/STM32F1xx_HAL_Driver/Src/stm32f1xx_hal_spi.c **** 
 1581              		.loc 1 1278 19 is_stmt 0 view .LVU524
 1582 0166 0023     		movs	r3, #0
 1583 0168 1F46     		mov	r7, r3
 1584 016a C3E7     		b	.L101
 1585              	.LVL78:
 1586              	.L125:
1300:Drivers/STM32F1xx_HAL_Driver/Src/stm32f1xx_hal_spi.c ****         __HAL_UNLOCK(hspi);
 1587              		.loc 1 1300 9 is_stmt 1 view .LVU525
1300:Drivers/STM32F1xx_HAL_Driver/Src/stm32f1xx_hal_spi.c ****         __HAL_UNLOCK(hspi);
ARM GAS  /var/folders/y0/yl1wrqfd209ghqq3s8k8qc1m0000gn/T//ccjYiGlu.s 			page 107


 1588              		.loc 1 1300 21 is_stmt 0 view .LVU526
 1589 016c 0123     		movs	r3, #1
 1590 016e 84F85130 		strb	r3, [r4, #81]
1301:Drivers/STM32F1xx_HAL_Driver/Src/stm32f1xx_hal_spi.c ****         return HAL_TIMEOUT;
 1591              		.loc 1 1301 9 is_stmt 1 view .LVU527
1301:Drivers/STM32F1xx_HAL_Driver/Src/stm32f1xx_hal_spi.c ****         return HAL_TIMEOUT;
 1592              		.loc 1 1301 9 view .LVU528
 1593 0172 0023     		movs	r3, #0
 1594 0174 84F85030 		strb	r3, [r4, #80]
1301:Drivers/STM32F1xx_HAL_Driver/Src/stm32f1xx_hal_spi.c ****         return HAL_TIMEOUT;
 1595              		.loc 1 1301 9 view .LVU529
1302:Drivers/STM32F1xx_HAL_Driver/Src/stm32f1xx_hal_spi.c ****       }
 1596              		.loc 1 1302 9 view .LVU530
1302:Drivers/STM32F1xx_HAL_Driver/Src/stm32f1xx_hal_spi.c ****       }
 1597              		.loc 1 1302 16 is_stmt 0 view .LVU531
 1598 0178 0320     		movs	r0, #3
 1599 017a 64E0     		b	.L95
 1600              	.LVL79:
 1601              	.L108:
1344:Drivers/STM32F1xx_HAL_Driver/Src/stm32f1xx_hal_spi.c ****       {
 1602              		.loc 1 1344 7 is_stmt 1 view .LVU532
1344:Drivers/STM32F1xx_HAL_Driver/Src/stm32f1xx_hal_spi.c ****       {
 1603              		.loc 1 1344 12 is_stmt 0 view .LVU533
 1604 017c 2268     		ldr	r2, [r4]
 1605 017e 9368     		ldr	r3, [r2, #8]
1344:Drivers/STM32F1xx_HAL_Driver/Src/stm32f1xx_hal_spi.c ****       {
 1606              		.loc 1 1344 10 view .LVU534
 1607 0180 13F00103 		ands	r3, r3, #1
 1608 0184 0ED0     		beq	.L109
1344:Drivers/STM32F1xx_HAL_Driver/Src/stm32f1xx_hal_spi.c ****       {
 1609              		.loc 1 1344 61 discriminator 1 view .LVU535
 1610 0186 E18F     		ldrh	r1, [r4, #62]
 1611 0188 89B2     		uxth	r1, r1
1344:Drivers/STM32F1xx_HAL_Driver/Src/stm32f1xx_hal_spi.c ****       {
 1612              		.loc 1 1344 53 discriminator 1 view .LVU536
 1613 018a 59B1     		cbz	r1, .L109
1346:Drivers/STM32F1xx_HAL_Driver/Src/stm32f1xx_hal_spi.c ****         hspi->pRxBuffPtr++;
 1614              		.loc 1 1346 9 is_stmt 1 view .LVU537
1346:Drivers/STM32F1xx_HAL_Driver/Src/stm32f1xx_hal_spi.c ****         hspi->pRxBuffPtr++;
 1615              		.loc 1 1346 56 is_stmt 0 view .LVU538
 1616 018c D168     		ldr	r1, [r2, #12]
1346:Drivers/STM32F1xx_HAL_Driver/Src/stm32f1xx_hal_spi.c ****         hspi->pRxBuffPtr++;
 1617              		.loc 1 1346 26 view .LVU539
 1618 018e A26B     		ldr	r2, [r4, #56]
1346:Drivers/STM32F1xx_HAL_Driver/Src/stm32f1xx_hal_spi.c ****         hspi->pRxBuffPtr++;
 1619              		.loc 1 1346 40 view .LVU540
 1620 0190 1170     		strb	r1, [r2]
1347:Drivers/STM32F1xx_HAL_Driver/Src/stm32f1xx_hal_spi.c ****         hspi->RxXferCount--;
 1621              		.loc 1 1347 9 is_stmt 1 view .LVU541
1347:Drivers/STM32F1xx_HAL_Driver/Src/stm32f1xx_hal_spi.c ****         hspi->RxXferCount--;
 1622              		.loc 1 1347 13 is_stmt 0 view .LVU542
 1623 0192 A26B     		ldr	r2, [r4, #56]
1347:Drivers/STM32F1xx_HAL_Driver/Src/stm32f1xx_hal_spi.c ****         hspi->RxXferCount--;
 1624              		.loc 1 1347 25 view .LVU543
 1625 0194 0132     		adds	r2, r2, #1
 1626 0196 A263     		str	r2, [r4, #56]
1348:Drivers/STM32F1xx_HAL_Driver/Src/stm32f1xx_hal_spi.c ****         /* Next Data is a Transmission (Tx). Tx is allowed */
ARM GAS  /var/folders/y0/yl1wrqfd209ghqq3s8k8qc1m0000gn/T//ccjYiGlu.s 			page 108


 1627              		.loc 1 1348 9 is_stmt 1 view .LVU544
1348:Drivers/STM32F1xx_HAL_Driver/Src/stm32f1xx_hal_spi.c ****         /* Next Data is a Transmission (Tx). Tx is allowed */
 1628              		.loc 1 1348 13 is_stmt 0 view .LVU545
 1629 0198 E28F     		ldrh	r2, [r4, #62]
 1630 019a 92B2     		uxth	r2, r2
1348:Drivers/STM32F1xx_HAL_Driver/Src/stm32f1xx_hal_spi.c ****         /* Next Data is a Transmission (Tx). Tx is allowed */
 1631              		.loc 1 1348 26 view .LVU546
 1632 019c 013A     		subs	r2, r2, #1
 1633 019e 92B2     		uxth	r2, r2
 1634 01a0 E287     		strh	r2, [r4, #62]	@ movhi
1350:Drivers/STM32F1xx_HAL_Driver/Src/stm32f1xx_hal_spi.c ****       }
 1635              		.loc 1 1350 9 is_stmt 1 view .LVU547
 1636              	.LVL80:
1350:Drivers/STM32F1xx_HAL_Driver/Src/stm32f1xx_hal_spi.c ****       }
 1637              		.loc 1 1350 19 is_stmt 0 view .LVU548
 1638 01a2 1F46     		mov	r7, r3
 1639              	.LVL81:
 1640              	.L109:
1352:Drivers/STM32F1xx_HAL_Driver/Src/stm32f1xx_hal_spi.c ****       {
 1641              		.loc 1 1352 7 is_stmt 1 view .LVU549
1352:Drivers/STM32F1xx_HAL_Driver/Src/stm32f1xx_hal_spi.c ****       {
 1642              		.loc 1 1352 14 is_stmt 0 view .LVU550
 1643 01a4 FFF7FEFF 		bl	HAL_GetTick
 1644              	.LVL82:
1352:Drivers/STM32F1xx_HAL_Driver/Src/stm32f1xx_hal_spi.c ****       {
 1645              		.loc 1 1352 28 discriminator 1 view .LVU551
 1646 01a8 831B     		subs	r3, r0, r6
1352:Drivers/STM32F1xx_HAL_Driver/Src/stm32f1xx_hal_spi.c ****       {
 1647              		.loc 1 1352 10 discriminator 1 view .LVU552
 1648 01aa AB42     		cmp	r3, r5
 1649 01ac 02D3     		bcc	.L110
1352:Drivers/STM32F1xx_HAL_Driver/Src/stm32f1xx_hal_spi.c ****       {
 1650              		.loc 1 1352 54 discriminator 2 view .LVU553
 1651 01ae B5F1FF3F 		cmp	r5, #-1
 1652 01b2 1FD1     		bne	.L111
 1653              	.L110:
1352:Drivers/STM32F1xx_HAL_Driver/Src/stm32f1xx_hal_spi.c ****       {
 1654              		.loc 1 1352 87 discriminator 4 view .LVU554
 1655 01b4 F5B1     		cbz	r5, .L111
 1656              	.LVL83:
 1657              	.L112:
1323:Drivers/STM32F1xx_HAL_Driver/Src/stm32f1xx_hal_spi.c ****     {
 1658              		.loc 1 1323 37 is_stmt 1 view .LVU555
1323:Drivers/STM32F1xx_HAL_Driver/Src/stm32f1xx_hal_spi.c ****     {
 1659              		.loc 1 1323 17 is_stmt 0 view .LVU556
 1660 01b6 E38E     		ldrh	r3, [r4, #54]
 1661 01b8 9BB2     		uxth	r3, r3
1323:Drivers/STM32F1xx_HAL_Driver/Src/stm32f1xx_hal_spi.c ****     {
 1662              		.loc 1 1323 37 view .LVU557
 1663 01ba 13B9     		cbnz	r3, .L113
1323:Drivers/STM32F1xx_HAL_Driver/Src/stm32f1xx_hal_spi.c ****     {
 1664              		.loc 1 1323 45 discriminator 1 view .LVU558
 1665 01bc E38F     		ldrh	r3, [r4, #62]
 1666 01be 9BB2     		uxth	r3, r3
1323:Drivers/STM32F1xx_HAL_Driver/Src/stm32f1xx_hal_spi.c ****     {
 1667              		.loc 1 1323 37 discriminator 1 view .LVU559
 1668 01c0 03B3     		cbz	r3, .L105
ARM GAS  /var/folders/y0/yl1wrqfd209ghqq3s8k8qc1m0000gn/T//ccjYiGlu.s 			page 109


 1669              	.L113:
1326:Drivers/STM32F1xx_HAL_Driver/Src/stm32f1xx_hal_spi.c ****       {
 1670              		.loc 1 1326 7 is_stmt 1 view .LVU560
1326:Drivers/STM32F1xx_HAL_Driver/Src/stm32f1xx_hal_spi.c ****       {
 1671              		.loc 1 1326 12 is_stmt 0 view .LVU561
 1672 01c2 2368     		ldr	r3, [r4]
 1673 01c4 9A68     		ldr	r2, [r3, #8]
1326:Drivers/STM32F1xx_HAL_Driver/Src/stm32f1xx_hal_spi.c ****       {
 1674              		.loc 1 1326 10 view .LVU562
 1675 01c6 12F0020F 		tst	r2, #2
 1676 01ca D7D0     		beq	.L108
1326:Drivers/STM32F1xx_HAL_Driver/Src/stm32f1xx_hal_spi.c ****       {
 1677              		.loc 1 1326 60 discriminator 1 view .LVU563
 1678 01cc E28E     		ldrh	r2, [r4, #54]
 1679 01ce 92B2     		uxth	r2, r2
1326:Drivers/STM32F1xx_HAL_Driver/Src/stm32f1xx_hal_spi.c ****       {
 1680              		.loc 1 1326 52 discriminator 1 view .LVU564
 1681 01d0 002A     		cmp	r2, #0
 1682 01d2 D3D0     		beq	.L108
1326:Drivers/STM32F1xx_HAL_Driver/Src/stm32f1xx_hal_spi.c ****       {
 1683              		.loc 1 1326 80 discriminator 2 view .LVU565
 1684 01d4 002F     		cmp	r7, #0
 1685 01d6 D1D0     		beq	.L108
1328:Drivers/STM32F1xx_HAL_Driver/Src/stm32f1xx_hal_spi.c ****         hspi->pTxBuffPtr++;
 1686              		.loc 1 1328 9 is_stmt 1 view .LVU566
1328:Drivers/STM32F1xx_HAL_Driver/Src/stm32f1xx_hal_spi.c ****         hspi->pTxBuffPtr++;
 1687              		.loc 1 1328 71 is_stmt 0 view .LVU567
 1688 01d8 226B     		ldr	r2, [r4, #48]
1328:Drivers/STM32F1xx_HAL_Driver/Src/stm32f1xx_hal_spi.c ****         hspi->pTxBuffPtr++;
 1689              		.loc 1 1328 48 view .LVU568
 1690 01da 1278     		ldrb	r2, [r2]	@ zero_extendqisi2
1328:Drivers/STM32F1xx_HAL_Driver/Src/stm32f1xx_hal_spi.c ****         hspi->pTxBuffPtr++;
 1691              		.loc 1 1328 46 view .LVU569
 1692 01dc 1A73     		strb	r2, [r3, #12]
1329:Drivers/STM32F1xx_HAL_Driver/Src/stm32f1xx_hal_spi.c ****         hspi->TxXferCount--;
 1693              		.loc 1 1329 9 is_stmt 1 view .LVU570
1329:Drivers/STM32F1xx_HAL_Driver/Src/stm32f1xx_hal_spi.c ****         hspi->TxXferCount--;
 1694              		.loc 1 1329 13 is_stmt 0 view .LVU571
 1695 01de 236B     		ldr	r3, [r4, #48]
1329:Drivers/STM32F1xx_HAL_Driver/Src/stm32f1xx_hal_spi.c ****         hspi->TxXferCount--;
 1696              		.loc 1 1329 25 view .LVU572
 1697 01e0 0133     		adds	r3, r3, #1
 1698 01e2 2363     		str	r3, [r4, #48]
1330:Drivers/STM32F1xx_HAL_Driver/Src/stm32f1xx_hal_spi.c ****         /* Next Data is a reception (Rx). Tx not allowed */
 1699              		.loc 1 1330 9 is_stmt 1 view .LVU573
1330:Drivers/STM32F1xx_HAL_Driver/Src/stm32f1xx_hal_spi.c ****         /* Next Data is a reception (Rx). Tx not allowed */
 1700              		.loc 1 1330 13 is_stmt 0 view .LVU574
 1701 01e4 E38E     		ldrh	r3, [r4, #54]
 1702 01e6 9BB2     		uxth	r3, r3
1330:Drivers/STM32F1xx_HAL_Driver/Src/stm32f1xx_hal_spi.c ****         /* Next Data is a reception (Rx). Tx not allowed */
 1703              		.loc 1 1330 26 view .LVU575
 1704 01e8 013B     		subs	r3, r3, #1
 1705 01ea 9BB2     		uxth	r3, r3
 1706 01ec E386     		strh	r3, [r4, #54]	@ movhi
1332:Drivers/STM32F1xx_HAL_Driver/Src/stm32f1xx_hal_spi.c **** 
 1707              		.loc 1 1332 9 is_stmt 1 view .LVU576
 1708              	.LVL84:
ARM GAS  /var/folders/y0/yl1wrqfd209ghqq3s8k8qc1m0000gn/T//ccjYiGlu.s 			page 110


1332:Drivers/STM32F1xx_HAL_Driver/Src/stm32f1xx_hal_spi.c **** 
 1709              		.loc 1 1332 19 is_stmt 0 view .LVU577
 1710 01ee 0023     		movs	r3, #0
 1711 01f0 1F46     		mov	r7, r3
 1712 01f2 C3E7     		b	.L108
 1713              	.LVL85:
 1714              	.L111:
1354:Drivers/STM32F1xx_HAL_Driver/Src/stm32f1xx_hal_spi.c ****         __HAL_UNLOCK(hspi);
 1715              		.loc 1 1354 9 is_stmt 1 view .LVU578
1354:Drivers/STM32F1xx_HAL_Driver/Src/stm32f1xx_hal_spi.c ****         __HAL_UNLOCK(hspi);
 1716              		.loc 1 1354 21 is_stmt 0 view .LVU579
 1717 01f4 0123     		movs	r3, #1
 1718 01f6 84F85130 		strb	r3, [r4, #81]
1355:Drivers/STM32F1xx_HAL_Driver/Src/stm32f1xx_hal_spi.c ****         return HAL_TIMEOUT;
 1719              		.loc 1 1355 9 is_stmt 1 view .LVU580
1355:Drivers/STM32F1xx_HAL_Driver/Src/stm32f1xx_hal_spi.c ****         return HAL_TIMEOUT;
 1720              		.loc 1 1355 9 view .LVU581
 1721 01fa 0023     		movs	r3, #0
 1722 01fc 84F85030 		strb	r3, [r4, #80]
1355:Drivers/STM32F1xx_HAL_Driver/Src/stm32f1xx_hal_spi.c ****         return HAL_TIMEOUT;
 1723              		.loc 1 1355 9 view .LVU582
1356:Drivers/STM32F1xx_HAL_Driver/Src/stm32f1xx_hal_spi.c ****       }
 1724              		.loc 1 1356 9 view .LVU583
1356:Drivers/STM32F1xx_HAL_Driver/Src/stm32f1xx_hal_spi.c ****       }
 1725              		.loc 1 1356 16 is_stmt 0 view .LVU584
 1726 0200 0320     		movs	r0, #3
 1727 0202 20E0     		b	.L95
 1728              	.L105:
1401:Drivers/STM32F1xx_HAL_Driver/Src/stm32f1xx_hal_spi.c ****   {
 1729              		.loc 1 1401 3 is_stmt 1 view .LVU585
1401:Drivers/STM32F1xx_HAL_Driver/Src/stm32f1xx_hal_spi.c ****   {
 1730              		.loc 1 1401 7 is_stmt 0 view .LVU586
 1731 0204 3246     		mov	r2, r6
 1732 0206 2946     		mov	r1, r5
 1733 0208 2046     		mov	r0, r4
 1734 020a FFF7FEFF 		bl	SPI_EndRxTxTransaction
 1735              	.LVL86:
1401:Drivers/STM32F1xx_HAL_Driver/Src/stm32f1xx_hal_spi.c ****   {
 1736              		.loc 1 1401 6 discriminator 1 view .LVU587
 1737 020e 90B9     		cbnz	r0, .L126
1409:Drivers/STM32F1xx_HAL_Driver/Src/stm32f1xx_hal_spi.c ****   {
 1738              		.loc 1 1409 3 is_stmt 1 view .LVU588
1409:Drivers/STM32F1xx_HAL_Driver/Src/stm32f1xx_hal_spi.c ****   {
 1739              		.loc 1 1409 17 is_stmt 0 view .LVU589
 1740 0210 A368     		ldr	r3, [r4, #8]
1409:Drivers/STM32F1xx_HAL_Driver/Src/stm32f1xx_hal_spi.c ****   {
 1741              		.loc 1 1409 6 view .LVU590
 1742 0212 33B9     		cbnz	r3, .L115
1411:Drivers/STM32F1xx_HAL_Driver/Src/stm32f1xx_hal_spi.c ****   }
 1743              		.loc 1 1411 5 is_stmt 1 view .LVU591
 1744              	.LBB3:
1411:Drivers/STM32F1xx_HAL_Driver/Src/stm32f1xx_hal_spi.c ****   }
 1745              		.loc 1 1411 5 view .LVU592
 1746 0214 0193     		str	r3, [sp, #4]
1411:Drivers/STM32F1xx_HAL_Driver/Src/stm32f1xx_hal_spi.c ****   }
 1747              		.loc 1 1411 5 view .LVU593
 1748 0216 2368     		ldr	r3, [r4]
ARM GAS  /var/folders/y0/yl1wrqfd209ghqq3s8k8qc1m0000gn/T//ccjYiGlu.s 			page 111


 1749 0218 DA68     		ldr	r2, [r3, #12]
 1750 021a 0192     		str	r2, [sp, #4]
1411:Drivers/STM32F1xx_HAL_Driver/Src/stm32f1xx_hal_spi.c ****   }
 1751              		.loc 1 1411 5 view .LVU594
 1752 021c 9B68     		ldr	r3, [r3, #8]
 1753 021e 0193     		str	r3, [sp, #4]
1411:Drivers/STM32F1xx_HAL_Driver/Src/stm32f1xx_hal_spi.c ****   }
 1754              		.loc 1 1411 5 view .LVU595
 1755 0220 019B     		ldr	r3, [sp, #4]
 1756              	.L115:
 1757              	.LBE3:
1411:Drivers/STM32F1xx_HAL_Driver/Src/stm32f1xx_hal_spi.c ****   }
 1758              		.loc 1 1411 5 view .LVU596
1415:Drivers/STM32F1xx_HAL_Driver/Src/stm32f1xx_hal_spi.c ****   /* Unlock the process */
 1759              		.loc 1 1415 3 view .LVU597
1415:Drivers/STM32F1xx_HAL_Driver/Src/stm32f1xx_hal_spi.c ****   /* Unlock the process */
 1760              		.loc 1 1415 15 is_stmt 0 view .LVU598
 1761 0222 0123     		movs	r3, #1
 1762 0224 84F85130 		strb	r3, [r4, #81]
1417:Drivers/STM32F1xx_HAL_Driver/Src/stm32f1xx_hal_spi.c **** 
 1763              		.loc 1 1417 3 is_stmt 1 view .LVU599
1417:Drivers/STM32F1xx_HAL_Driver/Src/stm32f1xx_hal_spi.c **** 
 1764              		.loc 1 1417 3 view .LVU600
 1765 0228 0023     		movs	r3, #0
 1766 022a 84F85030 		strb	r3, [r4, #80]
1417:Drivers/STM32F1xx_HAL_Driver/Src/stm32f1xx_hal_spi.c **** 
 1767              		.loc 1 1417 3 view .LVU601
1419:Drivers/STM32F1xx_HAL_Driver/Src/stm32f1xx_hal_spi.c ****   {
 1768              		.loc 1 1419 3 view .LVU602
1419:Drivers/STM32F1xx_HAL_Driver/Src/stm32f1xx_hal_spi.c ****   {
 1769              		.loc 1 1419 11 is_stmt 0 view .LVU603
 1770 022e 636D     		ldr	r3, [r4, #84]
1419:Drivers/STM32F1xx_HAL_Driver/Src/stm32f1xx_hal_spi.c ****   {
 1771              		.loc 1 1419 6 view .LVU604
 1772 0230 4BB1     		cbz	r3, .L95
1421:Drivers/STM32F1xx_HAL_Driver/Src/stm32f1xx_hal_spi.c ****   }
 1773              		.loc 1 1421 12 view .LVU605
 1774 0232 0120     		movs	r0, #1
 1775 0234 07E0     		b	.L95
 1776              	.L126:
1403:Drivers/STM32F1xx_HAL_Driver/Src/stm32f1xx_hal_spi.c ****     __HAL_UNLOCK(hspi);
 1777              		.loc 1 1403 5 is_stmt 1 view .LVU606
1403:Drivers/STM32F1xx_HAL_Driver/Src/stm32f1xx_hal_spi.c ****     __HAL_UNLOCK(hspi);
 1778              		.loc 1 1403 21 is_stmt 0 view .LVU607
 1779 0236 2023     		movs	r3, #32
 1780 0238 6365     		str	r3, [r4, #84]
1404:Drivers/STM32F1xx_HAL_Driver/Src/stm32f1xx_hal_spi.c ****     return HAL_ERROR;
 1781              		.loc 1 1404 5 is_stmt 1 view .LVU608
1404:Drivers/STM32F1xx_HAL_Driver/Src/stm32f1xx_hal_spi.c ****     return HAL_ERROR;
 1782              		.loc 1 1404 5 view .LVU609
 1783 023a 0023     		movs	r3, #0
 1784 023c 84F85030 		strb	r3, [r4, #80]
1404:Drivers/STM32F1xx_HAL_Driver/Src/stm32f1xx_hal_spi.c ****     return HAL_ERROR;
 1785              		.loc 1 1404 5 view .LVU610
1405:Drivers/STM32F1xx_HAL_Driver/Src/stm32f1xx_hal_spi.c ****   }
 1786              		.loc 1 1405 5 view .LVU611
1405:Drivers/STM32F1xx_HAL_Driver/Src/stm32f1xx_hal_spi.c ****   }
ARM GAS  /var/folders/y0/yl1wrqfd209ghqq3s8k8qc1m0000gn/T//ccjYiGlu.s 			page 112


 1787              		.loc 1 1405 12 is_stmt 0 view .LVU612
 1788 0240 0120     		movs	r0, #1
 1789 0242 00E0     		b	.L95
 1790              	.LVL87:
 1791              	.L116:
1206:Drivers/STM32F1xx_HAL_Driver/Src/stm32f1xx_hal_spi.c ****   }
 1792              		.loc 1 1206 12 view .LVU613
 1793 0244 0220     		movs	r0, #2
 1794              	.LVL88:
 1795              	.L95:
1427:Drivers/STM32F1xx_HAL_Driver/Src/stm32f1xx_hal_spi.c **** 
 1796              		.loc 1 1427 1 view .LVU614
 1797 0246 03B0     		add	sp, sp, #12
 1798              	.LCFI23:
 1799              		.cfi_remember_state
 1800              		.cfi_def_cfa_offset 28
 1801              		@ sp needed
 1802 0248 BDE8F083 		pop	{r4, r5, r6, r7, r8, r9, pc}
 1803              	.LVL89:
 1804              	.L117:
 1805              	.LCFI24:
 1806              		.cfi_restore_state
1206:Drivers/STM32F1xx_HAL_Driver/Src/stm32f1xx_hal_spi.c ****   }
 1807              		.loc 1 1206 12 view .LVU615
 1808 024c 0220     		movs	r0, #2
 1809              	.LVL90:
1206:Drivers/STM32F1xx_HAL_Driver/Src/stm32f1xx_hal_spi.c ****   }
 1810              		.loc 1 1206 12 view .LVU616
 1811 024e FAE7     		b	.L95
 1812              	.LVL91:
 1813              	.L118:
1206:Drivers/STM32F1xx_HAL_Driver/Src/stm32f1xx_hal_spi.c ****   }
 1814              		.loc 1 1206 12 view .LVU617
 1815 0250 0220     		movs	r0, #2
 1816              	.LVL92:
1206:Drivers/STM32F1xx_HAL_Driver/Src/stm32f1xx_hal_spi.c ****   }
 1817              		.loc 1 1206 12 view .LVU618
 1818 0252 F8E7     		b	.L95
 1819              	.LVL93:
 1820              	.L119:
1211:Drivers/STM32F1xx_HAL_Driver/Src/stm32f1xx_hal_spi.c ****   }
 1821              		.loc 1 1211 12 view .LVU619
 1822 0254 0120     		movs	r0, #1
 1823              	.LVL94:
1211:Drivers/STM32F1xx_HAL_Driver/Src/stm32f1xx_hal_spi.c ****   }
 1824              		.loc 1 1211 12 view .LVU620
 1825 0256 F6E7     		b	.L95
 1826              	.LVL95:
 1827              	.L120:
1211:Drivers/STM32F1xx_HAL_Driver/Src/stm32f1xx_hal_spi.c ****   }
 1828              		.loc 1 1211 12 view .LVU621
 1829 0258 0120     		movs	r0, #1
 1830              	.LVL96:
1211:Drivers/STM32F1xx_HAL_Driver/Src/stm32f1xx_hal_spi.c ****   }
 1831              		.loc 1 1211 12 view .LVU622
 1832 025a F4E7     		b	.L95
 1833              	.LVL97:
ARM GAS  /var/folders/y0/yl1wrqfd209ghqq3s8k8qc1m0000gn/T//ccjYiGlu.s 			page 113


 1834              	.L121:
1211:Drivers/STM32F1xx_HAL_Driver/Src/stm32f1xx_hal_spi.c ****   }
 1835              		.loc 1 1211 12 view .LVU623
 1836 025c 0120     		movs	r0, #1
 1837              	.LVL98:
1211:Drivers/STM32F1xx_HAL_Driver/Src/stm32f1xx_hal_spi.c ****   }
 1838              		.loc 1 1211 12 view .LVU624
 1839 025e F2E7     		b	.L95
 1840              	.LVL99:
 1841              	.L122:
1215:Drivers/STM32F1xx_HAL_Driver/Src/stm32f1xx_hal_spi.c **** 
 1842              		.loc 1 1215 3 discriminator 1 view .LVU625
 1843 0260 0220     		movs	r0, #2
 1844              	.LVL100:
1215:Drivers/STM32F1xx_HAL_Driver/Src/stm32f1xx_hal_spi.c **** 
 1845              		.loc 1 1215 3 discriminator 1 view .LVU626
 1846 0262 F0E7     		b	.L95
 1847              		.cfi_endproc
 1848              	.LFE71:
 1850              		.section	.text.HAL_SPI_Receive,"ax",%progbits
 1851              		.align	1
 1852              		.global	HAL_SPI_Receive
 1853              		.syntax unified
 1854              		.thumb
 1855              		.thumb_func
 1857              	HAL_SPI_Receive:
 1858              	.LVL101:
 1859              	.LFB70:
 962:Drivers/STM32F1xx_HAL_Driver/Src/stm32f1xx_hal_spi.c **** #if (USE_SPI_CRC != 0U)
 1860              		.loc 1 962 1 is_stmt 1 view -0
 1861              		.cfi_startproc
 1862              		@ args = 0, pretend = 0, frame = 0
 1863              		@ frame_needed = 0, uses_anonymous_args = 0
 962:Drivers/STM32F1xx_HAL_Driver/Src/stm32f1xx_hal_spi.c **** #if (USE_SPI_CRC != 0U)
 1864              		.loc 1 962 1 is_stmt 0 view .LVU628
 1865 0000 2DE9F043 		push	{r4, r5, r6, r7, r8, r9, lr}
 1866              	.LCFI25:
 1867              		.cfi_def_cfa_offset 28
 1868              		.cfi_offset 4, -28
 1869              		.cfi_offset 5, -24
 1870              		.cfi_offset 6, -20
 1871              		.cfi_offset 7, -16
 1872              		.cfi_offset 8, -12
 1873              		.cfi_offset 9, -8
 1874              		.cfi_offset 14, -4
 1875 0004 83B0     		sub	sp, sp, #12
 1876              	.LCFI26:
 1877              		.cfi_def_cfa_offset 40
 1878 0006 1D46     		mov	r5, r3
 966:Drivers/STM32F1xx_HAL_Driver/Src/stm32f1xx_hal_spi.c **** 
 1879              		.loc 1 966 3 is_stmt 1 view .LVU629
 968:Drivers/STM32F1xx_HAL_Driver/Src/stm32f1xx_hal_spi.c ****   {
 1880              		.loc 1 968 3 view .LVU630
 968:Drivers/STM32F1xx_HAL_Driver/Src/stm32f1xx_hal_spi.c ****   {
 1881              		.loc 1 968 11 is_stmt 0 view .LVU631
 1882 0008 90F85130 		ldrb	r3, [r0, #81]	@ zero_extendqisi2
 1883              	.LVL102:
ARM GAS  /var/folders/y0/yl1wrqfd209ghqq3s8k8qc1m0000gn/T//ccjYiGlu.s 			page 114


 968:Drivers/STM32F1xx_HAL_Driver/Src/stm32f1xx_hal_spi.c ****   {
 1884              		.loc 1 968 6 view .LVU632
 1885 000c 012B     		cmp	r3, #1
 1886 000e 40F0B580 		bne	.L146
 1887 0012 0446     		mov	r4, r0
 1888 0014 8846     		mov	r8, r1
 1889 0016 9146     		mov	r9, r2
 1890 0018 DEB2     		uxtb	r6, r3
 973:Drivers/STM32F1xx_HAL_Driver/Src/stm32f1xx_hal_spi.c ****   {
 1891              		.loc 1 973 3 is_stmt 1 view .LVU633
 973:Drivers/STM32F1xx_HAL_Driver/Src/stm32f1xx_hal_spi.c ****   {
 1892              		.loc 1 973 18 is_stmt 0 view .LVU634
 1893 001a 4368     		ldr	r3, [r0, #4]
 973:Drivers/STM32F1xx_HAL_Driver/Src/stm32f1xx_hal_spi.c ****   {
 1894              		.loc 1 973 6 view .LVU635
 1895 001c B3F5827F 		cmp	r3, #260
 1896 0020 02D1     		bne	.L129
 973:Drivers/STM32F1xx_HAL_Driver/Src/stm32f1xx_hal_spi.c ****   {
 1897              		.loc 1 973 58 discriminator 1 view .LVU636
 1898 0022 8368     		ldr	r3, [r0, #8]
 973:Drivers/STM32F1xx_HAL_Driver/Src/stm32f1xx_hal_spi.c ****   {
 1899              		.loc 1 973 44 discriminator 1 view .LVU637
 1900 0024 002B     		cmp	r3, #0
 1901 0026 32D0     		beq	.L150
 1902              	.L129:
 981:Drivers/STM32F1xx_HAL_Driver/Src/stm32f1xx_hal_spi.c **** 
 1903              		.loc 1 981 3 is_stmt 1 view .LVU638
 981:Drivers/STM32F1xx_HAL_Driver/Src/stm32f1xx_hal_spi.c **** 
 1904              		.loc 1 981 15 is_stmt 0 view .LVU639
 1905 0028 FFF7FEFF 		bl	HAL_GetTick
 1906              	.LVL103:
 981:Drivers/STM32F1xx_HAL_Driver/Src/stm32f1xx_hal_spi.c **** 
 1907              		.loc 1 981 15 view .LVU640
 1908 002c 0746     		mov	r7, r0
 1909              	.LVL104:
 983:Drivers/STM32F1xx_HAL_Driver/Src/stm32f1xx_hal_spi.c ****   {
 1910              		.loc 1 983 3 is_stmt 1 view .LVU641
 983:Drivers/STM32F1xx_HAL_Driver/Src/stm32f1xx_hal_spi.c ****   {
 1911              		.loc 1 983 6 is_stmt 0 view .LVU642
 1912 002e 4246     		mov	r2, r8
 1913 0030 002A     		cmp	r2, #0
 1914 0032 00F0A480 		beq	.L128
 1915              	.LVL105:
 983:Drivers/STM32F1xx_HAL_Driver/Src/stm32f1xx_hal_spi.c ****   {
 1916              		.loc 1 983 23 discriminator 1 view .LVU643
 1917 0036 4946     		mov	r1, r9
 1918 0038 0029     		cmp	r1, #0
 1919 003a 00F0A080 		beq	.L128
 1920              	.LVL106:
 989:Drivers/STM32F1xx_HAL_Driver/Src/stm32f1xx_hal_spi.c **** 
 1921              		.loc 1 989 3 is_stmt 1 view .LVU644
 989:Drivers/STM32F1xx_HAL_Driver/Src/stm32f1xx_hal_spi.c **** 
 1922              		.loc 1 989 3 view .LVU645
 1923 003e 94F85030 		ldrb	r3, [r4, #80]	@ zero_extendqisi2
 1924 0042 012B     		cmp	r3, #1
 1925 0044 00F09F80 		beq	.L147
 989:Drivers/STM32F1xx_HAL_Driver/Src/stm32f1xx_hal_spi.c **** 
ARM GAS  /var/folders/y0/yl1wrqfd209ghqq3s8k8qc1m0000gn/T//ccjYiGlu.s 			page 115


 1926              		.loc 1 989 3 discriminator 2 view .LVU646
 1927 0048 0123     		movs	r3, #1
 1928 004a 84F85030 		strb	r3, [r4, #80]
 989:Drivers/STM32F1xx_HAL_Driver/Src/stm32f1xx_hal_spi.c **** 
 1929              		.loc 1 989 3 view .LVU647
 992:Drivers/STM32F1xx_HAL_Driver/Src/stm32f1xx_hal_spi.c ****   hspi->ErrorCode   = HAL_SPI_ERROR_NONE;
 1930              		.loc 1 992 3 view .LVU648
 992:Drivers/STM32F1xx_HAL_Driver/Src/stm32f1xx_hal_spi.c ****   hspi->ErrorCode   = HAL_SPI_ERROR_NONE;
 1931              		.loc 1 992 21 is_stmt 0 view .LVU649
 1932 004e 0423     		movs	r3, #4
 1933 0050 84F85130 		strb	r3, [r4, #81]
 993:Drivers/STM32F1xx_HAL_Driver/Src/stm32f1xx_hal_spi.c ****   hspi->pRxBuffPtr  = (uint8_t *)pData;
 1934              		.loc 1 993 3 is_stmt 1 view .LVU650
 993:Drivers/STM32F1xx_HAL_Driver/Src/stm32f1xx_hal_spi.c ****   hspi->pRxBuffPtr  = (uint8_t *)pData;
 1935              		.loc 1 993 21 is_stmt 0 view .LVU651
 1936 0054 0023     		movs	r3, #0
 1937 0056 6365     		str	r3, [r4, #84]
 994:Drivers/STM32F1xx_HAL_Driver/Src/stm32f1xx_hal_spi.c ****   hspi->RxXferSize  = Size;
 1938              		.loc 1 994 3 is_stmt 1 view .LVU652
 994:Drivers/STM32F1xx_HAL_Driver/Src/stm32f1xx_hal_spi.c ****   hspi->RxXferSize  = Size;
 1939              		.loc 1 994 21 is_stmt 0 view .LVU653
 1940 0058 C4F83880 		str	r8, [r4, #56]
 995:Drivers/STM32F1xx_HAL_Driver/Src/stm32f1xx_hal_spi.c ****   hspi->RxXferCount = Size;
 1941              		.loc 1 995 3 is_stmt 1 view .LVU654
 995:Drivers/STM32F1xx_HAL_Driver/Src/stm32f1xx_hal_spi.c ****   hspi->RxXferCount = Size;
 1942              		.loc 1 995 21 is_stmt 0 view .LVU655
 1943 005c A4F83C90 		strh	r9, [r4, #60]	@ movhi
 996:Drivers/STM32F1xx_HAL_Driver/Src/stm32f1xx_hal_spi.c **** 
 1944              		.loc 1 996 3 is_stmt 1 view .LVU656
 996:Drivers/STM32F1xx_HAL_Driver/Src/stm32f1xx_hal_spi.c **** 
 1945              		.loc 1 996 21 is_stmt 0 view .LVU657
 1946 0060 A4F83E90 		strh	r9, [r4, #62]	@ movhi
 999:Drivers/STM32F1xx_HAL_Driver/Src/stm32f1xx_hal_spi.c ****   hspi->TxXferSize  = 0U;
 1947              		.loc 1 999 3 is_stmt 1 view .LVU658
 999:Drivers/STM32F1xx_HAL_Driver/Src/stm32f1xx_hal_spi.c ****   hspi->TxXferSize  = 0U;
 1948              		.loc 1 999 21 is_stmt 0 view .LVU659
 1949 0064 2363     		str	r3, [r4, #48]
1000:Drivers/STM32F1xx_HAL_Driver/Src/stm32f1xx_hal_spi.c ****   hspi->TxXferCount = 0U;
 1950              		.loc 1 1000 3 is_stmt 1 view .LVU660
1000:Drivers/STM32F1xx_HAL_Driver/Src/stm32f1xx_hal_spi.c ****   hspi->TxXferCount = 0U;
 1951              		.loc 1 1000 21 is_stmt 0 view .LVU661
 1952 0066 A386     		strh	r3, [r4, #52]	@ movhi
1001:Drivers/STM32F1xx_HAL_Driver/Src/stm32f1xx_hal_spi.c ****   hspi->RxISR       = NULL;
 1953              		.loc 1 1001 3 is_stmt 1 view .LVU662
1001:Drivers/STM32F1xx_HAL_Driver/Src/stm32f1xx_hal_spi.c ****   hspi->RxISR       = NULL;
 1954              		.loc 1 1001 21 is_stmt 0 view .LVU663
 1955 0068 E386     		strh	r3, [r4, #54]	@ movhi
1002:Drivers/STM32F1xx_HAL_Driver/Src/stm32f1xx_hal_spi.c ****   hspi->TxISR       = NULL;
 1956              		.loc 1 1002 3 is_stmt 1 view .LVU664
1002:Drivers/STM32F1xx_HAL_Driver/Src/stm32f1xx_hal_spi.c ****   hspi->TxISR       = NULL;
 1957              		.loc 1 1002 21 is_stmt 0 view .LVU665
 1958 006a 2364     		str	r3, [r4, #64]
1003:Drivers/STM32F1xx_HAL_Driver/Src/stm32f1xx_hal_spi.c **** 
 1959              		.loc 1 1003 3 is_stmt 1 view .LVU666
1003:Drivers/STM32F1xx_HAL_Driver/Src/stm32f1xx_hal_spi.c **** 
 1960              		.loc 1 1003 21 is_stmt 0 view .LVU667
 1961 006c 6364     		str	r3, [r4, #68]
ARM GAS  /var/folders/y0/yl1wrqfd209ghqq3s8k8qc1m0000gn/T//ccjYiGlu.s 			page 116


1016:Drivers/STM32F1xx_HAL_Driver/Src/stm32f1xx_hal_spi.c ****   {
 1962              		.loc 1 1016 3 is_stmt 1 view .LVU668
1016:Drivers/STM32F1xx_HAL_Driver/Src/stm32f1xx_hal_spi.c ****   {
 1963              		.loc 1 1016 17 is_stmt 0 view .LVU669
 1964 006e A368     		ldr	r3, [r4, #8]
1016:Drivers/STM32F1xx_HAL_Driver/Src/stm32f1xx_hal_spi.c ****   {
 1965              		.loc 1 1016 6 view .LVU670
 1966 0070 B3F5004F 		cmp	r3, #32768
 1967 0074 15D0     		beq	.L151
 1968              	.LVL107:
 1969              	.L130:
1024:Drivers/STM32F1xx_HAL_Driver/Src/stm32f1xx_hal_spi.c ****   {
 1970              		.loc 1 1024 3 is_stmt 1 view .LVU671
1024:Drivers/STM32F1xx_HAL_Driver/Src/stm32f1xx_hal_spi.c ****   {
 1971              		.loc 1 1024 12 is_stmt 0 view .LVU672
 1972 0076 2368     		ldr	r3, [r4]
1024:Drivers/STM32F1xx_HAL_Driver/Src/stm32f1xx_hal_spi.c ****   {
 1973              		.loc 1 1024 22 view .LVU673
 1974 0078 1A68     		ldr	r2, [r3]
1024:Drivers/STM32F1xx_HAL_Driver/Src/stm32f1xx_hal_spi.c ****   {
 1975              		.loc 1 1024 6 view .LVU674
 1976 007a 12F0400F 		tst	r2, #64
 1977 007e 03D1     		bne	.L131
1027:Drivers/STM32F1xx_HAL_Driver/Src/stm32f1xx_hal_spi.c ****   }
 1978              		.loc 1 1027 5 is_stmt 1 view .LVU675
 1979 0080 1A68     		ldr	r2, [r3]
 1980 0082 42F04002 		orr	r2, r2, #64
 1981 0086 1A60     		str	r2, [r3]
 1982              	.L131:
1031:Drivers/STM32F1xx_HAL_Driver/Src/stm32f1xx_hal_spi.c ****   {
 1983              		.loc 1 1031 3 view .LVU676
1031:Drivers/STM32F1xx_HAL_Driver/Src/stm32f1xx_hal_spi.c ****   {
 1984              		.loc 1 1031 17 is_stmt 0 view .LVU677
 1985 0088 E368     		ldr	r3, [r4, #12]
1031:Drivers/STM32F1xx_HAL_Driver/Src/stm32f1xx_hal_spi.c ****   {
 1986              		.loc 1 1031 6 view .LVU678
 1987 008a F3B1     		cbz	r3, .L132
 1988 008c 43E0     		b	.L133
 1989              	.LVL108:
 1990              	.L150:
 975:Drivers/STM32F1xx_HAL_Driver/Src/stm32f1xx_hal_spi.c ****     /* Call transmit-receive function to send Dummy data on Tx line and generate clock on CLK line 
 1991              		.loc 1 975 5 is_stmt 1 view .LVU679
 975:Drivers/STM32F1xx_HAL_Driver/Src/stm32f1xx_hal_spi.c ****     /* Call transmit-receive function to send Dummy data on Tx line and generate clock on CLK line 
 1992              		.loc 1 975 17 is_stmt 0 view .LVU680
 1993 008e 0423     		movs	r3, #4
 1994 0090 80F85130 		strb	r3, [r0, #81]
 977:Drivers/STM32F1xx_HAL_Driver/Src/stm32f1xx_hal_spi.c ****   }
 1995              		.loc 1 977 5 is_stmt 1 view .LVU681
 977:Drivers/STM32F1xx_HAL_Driver/Src/stm32f1xx_hal_spi.c ****   }
 1996              		.loc 1 977 12 is_stmt 0 view .LVU682
 1997 0094 0095     		str	r5, [sp]
 1998 0096 1346     		mov	r3, r2
 1999 0098 0A46     		mov	r2, r1
 2000              	.LVL109:
 977:Drivers/STM32F1xx_HAL_Driver/Src/stm32f1xx_hal_spi.c ****   }
 2001              		.loc 1 977 12 view .LVU683
 2002 009a FFF7FEFF 		bl	HAL_SPI_TransmitReceive
ARM GAS  /var/folders/y0/yl1wrqfd209ghqq3s8k8qc1m0000gn/T//ccjYiGlu.s 			page 117


 2003              	.LVL110:
 977:Drivers/STM32F1xx_HAL_Driver/Src/stm32f1xx_hal_spi.c ****   }
 2004              		.loc 1 977 12 view .LVU684
 2005 009e 0646     		mov	r6, r0
 2006 00a0 6DE0     		b	.L128
 2007              	.LVL111:
 2008              	.L151:
1019:Drivers/STM32F1xx_HAL_Driver/Src/stm32f1xx_hal_spi.c ****     SPI_1LINE_RX(hspi);
 2009              		.loc 1 1019 5 is_stmt 1 view .LVU685
 2010 00a2 2268     		ldr	r2, [r4]
 2011              	.LVL112:
1019:Drivers/STM32F1xx_HAL_Driver/Src/stm32f1xx_hal_spi.c ****     SPI_1LINE_RX(hspi);
 2012              		.loc 1 1019 5 is_stmt 0 view .LVU686
 2013 00a4 1368     		ldr	r3, [r2]
 2014 00a6 23F04003 		bic	r3, r3, #64
 2015 00aa 1360     		str	r3, [r2]
1020:Drivers/STM32F1xx_HAL_Driver/Src/stm32f1xx_hal_spi.c ****   }
 2016              		.loc 1 1020 5 is_stmt 1 view .LVU687
 2017 00ac 2268     		ldr	r2, [r4]
 2018 00ae 1368     		ldr	r3, [r2]
 2019 00b0 23F48043 		bic	r3, r3, #16384
 2020 00b4 1360     		str	r3, [r2]
 2021 00b6 DEE7     		b	.L130
 2022              	.LVL113:
 2023              	.L134:
1047:Drivers/STM32F1xx_HAL_Driver/Src/stm32f1xx_hal_spi.c ****         {
 2024              		.loc 1 1047 9 view .LVU688
1047:Drivers/STM32F1xx_HAL_Driver/Src/stm32f1xx_hal_spi.c ****         {
 2025              		.loc 1 1047 16 is_stmt 0 view .LVU689
 2026 00b8 FFF7FEFF 		bl	HAL_GetTick
 2027              	.LVL114:
1047:Drivers/STM32F1xx_HAL_Driver/Src/stm32f1xx_hal_spi.c ****         {
 2028              		.loc 1 1047 30 discriminator 1 view .LVU690
 2029 00bc C01B     		subs	r0, r0, r7
1047:Drivers/STM32F1xx_HAL_Driver/Src/stm32f1xx_hal_spi.c ****         {
 2030              		.loc 1 1047 12 discriminator 1 view .LVU691
 2031 00be A842     		cmp	r0, r5
 2032 00c0 02D3     		bcc	.L136
1047:Drivers/STM32F1xx_HAL_Driver/Src/stm32f1xx_hal_spi.c ****         {
 2033              		.loc 1 1047 56 discriminator 2 view .LVU692
 2034 00c2 B5F1FF3F 		cmp	r5, #-1
 2035 00c6 15D1     		bne	.L137
 2036              	.L136:
1047:Drivers/STM32F1xx_HAL_Driver/Src/stm32f1xx_hal_spi.c ****         {
 2037              		.loc 1 1047 87 discriminator 4 view .LVU693
 2038 00c8 A5B1     		cbz	r5, .L137
 2039              	.L132:
1034:Drivers/STM32F1xx_HAL_Driver/Src/stm32f1xx_hal_spi.c ****     {
 2040              		.loc 1 1034 30 is_stmt 1 view .LVU694
1034:Drivers/STM32F1xx_HAL_Driver/Src/stm32f1xx_hal_spi.c ****     {
 2041              		.loc 1 1034 16 is_stmt 0 view .LVU695
 2042 00ca E38F     		ldrh	r3, [r4, #62]
 2043 00cc 9BB2     		uxth	r3, r3
1034:Drivers/STM32F1xx_HAL_Driver/Src/stm32f1xx_hal_spi.c ****     {
 2044              		.loc 1 1034 30 view .LVU696
 2045 00ce 002B     		cmp	r3, #0
 2046 00d0 42D0     		beq	.L139
ARM GAS  /var/folders/y0/yl1wrqfd209ghqq3s8k8qc1m0000gn/T//ccjYiGlu.s 			page 118


1037:Drivers/STM32F1xx_HAL_Driver/Src/stm32f1xx_hal_spi.c ****       {
 2047              		.loc 1 1037 7 is_stmt 1 view .LVU697
1037:Drivers/STM32F1xx_HAL_Driver/Src/stm32f1xx_hal_spi.c ****       {
 2048              		.loc 1 1037 11 is_stmt 0 view .LVU698
 2049 00d2 2368     		ldr	r3, [r4]
 2050 00d4 9A68     		ldr	r2, [r3, #8]
1037:Drivers/STM32F1xx_HAL_Driver/Src/stm32f1xx_hal_spi.c ****       {
 2051              		.loc 1 1037 10 view .LVU699
 2052 00d6 12F0010F 		tst	r2, #1
 2053 00da EDD0     		beq	.L134
1040:Drivers/STM32F1xx_HAL_Driver/Src/stm32f1xx_hal_spi.c ****         hspi->pRxBuffPtr += sizeof(uint8_t);
 2054              		.loc 1 1040 9 is_stmt 1 view .LVU700
1040:Drivers/STM32F1xx_HAL_Driver/Src/stm32f1xx_hal_spi.c ****         hspi->pRxBuffPtr += sizeof(uint8_t);
 2055              		.loc 1 1040 27 is_stmt 0 view .LVU701
 2056 00dc A26B     		ldr	r2, [r4, #56]
1040:Drivers/STM32F1xx_HAL_Driver/Src/stm32f1xx_hal_spi.c ****         hspi->pRxBuffPtr += sizeof(uint8_t);
 2057              		.loc 1 1040 43 view .LVU702
 2058 00de 1B7B     		ldrb	r3, [r3, #12]	@ zero_extendqisi2
1040:Drivers/STM32F1xx_HAL_Driver/Src/stm32f1xx_hal_spi.c ****         hspi->pRxBuffPtr += sizeof(uint8_t);
 2059              		.loc 1 1040 41 view .LVU703
 2060 00e0 1370     		strb	r3, [r2]
1041:Drivers/STM32F1xx_HAL_Driver/Src/stm32f1xx_hal_spi.c ****         hspi->RxXferCount--;
 2061              		.loc 1 1041 9 is_stmt 1 view .LVU704
1041:Drivers/STM32F1xx_HAL_Driver/Src/stm32f1xx_hal_spi.c ****         hspi->RxXferCount--;
 2062              		.loc 1 1041 13 is_stmt 0 view .LVU705
 2063 00e2 A36B     		ldr	r3, [r4, #56]
1041:Drivers/STM32F1xx_HAL_Driver/Src/stm32f1xx_hal_spi.c ****         hspi->RxXferCount--;
 2064              		.loc 1 1041 26 view .LVU706
 2065 00e4 0133     		adds	r3, r3, #1
 2066 00e6 A363     		str	r3, [r4, #56]
1042:Drivers/STM32F1xx_HAL_Driver/Src/stm32f1xx_hal_spi.c ****       }
 2067              		.loc 1 1042 9 is_stmt 1 view .LVU707
1042:Drivers/STM32F1xx_HAL_Driver/Src/stm32f1xx_hal_spi.c ****       }
 2068              		.loc 1 1042 13 is_stmt 0 view .LVU708
 2069 00e8 E38F     		ldrh	r3, [r4, #62]
 2070 00ea 9BB2     		uxth	r3, r3
1042:Drivers/STM32F1xx_HAL_Driver/Src/stm32f1xx_hal_spi.c ****       }
 2071              		.loc 1 1042 26 view .LVU709
 2072 00ec 013B     		subs	r3, r3, #1
 2073 00ee 9BB2     		uxth	r3, r3
 2074 00f0 E387     		strh	r3, [r4, #62]	@ movhi
 2075 00f2 EAE7     		b	.L132
 2076              	.L137:
1049:Drivers/STM32F1xx_HAL_Driver/Src/stm32f1xx_hal_spi.c ****           __HAL_UNLOCK(hspi);
 2077              		.loc 1 1049 11 is_stmt 1 view .LVU710
1049:Drivers/STM32F1xx_HAL_Driver/Src/stm32f1xx_hal_spi.c ****           __HAL_UNLOCK(hspi);
 2078              		.loc 1 1049 23 is_stmt 0 view .LVU711
 2079 00f4 0123     		movs	r3, #1
 2080 00f6 84F85130 		strb	r3, [r4, #81]
1050:Drivers/STM32F1xx_HAL_Driver/Src/stm32f1xx_hal_spi.c ****           return HAL_TIMEOUT;
 2081              		.loc 1 1050 11 is_stmt 1 view .LVU712
1050:Drivers/STM32F1xx_HAL_Driver/Src/stm32f1xx_hal_spi.c ****           return HAL_TIMEOUT;
 2082              		.loc 1 1050 11 view .LVU713
 2083 00fa 0023     		movs	r3, #0
 2084 00fc 84F85030 		strb	r3, [r4, #80]
1050:Drivers/STM32F1xx_HAL_Driver/Src/stm32f1xx_hal_spi.c ****           return HAL_TIMEOUT;
 2085              		.loc 1 1050 11 view .LVU714
ARM GAS  /var/folders/y0/yl1wrqfd209ghqq3s8k8qc1m0000gn/T//ccjYiGlu.s 			page 119


1051:Drivers/STM32F1xx_HAL_Driver/Src/stm32f1xx_hal_spi.c ****         }
 2086              		.loc 1 1051 11 view .LVU715
1051:Drivers/STM32F1xx_HAL_Driver/Src/stm32f1xx_hal_spi.c ****         }
 2087              		.loc 1 1051 18 is_stmt 0 view .LVU716
 2088 0100 0326     		movs	r6, #3
 2089 0102 3CE0     		b	.L128
 2090              	.L140:
1071:Drivers/STM32F1xx_HAL_Driver/Src/stm32f1xx_hal_spi.c ****         {
 2091              		.loc 1 1071 9 is_stmt 1 view .LVU717
1071:Drivers/STM32F1xx_HAL_Driver/Src/stm32f1xx_hal_spi.c ****         {
 2092              		.loc 1 1071 16 is_stmt 0 view .LVU718
 2093 0104 FFF7FEFF 		bl	HAL_GetTick
 2094              	.LVL115:
1071:Drivers/STM32F1xx_HAL_Driver/Src/stm32f1xx_hal_spi.c ****         {
 2095              		.loc 1 1071 30 discriminator 1 view .LVU719
 2096 0108 C01B     		subs	r0, r0, r7
1071:Drivers/STM32F1xx_HAL_Driver/Src/stm32f1xx_hal_spi.c ****         {
 2097              		.loc 1 1071 12 discriminator 1 view .LVU720
 2098 010a A842     		cmp	r0, r5
 2099 010c 02D3     		bcc	.L142
1071:Drivers/STM32F1xx_HAL_Driver/Src/stm32f1xx_hal_spi.c ****         {
 2100              		.loc 1 1071 56 discriminator 2 view .LVU721
 2101 010e B5F1FF3F 		cmp	r5, #-1
 2102 0112 19D1     		bne	.L143
 2103              	.L142:
1071:Drivers/STM32F1xx_HAL_Driver/Src/stm32f1xx_hal_spi.c ****         {
 2104              		.loc 1 1071 87 discriminator 4 view .LVU722
 2105 0114 C5B1     		cbz	r5, .L143
 2106              	.L133:
1059:Drivers/STM32F1xx_HAL_Driver/Src/stm32f1xx_hal_spi.c ****     {
 2107              		.loc 1 1059 30 is_stmt 1 view .LVU723
1059:Drivers/STM32F1xx_HAL_Driver/Src/stm32f1xx_hal_spi.c ****     {
 2108              		.loc 1 1059 16 is_stmt 0 view .LVU724
 2109 0116 E38F     		ldrh	r3, [r4, #62]
 2110 0118 9BB2     		uxth	r3, r3
1059:Drivers/STM32F1xx_HAL_Driver/Src/stm32f1xx_hal_spi.c ****     {
 2111              		.loc 1 1059 30 view .LVU725
 2112 011a EBB1     		cbz	r3, .L139
1062:Drivers/STM32F1xx_HAL_Driver/Src/stm32f1xx_hal_spi.c ****       {
 2113              		.loc 1 1062 7 is_stmt 1 view .LVU726
1062:Drivers/STM32F1xx_HAL_Driver/Src/stm32f1xx_hal_spi.c ****       {
 2114              		.loc 1 1062 11 is_stmt 0 view .LVU727
 2115 011c 2368     		ldr	r3, [r4]
 2116 011e 9A68     		ldr	r2, [r3, #8]
1062:Drivers/STM32F1xx_HAL_Driver/Src/stm32f1xx_hal_spi.c ****       {
 2117              		.loc 1 1062 10 view .LVU728
 2118 0120 12F0010F 		tst	r2, #1
 2119 0124 EED0     		beq	.L140
1064:Drivers/STM32F1xx_HAL_Driver/Src/stm32f1xx_hal_spi.c ****         hspi->pRxBuffPtr += sizeof(uint16_t);
 2120              		.loc 1 1064 9 is_stmt 1 view .LVU729
1064:Drivers/STM32F1xx_HAL_Driver/Src/stm32f1xx_hal_spi.c ****         hspi->pRxBuffPtr += sizeof(uint16_t);
 2121              		.loc 1 1064 67 is_stmt 0 view .LVU730
 2122 0126 DA68     		ldr	r2, [r3, #12]
1064:Drivers/STM32F1xx_HAL_Driver/Src/stm32f1xx_hal_spi.c ****         hspi->pRxBuffPtr += sizeof(uint16_t);
 2123              		.loc 1 1064 27 view .LVU731
 2124 0128 A36B     		ldr	r3, [r4, #56]
1064:Drivers/STM32F1xx_HAL_Driver/Src/stm32f1xx_hal_spi.c ****         hspi->pRxBuffPtr += sizeof(uint16_t);
ARM GAS  /var/folders/y0/yl1wrqfd209ghqq3s8k8qc1m0000gn/T//ccjYiGlu.s 			page 120


 2125              		.loc 1 1064 41 view .LVU732
 2126 012a 1A80     		strh	r2, [r3]	@ movhi
1065:Drivers/STM32F1xx_HAL_Driver/Src/stm32f1xx_hal_spi.c ****         hspi->RxXferCount--;
 2127              		.loc 1 1065 9 is_stmt 1 view .LVU733
1065:Drivers/STM32F1xx_HAL_Driver/Src/stm32f1xx_hal_spi.c ****         hspi->RxXferCount--;
 2128              		.loc 1 1065 13 is_stmt 0 view .LVU734
 2129 012c A36B     		ldr	r3, [r4, #56]
1065:Drivers/STM32F1xx_HAL_Driver/Src/stm32f1xx_hal_spi.c ****         hspi->RxXferCount--;
 2130              		.loc 1 1065 26 view .LVU735
 2131 012e 0233     		adds	r3, r3, #2
 2132 0130 A363     		str	r3, [r4, #56]
1066:Drivers/STM32F1xx_HAL_Driver/Src/stm32f1xx_hal_spi.c ****       }
 2133              		.loc 1 1066 9 is_stmt 1 view .LVU736
1066:Drivers/STM32F1xx_HAL_Driver/Src/stm32f1xx_hal_spi.c ****       }
 2134              		.loc 1 1066 13 is_stmt 0 view .LVU737
 2135 0132 B4F83EC0 		ldrh	ip, [r4, #62]
 2136 0136 1FFA8CFC 		uxth	ip, ip
1066:Drivers/STM32F1xx_HAL_Driver/Src/stm32f1xx_hal_spi.c ****       }
 2137              		.loc 1 1066 26 view .LVU738
 2138 013a 0CF1FF3C 		add	ip, ip, #-1
 2139 013e 1FFA8CFC 		uxth	ip, ip
 2140 0142 A4F83EC0 		strh	ip, [r4, #62]	@ movhi
 2141 0146 E6E7     		b	.L133
 2142              	.L143:
1073:Drivers/STM32F1xx_HAL_Driver/Src/stm32f1xx_hal_spi.c ****           __HAL_UNLOCK(hspi);
 2143              		.loc 1 1073 11 is_stmt 1 view .LVU739
1073:Drivers/STM32F1xx_HAL_Driver/Src/stm32f1xx_hal_spi.c ****           __HAL_UNLOCK(hspi);
 2144              		.loc 1 1073 23 is_stmt 0 view .LVU740
 2145 0148 0123     		movs	r3, #1
 2146 014a 84F85130 		strb	r3, [r4, #81]
1074:Drivers/STM32F1xx_HAL_Driver/Src/stm32f1xx_hal_spi.c ****           return HAL_TIMEOUT;
 2147              		.loc 1 1074 11 is_stmt 1 view .LVU741
1074:Drivers/STM32F1xx_HAL_Driver/Src/stm32f1xx_hal_spi.c ****           return HAL_TIMEOUT;
 2148              		.loc 1 1074 11 view .LVU742
 2149 014e 0023     		movs	r3, #0
 2150 0150 84F85030 		strb	r3, [r4, #80]
1074:Drivers/STM32F1xx_HAL_Driver/Src/stm32f1xx_hal_spi.c ****           return HAL_TIMEOUT;
 2151              		.loc 1 1074 11 view .LVU743
1075:Drivers/STM32F1xx_HAL_Driver/Src/stm32f1xx_hal_spi.c ****         }
 2152              		.loc 1 1075 11 view .LVU744
1075:Drivers/STM32F1xx_HAL_Driver/Src/stm32f1xx_hal_spi.c ****         }
 2153              		.loc 1 1075 18 is_stmt 0 view .LVU745
 2154 0154 0326     		movs	r6, #3
 2155 0156 12E0     		b	.L128
 2156              	.L139:
1130:Drivers/STM32F1xx_HAL_Driver/Src/stm32f1xx_hal_spi.c ****   {
 2157              		.loc 1 1130 3 is_stmt 1 view .LVU746
1130:Drivers/STM32F1xx_HAL_Driver/Src/stm32f1xx_hal_spi.c ****   {
 2158              		.loc 1 1130 7 is_stmt 0 view .LVU747
 2159 0158 3A46     		mov	r2, r7
 2160 015a 2946     		mov	r1, r5
 2161 015c 2046     		mov	r0, r4
 2162 015e FFF7FEFF 		bl	SPI_EndRxTransaction
 2163              	.LVL116:
1130:Drivers/STM32F1xx_HAL_Driver/Src/stm32f1xx_hal_spi.c ****   {
 2164              		.loc 1 1130 6 discriminator 1 view .LVU748
 2165 0162 08B1     		cbz	r0, .L145
ARM GAS  /var/folders/y0/yl1wrqfd209ghqq3s8k8qc1m0000gn/T//ccjYiGlu.s 			page 121


1132:Drivers/STM32F1xx_HAL_Driver/Src/stm32f1xx_hal_spi.c ****   }
 2166              		.loc 1 1132 5 is_stmt 1 view .LVU749
1132:Drivers/STM32F1xx_HAL_Driver/Src/stm32f1xx_hal_spi.c ****   }
 2167              		.loc 1 1132 21 is_stmt 0 view .LVU750
 2168 0164 2023     		movs	r3, #32
 2169 0166 6365     		str	r3, [r4, #84]
 2170              	.L145:
1154:Drivers/STM32F1xx_HAL_Driver/Src/stm32f1xx_hal_spi.c ****   /* Unlock the process */
 2171              		.loc 1 1154 3 is_stmt 1 view .LVU751
1154:Drivers/STM32F1xx_HAL_Driver/Src/stm32f1xx_hal_spi.c ****   /* Unlock the process */
 2172              		.loc 1 1154 15 is_stmt 0 view .LVU752
 2173 0168 0123     		movs	r3, #1
 2174 016a 84F85130 		strb	r3, [r4, #81]
1156:Drivers/STM32F1xx_HAL_Driver/Src/stm32f1xx_hal_spi.c ****   if (hspi->ErrorCode != HAL_SPI_ERROR_NONE)
 2175              		.loc 1 1156 3 is_stmt 1 view .LVU753
1156:Drivers/STM32F1xx_HAL_Driver/Src/stm32f1xx_hal_spi.c ****   if (hspi->ErrorCode != HAL_SPI_ERROR_NONE)
 2176              		.loc 1 1156 3 view .LVU754
 2177 016e 0023     		movs	r3, #0
 2178 0170 84F85030 		strb	r3, [r4, #80]
1156:Drivers/STM32F1xx_HAL_Driver/Src/stm32f1xx_hal_spi.c ****   if (hspi->ErrorCode != HAL_SPI_ERROR_NONE)
 2179              		.loc 1 1156 3 view .LVU755
1157:Drivers/STM32F1xx_HAL_Driver/Src/stm32f1xx_hal_spi.c ****   {
 2180              		.loc 1 1157 3 view .LVU756
1157:Drivers/STM32F1xx_HAL_Driver/Src/stm32f1xx_hal_spi.c ****   {
 2181              		.loc 1 1157 11 is_stmt 0 view .LVU757
 2182 0174 636D     		ldr	r3, [r4, #84]
1157:Drivers/STM32F1xx_HAL_Driver/Src/stm32f1xx_hal_spi.c ****   {
 2183              		.loc 1 1157 6 view .LVU758
 2184 0176 13B9     		cbnz	r3, .L128
1163:Drivers/STM32F1xx_HAL_Driver/Src/stm32f1xx_hal_spi.c ****   }
 2185              		.loc 1 1163 12 view .LVU759
 2186 0178 1E46     		mov	r6, r3
 2187 017a 00E0     		b	.L128
 2188              	.LVL117:
 2189              	.L146:
 970:Drivers/STM32F1xx_HAL_Driver/Src/stm32f1xx_hal_spi.c ****   }
 2190              		.loc 1 970 12 view .LVU760
 2191 017c 0226     		movs	r6, #2
 2192              	.LVL118:
 2193              	.L128:
1165:Drivers/STM32F1xx_HAL_Driver/Src/stm32f1xx_hal_spi.c **** 
 2194              		.loc 1 1165 1 view .LVU761
 2195 017e 3046     		mov	r0, r6
 2196 0180 03B0     		add	sp, sp, #12
 2197              	.LCFI27:
 2198              		.cfi_remember_state
 2199              		.cfi_def_cfa_offset 28
 2200              		@ sp needed
 2201 0182 BDE8F083 		pop	{r4, r5, r6, r7, r8, r9, pc}
 2202              	.LVL119:
 2203              	.L147:
 2204              	.LCFI28:
 2205              		.cfi_restore_state
 989:Drivers/STM32F1xx_HAL_Driver/Src/stm32f1xx_hal_spi.c **** 
 2206              		.loc 1 989 3 discriminator 1 view .LVU762
 2207 0186 0226     		movs	r6, #2
 2208 0188 F9E7     		b	.L128
ARM GAS  /var/folders/y0/yl1wrqfd209ghqq3s8k8qc1m0000gn/T//ccjYiGlu.s 			page 122


 2209              		.cfi_endproc
 2210              	.LFE70:
 2212              		.section	.text.HAL_SPI_Transmit_IT,"ax",%progbits
 2213              		.align	1
 2214              		.global	HAL_SPI_Transmit_IT
 2215              		.syntax unified
 2216              		.thumb
 2217              		.thumb_func
 2219              	HAL_SPI_Transmit_IT:
 2220              	.LVL120:
 2221              	.LFB72:
1438:Drivers/STM32F1xx_HAL_Driver/Src/stm32f1xx_hal_spi.c **** 
 2222              		.loc 1 1438 1 is_stmt 1 view -0
 2223              		.cfi_startproc
 2224              		@ args = 0, pretend = 0, frame = 0
 2225              		@ frame_needed = 0, uses_anonymous_args = 0
 2226              		@ link register save eliminated.
1441:Drivers/STM32F1xx_HAL_Driver/Src/stm32f1xx_hal_spi.c **** 
 2227              		.loc 1 1441 3 view .LVU764
1444:Drivers/STM32F1xx_HAL_Driver/Src/stm32f1xx_hal_spi.c ****   {
 2228              		.loc 1 1444 3 view .LVU765
1444:Drivers/STM32F1xx_HAL_Driver/Src/stm32f1xx_hal_spi.c ****   {
 2229              		.loc 1 1444 6 is_stmt 0 view .LVU766
 2230 0000 0029     		cmp	r1, #0
 2231 0002 41D0     		beq	.L158
1444:Drivers/STM32F1xx_HAL_Driver/Src/stm32f1xx_hal_spi.c ****   {
 2232              		.loc 1 1444 23 discriminator 1 view .LVU767
 2233 0004 002A     		cmp	r2, #0
 2234 0006 41D0     		beq	.L159
1449:Drivers/STM32F1xx_HAL_Driver/Src/stm32f1xx_hal_spi.c ****   {
 2235              		.loc 1 1449 3 is_stmt 1 view .LVU768
1449:Drivers/STM32F1xx_HAL_Driver/Src/stm32f1xx_hal_spi.c ****   {
 2236              		.loc 1 1449 11 is_stmt 0 view .LVU769
 2237 0008 90F85130 		ldrb	r3, [r0, #81]	@ zero_extendqisi2
1449:Drivers/STM32F1xx_HAL_Driver/Src/stm32f1xx_hal_spi.c ****   {
 2238              		.loc 1 1449 6 view .LVU770
 2239 000c 012B     		cmp	r3, #1
 2240 000e 3FD1     		bne	.L160
1455:Drivers/STM32F1xx_HAL_Driver/Src/stm32f1xx_hal_spi.c **** 
 2241              		.loc 1 1455 3 is_stmt 1 view .LVU771
1455:Drivers/STM32F1xx_HAL_Driver/Src/stm32f1xx_hal_spi.c **** 
 2242              		.loc 1 1455 3 view .LVU772
 2243 0010 90F85030 		ldrb	r3, [r0, #80]	@ zero_extendqisi2
 2244 0014 012B     		cmp	r3, #1
 2245 0016 3DD0     		beq	.L161
1455:Drivers/STM32F1xx_HAL_Driver/Src/stm32f1xx_hal_spi.c **** 
 2246              		.loc 1 1455 3 discriminator 2 view .LVU773
 2247 0018 0123     		movs	r3, #1
 2248 001a 80F85030 		strb	r3, [r0, #80]
1455:Drivers/STM32F1xx_HAL_Driver/Src/stm32f1xx_hal_spi.c **** 
 2249              		.loc 1 1455 3 view .LVU774
1458:Drivers/STM32F1xx_HAL_Driver/Src/stm32f1xx_hal_spi.c ****   hspi->ErrorCode   = HAL_SPI_ERROR_NONE;
 2250              		.loc 1 1458 3 view .LVU775
1458:Drivers/STM32F1xx_HAL_Driver/Src/stm32f1xx_hal_spi.c ****   hspi->ErrorCode   = HAL_SPI_ERROR_NONE;
 2251              		.loc 1 1458 21 is_stmt 0 view .LVU776
 2252 001e 0323     		movs	r3, #3
 2253 0020 80F85130 		strb	r3, [r0, #81]
ARM GAS  /var/folders/y0/yl1wrqfd209ghqq3s8k8qc1m0000gn/T//ccjYiGlu.s 			page 123


1459:Drivers/STM32F1xx_HAL_Driver/Src/stm32f1xx_hal_spi.c ****   hspi->pTxBuffPtr  = (const uint8_t *)pData;
 2254              		.loc 1 1459 3 is_stmt 1 view .LVU777
1459:Drivers/STM32F1xx_HAL_Driver/Src/stm32f1xx_hal_spi.c ****   hspi->pTxBuffPtr  = (const uint8_t *)pData;
 2255              		.loc 1 1459 21 is_stmt 0 view .LVU778
 2256 0024 0023     		movs	r3, #0
 2257 0026 4365     		str	r3, [r0, #84]
1460:Drivers/STM32F1xx_HAL_Driver/Src/stm32f1xx_hal_spi.c ****   hspi->TxXferSize  = Size;
 2258              		.loc 1 1460 3 is_stmt 1 view .LVU779
1460:Drivers/STM32F1xx_HAL_Driver/Src/stm32f1xx_hal_spi.c ****   hspi->TxXferSize  = Size;
 2259              		.loc 1 1460 21 is_stmt 0 view .LVU780
 2260 0028 0163     		str	r1, [r0, #48]
1461:Drivers/STM32F1xx_HAL_Driver/Src/stm32f1xx_hal_spi.c ****   hspi->TxXferCount = Size;
 2261              		.loc 1 1461 3 is_stmt 1 view .LVU781
1461:Drivers/STM32F1xx_HAL_Driver/Src/stm32f1xx_hal_spi.c ****   hspi->TxXferCount = Size;
 2262              		.loc 1 1461 21 is_stmt 0 view .LVU782
 2263 002a 8286     		strh	r2, [r0, #52]	@ movhi
1462:Drivers/STM32F1xx_HAL_Driver/Src/stm32f1xx_hal_spi.c **** 
 2264              		.loc 1 1462 3 is_stmt 1 view .LVU783
1462:Drivers/STM32F1xx_HAL_Driver/Src/stm32f1xx_hal_spi.c **** 
 2265              		.loc 1 1462 21 is_stmt 0 view .LVU784
 2266 002c C286     		strh	r2, [r0, #54]	@ movhi
1465:Drivers/STM32F1xx_HAL_Driver/Src/stm32f1xx_hal_spi.c ****   hspi->RxXferSize  = 0U;
 2267              		.loc 1 1465 3 is_stmt 1 view .LVU785
1465:Drivers/STM32F1xx_HAL_Driver/Src/stm32f1xx_hal_spi.c ****   hspi->RxXferSize  = 0U;
 2268              		.loc 1 1465 21 is_stmt 0 view .LVU786
 2269 002e 8363     		str	r3, [r0, #56]
1466:Drivers/STM32F1xx_HAL_Driver/Src/stm32f1xx_hal_spi.c ****   hspi->RxXferCount = 0U;
 2270              		.loc 1 1466 3 is_stmt 1 view .LVU787
1466:Drivers/STM32F1xx_HAL_Driver/Src/stm32f1xx_hal_spi.c ****   hspi->RxXferCount = 0U;
 2271              		.loc 1 1466 21 is_stmt 0 view .LVU788
 2272 0030 8387     		strh	r3, [r0, #60]	@ movhi
1467:Drivers/STM32F1xx_HAL_Driver/Src/stm32f1xx_hal_spi.c ****   hspi->RxISR       = NULL;
 2273              		.loc 1 1467 3 is_stmt 1 view .LVU789
1467:Drivers/STM32F1xx_HAL_Driver/Src/stm32f1xx_hal_spi.c ****   hspi->RxISR       = NULL;
 2274              		.loc 1 1467 21 is_stmt 0 view .LVU790
 2275 0032 C387     		strh	r3, [r0, #62]	@ movhi
1468:Drivers/STM32F1xx_HAL_Driver/Src/stm32f1xx_hal_spi.c **** 
 2276              		.loc 1 1468 3 is_stmt 1 view .LVU791
1468:Drivers/STM32F1xx_HAL_Driver/Src/stm32f1xx_hal_spi.c **** 
 2277              		.loc 1 1468 21 is_stmt 0 view .LVU792
 2278 0034 0364     		str	r3, [r0, #64]
1471:Drivers/STM32F1xx_HAL_Driver/Src/stm32f1xx_hal_spi.c ****   {
 2279              		.loc 1 1471 3 is_stmt 1 view .LVU793
1471:Drivers/STM32F1xx_HAL_Driver/Src/stm32f1xx_hal_spi.c ****   {
 2280              		.loc 1 1471 17 is_stmt 0 view .LVU794
 2281 0036 C368     		ldr	r3, [r0, #12]
1471:Drivers/STM32F1xx_HAL_Driver/Src/stm32f1xx_hal_spi.c ****   {
 2282              		.loc 1 1471 6 view .LVU795
 2283 0038 C3B1     		cbz	r3, .L154
1473:Drivers/STM32F1xx_HAL_Driver/Src/stm32f1xx_hal_spi.c ****   }
 2284              		.loc 1 1473 5 is_stmt 1 view .LVU796
1473:Drivers/STM32F1xx_HAL_Driver/Src/stm32f1xx_hal_spi.c ****   }
 2285              		.loc 1 1473 17 is_stmt 0 view .LVU797
 2286 003a 174B     		ldr	r3, .L163
 2287 003c 4364     		str	r3, [r0, #68]
 2288              	.L155:
1481:Drivers/STM32F1xx_HAL_Driver/Src/stm32f1xx_hal_spi.c ****   {
ARM GAS  /var/folders/y0/yl1wrqfd209ghqq3s8k8qc1m0000gn/T//ccjYiGlu.s 			page 124


 2289              		.loc 1 1481 3 is_stmt 1 view .LVU798
1481:Drivers/STM32F1xx_HAL_Driver/Src/stm32f1xx_hal_spi.c ****   {
 2290              		.loc 1 1481 17 is_stmt 0 view .LVU799
 2291 003e 8368     		ldr	r3, [r0, #8]
1481:Drivers/STM32F1xx_HAL_Driver/Src/stm32f1xx_hal_spi.c ****   {
 2292              		.loc 1 1481 6 view .LVU800
 2293 0040 B3F5004F 		cmp	r3, #32768
 2294 0044 15D0     		beq	.L162
 2295              	.LVL121:
 2296              	.L156:
1497:Drivers/STM32F1xx_HAL_Driver/Src/stm32f1xx_hal_spi.c ****   {
 2297              		.loc 1 1497 3 is_stmt 1 view .LVU801
1497:Drivers/STM32F1xx_HAL_Driver/Src/stm32f1xx_hal_spi.c ****   {
 2298              		.loc 1 1497 12 is_stmt 0 view .LVU802
 2299 0046 0368     		ldr	r3, [r0]
1497:Drivers/STM32F1xx_HAL_Driver/Src/stm32f1xx_hal_spi.c ****   {
 2300              		.loc 1 1497 22 view .LVU803
 2301 0048 1A68     		ldr	r2, [r3]
1497:Drivers/STM32F1xx_HAL_Driver/Src/stm32f1xx_hal_spi.c ****   {
 2302              		.loc 1 1497 6 view .LVU804
 2303 004a 12F0400F 		tst	r2, #64
 2304 004e 03D1     		bne	.L157
1500:Drivers/STM32F1xx_HAL_Driver/Src/stm32f1xx_hal_spi.c ****   }
 2305              		.loc 1 1500 5 is_stmt 1 view .LVU805
 2306 0050 1A68     		ldr	r2, [r3]
 2307 0052 42F04002 		orr	r2, r2, #64
 2308 0056 1A60     		str	r2, [r3]
 2309              	.L157:
1504:Drivers/STM32F1xx_HAL_Driver/Src/stm32f1xx_hal_spi.c ****   /* Enable TXE and ERR interrupt */
 2310              		.loc 1 1504 3 view .LVU806
1504:Drivers/STM32F1xx_HAL_Driver/Src/stm32f1xx_hal_spi.c ****   /* Enable TXE and ERR interrupt */
 2311              		.loc 1 1504 3 view .LVU807
 2312 0058 0023     		movs	r3, #0
 2313 005a 80F85030 		strb	r3, [r0, #80]
1504:Drivers/STM32F1xx_HAL_Driver/Src/stm32f1xx_hal_spi.c ****   /* Enable TXE and ERR interrupt */
 2314              		.loc 1 1504 3 view .LVU808
1506:Drivers/STM32F1xx_HAL_Driver/Src/stm32f1xx_hal_spi.c **** 
 2315              		.loc 1 1506 3 view .LVU809
 2316 005e 0168     		ldr	r1, [r0]
 2317              	.LVL122:
1506:Drivers/STM32F1xx_HAL_Driver/Src/stm32f1xx_hal_spi.c **** 
 2318              		.loc 1 1506 3 is_stmt 0 view .LVU810
 2319 0060 4A68     		ldr	r2, [r1, #4]
 2320 0062 42F0A002 		orr	r2, r2, #160
 2321 0066 4A60     		str	r2, [r1, #4]
1508:Drivers/STM32F1xx_HAL_Driver/Src/stm32f1xx_hal_spi.c **** }
 2322              		.loc 1 1508 3 is_stmt 1 view .LVU811
1508:Drivers/STM32F1xx_HAL_Driver/Src/stm32f1xx_hal_spi.c **** }
 2323              		.loc 1 1508 10 is_stmt 0 view .LVU812
 2324 0068 1846     		mov	r0, r3
 2325              	.LVL123:
1508:Drivers/STM32F1xx_HAL_Driver/Src/stm32f1xx_hal_spi.c **** }
 2326              		.loc 1 1508 10 view .LVU813
 2327 006a 7047     		bx	lr
 2328              	.LVL124:
 2329              	.L154:
1477:Drivers/STM32F1xx_HAL_Driver/Src/stm32f1xx_hal_spi.c ****   }
ARM GAS  /var/folders/y0/yl1wrqfd209ghqq3s8k8qc1m0000gn/T//ccjYiGlu.s 			page 125


 2330              		.loc 1 1477 5 is_stmt 1 view .LVU814
1477:Drivers/STM32F1xx_HAL_Driver/Src/stm32f1xx_hal_spi.c ****   }
 2331              		.loc 1 1477 17 is_stmt 0 view .LVU815
 2332 006c 0B4B     		ldr	r3, .L163+4
 2333 006e 4364     		str	r3, [r0, #68]
 2334 0070 E5E7     		b	.L155
 2335              	.L162:
1484:Drivers/STM32F1xx_HAL_Driver/Src/stm32f1xx_hal_spi.c ****     SPI_1LINE_TX(hspi);
 2336              		.loc 1 1484 5 is_stmt 1 view .LVU816
 2337 0072 0268     		ldr	r2, [r0]
 2338              	.LVL125:
1484:Drivers/STM32F1xx_HAL_Driver/Src/stm32f1xx_hal_spi.c ****     SPI_1LINE_TX(hspi);
 2339              		.loc 1 1484 5 is_stmt 0 view .LVU817
 2340 0074 1368     		ldr	r3, [r2]
 2341 0076 23F04003 		bic	r3, r3, #64
 2342 007a 1360     		str	r3, [r2]
 2343              	.LVL126:
1485:Drivers/STM32F1xx_HAL_Driver/Src/stm32f1xx_hal_spi.c ****   }
 2344              		.loc 1 1485 5 is_stmt 1 view .LVU818
 2345 007c 0268     		ldr	r2, [r0]
 2346 007e 1368     		ldr	r3, [r2]
 2347 0080 43F48043 		orr	r3, r3, #16384
 2348 0084 1360     		str	r3, [r2]
 2349 0086 DEE7     		b	.L156
 2350              	.LVL127:
 2351              	.L158:
1446:Drivers/STM32F1xx_HAL_Driver/Src/stm32f1xx_hal_spi.c ****   }
 2352              		.loc 1 1446 12 is_stmt 0 view .LVU819
 2353 0088 0120     		movs	r0, #1
 2354              	.LVL128:
1446:Drivers/STM32F1xx_HAL_Driver/Src/stm32f1xx_hal_spi.c ****   }
 2355              		.loc 1 1446 12 view .LVU820
 2356 008a 7047     		bx	lr
 2357              	.LVL129:
 2358              	.L159:
1446:Drivers/STM32F1xx_HAL_Driver/Src/stm32f1xx_hal_spi.c ****   }
 2359              		.loc 1 1446 12 view .LVU821
 2360 008c 0120     		movs	r0, #1
 2361              	.LVL130:
1446:Drivers/STM32F1xx_HAL_Driver/Src/stm32f1xx_hal_spi.c ****   }
 2362              		.loc 1 1446 12 view .LVU822
 2363 008e 7047     		bx	lr
 2364              	.LVL131:
 2365              	.L160:
1451:Drivers/STM32F1xx_HAL_Driver/Src/stm32f1xx_hal_spi.c ****   }
 2366              		.loc 1 1451 12 view .LVU823
 2367 0090 0220     		movs	r0, #2
 2368              	.LVL132:
1451:Drivers/STM32F1xx_HAL_Driver/Src/stm32f1xx_hal_spi.c ****   }
 2369              		.loc 1 1451 12 view .LVU824
 2370 0092 7047     		bx	lr
 2371              	.LVL133:
 2372              	.L161:
1455:Drivers/STM32F1xx_HAL_Driver/Src/stm32f1xx_hal_spi.c **** 
 2373              		.loc 1 1455 3 discriminator 1 view .LVU825
 2374 0094 0220     		movs	r0, #2
 2375              	.LVL134:
ARM GAS  /var/folders/y0/yl1wrqfd209ghqq3s8k8qc1m0000gn/T//ccjYiGlu.s 			page 126


1509:Drivers/STM32F1xx_HAL_Driver/Src/stm32f1xx_hal_spi.c **** 
 2376              		.loc 1 1509 1 view .LVU826
 2377 0096 7047     		bx	lr
 2378              	.L164:
 2379              		.align	2
 2380              	.L163:
 2381 0098 00000000 		.word	SPI_TxISR_16BIT
 2382 009c 00000000 		.word	SPI_TxISR_8BIT
 2383              		.cfi_endproc
 2384              	.LFE72:
 2386              		.section	.text.HAL_SPI_TransmitReceive_IT,"ax",%progbits
 2387              		.align	1
 2388              		.global	HAL_SPI_TransmitReceive_IT
 2389              		.syntax unified
 2390              		.thumb
 2391              		.thumb_func
 2393              	HAL_SPI_TransmitReceive_IT:
 2394              	.LVL135:
 2395              	.LFB74:
1612:Drivers/STM32F1xx_HAL_Driver/Src/stm32f1xx_hal_spi.c ****   uint32_t             tmp_mode;
 2396              		.loc 1 1612 1 is_stmt 1 view -0
 2397              		.cfi_startproc
 2398              		@ args = 0, pretend = 0, frame = 0
 2399              		@ frame_needed = 0, uses_anonymous_args = 0
1612:Drivers/STM32F1xx_HAL_Driver/Src/stm32f1xx_hal_spi.c ****   uint32_t             tmp_mode;
 2400              		.loc 1 1612 1 is_stmt 0 view .LVU828
 2401 0000 30B5     		push	{r4, r5, lr}
 2402              	.LCFI29:
 2403              		.cfi_def_cfa_offset 12
 2404              		.cfi_offset 4, -12
 2405              		.cfi_offset 5, -8
 2406              		.cfi_offset 14, -4
 2407 0002 1546     		mov	r5, r2
1613:Drivers/STM32F1xx_HAL_Driver/Src/stm32f1xx_hal_spi.c ****   HAL_SPI_StateTypeDef tmp_state;
 2408              		.loc 1 1613 3 is_stmt 1 view .LVU829
1614:Drivers/STM32F1xx_HAL_Driver/Src/stm32f1xx_hal_spi.c **** 
 2409              		.loc 1 1614 3 view .LVU830
1617:Drivers/STM32F1xx_HAL_Driver/Src/stm32f1xx_hal_spi.c **** 
 2410              		.loc 1 1617 3 view .LVU831
1620:Drivers/STM32F1xx_HAL_Driver/Src/stm32f1xx_hal_spi.c ****   tmp_mode            = hspi->Init.Mode;
 2411              		.loc 1 1620 3 view .LVU832
1620:Drivers/STM32F1xx_HAL_Driver/Src/stm32f1xx_hal_spi.c ****   tmp_mode            = hspi->Init.Mode;
 2412              		.loc 1 1620 23 is_stmt 0 view .LVU833
 2413 0004 90F851C0 		ldrb	ip, [r0, #81]	@ zero_extendqisi2
 2414              	.LVL136:
1621:Drivers/STM32F1xx_HAL_Driver/Src/stm32f1xx_hal_spi.c **** 
 2415              		.loc 1 1621 3 is_stmt 1 view .LVU834
1621:Drivers/STM32F1xx_HAL_Driver/Src/stm32f1xx_hal_spi.c **** 
 2416              		.loc 1 1621 23 is_stmt 0 view .LVU835
 2417 0008 D0F804E0 		ldr	lr, [r0, #4]
 2418              	.LVL137:
1623:Drivers/STM32F1xx_HAL_Driver/Src/stm32f1xx_hal_spi.c ****         ((tmp_mode == SPI_MODE_MASTER) && (hspi->Init.Direction == SPI_DIRECTION_2LINES) &&
 2419              		.loc 1 1623 3 is_stmt 1 view .LVU836
1623:Drivers/STM32F1xx_HAL_Driver/Src/stm32f1xx_hal_spi.c ****         ((tmp_mode == SPI_MODE_MASTER) && (hspi->Init.Direction == SPI_DIRECTION_2LINES) &&
 2420              		.loc 1 1623 6 is_stmt 0 view .LVU837
 2421 000c BCF1010F 		cmp	ip, #1
 2422 0010 09D0     		beq	.L166
ARM GAS  /var/folders/y0/yl1wrqfd209ghqq3s8k8qc1m0000gn/T//ccjYiGlu.s 			page 127


 2423 0012 5FFA8CF2 		uxtb	r2, ip
 2424              	.LVL138:
1623:Drivers/STM32F1xx_HAL_Driver/Src/stm32f1xx_hal_spi.c ****         ((tmp_mode == SPI_MODE_MASTER) && (hspi->Init.Direction == SPI_DIRECTION_2LINES) &&
 2425              		.loc 1 1623 7 discriminator 1 view .LVU838
 2426 0016 BEF5827F 		cmp	lr, #260
 2427 001a 44D1     		bne	.L172
1624:Drivers/STM32F1xx_HAL_Driver/Src/stm32f1xx_hal_spi.c ****          (tmp_state == HAL_SPI_STATE_BUSY_RX))))
 2428              		.loc 1 1624 40 view .LVU839
 2429 001c 8468     		ldr	r4, [r0, #8]
 2430 001e 002C     		cmp	r4, #0
 2431 0020 43D1     		bne	.L173
1624:Drivers/STM32F1xx_HAL_Driver/Src/stm32f1xx_hal_spi.c ****          (tmp_state == HAL_SPI_STATE_BUSY_RX))))
 2432              		.loc 1 1624 90 discriminator 1 view .LVU840
 2433 0022 042A     		cmp	r2, #4
 2434 0024 43D1     		bne	.L174
 2435              	.L166:
1630:Drivers/STM32F1xx_HAL_Driver/Src/stm32f1xx_hal_spi.c ****   {
 2436              		.loc 1 1630 3 is_stmt 1 view .LVU841
1630:Drivers/STM32F1xx_HAL_Driver/Src/stm32f1xx_hal_spi.c ****   {
 2437              		.loc 1 1630 6 is_stmt 0 view .LVU842
 2438 0026 0029     		cmp	r1, #0
 2439 0028 43D0     		beq	.L175
1630:Drivers/STM32F1xx_HAL_Driver/Src/stm32f1xx_hal_spi.c ****   {
 2440              		.loc 1 1630 25 discriminator 1 view .LVU843
 2441 002a 002D     		cmp	r5, #0
 2442 002c 43D0     		beq	.L176
1630:Drivers/STM32F1xx_HAL_Driver/Src/stm32f1xx_hal_spi.c ****   {
 2443              		.loc 1 1630 46 discriminator 2 view .LVU844
 2444 002e 002B     		cmp	r3, #0
 2445 0030 43D0     		beq	.L177
1636:Drivers/STM32F1xx_HAL_Driver/Src/stm32f1xx_hal_spi.c **** 
 2446              		.loc 1 1636 3 is_stmt 1 view .LVU845
1636:Drivers/STM32F1xx_HAL_Driver/Src/stm32f1xx_hal_spi.c **** 
 2447              		.loc 1 1636 3 view .LVU846
 2448 0032 90F850C0 		ldrb	ip, [r0, #80]	@ zero_extendqisi2
 2449              	.LVL139:
1636:Drivers/STM32F1xx_HAL_Driver/Src/stm32f1xx_hal_spi.c **** 
 2450              		.loc 1 1636 3 is_stmt 0 view .LVU847
 2451 0036 BCF1010F 		cmp	ip, #1
 2452 003a 40D0     		beq	.L178
1636:Drivers/STM32F1xx_HAL_Driver/Src/stm32f1xx_hal_spi.c **** 
 2453              		.loc 1 1636 3 is_stmt 1 discriminator 2 view .LVU848
 2454 003c 4FF0010C 		mov	ip, #1
 2455 0040 80F850C0 		strb	ip, [r0, #80]
1636:Drivers/STM32F1xx_HAL_Driver/Src/stm32f1xx_hal_spi.c **** 
 2456              		.loc 1 1636 3 view .LVU849
1639:Drivers/STM32F1xx_HAL_Driver/Src/stm32f1xx_hal_spi.c ****   {
 2457              		.loc 1 1639 3 view .LVU850
1639:Drivers/STM32F1xx_HAL_Driver/Src/stm32f1xx_hal_spi.c ****   {
 2458              		.loc 1 1639 11 is_stmt 0 view .LVU851
 2459 0044 90F851C0 		ldrb	ip, [r0, #81]	@ zero_extendqisi2
1639:Drivers/STM32F1xx_HAL_Driver/Src/stm32f1xx_hal_spi.c ****   {
 2460              		.loc 1 1639 6 view .LVU852
 2461 0048 BCF1040F 		cmp	ip, #4
 2462 004c 03D0     		beq	.L168
1641:Drivers/STM32F1xx_HAL_Driver/Src/stm32f1xx_hal_spi.c ****   }
 2463              		.loc 1 1641 5 is_stmt 1 view .LVU853
ARM GAS  /var/folders/y0/yl1wrqfd209ghqq3s8k8qc1m0000gn/T//ccjYiGlu.s 			page 128


1641:Drivers/STM32F1xx_HAL_Driver/Src/stm32f1xx_hal_spi.c ****   }
 2464              		.loc 1 1641 17 is_stmt 0 view .LVU854
 2465 004e 4FF0050C 		mov	ip, #5
 2466 0052 80F851C0 		strb	ip, [r0, #81]
 2467              	.L168:
1645:Drivers/STM32F1xx_HAL_Driver/Src/stm32f1xx_hal_spi.c ****   hspi->pTxBuffPtr  = (const uint8_t *)pTxData;
 2468              		.loc 1 1645 3 is_stmt 1 view .LVU855
1645:Drivers/STM32F1xx_HAL_Driver/Src/stm32f1xx_hal_spi.c ****   hspi->pTxBuffPtr  = (const uint8_t *)pTxData;
 2469              		.loc 1 1645 21 is_stmt 0 view .LVU856
 2470 0056 4FF0000C 		mov	ip, #0
 2471 005a C0F854C0 		str	ip, [r0, #84]
1646:Drivers/STM32F1xx_HAL_Driver/Src/stm32f1xx_hal_spi.c ****   hspi->TxXferSize  = Size;
 2472              		.loc 1 1646 3 is_stmt 1 view .LVU857
1646:Drivers/STM32F1xx_HAL_Driver/Src/stm32f1xx_hal_spi.c ****   hspi->TxXferSize  = Size;
 2473              		.loc 1 1646 21 is_stmt 0 view .LVU858
 2474 005e 0163     		str	r1, [r0, #48]
1647:Drivers/STM32F1xx_HAL_Driver/Src/stm32f1xx_hal_spi.c ****   hspi->TxXferCount = Size;
 2475              		.loc 1 1647 3 is_stmt 1 view .LVU859
1647:Drivers/STM32F1xx_HAL_Driver/Src/stm32f1xx_hal_spi.c ****   hspi->TxXferCount = Size;
 2476              		.loc 1 1647 21 is_stmt 0 view .LVU860
 2477 0060 8386     		strh	r3, [r0, #52]	@ movhi
1648:Drivers/STM32F1xx_HAL_Driver/Src/stm32f1xx_hal_spi.c ****   hspi->pRxBuffPtr  = (uint8_t *)pRxData;
 2478              		.loc 1 1648 3 is_stmt 1 view .LVU861
1648:Drivers/STM32F1xx_HAL_Driver/Src/stm32f1xx_hal_spi.c ****   hspi->pRxBuffPtr  = (uint8_t *)pRxData;
 2479              		.loc 1 1648 21 is_stmt 0 view .LVU862
 2480 0062 C386     		strh	r3, [r0, #54]	@ movhi
1649:Drivers/STM32F1xx_HAL_Driver/Src/stm32f1xx_hal_spi.c ****   hspi->RxXferSize  = Size;
 2481              		.loc 1 1649 3 is_stmt 1 view .LVU863
1649:Drivers/STM32F1xx_HAL_Driver/Src/stm32f1xx_hal_spi.c ****   hspi->RxXferSize  = Size;
 2482              		.loc 1 1649 21 is_stmt 0 view .LVU864
 2483 0064 8563     		str	r5, [r0, #56]
1650:Drivers/STM32F1xx_HAL_Driver/Src/stm32f1xx_hal_spi.c ****   hspi->RxXferCount = Size;
 2484              		.loc 1 1650 3 is_stmt 1 view .LVU865
1650:Drivers/STM32F1xx_HAL_Driver/Src/stm32f1xx_hal_spi.c ****   hspi->RxXferCount = Size;
 2485              		.loc 1 1650 21 is_stmt 0 view .LVU866
 2486 0066 8387     		strh	r3, [r0, #60]	@ movhi
1651:Drivers/STM32F1xx_HAL_Driver/Src/stm32f1xx_hal_spi.c **** 
 2487              		.loc 1 1651 3 is_stmt 1 view .LVU867
1651:Drivers/STM32F1xx_HAL_Driver/Src/stm32f1xx_hal_spi.c **** 
 2488              		.loc 1 1651 21 is_stmt 0 view .LVU868
 2489 0068 C387     		strh	r3, [r0, #62]	@ movhi
1654:Drivers/STM32F1xx_HAL_Driver/Src/stm32f1xx_hal_spi.c ****   {
 2490              		.loc 1 1654 3 is_stmt 1 view .LVU869
1654:Drivers/STM32F1xx_HAL_Driver/Src/stm32f1xx_hal_spi.c ****   {
 2491              		.loc 1 1654 17 is_stmt 0 view .LVU870
 2492 006a C368     		ldr	r3, [r0, #12]
 2493              	.LVL140:
1654:Drivers/STM32F1xx_HAL_Driver/Src/stm32f1xx_hal_spi.c ****   {
 2494              		.loc 1 1654 6 view .LVU871
 2495 006c B3B1     		cbz	r3, .L169
1656:Drivers/STM32F1xx_HAL_Driver/Src/stm32f1xx_hal_spi.c ****     hspi->TxISR     = SPI_2linesTxISR_16BIT;
 2496              		.loc 1 1656 5 is_stmt 1 view .LVU872
1656:Drivers/STM32F1xx_HAL_Driver/Src/stm32f1xx_hal_spi.c ****     hspi->TxISR     = SPI_2linesTxISR_16BIT;
 2497              		.loc 1 1656 21 is_stmt 0 view .LVU873
 2498 006e 154B     		ldr	r3, .L180
 2499 0070 0364     		str	r3, [r0, #64]
1657:Drivers/STM32F1xx_HAL_Driver/Src/stm32f1xx_hal_spi.c ****   }
ARM GAS  /var/folders/y0/yl1wrqfd209ghqq3s8k8qc1m0000gn/T//ccjYiGlu.s 			page 129


 2500              		.loc 1 1657 5 is_stmt 1 view .LVU874
1657:Drivers/STM32F1xx_HAL_Driver/Src/stm32f1xx_hal_spi.c ****   }
 2501              		.loc 1 1657 21 is_stmt 0 view .LVU875
 2502 0072 154B     		ldr	r3, .L180+4
 2503 0074 4364     		str	r3, [r0, #68]
 2504              	.L170:
1675:Drivers/STM32F1xx_HAL_Driver/Src/stm32f1xx_hal_spi.c ****   {
 2505              		.loc 1 1675 3 is_stmt 1 view .LVU876
1675:Drivers/STM32F1xx_HAL_Driver/Src/stm32f1xx_hal_spi.c ****   {
 2506              		.loc 1 1675 12 is_stmt 0 view .LVU877
 2507 0076 0368     		ldr	r3, [r0]
1675:Drivers/STM32F1xx_HAL_Driver/Src/stm32f1xx_hal_spi.c ****   {
 2508              		.loc 1 1675 22 view .LVU878
 2509 0078 1A68     		ldr	r2, [r3]
1675:Drivers/STM32F1xx_HAL_Driver/Src/stm32f1xx_hal_spi.c ****   {
 2510              		.loc 1 1675 6 view .LVU879
 2511 007a 12F0400F 		tst	r2, #64
 2512 007e 03D1     		bne	.L171
1678:Drivers/STM32F1xx_HAL_Driver/Src/stm32f1xx_hal_spi.c ****   }
 2513              		.loc 1 1678 5 is_stmt 1 view .LVU880
 2514 0080 1A68     		ldr	r2, [r3]
 2515 0082 42F04002 		orr	r2, r2, #64
 2516 0086 1A60     		str	r2, [r3]
 2517              	.LVL141:
 2518              	.L171:
1682:Drivers/STM32F1xx_HAL_Driver/Src/stm32f1xx_hal_spi.c ****   /* Enable TXE, RXNE and ERR interrupt */
 2519              		.loc 1 1682 3 view .LVU881
1682:Drivers/STM32F1xx_HAL_Driver/Src/stm32f1xx_hal_spi.c ****   /* Enable TXE, RXNE and ERR interrupt */
 2520              		.loc 1 1682 3 view .LVU882
 2521 0088 0023     		movs	r3, #0
 2522 008a 80F85030 		strb	r3, [r0, #80]
1682:Drivers/STM32F1xx_HAL_Driver/Src/stm32f1xx_hal_spi.c ****   /* Enable TXE, RXNE and ERR interrupt */
 2523              		.loc 1 1682 3 view .LVU883
1684:Drivers/STM32F1xx_HAL_Driver/Src/stm32f1xx_hal_spi.c **** 
 2524              		.loc 1 1684 3 view .LVU884
 2525 008e 0168     		ldr	r1, [r0]
 2526              	.LVL142:
1684:Drivers/STM32F1xx_HAL_Driver/Src/stm32f1xx_hal_spi.c **** 
 2527              		.loc 1 1684 3 is_stmt 0 view .LVU885
 2528 0090 4A68     		ldr	r2, [r1, #4]
 2529 0092 42F0E002 		orr	r2, r2, #224
 2530 0096 4A60     		str	r2, [r1, #4]
1686:Drivers/STM32F1xx_HAL_Driver/Src/stm32f1xx_hal_spi.c **** }
 2531              		.loc 1 1686 3 is_stmt 1 view .LVU886
1686:Drivers/STM32F1xx_HAL_Driver/Src/stm32f1xx_hal_spi.c **** }
 2532              		.loc 1 1686 10 is_stmt 0 view .LVU887
 2533 0098 1846     		mov	r0, r3
 2534              	.LVL143:
1686:Drivers/STM32F1xx_HAL_Driver/Src/stm32f1xx_hal_spi.c **** }
 2535              		.loc 1 1686 10 view .LVU888
 2536 009a 05E0     		b	.L167
 2537              	.LVL144:
 2538              	.L169:
1661:Drivers/STM32F1xx_HAL_Driver/Src/stm32f1xx_hal_spi.c ****     hspi->TxISR     = SPI_2linesTxISR_8BIT;
 2539              		.loc 1 1661 5 is_stmt 1 view .LVU889
1661:Drivers/STM32F1xx_HAL_Driver/Src/stm32f1xx_hal_spi.c ****     hspi->TxISR     = SPI_2linesTxISR_8BIT;
 2540              		.loc 1 1661 21 is_stmt 0 view .LVU890
ARM GAS  /var/folders/y0/yl1wrqfd209ghqq3s8k8qc1m0000gn/T//ccjYiGlu.s 			page 130


 2541 009c 0B4B     		ldr	r3, .L180+8
 2542 009e 0364     		str	r3, [r0, #64]
1662:Drivers/STM32F1xx_HAL_Driver/Src/stm32f1xx_hal_spi.c ****   }
 2543              		.loc 1 1662 5 is_stmt 1 view .LVU891
1662:Drivers/STM32F1xx_HAL_Driver/Src/stm32f1xx_hal_spi.c ****   }
 2544              		.loc 1 1662 21 is_stmt 0 view .LVU892
 2545 00a0 0B4B     		ldr	r3, .L180+12
 2546 00a2 4364     		str	r3, [r0, #68]
 2547 00a4 E7E7     		b	.L170
 2548              	.LVL145:
 2549              	.L172:
1627:Drivers/STM32F1xx_HAL_Driver/Src/stm32f1xx_hal_spi.c ****   }
 2550              		.loc 1 1627 12 view .LVU893
 2551 00a6 0220     		movs	r0, #2
 2552              	.LVL146:
 2553              	.L167:
1687:Drivers/STM32F1xx_HAL_Driver/Src/stm32f1xx_hal_spi.c **** 
 2554              		.loc 1 1687 1 view .LVU894
 2555 00a8 30BD     		pop	{r4, r5, pc}
 2556              	.LVL147:
 2557              	.L173:
1627:Drivers/STM32F1xx_HAL_Driver/Src/stm32f1xx_hal_spi.c ****   }
 2558              		.loc 1 1627 12 view .LVU895
 2559 00aa 0220     		movs	r0, #2
 2560              	.LVL148:
1627:Drivers/STM32F1xx_HAL_Driver/Src/stm32f1xx_hal_spi.c ****   }
 2561              		.loc 1 1627 12 view .LVU896
 2562 00ac FCE7     		b	.L167
 2563              	.LVL149:
 2564              	.L174:
1627:Drivers/STM32F1xx_HAL_Driver/Src/stm32f1xx_hal_spi.c ****   }
 2565              		.loc 1 1627 12 view .LVU897
 2566 00ae 0220     		movs	r0, #2
 2567              	.LVL150:
1627:Drivers/STM32F1xx_HAL_Driver/Src/stm32f1xx_hal_spi.c ****   }
 2568              		.loc 1 1627 12 view .LVU898
 2569 00b0 FAE7     		b	.L167
 2570              	.LVL151:
 2571              	.L175:
1632:Drivers/STM32F1xx_HAL_Driver/Src/stm32f1xx_hal_spi.c ****   }
 2572              		.loc 1 1632 12 view .LVU899
 2573 00b2 0120     		movs	r0, #1
 2574              	.LVL152:
1632:Drivers/STM32F1xx_HAL_Driver/Src/stm32f1xx_hal_spi.c ****   }
 2575              		.loc 1 1632 12 view .LVU900
 2576 00b4 F8E7     		b	.L167
 2577              	.LVL153:
 2578              	.L176:
1632:Drivers/STM32F1xx_HAL_Driver/Src/stm32f1xx_hal_spi.c ****   }
 2579              		.loc 1 1632 12 view .LVU901
 2580 00b6 0120     		movs	r0, #1
 2581              	.LVL154:
1632:Drivers/STM32F1xx_HAL_Driver/Src/stm32f1xx_hal_spi.c ****   }
 2582              		.loc 1 1632 12 view .LVU902
 2583 00b8 F6E7     		b	.L167
 2584              	.LVL155:
 2585              	.L177:
ARM GAS  /var/folders/y0/yl1wrqfd209ghqq3s8k8qc1m0000gn/T//ccjYiGlu.s 			page 131


1632:Drivers/STM32F1xx_HAL_Driver/Src/stm32f1xx_hal_spi.c ****   }
 2586              		.loc 1 1632 12 view .LVU903
 2587 00ba 0120     		movs	r0, #1
 2588              	.LVL156:
1632:Drivers/STM32F1xx_HAL_Driver/Src/stm32f1xx_hal_spi.c ****   }
 2589              		.loc 1 1632 12 view .LVU904
 2590 00bc F4E7     		b	.L167
 2591              	.LVL157:
 2592              	.L178:
1636:Drivers/STM32F1xx_HAL_Driver/Src/stm32f1xx_hal_spi.c **** 
 2593              		.loc 1 1636 3 discriminator 1 view .LVU905
 2594 00be 0220     		movs	r0, #2
 2595              	.LVL158:
1636:Drivers/STM32F1xx_HAL_Driver/Src/stm32f1xx_hal_spi.c **** 
 2596              		.loc 1 1636 3 discriminator 1 view .LVU906
 2597 00c0 F2E7     		b	.L167
 2598              	.L181:
 2599 00c2 00BF     		.align	2
 2600              	.L180:
 2601 00c4 00000000 		.word	SPI_2linesRxISR_16BIT
 2602 00c8 00000000 		.word	SPI_2linesTxISR_16BIT
 2603 00cc 00000000 		.word	SPI_2linesRxISR_8BIT
 2604 00d0 00000000 		.word	SPI_2linesTxISR_8BIT
 2605              		.cfi_endproc
 2606              	.LFE74:
 2608              		.section	.text.HAL_SPI_Receive_IT,"ax",%progbits
 2609              		.align	1
 2610              		.global	HAL_SPI_Receive_IT
 2611              		.syntax unified
 2612              		.thumb
 2613              		.thumb_func
 2615              	HAL_SPI_Receive_IT:
 2616              	.LVL159:
 2617              	.LFB73:
1520:Drivers/STM32F1xx_HAL_Driver/Src/stm32f1xx_hal_spi.c **** 
 2618              		.loc 1 1520 1 is_stmt 1 view -0
 2619              		.cfi_startproc
 2620              		@ args = 0, pretend = 0, frame = 0
 2621              		@ frame_needed = 0, uses_anonymous_args = 0
1520:Drivers/STM32F1xx_HAL_Driver/Src/stm32f1xx_hal_spi.c **** 
 2622              		.loc 1 1520 1 is_stmt 0 view .LVU908
 2623 0000 08B5     		push	{r3, lr}
 2624              	.LCFI30:
 2625              		.cfi_def_cfa_offset 8
 2626              		.cfi_offset 3, -8
 2627              		.cfi_offset 14, -4
1522:Drivers/STM32F1xx_HAL_Driver/Src/stm32f1xx_hal_spi.c ****   {
 2628              		.loc 1 1522 3 is_stmt 1 view .LVU909
1522:Drivers/STM32F1xx_HAL_Driver/Src/stm32f1xx_hal_spi.c ****   {
 2629              		.loc 1 1522 11 is_stmt 0 view .LVU910
 2630 0002 90F85130 		ldrb	r3, [r0, #81]	@ zero_extendqisi2
1522:Drivers/STM32F1xx_HAL_Driver/Src/stm32f1xx_hal_spi.c ****   {
 2631              		.loc 1 1522 6 view .LVU911
 2632 0006 012B     		cmp	r3, #1
 2633 0008 61D1     		bne	.L189
 2634 000a 8446     		mov	ip, r0
 2635 000c D8B2     		uxtb	r0, r3
ARM GAS  /var/folders/y0/yl1wrqfd209ghqq3s8k8qc1m0000gn/T//ccjYiGlu.s 			page 132


 2636              	.LVL160:
1527:Drivers/STM32F1xx_HAL_Driver/Src/stm32f1xx_hal_spi.c ****   {
 2637              		.loc 1 1527 3 is_stmt 1 view .LVU912
1527:Drivers/STM32F1xx_HAL_Driver/Src/stm32f1xx_hal_spi.c ****   {
 2638              		.loc 1 1527 18 is_stmt 0 view .LVU913
 2639 000e DCF808E0 		ldr	lr, [ip, #8]
1527:Drivers/STM32F1xx_HAL_Driver/Src/stm32f1xx_hal_spi.c ****   {
 2640              		.loc 1 1527 6 view .LVU914
 2641 0012 BEF1000F 		cmp	lr, #0
 2642 0016 04D1     		bne	.L184
1527:Drivers/STM32F1xx_HAL_Driver/Src/stm32f1xx_hal_spi.c ****   {
 2643              		.loc 1 1527 68 discriminator 1 view .LVU915
 2644 0018 DCF80430 		ldr	r3, [ip, #4]
1527:Drivers/STM32F1xx_HAL_Driver/Src/stm32f1xx_hal_spi.c ****   {
 2645              		.loc 1 1527 54 discriminator 1 view .LVU916
 2646 001c B3F5827F 		cmp	r3, #260
 2647 0020 3BD0     		beq	.L192
 2648              	.L184:
1535:Drivers/STM32F1xx_HAL_Driver/Src/stm32f1xx_hal_spi.c ****   {
 2649              		.loc 1 1535 3 is_stmt 1 view .LVU917
1535:Drivers/STM32F1xx_HAL_Driver/Src/stm32f1xx_hal_spi.c ****   {
 2650              		.loc 1 1535 6 is_stmt 0 view .LVU918
 2651 0022 0029     		cmp	r1, #0
 2652 0024 54D0     		beq	.L183
1535:Drivers/STM32F1xx_HAL_Driver/Src/stm32f1xx_hal_spi.c ****   {
 2653              		.loc 1 1535 23 discriminator 1 view .LVU919
 2654 0026 002A     		cmp	r2, #0
 2655 0028 52D0     		beq	.L183
1541:Drivers/STM32F1xx_HAL_Driver/Src/stm32f1xx_hal_spi.c **** 
 2656              		.loc 1 1541 3 is_stmt 1 view .LVU920
1541:Drivers/STM32F1xx_HAL_Driver/Src/stm32f1xx_hal_spi.c **** 
 2657              		.loc 1 1541 3 view .LVU921
 2658 002a 9CF85030 		ldrb	r3, [ip, #80]	@ zero_extendqisi2
 2659 002e 012B     		cmp	r3, #1
 2660 0030 4FD0     		beq	.L190
1541:Drivers/STM32F1xx_HAL_Driver/Src/stm32f1xx_hal_spi.c **** 
 2661              		.loc 1 1541 3 discriminator 2 view .LVU922
 2662 0032 0123     		movs	r3, #1
 2663 0034 8CF85030 		strb	r3, [ip, #80]
1541:Drivers/STM32F1xx_HAL_Driver/Src/stm32f1xx_hal_spi.c **** 
 2664              		.loc 1 1541 3 view .LVU923
1544:Drivers/STM32F1xx_HAL_Driver/Src/stm32f1xx_hal_spi.c ****   hspi->ErrorCode   = HAL_SPI_ERROR_NONE;
 2665              		.loc 1 1544 3 view .LVU924
1544:Drivers/STM32F1xx_HAL_Driver/Src/stm32f1xx_hal_spi.c ****   hspi->ErrorCode   = HAL_SPI_ERROR_NONE;
 2666              		.loc 1 1544 21 is_stmt 0 view .LVU925
 2667 0038 0423     		movs	r3, #4
 2668 003a 8CF85130 		strb	r3, [ip, #81]
1545:Drivers/STM32F1xx_HAL_Driver/Src/stm32f1xx_hal_spi.c ****   hspi->pRxBuffPtr  = (uint8_t *)pData;
 2669              		.loc 1 1545 3 is_stmt 1 view .LVU926
1545:Drivers/STM32F1xx_HAL_Driver/Src/stm32f1xx_hal_spi.c ****   hspi->pRxBuffPtr  = (uint8_t *)pData;
 2670              		.loc 1 1545 21 is_stmt 0 view .LVU927
 2671 003e 0023     		movs	r3, #0
 2672 0040 CCF85430 		str	r3, [ip, #84]
1546:Drivers/STM32F1xx_HAL_Driver/Src/stm32f1xx_hal_spi.c ****   hspi->RxXferSize  = Size;
 2673              		.loc 1 1546 3 is_stmt 1 view .LVU928
1546:Drivers/STM32F1xx_HAL_Driver/Src/stm32f1xx_hal_spi.c ****   hspi->RxXferSize  = Size;
 2674              		.loc 1 1546 21 is_stmt 0 view .LVU929
ARM GAS  /var/folders/y0/yl1wrqfd209ghqq3s8k8qc1m0000gn/T//ccjYiGlu.s 			page 133


 2675 0044 CCF83810 		str	r1, [ip, #56]
1547:Drivers/STM32F1xx_HAL_Driver/Src/stm32f1xx_hal_spi.c ****   hspi->RxXferCount = Size;
 2676              		.loc 1 1547 3 is_stmt 1 view .LVU930
1547:Drivers/STM32F1xx_HAL_Driver/Src/stm32f1xx_hal_spi.c ****   hspi->RxXferCount = Size;
 2677              		.loc 1 1547 21 is_stmt 0 view .LVU931
 2678 0048 ACF83C20 		strh	r2, [ip, #60]	@ movhi
1548:Drivers/STM32F1xx_HAL_Driver/Src/stm32f1xx_hal_spi.c **** 
 2679              		.loc 1 1548 3 is_stmt 1 view .LVU932
1548:Drivers/STM32F1xx_HAL_Driver/Src/stm32f1xx_hal_spi.c **** 
 2680              		.loc 1 1548 21 is_stmt 0 view .LVU933
 2681 004c ACF83E20 		strh	r2, [ip, #62]	@ movhi
1551:Drivers/STM32F1xx_HAL_Driver/Src/stm32f1xx_hal_spi.c ****   hspi->TxXferSize  = 0U;
 2682              		.loc 1 1551 3 is_stmt 1 view .LVU934
1551:Drivers/STM32F1xx_HAL_Driver/Src/stm32f1xx_hal_spi.c ****   hspi->TxXferSize  = 0U;
 2683              		.loc 1 1551 21 is_stmt 0 view .LVU935
 2684 0050 CCF83030 		str	r3, [ip, #48]
1552:Drivers/STM32F1xx_HAL_Driver/Src/stm32f1xx_hal_spi.c ****   hspi->TxXferCount = 0U;
 2685              		.loc 1 1552 3 is_stmt 1 view .LVU936
1552:Drivers/STM32F1xx_HAL_Driver/Src/stm32f1xx_hal_spi.c ****   hspi->TxXferCount = 0U;
 2686              		.loc 1 1552 21 is_stmt 0 view .LVU937
 2687 0054 ACF83430 		strh	r3, [ip, #52]	@ movhi
1553:Drivers/STM32F1xx_HAL_Driver/Src/stm32f1xx_hal_spi.c ****   hspi->TxISR       = NULL;
 2688              		.loc 1 1553 3 is_stmt 1 view .LVU938
1553:Drivers/STM32F1xx_HAL_Driver/Src/stm32f1xx_hal_spi.c ****   hspi->TxISR       = NULL;
 2689              		.loc 1 1553 21 is_stmt 0 view .LVU939
 2690 0058 ACF83630 		strh	r3, [ip, #54]	@ movhi
1554:Drivers/STM32F1xx_HAL_Driver/Src/stm32f1xx_hal_spi.c **** 
 2691              		.loc 1 1554 3 is_stmt 1 view .LVU940
1554:Drivers/STM32F1xx_HAL_Driver/Src/stm32f1xx_hal_spi.c **** 
 2692              		.loc 1 1554 21 is_stmt 0 view .LVU941
 2693 005c CCF84430 		str	r3, [ip, #68]
1557:Drivers/STM32F1xx_HAL_Driver/Src/stm32f1xx_hal_spi.c ****   {
 2694              		.loc 1 1557 3 is_stmt 1 view .LVU942
1557:Drivers/STM32F1xx_HAL_Driver/Src/stm32f1xx_hal_spi.c ****   {
 2695              		.loc 1 1557 17 is_stmt 0 view .LVU943
 2696 0060 DCF80C30 		ldr	r3, [ip, #12]
1557:Drivers/STM32F1xx_HAL_Driver/Src/stm32f1xx_hal_spi.c ****   {
 2697              		.loc 1 1557 6 view .LVU944
 2698 0064 13B3     		cbz	r3, .L185
1559:Drivers/STM32F1xx_HAL_Driver/Src/stm32f1xx_hal_spi.c ****   }
 2699              		.loc 1 1559 5 is_stmt 1 view .LVU945
1559:Drivers/STM32F1xx_HAL_Driver/Src/stm32f1xx_hal_spi.c ****   }
 2700              		.loc 1 1559 17 is_stmt 0 view .LVU946
 2701 0066 1C4B     		ldr	r3, .L194
 2702 0068 CCF84030 		str	r3, [ip, #64]
 2703              	.L186:
1567:Drivers/STM32F1xx_HAL_Driver/Src/stm32f1xx_hal_spi.c ****   {
 2704              		.loc 1 1567 3 is_stmt 1 view .LVU947
1567:Drivers/STM32F1xx_HAL_Driver/Src/stm32f1xx_hal_spi.c ****   {
 2705              		.loc 1 1567 6 is_stmt 0 view .LVU948
 2706 006c BEF5004F 		cmp	lr, #32768
 2707 0070 20D0     		beq	.L193
 2708              	.LVL161:
 2709              	.L187:
1587:Drivers/STM32F1xx_HAL_Driver/Src/stm32f1xx_hal_spi.c ****   {
 2710              		.loc 1 1587 3 is_stmt 1 view .LVU949
1587:Drivers/STM32F1xx_HAL_Driver/Src/stm32f1xx_hal_spi.c ****   {
ARM GAS  /var/folders/y0/yl1wrqfd209ghqq3s8k8qc1m0000gn/T//ccjYiGlu.s 			page 134


 2711              		.loc 1 1587 12 is_stmt 0 view .LVU950
 2712 0072 DCF80030 		ldr	r3, [ip]
1587:Drivers/STM32F1xx_HAL_Driver/Src/stm32f1xx_hal_spi.c ****   {
 2713              		.loc 1 1587 22 view .LVU951
 2714 0076 1A68     		ldr	r2, [r3]
1587:Drivers/STM32F1xx_HAL_Driver/Src/stm32f1xx_hal_spi.c ****   {
 2715              		.loc 1 1587 6 view .LVU952
 2716 0078 12F0400F 		tst	r2, #64
 2717 007c 03D1     		bne	.L188
1590:Drivers/STM32F1xx_HAL_Driver/Src/stm32f1xx_hal_spi.c ****   }
 2718              		.loc 1 1590 5 is_stmt 1 view .LVU953
 2719 007e 1A68     		ldr	r2, [r3]
 2720 0080 42F04002 		orr	r2, r2, #64
 2721 0084 1A60     		str	r2, [r3]
 2722              	.L188:
1594:Drivers/STM32F1xx_HAL_Driver/Src/stm32f1xx_hal_spi.c ****   /* Enable RXNE and ERR interrupt */
 2723              		.loc 1 1594 3 view .LVU954
1594:Drivers/STM32F1xx_HAL_Driver/Src/stm32f1xx_hal_spi.c ****   /* Enable RXNE and ERR interrupt */
 2724              		.loc 1 1594 3 view .LVU955
 2725 0086 0020     		movs	r0, #0
 2726 0088 8CF85000 		strb	r0, [ip, #80]
1594:Drivers/STM32F1xx_HAL_Driver/Src/stm32f1xx_hal_spi.c ****   /* Enable RXNE and ERR interrupt */
 2727              		.loc 1 1594 3 view .LVU956
1596:Drivers/STM32F1xx_HAL_Driver/Src/stm32f1xx_hal_spi.c **** 
 2728              		.loc 1 1596 3 view .LVU957
 2729 008c DCF80020 		ldr	r2, [ip]
 2730 0090 5368     		ldr	r3, [r2, #4]
 2731 0092 43F06003 		orr	r3, r3, #96
 2732 0096 5360     		str	r3, [r2, #4]
1598:Drivers/STM32F1xx_HAL_Driver/Src/stm32f1xx_hal_spi.c **** }
 2733              		.loc 1 1598 3 view .LVU958
1598:Drivers/STM32F1xx_HAL_Driver/Src/stm32f1xx_hal_spi.c **** }
 2734              		.loc 1 1598 10 is_stmt 0 view .LVU959
 2735 0098 1AE0     		b	.L183
 2736              	.LVL162:
 2737              	.L192:
1529:Drivers/STM32F1xx_HAL_Driver/Src/stm32f1xx_hal_spi.c ****     /* Call transmit-receive function to send Dummy data on Tx line and generate clock on CLK line 
 2738              		.loc 1 1529 5 is_stmt 1 view .LVU960
1529:Drivers/STM32F1xx_HAL_Driver/Src/stm32f1xx_hal_spi.c ****     /* Call transmit-receive function to send Dummy data on Tx line and generate clock on CLK line 
 2739              		.loc 1 1529 17 is_stmt 0 view .LVU961
 2740 009a 0423     		movs	r3, #4
 2741 009c 8CF85130 		strb	r3, [ip, #81]
1531:Drivers/STM32F1xx_HAL_Driver/Src/stm32f1xx_hal_spi.c ****   }
 2742              		.loc 1 1531 5 is_stmt 1 view .LVU962
1531:Drivers/STM32F1xx_HAL_Driver/Src/stm32f1xx_hal_spi.c ****   }
 2743              		.loc 1 1531 12 is_stmt 0 view .LVU963
 2744 00a0 1346     		mov	r3, r2
 2745 00a2 0A46     		mov	r2, r1
 2746              	.LVL163:
1531:Drivers/STM32F1xx_HAL_Driver/Src/stm32f1xx_hal_spi.c ****   }
 2747              		.loc 1 1531 12 view .LVU964
 2748 00a4 6046     		mov	r0, ip
 2749 00a6 FFF7FEFF 		bl	HAL_SPI_TransmitReceive_IT
 2750              	.LVL164:
1531:Drivers/STM32F1xx_HAL_Driver/Src/stm32f1xx_hal_spi.c ****   }
 2751              		.loc 1 1531 12 view .LVU965
 2752 00aa 11E0     		b	.L183
ARM GAS  /var/folders/y0/yl1wrqfd209ghqq3s8k8qc1m0000gn/T//ccjYiGlu.s 			page 135


 2753              	.LVL165:
 2754              	.L185:
1563:Drivers/STM32F1xx_HAL_Driver/Src/stm32f1xx_hal_spi.c ****   }
 2755              		.loc 1 1563 5 is_stmt 1 view .LVU966
1563:Drivers/STM32F1xx_HAL_Driver/Src/stm32f1xx_hal_spi.c ****   }
 2756              		.loc 1 1563 17 is_stmt 0 view .LVU967
 2757 00ac 0B4B     		ldr	r3, .L194+4
 2758 00ae CCF84030 		str	r3, [ip, #64]
 2759 00b2 DBE7     		b	.L186
 2760              	.L193:
1570:Drivers/STM32F1xx_HAL_Driver/Src/stm32f1xx_hal_spi.c ****     SPI_1LINE_RX(hspi);
 2761              		.loc 1 1570 5 is_stmt 1 view .LVU968
 2762 00b4 DCF80020 		ldr	r2, [ip]
 2763              	.LVL166:
1570:Drivers/STM32F1xx_HAL_Driver/Src/stm32f1xx_hal_spi.c ****     SPI_1LINE_RX(hspi);
 2764              		.loc 1 1570 5 is_stmt 0 view .LVU969
 2765 00b8 1368     		ldr	r3, [r2]
 2766 00ba 23F04003 		bic	r3, r3, #64
 2767 00be 1360     		str	r3, [r2]
 2768              	.LVL167:
1571:Drivers/STM32F1xx_HAL_Driver/Src/stm32f1xx_hal_spi.c ****   }
 2769              		.loc 1 1571 5 is_stmt 1 view .LVU970
 2770 00c0 DCF80020 		ldr	r2, [ip]
 2771 00c4 1368     		ldr	r3, [r2]
 2772 00c6 23F48043 		bic	r3, r3, #16384
 2773 00ca 1360     		str	r3, [r2]
 2774 00cc D1E7     		b	.L187
 2775              	.LVL168:
 2776              	.L189:
1524:Drivers/STM32F1xx_HAL_Driver/Src/stm32f1xx_hal_spi.c ****   }
 2777              		.loc 1 1524 12 is_stmt 0 view .LVU971
 2778 00ce 0220     		movs	r0, #2
 2779              	.LVL169:
 2780              	.L183:
1599:Drivers/STM32F1xx_HAL_Driver/Src/stm32f1xx_hal_spi.c **** 
 2781              		.loc 1 1599 1 view .LVU972
 2782 00d0 08BD     		pop	{r3, pc}
 2783              	.LVL170:
 2784              	.L190:
1541:Drivers/STM32F1xx_HAL_Driver/Src/stm32f1xx_hal_spi.c **** 
 2785              		.loc 1 1541 3 discriminator 1 view .LVU973
 2786 00d2 0220     		movs	r0, #2
 2787 00d4 FCE7     		b	.L183
 2788              	.L195:
 2789 00d6 00BF     		.align	2
 2790              	.L194:
 2791 00d8 00000000 		.word	SPI_RxISR_16BIT
 2792 00dc 00000000 		.word	SPI_RxISR_8BIT
 2793              		.cfi_endproc
 2794              	.LFE73:
 2796              		.section	.text.HAL_SPI_Transmit_DMA,"ax",%progbits
 2797              		.align	1
 2798              		.global	HAL_SPI_Transmit_DMA
 2799              		.syntax unified
 2800              		.thumb
 2801              		.thumb_func
 2803              	HAL_SPI_Transmit_DMA:
ARM GAS  /var/folders/y0/yl1wrqfd209ghqq3s8k8qc1m0000gn/T//ccjYiGlu.s 			page 136


 2804              	.LVL171:
 2805              	.LFB75:
1698:Drivers/STM32F1xx_HAL_Driver/Src/stm32f1xx_hal_spi.c **** 
 2806              		.loc 1 1698 1 is_stmt 1 view -0
 2807              		.cfi_startproc
 2808              		@ args = 0, pretend = 0, frame = 0
 2809              		@ frame_needed = 0, uses_anonymous_args = 0
1698:Drivers/STM32F1xx_HAL_Driver/Src/stm32f1xx_hal_spi.c **** 
 2810              		.loc 1 1698 1 is_stmt 0 view .LVU975
 2811 0000 38B5     		push	{r3, r4, r5, lr}
 2812              	.LCFI31:
 2813              		.cfi_def_cfa_offset 16
 2814              		.cfi_offset 3, -16
 2815              		.cfi_offset 4, -12
 2816              		.cfi_offset 5, -8
 2817              		.cfi_offset 14, -4
1701:Drivers/STM32F1xx_HAL_Driver/Src/stm32f1xx_hal_spi.c **** 
 2818              		.loc 1 1701 3 is_stmt 1 view .LVU976
1704:Drivers/STM32F1xx_HAL_Driver/Src/stm32f1xx_hal_spi.c **** 
 2819              		.loc 1 1704 3 view .LVU977
1706:Drivers/STM32F1xx_HAL_Driver/Src/stm32f1xx_hal_spi.c ****   {
 2820              		.loc 1 1706 3 view .LVU978
1706:Drivers/STM32F1xx_HAL_Driver/Src/stm32f1xx_hal_spi.c ****   {
 2821              		.loc 1 1706 11 is_stmt 0 view .LVU979
 2822 0002 90F85130 		ldrb	r3, [r0, #81]	@ zero_extendqisi2
1706:Drivers/STM32F1xx_HAL_Driver/Src/stm32f1xx_hal_spi.c ****   {
 2823              		.loc 1 1706 6 view .LVU980
 2824 0006 012B     		cmp	r3, #1
 2825 0008 5ED1     		bne	.L201
 2826 000a 0446     		mov	r4, r0
 2827 000c DDB2     		uxtb	r5, r3
1711:Drivers/STM32F1xx_HAL_Driver/Src/stm32f1xx_hal_spi.c ****   {
 2828              		.loc 1 1711 3 is_stmt 1 view .LVU981
1711:Drivers/STM32F1xx_HAL_Driver/Src/stm32f1xx_hal_spi.c ****   {
 2829              		.loc 1 1711 6 is_stmt 0 view .LVU982
 2830 000e 0029     		cmp	r1, #0
 2831 0010 5BD0     		beq	.L197
1711:Drivers/STM32F1xx_HAL_Driver/Src/stm32f1xx_hal_spi.c ****   {
 2832              		.loc 1 1711 23 discriminator 1 view .LVU983
 2833 0012 002A     		cmp	r2, #0
 2834 0014 59D0     		beq	.L197
1717:Drivers/STM32F1xx_HAL_Driver/Src/stm32f1xx_hal_spi.c **** 
 2835              		.loc 1 1717 3 is_stmt 1 view .LVU984
1717:Drivers/STM32F1xx_HAL_Driver/Src/stm32f1xx_hal_spi.c **** 
 2836              		.loc 1 1717 3 view .LVU985
 2837 0016 90F85030 		ldrb	r3, [r0, #80]	@ zero_extendqisi2
 2838 001a 012B     		cmp	r3, #1
 2839 001c 57D0     		beq	.L202
1717:Drivers/STM32F1xx_HAL_Driver/Src/stm32f1xx_hal_spi.c **** 
 2840              		.loc 1 1717 3 discriminator 2 view .LVU986
 2841 001e 0123     		movs	r3, #1
 2842 0020 80F85030 		strb	r3, [r0, #80]
1717:Drivers/STM32F1xx_HAL_Driver/Src/stm32f1xx_hal_spi.c **** 
 2843              		.loc 1 1717 3 view .LVU987
1720:Drivers/STM32F1xx_HAL_Driver/Src/stm32f1xx_hal_spi.c ****   hspi->ErrorCode   = HAL_SPI_ERROR_NONE;
 2844              		.loc 1 1720 3 view .LVU988
1720:Drivers/STM32F1xx_HAL_Driver/Src/stm32f1xx_hal_spi.c ****   hspi->ErrorCode   = HAL_SPI_ERROR_NONE;
ARM GAS  /var/folders/y0/yl1wrqfd209ghqq3s8k8qc1m0000gn/T//ccjYiGlu.s 			page 137


 2845              		.loc 1 1720 21 is_stmt 0 view .LVU989
 2846 0024 0323     		movs	r3, #3
 2847 0026 80F85130 		strb	r3, [r0, #81]
1721:Drivers/STM32F1xx_HAL_Driver/Src/stm32f1xx_hal_spi.c ****   hspi->pTxBuffPtr  = (const uint8_t *)pData;
 2848              		.loc 1 1721 3 is_stmt 1 view .LVU990
1721:Drivers/STM32F1xx_HAL_Driver/Src/stm32f1xx_hal_spi.c ****   hspi->pTxBuffPtr  = (const uint8_t *)pData;
 2849              		.loc 1 1721 21 is_stmt 0 view .LVU991
 2850 002a 0023     		movs	r3, #0
 2851 002c 4365     		str	r3, [r0, #84]
1722:Drivers/STM32F1xx_HAL_Driver/Src/stm32f1xx_hal_spi.c ****   hspi->TxXferSize  = Size;
 2852              		.loc 1 1722 3 is_stmt 1 view .LVU992
1722:Drivers/STM32F1xx_HAL_Driver/Src/stm32f1xx_hal_spi.c ****   hspi->TxXferSize  = Size;
 2853              		.loc 1 1722 21 is_stmt 0 view .LVU993
 2854 002e 0163     		str	r1, [r0, #48]
1723:Drivers/STM32F1xx_HAL_Driver/Src/stm32f1xx_hal_spi.c ****   hspi->TxXferCount = Size;
 2855              		.loc 1 1723 3 is_stmt 1 view .LVU994
1723:Drivers/STM32F1xx_HAL_Driver/Src/stm32f1xx_hal_spi.c ****   hspi->TxXferCount = Size;
 2856              		.loc 1 1723 21 is_stmt 0 view .LVU995
 2857 0030 8286     		strh	r2, [r0, #52]	@ movhi
1724:Drivers/STM32F1xx_HAL_Driver/Src/stm32f1xx_hal_spi.c **** 
 2858              		.loc 1 1724 3 is_stmt 1 view .LVU996
1724:Drivers/STM32F1xx_HAL_Driver/Src/stm32f1xx_hal_spi.c **** 
 2859              		.loc 1 1724 21 is_stmt 0 view .LVU997
 2860 0032 C286     		strh	r2, [r0, #54]	@ movhi
1727:Drivers/STM32F1xx_HAL_Driver/Src/stm32f1xx_hal_spi.c ****   hspi->TxISR       = NULL;
 2861              		.loc 1 1727 3 is_stmt 1 view .LVU998
1727:Drivers/STM32F1xx_HAL_Driver/Src/stm32f1xx_hal_spi.c ****   hspi->TxISR       = NULL;
 2862              		.loc 1 1727 21 is_stmt 0 view .LVU999
 2863 0034 8363     		str	r3, [r0, #56]
1728:Drivers/STM32F1xx_HAL_Driver/Src/stm32f1xx_hal_spi.c ****   hspi->RxISR       = NULL;
 2864              		.loc 1 1728 3 is_stmt 1 view .LVU1000
1728:Drivers/STM32F1xx_HAL_Driver/Src/stm32f1xx_hal_spi.c ****   hspi->RxISR       = NULL;
 2865              		.loc 1 1728 21 is_stmt 0 view .LVU1001
 2866 0036 4364     		str	r3, [r0, #68]
1729:Drivers/STM32F1xx_HAL_Driver/Src/stm32f1xx_hal_spi.c ****   hspi->RxXferSize  = 0U;
 2867              		.loc 1 1729 3 is_stmt 1 view .LVU1002
1729:Drivers/STM32F1xx_HAL_Driver/Src/stm32f1xx_hal_spi.c ****   hspi->RxXferSize  = 0U;
 2868              		.loc 1 1729 21 is_stmt 0 view .LVU1003
 2869 0038 0364     		str	r3, [r0, #64]
1730:Drivers/STM32F1xx_HAL_Driver/Src/stm32f1xx_hal_spi.c ****   hspi->RxXferCount = 0U;
 2870              		.loc 1 1730 3 is_stmt 1 view .LVU1004
1730:Drivers/STM32F1xx_HAL_Driver/Src/stm32f1xx_hal_spi.c ****   hspi->RxXferCount = 0U;
 2871              		.loc 1 1730 21 is_stmt 0 view .LVU1005
 2872 003a 8387     		strh	r3, [r0, #60]	@ movhi
1731:Drivers/STM32F1xx_HAL_Driver/Src/stm32f1xx_hal_spi.c **** 
 2873              		.loc 1 1731 3 is_stmt 1 view .LVU1006
1731:Drivers/STM32F1xx_HAL_Driver/Src/stm32f1xx_hal_spi.c **** 
 2874              		.loc 1 1731 21 is_stmt 0 view .LVU1007
 2875 003c C387     		strh	r3, [r0, #62]	@ movhi
1734:Drivers/STM32F1xx_HAL_Driver/Src/stm32f1xx_hal_spi.c ****   {
 2876              		.loc 1 1734 3 is_stmt 1 view .LVU1008
1734:Drivers/STM32F1xx_HAL_Driver/Src/stm32f1xx_hal_spi.c ****   {
 2877              		.loc 1 1734 17 is_stmt 0 view .LVU1009
 2878 003e 8368     		ldr	r3, [r0, #8]
1734:Drivers/STM32F1xx_HAL_Driver/Src/stm32f1xx_hal_spi.c ****   {
 2879              		.loc 1 1734 6 view .LVU1010
 2880 0040 B3F5004F 		cmp	r3, #32768
ARM GAS  /var/folders/y0/yl1wrqfd209ghqq3s8k8qc1m0000gn/T//ccjYiGlu.s 			page 138


 2881 0044 2DD0     		beq	.L204
 2882              	.LVL172:
 2883              	.L198:
1750:Drivers/STM32F1xx_HAL_Driver/Src/stm32f1xx_hal_spi.c **** 
 2884              		.loc 1 1750 3 is_stmt 1 view .LVU1011
1750:Drivers/STM32F1xx_HAL_Driver/Src/stm32f1xx_hal_spi.c **** 
 2885              		.loc 1 1750 7 is_stmt 0 view .LVU1012
 2886 0046 A36C     		ldr	r3, [r4, #72]
1750:Drivers/STM32F1xx_HAL_Driver/Src/stm32f1xx_hal_spi.c **** 
 2887              		.loc 1 1750 38 view .LVU1013
 2888 0048 224A     		ldr	r2, .L206
 2889 004a DA62     		str	r2, [r3, #44]
1753:Drivers/STM32F1xx_HAL_Driver/Src/stm32f1xx_hal_spi.c **** 
 2890              		.loc 1 1753 3 is_stmt 1 view .LVU1014
1753:Drivers/STM32F1xx_HAL_Driver/Src/stm32f1xx_hal_spi.c **** 
 2891              		.loc 1 1753 7 is_stmt 0 view .LVU1015
 2892 004c A36C     		ldr	r3, [r4, #72]
1753:Drivers/STM32F1xx_HAL_Driver/Src/stm32f1xx_hal_spi.c **** 
 2893              		.loc 1 1753 34 view .LVU1016
 2894 004e 224A     		ldr	r2, .L206+4
 2895 0050 9A62     		str	r2, [r3, #40]
1756:Drivers/STM32F1xx_HAL_Driver/Src/stm32f1xx_hal_spi.c **** 
 2896              		.loc 1 1756 3 is_stmt 1 view .LVU1017
1756:Drivers/STM32F1xx_HAL_Driver/Src/stm32f1xx_hal_spi.c **** 
 2897              		.loc 1 1756 7 is_stmt 0 view .LVU1018
 2898 0052 A36C     		ldr	r3, [r4, #72]
1756:Drivers/STM32F1xx_HAL_Driver/Src/stm32f1xx_hal_spi.c **** 
 2899              		.loc 1 1756 35 view .LVU1019
 2900 0054 214A     		ldr	r2, .L206+8
 2901 0056 1A63     		str	r2, [r3, #48]
1759:Drivers/STM32F1xx_HAL_Driver/Src/stm32f1xx_hal_spi.c **** 
 2902              		.loc 1 1759 3 is_stmt 1 view .LVU1020
1759:Drivers/STM32F1xx_HAL_Driver/Src/stm32f1xx_hal_spi.c **** 
 2903              		.loc 1 1759 7 is_stmt 0 view .LVU1021
 2904 0058 A36C     		ldr	r3, [r4, #72]
1759:Drivers/STM32F1xx_HAL_Driver/Src/stm32f1xx_hal_spi.c **** 
 2905              		.loc 1 1759 35 view .LVU1022
 2906 005a 0022     		movs	r2, #0
 2907 005c 5A63     		str	r2, [r3, #52]
1762:Drivers/STM32F1xx_HAL_Driver/Src/stm32f1xx_hal_spi.c ****                                  hspi->TxXferCount))
 2908              		.loc 1 1762 3 is_stmt 1 view .LVU1023
1762:Drivers/STM32F1xx_HAL_Driver/Src/stm32f1xx_hal_spi.c ****                                  hspi->TxXferCount))
 2909              		.loc 1 1762 91 is_stmt 0 view .LVU1024
 2910 005e 2268     		ldr	r2, [r4]
1763:Drivers/STM32F1xx_HAL_Driver/Src/stm32f1xx_hal_spi.c ****   {
 2911              		.loc 1 1763 38 view .LVU1025
 2912 0060 E38E     		ldrh	r3, [r4, #54]
1762:Drivers/STM32F1xx_HAL_Driver/Src/stm32f1xx_hal_spi.c ****                                  hspi->TxXferCount))
 2913              		.loc 1 1762 17 view .LVU1026
 2914 0062 9BB2     		uxth	r3, r3
 2915 0064 0C32     		adds	r2, r2, #12
 2916 0066 216B     		ldr	r1, [r4, #48]
 2917              	.LVL173:
1762:Drivers/STM32F1xx_HAL_Driver/Src/stm32f1xx_hal_spi.c ****                                  hspi->TxXferCount))
 2918              		.loc 1 1762 17 view .LVU1027
 2919 0068 A06C     		ldr	r0, [r4, #72]
 2920              	.LVL174:
ARM GAS  /var/folders/y0/yl1wrqfd209ghqq3s8k8qc1m0000gn/T//ccjYiGlu.s 			page 139


1762:Drivers/STM32F1xx_HAL_Driver/Src/stm32f1xx_hal_spi.c ****                                  hspi->TxXferCount))
 2921              		.loc 1 1762 17 view .LVU1028
 2922 006a FFF7FEFF 		bl	HAL_DMA_Start_IT
 2923              	.LVL175:
1762:Drivers/STM32F1xx_HAL_Driver/Src/stm32f1xx_hal_spi.c ****                                  hspi->TxXferCount))
 2924              		.loc 1 1762 6 discriminator 1 view .LVU1029
 2925 006e 0146     		mov	r1, r0
 2926 0070 10BB     		cbnz	r0, .L205
1773:Drivers/STM32F1xx_HAL_Driver/Src/stm32f1xx_hal_spi.c ****   {
 2927              		.loc 1 1773 3 is_stmt 1 view .LVU1030
1773:Drivers/STM32F1xx_HAL_Driver/Src/stm32f1xx_hal_spi.c ****   {
 2928              		.loc 1 1773 12 is_stmt 0 view .LVU1031
 2929 0072 2368     		ldr	r3, [r4]
1773:Drivers/STM32F1xx_HAL_Driver/Src/stm32f1xx_hal_spi.c ****   {
 2930              		.loc 1 1773 22 view .LVU1032
 2931 0074 1A68     		ldr	r2, [r3]
1773:Drivers/STM32F1xx_HAL_Driver/Src/stm32f1xx_hal_spi.c ****   {
 2932              		.loc 1 1773 6 view .LVU1033
 2933 0076 12F0400F 		tst	r2, #64
 2934 007a 03D1     		bne	.L200
1776:Drivers/STM32F1xx_HAL_Driver/Src/stm32f1xx_hal_spi.c ****   }
 2935              		.loc 1 1776 5 is_stmt 1 view .LVU1034
 2936 007c 1A68     		ldr	r2, [r3]
 2937 007e 42F04002 		orr	r2, r2, #64
 2938 0082 1A60     		str	r2, [r3]
 2939              	.L200:
1780:Drivers/STM32F1xx_HAL_Driver/Src/stm32f1xx_hal_spi.c **** 
 2940              		.loc 1 1780 3 view .LVU1035
1780:Drivers/STM32F1xx_HAL_Driver/Src/stm32f1xx_hal_spi.c **** 
 2941              		.loc 1 1780 3 view .LVU1036
 2942 0084 0023     		movs	r3, #0
 2943 0086 84F85030 		strb	r3, [r4, #80]
1780:Drivers/STM32F1xx_HAL_Driver/Src/stm32f1xx_hal_spi.c **** 
 2944              		.loc 1 1780 3 view .LVU1037
1783:Drivers/STM32F1xx_HAL_Driver/Src/stm32f1xx_hal_spi.c **** 
 2945              		.loc 1 1783 3 view .LVU1038
 2946 008a 2268     		ldr	r2, [r4]
 2947 008c 5368     		ldr	r3, [r2, #4]
 2948 008e 43F02003 		orr	r3, r3, #32
 2949 0092 5360     		str	r3, [r2, #4]
1786:Drivers/STM32F1xx_HAL_Driver/Src/stm32f1xx_hal_spi.c **** 
 2950              		.loc 1 1786 3 view .LVU1039
 2951 0094 2268     		ldr	r2, [r4]
 2952 0096 5368     		ldr	r3, [r2, #4]
 2953 0098 43F00203 		orr	r3, r3, #2
 2954 009c 5360     		str	r3, [r2, #4]
1788:Drivers/STM32F1xx_HAL_Driver/Src/stm32f1xx_hal_spi.c **** }
 2955              		.loc 1 1788 3 view .LVU1040
1788:Drivers/STM32F1xx_HAL_Driver/Src/stm32f1xx_hal_spi.c **** }
 2956              		.loc 1 1788 10 is_stmt 0 view .LVU1041
 2957 009e 0D46     		mov	r5, r1
 2958 00a0 13E0     		b	.L197
 2959              	.LVL176:
 2960              	.L204:
1737:Drivers/STM32F1xx_HAL_Driver/Src/stm32f1xx_hal_spi.c ****     SPI_1LINE_TX(hspi);
 2961              		.loc 1 1737 5 is_stmt 1 view .LVU1042
 2962 00a2 0268     		ldr	r2, [r0]
ARM GAS  /var/folders/y0/yl1wrqfd209ghqq3s8k8qc1m0000gn/T//ccjYiGlu.s 			page 140


 2963              	.LVL177:
1737:Drivers/STM32F1xx_HAL_Driver/Src/stm32f1xx_hal_spi.c ****     SPI_1LINE_TX(hspi);
 2964              		.loc 1 1737 5 is_stmt 0 view .LVU1043
 2965 00a4 1368     		ldr	r3, [r2]
 2966 00a6 23F04003 		bic	r3, r3, #64
 2967 00aa 1360     		str	r3, [r2]
 2968              	.LVL178:
1738:Drivers/STM32F1xx_HAL_Driver/Src/stm32f1xx_hal_spi.c ****   }
 2969              		.loc 1 1738 5 is_stmt 1 view .LVU1044
 2970 00ac 0268     		ldr	r2, [r0]
 2971 00ae 1368     		ldr	r3, [r2]
 2972 00b0 43F48043 		orr	r3, r3, #16384
 2973 00b4 1360     		str	r3, [r2]
 2974 00b6 C6E7     		b	.L198
 2975              	.LVL179:
 2976              	.L205:
1766:Drivers/STM32F1xx_HAL_Driver/Src/stm32f1xx_hal_spi.c ****     /* Process Unlocked */
 2977              		.loc 1 1766 5 view .LVU1045
 2978 00b8 636D     		ldr	r3, [r4, #84]
 2979 00ba 43F01003 		orr	r3, r3, #16
 2980 00be 6365     		str	r3, [r4, #84]
1768:Drivers/STM32F1xx_HAL_Driver/Src/stm32f1xx_hal_spi.c ****     return HAL_ERROR;
 2981              		.loc 1 1768 5 view .LVU1046
1768:Drivers/STM32F1xx_HAL_Driver/Src/stm32f1xx_hal_spi.c ****     return HAL_ERROR;
 2982              		.loc 1 1768 5 view .LVU1047
 2983 00c0 0023     		movs	r3, #0
 2984 00c2 84F85030 		strb	r3, [r4, #80]
1768:Drivers/STM32F1xx_HAL_Driver/Src/stm32f1xx_hal_spi.c ****     return HAL_ERROR;
 2985              		.loc 1 1768 5 view .LVU1048
1769:Drivers/STM32F1xx_HAL_Driver/Src/stm32f1xx_hal_spi.c ****   }
 2986              		.loc 1 1769 5 view .LVU1049
1769:Drivers/STM32F1xx_HAL_Driver/Src/stm32f1xx_hal_spi.c ****   }
 2987              		.loc 1 1769 12 is_stmt 0 view .LVU1050
 2988 00c6 00E0     		b	.L197
 2989              	.LVL180:
 2990              	.L201:
1708:Drivers/STM32F1xx_HAL_Driver/Src/stm32f1xx_hal_spi.c ****   }
 2991              		.loc 1 1708 12 view .LVU1051
 2992 00c8 0225     		movs	r5, #2
 2993              	.LVL181:
 2994              	.L197:
1789:Drivers/STM32F1xx_HAL_Driver/Src/stm32f1xx_hal_spi.c **** 
 2995              		.loc 1 1789 1 view .LVU1052
 2996 00ca 2846     		mov	r0, r5
 2997 00cc 38BD     		pop	{r3, r4, r5, pc}
 2998              	.LVL182:
 2999              	.L202:
1717:Drivers/STM32F1xx_HAL_Driver/Src/stm32f1xx_hal_spi.c **** 
 3000              		.loc 1 1717 3 discriminator 1 view .LVU1053
 3001 00ce 0225     		movs	r5, #2
 3002 00d0 FBE7     		b	.L197
 3003              	.L207:
 3004 00d2 00BF     		.align	2
 3005              	.L206:
 3006 00d4 00000000 		.word	SPI_DMAHalfTransmitCplt
 3007 00d8 00000000 		.word	SPI_DMATransmitCplt
 3008 00dc 00000000 		.word	SPI_DMAError
ARM GAS  /var/folders/y0/yl1wrqfd209ghqq3s8k8qc1m0000gn/T//ccjYiGlu.s 			page 141


 3009              		.cfi_endproc
 3010              	.LFE75:
 3012              		.section	.text.HAL_SPI_TransmitReceive_DMA,"ax",%progbits
 3013              		.align	1
 3014              		.global	HAL_SPI_TransmitReceive_DMA
 3015              		.syntax unified
 3016              		.thumb
 3017              		.thumb_func
 3019              	HAL_SPI_TransmitReceive_DMA:
 3020              	.LVL183:
 3021              	.LFB77:
1913:Drivers/STM32F1xx_HAL_Driver/Src/stm32f1xx_hal_spi.c ****   uint32_t             tmp_mode;
 3022              		.loc 1 1913 1 is_stmt 1 view -0
 3023              		.cfi_startproc
 3024              		@ args = 0, pretend = 0, frame = 0
 3025              		@ frame_needed = 0, uses_anonymous_args = 0
1913:Drivers/STM32F1xx_HAL_Driver/Src/stm32f1xx_hal_spi.c ****   uint32_t             tmp_mode;
 3026              		.loc 1 1913 1 is_stmt 0 view .LVU1055
 3027 0000 10B5     		push	{r4, lr}
 3028              	.LCFI32:
 3029              		.cfi_def_cfa_offset 8
 3030              		.cfi_offset 4, -8
 3031              		.cfi_offset 14, -4
 3032 0002 0446     		mov	r4, r0
1914:Drivers/STM32F1xx_HAL_Driver/Src/stm32f1xx_hal_spi.c ****   HAL_SPI_StateTypeDef tmp_state;
 3033              		.loc 1 1914 3 is_stmt 1 view .LVU1056
1915:Drivers/STM32F1xx_HAL_Driver/Src/stm32f1xx_hal_spi.c **** 
 3034              		.loc 1 1915 3 view .LVU1057
1918:Drivers/STM32F1xx_HAL_Driver/Src/stm32f1xx_hal_spi.c ****   assert_param(IS_SPI_DMA_HANDLE(hspi->hdmatx));
 3035              		.loc 1 1918 3 view .LVU1058
1919:Drivers/STM32F1xx_HAL_Driver/Src/stm32f1xx_hal_spi.c **** 
 3036              		.loc 1 1919 3 view .LVU1059
1922:Drivers/STM32F1xx_HAL_Driver/Src/stm32f1xx_hal_spi.c **** 
 3037              		.loc 1 1922 3 view .LVU1060
1925:Drivers/STM32F1xx_HAL_Driver/Src/stm32f1xx_hal_spi.c ****   tmp_mode            = hspi->Init.Mode;
 3038              		.loc 1 1925 3 view .LVU1061
1925:Drivers/STM32F1xx_HAL_Driver/Src/stm32f1xx_hal_spi.c ****   tmp_mode            = hspi->Init.Mode;
 3039              		.loc 1 1925 23 is_stmt 0 view .LVU1062
 3040 0004 90F85100 		ldrb	r0, [r0, #81]	@ zero_extendqisi2
 3041              	.LVL184:
1926:Drivers/STM32F1xx_HAL_Driver/Src/stm32f1xx_hal_spi.c **** 
 3042              		.loc 1 1926 3 is_stmt 1 view .LVU1063
1926:Drivers/STM32F1xx_HAL_Driver/Src/stm32f1xx_hal_spi.c **** 
 3043              		.loc 1 1926 23 is_stmt 0 view .LVU1064
 3044 0008 D4F804C0 		ldr	ip, [r4, #4]
 3045              	.LVL185:
1928:Drivers/STM32F1xx_HAL_Driver/Src/stm32f1xx_hal_spi.c ****         ((tmp_mode == SPI_MODE_MASTER) && (hspi->Init.Direction == SPI_DIRECTION_2LINES) &&
 3046              		.loc 1 1928 3 is_stmt 1 view .LVU1065
1928:Drivers/STM32F1xx_HAL_Driver/Src/stm32f1xx_hal_spi.c ****         ((tmp_mode == SPI_MODE_MASTER) && (hspi->Init.Direction == SPI_DIRECTION_2LINES) &&
 3047              		.loc 1 1928 6 is_stmt 0 view .LVU1066
 3048 000c 0128     		cmp	r0, #1
 3049 000e 0DD0     		beq	.L209
 3050 0010 5FFA80FE 		uxtb	lr, r0
1928:Drivers/STM32F1xx_HAL_Driver/Src/stm32f1xx_hal_spi.c ****         ((tmp_mode == SPI_MODE_MASTER) && (hspi->Init.Direction == SPI_DIRECTION_2LINES) &&
 3051              		.loc 1 1928 7 discriminator 1 view .LVU1067
 3052 0014 BCF5827F 		cmp	ip, #260
 3053 0018 40F08880 		bne	.L217
ARM GAS  /var/folders/y0/yl1wrqfd209ghqq3s8k8qc1m0000gn/T//ccjYiGlu.s 			page 142


1929:Drivers/STM32F1xx_HAL_Driver/Src/stm32f1xx_hal_spi.c ****          (tmp_state == HAL_SPI_STATE_BUSY_RX))))
 3054              		.loc 1 1929 54 view .LVU1068
 3055 001c A068     		ldr	r0, [r4, #8]
 3056              	.LVL186:
1929:Drivers/STM32F1xx_HAL_Driver/Src/stm32f1xx_hal_spi.c ****          (tmp_state == HAL_SPI_STATE_BUSY_RX))))
 3057              		.loc 1 1929 40 view .LVU1069
 3058 001e 0028     		cmp	r0, #0
 3059 0020 40F08680 		bne	.L218
1929:Drivers/STM32F1xx_HAL_Driver/Src/stm32f1xx_hal_spi.c ****          (tmp_state == HAL_SPI_STATE_BUSY_RX))))
 3060              		.loc 1 1929 90 discriminator 1 view .LVU1070
 3061 0024 BEF1040F 		cmp	lr, #4
 3062 0028 40F08480 		bne	.L219
 3063              	.LVL187:
 3064              	.L209:
1935:Drivers/STM32F1xx_HAL_Driver/Src/stm32f1xx_hal_spi.c ****   {
 3065              		.loc 1 1935 3 is_stmt 1 view .LVU1071
1935:Drivers/STM32F1xx_HAL_Driver/Src/stm32f1xx_hal_spi.c ****   {
 3066              		.loc 1 1935 6 is_stmt 0 view .LVU1072
 3067 002c 0029     		cmp	r1, #0
 3068 002e 00F08380 		beq	.L220
1935:Drivers/STM32F1xx_HAL_Driver/Src/stm32f1xx_hal_spi.c ****   {
 3069              		.loc 1 1935 25 discriminator 1 view .LVU1073
 3070 0032 002A     		cmp	r2, #0
 3071 0034 00F08280 		beq	.L221
1935:Drivers/STM32F1xx_HAL_Driver/Src/stm32f1xx_hal_spi.c ****   {
 3072              		.loc 1 1935 46 discriminator 2 view .LVU1074
 3073 0038 002B     		cmp	r3, #0
 3074 003a 00F08180 		beq	.L222
1941:Drivers/STM32F1xx_HAL_Driver/Src/stm32f1xx_hal_spi.c **** 
 3075              		.loc 1 1941 3 is_stmt 1 view .LVU1075
1941:Drivers/STM32F1xx_HAL_Driver/Src/stm32f1xx_hal_spi.c **** 
 3076              		.loc 1 1941 3 view .LVU1076
 3077 003e 94F85000 		ldrb	r0, [r4, #80]	@ zero_extendqisi2
 3078 0042 0128     		cmp	r0, #1
 3079 0044 7ED0     		beq	.L223
1941:Drivers/STM32F1xx_HAL_Driver/Src/stm32f1xx_hal_spi.c **** 
 3080              		.loc 1 1941 3 discriminator 2 view .LVU1077
 3081 0046 0120     		movs	r0, #1
 3082 0048 84F85000 		strb	r0, [r4, #80]
1941:Drivers/STM32F1xx_HAL_Driver/Src/stm32f1xx_hal_spi.c **** 
 3083              		.loc 1 1941 3 view .LVU1078
1944:Drivers/STM32F1xx_HAL_Driver/Src/stm32f1xx_hal_spi.c ****   {
 3084              		.loc 1 1944 3 view .LVU1079
1944:Drivers/STM32F1xx_HAL_Driver/Src/stm32f1xx_hal_spi.c ****   {
 3085              		.loc 1 1944 11 is_stmt 0 view .LVU1080
 3086 004c 94F85100 		ldrb	r0, [r4, #81]	@ zero_extendqisi2
1944:Drivers/STM32F1xx_HAL_Driver/Src/stm32f1xx_hal_spi.c ****   {
 3087              		.loc 1 1944 6 view .LVU1081
 3088 0050 0428     		cmp	r0, #4
 3089 0052 02D0     		beq	.L211
1946:Drivers/STM32F1xx_HAL_Driver/Src/stm32f1xx_hal_spi.c ****   }
 3090              		.loc 1 1946 5 is_stmt 1 view .LVU1082
1946:Drivers/STM32F1xx_HAL_Driver/Src/stm32f1xx_hal_spi.c ****   }
 3091              		.loc 1 1946 17 is_stmt 0 view .LVU1083
 3092 0054 0520     		movs	r0, #5
 3093 0056 84F85100 		strb	r0, [r4, #81]
 3094              	.L211:
ARM GAS  /var/folders/y0/yl1wrqfd209ghqq3s8k8qc1m0000gn/T//ccjYiGlu.s 			page 143


1950:Drivers/STM32F1xx_HAL_Driver/Src/stm32f1xx_hal_spi.c ****   hspi->pTxBuffPtr  = (const uint8_t *)pTxData;
 3095              		.loc 1 1950 3 is_stmt 1 view .LVU1084
1950:Drivers/STM32F1xx_HAL_Driver/Src/stm32f1xx_hal_spi.c ****   hspi->pTxBuffPtr  = (const uint8_t *)pTxData;
 3096              		.loc 1 1950 21 is_stmt 0 view .LVU1085
 3097 005a 0020     		movs	r0, #0
 3098 005c 6065     		str	r0, [r4, #84]
1951:Drivers/STM32F1xx_HAL_Driver/Src/stm32f1xx_hal_spi.c ****   hspi->TxXferSize  = Size;
 3099              		.loc 1 1951 3 is_stmt 1 view .LVU1086
1951:Drivers/STM32F1xx_HAL_Driver/Src/stm32f1xx_hal_spi.c ****   hspi->TxXferSize  = Size;
 3100              		.loc 1 1951 21 is_stmt 0 view .LVU1087
 3101 005e 2163     		str	r1, [r4, #48]
1952:Drivers/STM32F1xx_HAL_Driver/Src/stm32f1xx_hal_spi.c ****   hspi->TxXferCount = Size;
 3102              		.loc 1 1952 3 is_stmt 1 view .LVU1088
1952:Drivers/STM32F1xx_HAL_Driver/Src/stm32f1xx_hal_spi.c ****   hspi->TxXferCount = Size;
 3103              		.loc 1 1952 21 is_stmt 0 view .LVU1089
 3104 0060 A386     		strh	r3, [r4, #52]	@ movhi
1953:Drivers/STM32F1xx_HAL_Driver/Src/stm32f1xx_hal_spi.c ****   hspi->pRxBuffPtr  = (uint8_t *)pRxData;
 3105              		.loc 1 1953 3 is_stmt 1 view .LVU1090
1953:Drivers/STM32F1xx_HAL_Driver/Src/stm32f1xx_hal_spi.c ****   hspi->pRxBuffPtr  = (uint8_t *)pRxData;
 3106              		.loc 1 1953 21 is_stmt 0 view .LVU1091
 3107 0062 E386     		strh	r3, [r4, #54]	@ movhi
1954:Drivers/STM32F1xx_HAL_Driver/Src/stm32f1xx_hal_spi.c ****   hspi->RxXferSize  = Size;
 3108              		.loc 1 1954 3 is_stmt 1 view .LVU1092
1954:Drivers/STM32F1xx_HAL_Driver/Src/stm32f1xx_hal_spi.c ****   hspi->RxXferSize  = Size;
 3109              		.loc 1 1954 21 is_stmt 0 view .LVU1093
 3110 0064 A263     		str	r2, [r4, #56]
1955:Drivers/STM32F1xx_HAL_Driver/Src/stm32f1xx_hal_spi.c ****   hspi->RxXferCount = Size;
 3111              		.loc 1 1955 3 is_stmt 1 view .LVU1094
1955:Drivers/STM32F1xx_HAL_Driver/Src/stm32f1xx_hal_spi.c ****   hspi->RxXferCount = Size;
 3112              		.loc 1 1955 21 is_stmt 0 view .LVU1095
 3113 0066 A387     		strh	r3, [r4, #60]	@ movhi
1956:Drivers/STM32F1xx_HAL_Driver/Src/stm32f1xx_hal_spi.c **** 
 3114              		.loc 1 1956 3 is_stmt 1 view .LVU1096
1956:Drivers/STM32F1xx_HAL_Driver/Src/stm32f1xx_hal_spi.c **** 
 3115              		.loc 1 1956 21 is_stmt 0 view .LVU1097
 3116 0068 E387     		strh	r3, [r4, #62]	@ movhi
1959:Drivers/STM32F1xx_HAL_Driver/Src/stm32f1xx_hal_spi.c ****   hspi->TxISR       = NULL;
 3117              		.loc 1 1959 3 is_stmt 1 view .LVU1098
1959:Drivers/STM32F1xx_HAL_Driver/Src/stm32f1xx_hal_spi.c ****   hspi->TxISR       = NULL;
 3118              		.loc 1 1959 21 is_stmt 0 view .LVU1099
 3119 006a 2064     		str	r0, [r4, #64]
1960:Drivers/STM32F1xx_HAL_Driver/Src/stm32f1xx_hal_spi.c **** 
 3120              		.loc 1 1960 3 is_stmt 1 view .LVU1100
1960:Drivers/STM32F1xx_HAL_Driver/Src/stm32f1xx_hal_spi.c **** 
 3121              		.loc 1 1960 21 is_stmt 0 view .LVU1101
 3122 006c 6064     		str	r0, [r4, #68]
1971:Drivers/STM32F1xx_HAL_Driver/Src/stm32f1xx_hal_spi.c ****   {
 3123              		.loc 1 1971 3 is_stmt 1 view .LVU1102
1971:Drivers/STM32F1xx_HAL_Driver/Src/stm32f1xx_hal_spi.c ****   {
 3124              		.loc 1 1971 11 is_stmt 0 view .LVU1103
 3125 006e 94F85130 		ldrb	r3, [r4, #81]	@ zero_extendqisi2
 3126              	.LVL188:
1971:Drivers/STM32F1xx_HAL_Driver/Src/stm32f1xx_hal_spi.c ****   {
 3127              		.loc 1 1971 6 view .LVU1104
 3128 0072 042B     		cmp	r3, #4
 3129 0074 1DD0     		beq	.L225
1980:Drivers/STM32F1xx_HAL_Driver/Src/stm32f1xx_hal_spi.c ****     hspi->hdmarx->XferCpltCallback     = SPI_DMATransmitReceiveCplt;
ARM GAS  /var/folders/y0/yl1wrqfd209ghqq3s8k8qc1m0000gn/T//ccjYiGlu.s 			page 144


 3130              		.loc 1 1980 5 is_stmt 1 view .LVU1105
1980:Drivers/STM32F1xx_HAL_Driver/Src/stm32f1xx_hal_spi.c ****     hspi->hdmarx->XferCpltCallback     = SPI_DMATransmitReceiveCplt;
 3131              		.loc 1 1980 9 is_stmt 0 view .LVU1106
 3132 0076 E36C     		ldr	r3, [r4, #76]
1980:Drivers/STM32F1xx_HAL_Driver/Src/stm32f1xx_hal_spi.c ****     hspi->hdmarx->XferCpltCallback     = SPI_DMATransmitReceiveCplt;
 3133              		.loc 1 1980 40 view .LVU1107
 3134 0078 334A     		ldr	r2, .L227
 3135              	.LVL189:
1980:Drivers/STM32F1xx_HAL_Driver/Src/stm32f1xx_hal_spi.c ****     hspi->hdmarx->XferCpltCallback     = SPI_DMATransmitReceiveCplt;
 3136              		.loc 1 1980 40 view .LVU1108
 3137 007a DA62     		str	r2, [r3, #44]
 3138              	.LVL190:
1981:Drivers/STM32F1xx_HAL_Driver/Src/stm32f1xx_hal_spi.c ****   }
 3139              		.loc 1 1981 5 is_stmt 1 view .LVU1109
1981:Drivers/STM32F1xx_HAL_Driver/Src/stm32f1xx_hal_spi.c ****   }
 3140              		.loc 1 1981 9 is_stmt 0 view .LVU1110
 3141 007c E36C     		ldr	r3, [r4, #76]
1981:Drivers/STM32F1xx_HAL_Driver/Src/stm32f1xx_hal_spi.c ****   }
 3142              		.loc 1 1981 40 view .LVU1111
 3143 007e 334A     		ldr	r2, .L227+4
 3144 0080 9A62     		str	r2, [r3, #40]
 3145              	.L213:
1985:Drivers/STM32F1xx_HAL_Driver/Src/stm32f1xx_hal_spi.c **** 
 3146              		.loc 1 1985 3 is_stmt 1 view .LVU1112
1985:Drivers/STM32F1xx_HAL_Driver/Src/stm32f1xx_hal_spi.c **** 
 3147              		.loc 1 1985 7 is_stmt 0 view .LVU1113
 3148 0082 E36C     		ldr	r3, [r4, #76]
1985:Drivers/STM32F1xx_HAL_Driver/Src/stm32f1xx_hal_spi.c **** 
 3149              		.loc 1 1985 35 view .LVU1114
 3150 0084 324A     		ldr	r2, .L227+8
 3151 0086 1A63     		str	r2, [r3, #48]
1988:Drivers/STM32F1xx_HAL_Driver/Src/stm32f1xx_hal_spi.c **** 
 3152              		.loc 1 1988 3 is_stmt 1 view .LVU1115
1988:Drivers/STM32F1xx_HAL_Driver/Src/stm32f1xx_hal_spi.c **** 
 3153              		.loc 1 1988 7 is_stmt 0 view .LVU1116
 3154 0088 E36C     		ldr	r3, [r4, #76]
1988:Drivers/STM32F1xx_HAL_Driver/Src/stm32f1xx_hal_spi.c **** 
 3155              		.loc 1 1988 35 view .LVU1117
 3156 008a 0022     		movs	r2, #0
 3157 008c 5A63     		str	r2, [r3, #52]
1991:Drivers/STM32F1xx_HAL_Driver/Src/stm32f1xx_hal_spi.c ****                                  hspi->RxXferCount))
 3158              		.loc 1 1991 3 is_stmt 1 view .LVU1118
1991:Drivers/STM32F1xx_HAL_Driver/Src/stm32f1xx_hal_spi.c ****                                  hspi->RxXferCount))
 3159              		.loc 1 1991 63 is_stmt 0 view .LVU1119
 3160 008e 2168     		ldr	r1, [r4]
 3161              	.LVL191:
1992:Drivers/STM32F1xx_HAL_Driver/Src/stm32f1xx_hal_spi.c ****   {
 3162              		.loc 1 1992 38 view .LVU1120
 3163 0090 E38F     		ldrh	r3, [r4, #62]
1991:Drivers/STM32F1xx_HAL_Driver/Src/stm32f1xx_hal_spi.c ****                                  hspi->RxXferCount))
 3164              		.loc 1 1991 17 view .LVU1121
 3165 0092 9BB2     		uxth	r3, r3
 3166 0094 A26B     		ldr	r2, [r4, #56]
 3167 0096 0C31     		adds	r1, r1, #12
 3168 0098 E06C     		ldr	r0, [r4, #76]
 3169 009a FFF7FEFF 		bl	HAL_DMA_Start_IT
 3170              	.LVL192:
ARM GAS  /var/folders/y0/yl1wrqfd209ghqq3s8k8qc1m0000gn/T//ccjYiGlu.s 			page 145


1991:Drivers/STM32F1xx_HAL_Driver/Src/stm32f1xx_hal_spi.c ****                                  hspi->RxXferCount))
 3171              		.loc 1 1991 6 discriminator 1 view .LVU1122
 3172 009e 78B1     		cbz	r0, .L214
1995:Drivers/STM32F1xx_HAL_Driver/Src/stm32f1xx_hal_spi.c ****     /* Process Unlocked */
 3173              		.loc 1 1995 5 is_stmt 1 view .LVU1123
 3174 00a0 636D     		ldr	r3, [r4, #84]
 3175 00a2 43F01003 		orr	r3, r3, #16
 3176 00a6 6365     		str	r3, [r4, #84]
1997:Drivers/STM32F1xx_HAL_Driver/Src/stm32f1xx_hal_spi.c ****     return HAL_ERROR;
 3177              		.loc 1 1997 5 view .LVU1124
1997:Drivers/STM32F1xx_HAL_Driver/Src/stm32f1xx_hal_spi.c ****     return HAL_ERROR;
 3178              		.loc 1 1997 5 view .LVU1125
 3179 00a8 0023     		movs	r3, #0
 3180 00aa 84F85030 		strb	r3, [r4, #80]
1997:Drivers/STM32F1xx_HAL_Driver/Src/stm32f1xx_hal_spi.c ****     return HAL_ERROR;
 3181              		.loc 1 1997 5 view .LVU1126
1998:Drivers/STM32F1xx_HAL_Driver/Src/stm32f1xx_hal_spi.c ****   }
 3182              		.loc 1 1998 5 view .LVU1127
1998:Drivers/STM32F1xx_HAL_Driver/Src/stm32f1xx_hal_spi.c ****   }
 3183              		.loc 1 1998 12 is_stmt 0 view .LVU1128
 3184 00ae 0120     		movs	r0, #1
 3185 00b0 3DE0     		b	.L210
 3186              	.LVL193:
 3187              	.L225:
1974:Drivers/STM32F1xx_HAL_Driver/Src/stm32f1xx_hal_spi.c ****     hspi->hdmarx->XferCpltCallback     = SPI_DMAReceiveCplt;
 3188              		.loc 1 1974 5 is_stmt 1 view .LVU1129
1974:Drivers/STM32F1xx_HAL_Driver/Src/stm32f1xx_hal_spi.c ****     hspi->hdmarx->XferCpltCallback     = SPI_DMAReceiveCplt;
 3189              		.loc 1 1974 9 is_stmt 0 view .LVU1130
 3190 00b2 E36C     		ldr	r3, [r4, #76]
1974:Drivers/STM32F1xx_HAL_Driver/Src/stm32f1xx_hal_spi.c ****     hspi->hdmarx->XferCpltCallback     = SPI_DMAReceiveCplt;
 3191              		.loc 1 1974 40 view .LVU1131
 3192 00b4 274A     		ldr	r2, .L227+12
 3193              	.LVL194:
1974:Drivers/STM32F1xx_HAL_Driver/Src/stm32f1xx_hal_spi.c ****     hspi->hdmarx->XferCpltCallback     = SPI_DMAReceiveCplt;
 3194              		.loc 1 1974 40 view .LVU1132
 3195 00b6 DA62     		str	r2, [r3, #44]
 3196              	.LVL195:
1975:Drivers/STM32F1xx_HAL_Driver/Src/stm32f1xx_hal_spi.c ****   }
 3197              		.loc 1 1975 5 is_stmt 1 view .LVU1133
1975:Drivers/STM32F1xx_HAL_Driver/Src/stm32f1xx_hal_spi.c ****   }
 3198              		.loc 1 1975 9 is_stmt 0 view .LVU1134
 3199 00b8 E36C     		ldr	r3, [r4, #76]
1975:Drivers/STM32F1xx_HAL_Driver/Src/stm32f1xx_hal_spi.c ****   }
 3200              		.loc 1 1975 40 view .LVU1135
 3201 00ba 274A     		ldr	r2, .L227+16
 3202 00bc 9A62     		str	r2, [r3, #40]
 3203 00be E0E7     		b	.L213
 3204              	.LVL196:
 3205              	.L214:
2002:Drivers/STM32F1xx_HAL_Driver/Src/stm32f1xx_hal_spi.c **** 
 3206              		.loc 1 2002 3 is_stmt 1 view .LVU1136
 3207 00c0 2268     		ldr	r2, [r4]
 3208 00c2 5368     		ldr	r3, [r2, #4]
 3209 00c4 43F00103 		orr	r3, r3, #1
 3210 00c8 5360     		str	r3, [r2, #4]
2006:Drivers/STM32F1xx_HAL_Driver/Src/stm32f1xx_hal_spi.c ****   hspi->hdmatx->XferCpltCallback     = NULL;
 3211              		.loc 1 2006 3 view .LVU1137
ARM GAS  /var/folders/y0/yl1wrqfd209ghqq3s8k8qc1m0000gn/T//ccjYiGlu.s 			page 146


2006:Drivers/STM32F1xx_HAL_Driver/Src/stm32f1xx_hal_spi.c ****   hspi->hdmatx->XferCpltCallback     = NULL;
 3212              		.loc 1 2006 7 is_stmt 0 view .LVU1138
 3213 00ca A26C     		ldr	r2, [r4, #72]
2006:Drivers/STM32F1xx_HAL_Driver/Src/stm32f1xx_hal_spi.c ****   hspi->hdmatx->XferCpltCallback     = NULL;
 3214              		.loc 1 2006 38 view .LVU1139
 3215 00cc D062     		str	r0, [r2, #44]
2007:Drivers/STM32F1xx_HAL_Driver/Src/stm32f1xx_hal_spi.c ****   hspi->hdmatx->XferErrorCallback    = NULL;
 3216              		.loc 1 2007 3 is_stmt 1 view .LVU1140
2007:Drivers/STM32F1xx_HAL_Driver/Src/stm32f1xx_hal_spi.c ****   hspi->hdmatx->XferErrorCallback    = NULL;
 3217              		.loc 1 2007 7 is_stmt 0 view .LVU1141
 3218 00ce A26C     		ldr	r2, [r4, #72]
2007:Drivers/STM32F1xx_HAL_Driver/Src/stm32f1xx_hal_spi.c ****   hspi->hdmatx->XferErrorCallback    = NULL;
 3219              		.loc 1 2007 38 view .LVU1142
 3220 00d0 9062     		str	r0, [r2, #40]
2008:Drivers/STM32F1xx_HAL_Driver/Src/stm32f1xx_hal_spi.c ****   hspi->hdmatx->XferAbortCallback    = NULL;
 3221              		.loc 1 2008 3 is_stmt 1 view .LVU1143
2008:Drivers/STM32F1xx_HAL_Driver/Src/stm32f1xx_hal_spi.c ****   hspi->hdmatx->XferAbortCallback    = NULL;
 3222              		.loc 1 2008 7 is_stmt 0 view .LVU1144
 3223 00d2 A26C     		ldr	r2, [r4, #72]
2008:Drivers/STM32F1xx_HAL_Driver/Src/stm32f1xx_hal_spi.c ****   hspi->hdmatx->XferAbortCallback    = NULL;
 3224              		.loc 1 2008 38 view .LVU1145
 3225 00d4 1063     		str	r0, [r2, #48]
2009:Drivers/STM32F1xx_HAL_Driver/Src/stm32f1xx_hal_spi.c **** 
 3226              		.loc 1 2009 3 is_stmt 1 view .LVU1146
2009:Drivers/STM32F1xx_HAL_Driver/Src/stm32f1xx_hal_spi.c **** 
 3227              		.loc 1 2009 7 is_stmt 0 view .LVU1147
 3228 00d6 A26C     		ldr	r2, [r4, #72]
2009:Drivers/STM32F1xx_HAL_Driver/Src/stm32f1xx_hal_spi.c **** 
 3229              		.loc 1 2009 38 view .LVU1148
 3230 00d8 5063     		str	r0, [r2, #52]
2012:Drivers/STM32F1xx_HAL_Driver/Src/stm32f1xx_hal_spi.c ****                                  hspi->TxXferCount))
 3231              		.loc 1 2012 3 is_stmt 1 view .LVU1149
2012:Drivers/STM32F1xx_HAL_Driver/Src/stm32f1xx_hal_spi.c ****                                  hspi->TxXferCount))
 3232              		.loc 1 2012 91 is_stmt 0 view .LVU1150
 3233 00da 2268     		ldr	r2, [r4]
2013:Drivers/STM32F1xx_HAL_Driver/Src/stm32f1xx_hal_spi.c ****   {
 3234              		.loc 1 2013 38 view .LVU1151
 3235 00dc E38E     		ldrh	r3, [r4, #54]
2012:Drivers/STM32F1xx_HAL_Driver/Src/stm32f1xx_hal_spi.c ****                                  hspi->TxXferCount))
 3236              		.loc 1 2012 17 view .LVU1152
 3237 00de 9BB2     		uxth	r3, r3
 3238 00e0 0C32     		adds	r2, r2, #12
 3239 00e2 216B     		ldr	r1, [r4, #48]
 3240 00e4 A06C     		ldr	r0, [r4, #72]
 3241 00e6 FFF7FEFF 		bl	HAL_DMA_Start_IT
 3242              	.LVL197:
2012:Drivers/STM32F1xx_HAL_Driver/Src/stm32f1xx_hal_spi.c ****                                  hspi->TxXferCount))
 3243              		.loc 1 2012 6 discriminator 1 view .LVU1153
 3244 00ea B0B9     		cbnz	r0, .L226
2023:Drivers/STM32F1xx_HAL_Driver/Src/stm32f1xx_hal_spi.c ****   {
 3245              		.loc 1 2023 3 is_stmt 1 view .LVU1154
2023:Drivers/STM32F1xx_HAL_Driver/Src/stm32f1xx_hal_spi.c ****   {
 3246              		.loc 1 2023 12 is_stmt 0 view .LVU1155
 3247 00ec 2368     		ldr	r3, [r4]
2023:Drivers/STM32F1xx_HAL_Driver/Src/stm32f1xx_hal_spi.c ****   {
 3248              		.loc 1 2023 22 view .LVU1156
 3249 00ee 1A68     		ldr	r2, [r3]
ARM GAS  /var/folders/y0/yl1wrqfd209ghqq3s8k8qc1m0000gn/T//ccjYiGlu.s 			page 147


2023:Drivers/STM32F1xx_HAL_Driver/Src/stm32f1xx_hal_spi.c ****   {
 3250              		.loc 1 2023 6 view .LVU1157
 3251 00f0 12F0400F 		tst	r2, #64
 3252 00f4 03D1     		bne	.L216
2026:Drivers/STM32F1xx_HAL_Driver/Src/stm32f1xx_hal_spi.c ****   }
 3253              		.loc 1 2026 5 is_stmt 1 view .LVU1158
 3254 00f6 1A68     		ldr	r2, [r3]
 3255 00f8 42F04002 		orr	r2, r2, #64
 3256 00fc 1A60     		str	r2, [r3]
 3257              	.L216:
2030:Drivers/STM32F1xx_HAL_Driver/Src/stm32f1xx_hal_spi.c **** 
 3258              		.loc 1 2030 3 view .LVU1159
2030:Drivers/STM32F1xx_HAL_Driver/Src/stm32f1xx_hal_spi.c **** 
 3259              		.loc 1 2030 3 view .LVU1160
 3260 00fe 0023     		movs	r3, #0
 3261 0100 84F85030 		strb	r3, [r4, #80]
2030:Drivers/STM32F1xx_HAL_Driver/Src/stm32f1xx_hal_spi.c **** 
 3262              		.loc 1 2030 3 view .LVU1161
2033:Drivers/STM32F1xx_HAL_Driver/Src/stm32f1xx_hal_spi.c **** 
 3263              		.loc 1 2033 3 view .LVU1162
 3264 0104 2268     		ldr	r2, [r4]
 3265 0106 5368     		ldr	r3, [r2, #4]
 3266 0108 43F02003 		orr	r3, r3, #32
 3267 010c 5360     		str	r3, [r2, #4]
2036:Drivers/STM32F1xx_HAL_Driver/Src/stm32f1xx_hal_spi.c **** 
 3268              		.loc 1 2036 3 view .LVU1163
 3269 010e 2268     		ldr	r2, [r4]
 3270 0110 5368     		ldr	r3, [r2, #4]
 3271 0112 43F00203 		orr	r3, r3, #2
 3272 0116 5360     		str	r3, [r2, #4]
2038:Drivers/STM32F1xx_HAL_Driver/Src/stm32f1xx_hal_spi.c **** }
 3273              		.loc 1 2038 3 view .LVU1164
2038:Drivers/STM32F1xx_HAL_Driver/Src/stm32f1xx_hal_spi.c **** }
 3274              		.loc 1 2038 10 is_stmt 0 view .LVU1165
 3275 0118 09E0     		b	.L210
 3276              	.L226:
2016:Drivers/STM32F1xx_HAL_Driver/Src/stm32f1xx_hal_spi.c ****     /* Process Unlocked */
 3277              		.loc 1 2016 5 is_stmt 1 view .LVU1166
 3278 011a 636D     		ldr	r3, [r4, #84]
 3279 011c 43F01003 		orr	r3, r3, #16
 3280 0120 6365     		str	r3, [r4, #84]
2018:Drivers/STM32F1xx_HAL_Driver/Src/stm32f1xx_hal_spi.c ****     return HAL_ERROR;
 3281              		.loc 1 2018 5 view .LVU1167
2018:Drivers/STM32F1xx_HAL_Driver/Src/stm32f1xx_hal_spi.c ****     return HAL_ERROR;
 3282              		.loc 1 2018 5 view .LVU1168
 3283 0122 0023     		movs	r3, #0
 3284 0124 84F85030 		strb	r3, [r4, #80]
2018:Drivers/STM32F1xx_HAL_Driver/Src/stm32f1xx_hal_spi.c ****     return HAL_ERROR;
 3285              		.loc 1 2018 5 view .LVU1169
2019:Drivers/STM32F1xx_HAL_Driver/Src/stm32f1xx_hal_spi.c ****   }
 3286              		.loc 1 2019 5 view .LVU1170
2019:Drivers/STM32F1xx_HAL_Driver/Src/stm32f1xx_hal_spi.c ****   }
 3287              		.loc 1 2019 12 is_stmt 0 view .LVU1171
 3288 0128 0120     		movs	r0, #1
 3289 012a 00E0     		b	.L210
 3290              	.LVL198:
 3291              	.L217:
ARM GAS  /var/folders/y0/yl1wrqfd209ghqq3s8k8qc1m0000gn/T//ccjYiGlu.s 			page 148


1932:Drivers/STM32F1xx_HAL_Driver/Src/stm32f1xx_hal_spi.c ****   }
 3292              		.loc 1 1932 12 view .LVU1172
 3293 012c 0220     		movs	r0, #2
 3294              	.LVL199:
 3295              	.L210:
2039:Drivers/STM32F1xx_HAL_Driver/Src/stm32f1xx_hal_spi.c **** 
 3296              		.loc 1 2039 1 view .LVU1173
 3297 012e 10BD     		pop	{r4, pc}
 3298              	.LVL200:
 3299              	.L218:
1932:Drivers/STM32F1xx_HAL_Driver/Src/stm32f1xx_hal_spi.c ****   }
 3300              		.loc 1 1932 12 view .LVU1174
 3301 0130 0220     		movs	r0, #2
 3302 0132 FCE7     		b	.L210
 3303              	.L219:
 3304 0134 0220     		movs	r0, #2
 3305 0136 FAE7     		b	.L210
 3306              	.LVL201:
 3307              	.L220:
1937:Drivers/STM32F1xx_HAL_Driver/Src/stm32f1xx_hal_spi.c ****   }
 3308              		.loc 1 1937 12 view .LVU1175
 3309 0138 0120     		movs	r0, #1
 3310 013a F8E7     		b	.L210
 3311              	.L221:
 3312 013c 0120     		movs	r0, #1
 3313 013e F6E7     		b	.L210
 3314              	.L222:
 3315 0140 0120     		movs	r0, #1
 3316 0142 F4E7     		b	.L210
 3317              	.L223:
1941:Drivers/STM32F1xx_HAL_Driver/Src/stm32f1xx_hal_spi.c **** 
 3318              		.loc 1 1941 3 discriminator 1 view .LVU1176
 3319 0144 0220     		movs	r0, #2
 3320 0146 F2E7     		b	.L210
 3321              	.L228:
 3322              		.align	2
 3323              	.L227:
 3324 0148 00000000 		.word	SPI_DMAHalfTransmitReceiveCplt
 3325 014c 00000000 		.word	SPI_DMATransmitReceiveCplt
 3326 0150 00000000 		.word	SPI_DMAError
 3327 0154 00000000 		.word	SPI_DMAHalfReceiveCplt
 3328 0158 00000000 		.word	SPI_DMAReceiveCplt
 3329              		.cfi_endproc
 3330              	.LFE77:
 3332              		.section	.text.HAL_SPI_Receive_DMA,"ax",%progbits
 3333              		.align	1
 3334              		.global	HAL_SPI_Receive_DMA
 3335              		.syntax unified
 3336              		.thumb
 3337              		.thumb_func
 3339              	HAL_SPI_Receive_DMA:
 3340              	.LVL202:
 3341              	.LFB76:
1802:Drivers/STM32F1xx_HAL_Driver/Src/stm32f1xx_hal_spi.c ****   /* Check rx dma handle */
 3342              		.loc 1 1802 1 is_stmt 1 view -0
 3343              		.cfi_startproc
 3344              		@ args = 0, pretend = 0, frame = 0
ARM GAS  /var/folders/y0/yl1wrqfd209ghqq3s8k8qc1m0000gn/T//ccjYiGlu.s 			page 149


 3345              		@ frame_needed = 0, uses_anonymous_args = 0
1802:Drivers/STM32F1xx_HAL_Driver/Src/stm32f1xx_hal_spi.c ****   /* Check rx dma handle */
 3346              		.loc 1 1802 1 is_stmt 0 view .LVU1178
 3347 0000 38B5     		push	{r3, r4, r5, lr}
 3348              	.LCFI33:
 3349              		.cfi_def_cfa_offset 16
 3350              		.cfi_offset 3, -16
 3351              		.cfi_offset 4, -12
 3352              		.cfi_offset 5, -8
 3353              		.cfi_offset 14, -4
1804:Drivers/STM32F1xx_HAL_Driver/Src/stm32f1xx_hal_spi.c **** 
 3354              		.loc 1 1804 3 is_stmt 1 view .LVU1179
1806:Drivers/STM32F1xx_HAL_Driver/Src/stm32f1xx_hal_spi.c ****   {
 3355              		.loc 1 1806 3 view .LVU1180
1806:Drivers/STM32F1xx_HAL_Driver/Src/stm32f1xx_hal_spi.c ****   {
 3356              		.loc 1 1806 11 is_stmt 0 view .LVU1181
 3357 0002 90F85130 		ldrb	r3, [r0, #81]	@ zero_extendqisi2
1806:Drivers/STM32F1xx_HAL_Driver/Src/stm32f1xx_hal_spi.c ****   {
 3358              		.loc 1 1806 6 view .LVU1182
 3359 0006 012B     		cmp	r3, #1
 3360 0008 6CD1     		bne	.L235
 3361 000a 0446     		mov	r4, r0
 3362 000c DDB2     		uxtb	r5, r3
1811:Drivers/STM32F1xx_HAL_Driver/Src/stm32f1xx_hal_spi.c ****   {
 3363              		.loc 1 1811 3 is_stmt 1 view .LVU1183
1811:Drivers/STM32F1xx_HAL_Driver/Src/stm32f1xx_hal_spi.c ****   {
 3364              		.loc 1 1811 18 is_stmt 0 view .LVU1184
 3365 000e 8068     		ldr	r0, [r0, #8]
 3366              	.LVL203:
1811:Drivers/STM32F1xx_HAL_Driver/Src/stm32f1xx_hal_spi.c ****   {
 3367              		.loc 1 1811 6 view .LVU1185
 3368 0010 18B9     		cbnz	r0, .L231
1811:Drivers/STM32F1xx_HAL_Driver/Src/stm32f1xx_hal_spi.c ****   {
 3369              		.loc 1 1811 68 discriminator 1 view .LVU1186
 3370 0012 6368     		ldr	r3, [r4, #4]
1811:Drivers/STM32F1xx_HAL_Driver/Src/stm32f1xx_hal_spi.c ****   {
 3371              		.loc 1 1811 54 discriminator 1 view .LVU1187
 3372 0014 B3F5827F 		cmp	r3, #260
 3373 0018 47D0     		beq	.L238
 3374              	.L231:
1822:Drivers/STM32F1xx_HAL_Driver/Src/stm32f1xx_hal_spi.c ****   {
 3375              		.loc 1 1822 3 is_stmt 1 view .LVU1188
1822:Drivers/STM32F1xx_HAL_Driver/Src/stm32f1xx_hal_spi.c ****   {
 3376              		.loc 1 1822 6 is_stmt 0 view .LVU1189
 3377 001a 0029     		cmp	r1, #0
 3378 001c 63D0     		beq	.L230
1822:Drivers/STM32F1xx_HAL_Driver/Src/stm32f1xx_hal_spi.c ****   {
 3379              		.loc 1 1822 23 discriminator 1 view .LVU1190
 3380 001e 002A     		cmp	r2, #0
 3381 0020 61D0     		beq	.L230
1828:Drivers/STM32F1xx_HAL_Driver/Src/stm32f1xx_hal_spi.c **** 
 3382              		.loc 1 1828 3 is_stmt 1 view .LVU1191
1828:Drivers/STM32F1xx_HAL_Driver/Src/stm32f1xx_hal_spi.c **** 
 3383              		.loc 1 1828 3 view .LVU1192
 3384 0022 94F85030 		ldrb	r3, [r4, #80]	@ zero_extendqisi2
 3385 0026 012B     		cmp	r3, #1
 3386 0028 5FD0     		beq	.L236
ARM GAS  /var/folders/y0/yl1wrqfd209ghqq3s8k8qc1m0000gn/T//ccjYiGlu.s 			page 150


1828:Drivers/STM32F1xx_HAL_Driver/Src/stm32f1xx_hal_spi.c **** 
 3387              		.loc 1 1828 3 discriminator 2 view .LVU1193
 3388 002a 0123     		movs	r3, #1
 3389 002c 84F85030 		strb	r3, [r4, #80]
1828:Drivers/STM32F1xx_HAL_Driver/Src/stm32f1xx_hal_spi.c **** 
 3390              		.loc 1 1828 3 view .LVU1194
1831:Drivers/STM32F1xx_HAL_Driver/Src/stm32f1xx_hal_spi.c ****   hspi->ErrorCode   = HAL_SPI_ERROR_NONE;
 3391              		.loc 1 1831 3 view .LVU1195
1831:Drivers/STM32F1xx_HAL_Driver/Src/stm32f1xx_hal_spi.c ****   hspi->ErrorCode   = HAL_SPI_ERROR_NONE;
 3392              		.loc 1 1831 21 is_stmt 0 view .LVU1196
 3393 0030 0423     		movs	r3, #4
 3394 0032 84F85130 		strb	r3, [r4, #81]
1832:Drivers/STM32F1xx_HAL_Driver/Src/stm32f1xx_hal_spi.c ****   hspi->pRxBuffPtr  = (uint8_t *)pData;
 3395              		.loc 1 1832 3 is_stmt 1 view .LVU1197
1832:Drivers/STM32F1xx_HAL_Driver/Src/stm32f1xx_hal_spi.c ****   hspi->pRxBuffPtr  = (uint8_t *)pData;
 3396              		.loc 1 1832 21 is_stmt 0 view .LVU1198
 3397 0036 0023     		movs	r3, #0
 3398 0038 6365     		str	r3, [r4, #84]
1833:Drivers/STM32F1xx_HAL_Driver/Src/stm32f1xx_hal_spi.c ****   hspi->RxXferSize  = Size;
 3399              		.loc 1 1833 3 is_stmt 1 view .LVU1199
1833:Drivers/STM32F1xx_HAL_Driver/Src/stm32f1xx_hal_spi.c ****   hspi->RxXferSize  = Size;
 3400              		.loc 1 1833 21 is_stmt 0 view .LVU1200
 3401 003a A163     		str	r1, [r4, #56]
1834:Drivers/STM32F1xx_HAL_Driver/Src/stm32f1xx_hal_spi.c ****   hspi->RxXferCount = Size;
 3402              		.loc 1 1834 3 is_stmt 1 view .LVU1201
1834:Drivers/STM32F1xx_HAL_Driver/Src/stm32f1xx_hal_spi.c ****   hspi->RxXferCount = Size;
 3403              		.loc 1 1834 21 is_stmt 0 view .LVU1202
 3404 003c A287     		strh	r2, [r4, #60]	@ movhi
1835:Drivers/STM32F1xx_HAL_Driver/Src/stm32f1xx_hal_spi.c **** 
 3405              		.loc 1 1835 3 is_stmt 1 view .LVU1203
1835:Drivers/STM32F1xx_HAL_Driver/Src/stm32f1xx_hal_spi.c **** 
 3406              		.loc 1 1835 21 is_stmt 0 view .LVU1204
 3407 003e E287     		strh	r2, [r4, #62]	@ movhi
1838:Drivers/STM32F1xx_HAL_Driver/Src/stm32f1xx_hal_spi.c ****   hspi->TxISR       = NULL;
 3408              		.loc 1 1838 3 is_stmt 1 view .LVU1205
1838:Drivers/STM32F1xx_HAL_Driver/Src/stm32f1xx_hal_spi.c ****   hspi->TxISR       = NULL;
 3409              		.loc 1 1838 21 is_stmt 0 view .LVU1206
 3410 0040 2364     		str	r3, [r4, #64]
1839:Drivers/STM32F1xx_HAL_Driver/Src/stm32f1xx_hal_spi.c ****   hspi->TxXferSize  = 0U;
 3411              		.loc 1 1839 3 is_stmt 1 view .LVU1207
1839:Drivers/STM32F1xx_HAL_Driver/Src/stm32f1xx_hal_spi.c ****   hspi->TxXferSize  = 0U;
 3412              		.loc 1 1839 21 is_stmt 0 view .LVU1208
 3413 0042 6364     		str	r3, [r4, #68]
1840:Drivers/STM32F1xx_HAL_Driver/Src/stm32f1xx_hal_spi.c ****   hspi->TxXferCount = 0U;
 3414              		.loc 1 1840 3 is_stmt 1 view .LVU1209
1840:Drivers/STM32F1xx_HAL_Driver/Src/stm32f1xx_hal_spi.c ****   hspi->TxXferCount = 0U;
 3415              		.loc 1 1840 21 is_stmt 0 view .LVU1210
 3416 0044 A386     		strh	r3, [r4, #52]	@ movhi
1841:Drivers/STM32F1xx_HAL_Driver/Src/stm32f1xx_hal_spi.c **** 
 3417              		.loc 1 1841 3 is_stmt 1 view .LVU1211
1841:Drivers/STM32F1xx_HAL_Driver/Src/stm32f1xx_hal_spi.c **** 
 3418              		.loc 1 1841 21 is_stmt 0 view .LVU1212
 3419 0046 E386     		strh	r3, [r4, #54]	@ movhi
1844:Drivers/STM32F1xx_HAL_Driver/Src/stm32f1xx_hal_spi.c ****   {
 3420              		.loc 1 1844 3 is_stmt 1 view .LVU1213
1844:Drivers/STM32F1xx_HAL_Driver/Src/stm32f1xx_hal_spi.c ****   {
 3421              		.loc 1 1844 6 is_stmt 0 view .LVU1214
ARM GAS  /var/folders/y0/yl1wrqfd209ghqq3s8k8qc1m0000gn/T//ccjYiGlu.s 			page 151


 3422 0048 B0F5004F 		cmp	r0, #32768
 3423 004c 37D0     		beq	.L239
 3424              	.LVL204:
 3425              	.L232:
1860:Drivers/STM32F1xx_HAL_Driver/Src/stm32f1xx_hal_spi.c **** 
 3426              		.loc 1 1860 3 is_stmt 1 view .LVU1215
1860:Drivers/STM32F1xx_HAL_Driver/Src/stm32f1xx_hal_spi.c **** 
 3427              		.loc 1 1860 7 is_stmt 0 view .LVU1216
 3428 004e E36C     		ldr	r3, [r4, #76]
1860:Drivers/STM32F1xx_HAL_Driver/Src/stm32f1xx_hal_spi.c **** 
 3429              		.loc 1 1860 38 view .LVU1217
 3430 0050 274A     		ldr	r2, .L241
 3431 0052 DA62     		str	r2, [r3, #44]
1863:Drivers/STM32F1xx_HAL_Driver/Src/stm32f1xx_hal_spi.c **** 
 3432              		.loc 1 1863 3 is_stmt 1 view .LVU1218
1863:Drivers/STM32F1xx_HAL_Driver/Src/stm32f1xx_hal_spi.c **** 
 3433              		.loc 1 1863 7 is_stmt 0 view .LVU1219
 3434 0054 E36C     		ldr	r3, [r4, #76]
1863:Drivers/STM32F1xx_HAL_Driver/Src/stm32f1xx_hal_spi.c **** 
 3435              		.loc 1 1863 34 view .LVU1220
 3436 0056 274A     		ldr	r2, .L241+4
 3437 0058 9A62     		str	r2, [r3, #40]
1866:Drivers/STM32F1xx_HAL_Driver/Src/stm32f1xx_hal_spi.c **** 
 3438              		.loc 1 1866 3 is_stmt 1 view .LVU1221
1866:Drivers/STM32F1xx_HAL_Driver/Src/stm32f1xx_hal_spi.c **** 
 3439              		.loc 1 1866 7 is_stmt 0 view .LVU1222
 3440 005a E36C     		ldr	r3, [r4, #76]
1866:Drivers/STM32F1xx_HAL_Driver/Src/stm32f1xx_hal_spi.c **** 
 3441              		.loc 1 1866 35 view .LVU1223
 3442 005c 264A     		ldr	r2, .L241+8
 3443 005e 1A63     		str	r2, [r3, #48]
1869:Drivers/STM32F1xx_HAL_Driver/Src/stm32f1xx_hal_spi.c **** 
 3444              		.loc 1 1869 3 is_stmt 1 view .LVU1224
1869:Drivers/STM32F1xx_HAL_Driver/Src/stm32f1xx_hal_spi.c **** 
 3445              		.loc 1 1869 7 is_stmt 0 view .LVU1225
 3446 0060 E36C     		ldr	r3, [r4, #76]
1869:Drivers/STM32F1xx_HAL_Driver/Src/stm32f1xx_hal_spi.c **** 
 3447              		.loc 1 1869 35 view .LVU1226
 3448 0062 0022     		movs	r2, #0
 3449 0064 5A63     		str	r2, [r3, #52]
1872:Drivers/STM32F1xx_HAL_Driver/Src/stm32f1xx_hal_spi.c ****                                  hspi->RxXferCount))
 3450              		.loc 1 1872 3 is_stmt 1 view .LVU1227
1872:Drivers/STM32F1xx_HAL_Driver/Src/stm32f1xx_hal_spi.c ****                                  hspi->RxXferCount))
 3451              		.loc 1 1872 63 is_stmt 0 view .LVU1228
 3452 0066 2168     		ldr	r1, [r4]
 3453              	.LVL205:
1873:Drivers/STM32F1xx_HAL_Driver/Src/stm32f1xx_hal_spi.c ****   {
 3454              		.loc 1 1873 38 view .LVU1229
 3455 0068 E38F     		ldrh	r3, [r4, #62]
1872:Drivers/STM32F1xx_HAL_Driver/Src/stm32f1xx_hal_spi.c ****                                  hspi->RxXferCount))
 3456              		.loc 1 1872 17 view .LVU1230
 3457 006a 9BB2     		uxth	r3, r3
 3458 006c A26B     		ldr	r2, [r4, #56]
 3459 006e 0C31     		adds	r1, r1, #12
 3460 0070 E06C     		ldr	r0, [r4, #76]
 3461 0072 FFF7FEFF 		bl	HAL_DMA_Start_IT
 3462              	.LVL206:
ARM GAS  /var/folders/y0/yl1wrqfd209ghqq3s8k8qc1m0000gn/T//ccjYiGlu.s 			page 152


1872:Drivers/STM32F1xx_HAL_Driver/Src/stm32f1xx_hal_spi.c ****                                  hspi->RxXferCount))
 3463              		.loc 1 1872 6 discriminator 1 view .LVU1231
 3464 0076 0146     		mov	r1, r0
 3465 0078 60BB     		cbnz	r0, .L240
1883:Drivers/STM32F1xx_HAL_Driver/Src/stm32f1xx_hal_spi.c ****   {
 3466              		.loc 1 1883 3 is_stmt 1 view .LVU1232
1883:Drivers/STM32F1xx_HAL_Driver/Src/stm32f1xx_hal_spi.c ****   {
 3467              		.loc 1 1883 12 is_stmt 0 view .LVU1233
 3468 007a 2368     		ldr	r3, [r4]
1883:Drivers/STM32F1xx_HAL_Driver/Src/stm32f1xx_hal_spi.c ****   {
 3469              		.loc 1 1883 22 view .LVU1234
 3470 007c 1A68     		ldr	r2, [r3]
1883:Drivers/STM32F1xx_HAL_Driver/Src/stm32f1xx_hal_spi.c ****   {
 3471              		.loc 1 1883 6 view .LVU1235
 3472 007e 12F0400F 		tst	r2, #64
 3473 0082 03D1     		bne	.L234
1886:Drivers/STM32F1xx_HAL_Driver/Src/stm32f1xx_hal_spi.c ****   }
 3474              		.loc 1 1886 5 is_stmt 1 view .LVU1236
 3475 0084 1A68     		ldr	r2, [r3]
 3476 0086 42F04002 		orr	r2, r2, #64
 3477 008a 1A60     		str	r2, [r3]
 3478              	.L234:
1890:Drivers/STM32F1xx_HAL_Driver/Src/stm32f1xx_hal_spi.c **** 
 3479              		.loc 1 1890 3 view .LVU1237
1890:Drivers/STM32F1xx_HAL_Driver/Src/stm32f1xx_hal_spi.c **** 
 3480              		.loc 1 1890 3 view .LVU1238
 3481 008c 0023     		movs	r3, #0
 3482 008e 84F85030 		strb	r3, [r4, #80]
1890:Drivers/STM32F1xx_HAL_Driver/Src/stm32f1xx_hal_spi.c **** 
 3483              		.loc 1 1890 3 view .LVU1239
1893:Drivers/STM32F1xx_HAL_Driver/Src/stm32f1xx_hal_spi.c **** 
 3484              		.loc 1 1893 3 view .LVU1240
 3485 0092 2268     		ldr	r2, [r4]
 3486 0094 5368     		ldr	r3, [r2, #4]
 3487 0096 43F02003 		orr	r3, r3, #32
 3488 009a 5360     		str	r3, [r2, #4]
1896:Drivers/STM32F1xx_HAL_Driver/Src/stm32f1xx_hal_spi.c **** 
 3489              		.loc 1 1896 3 view .LVU1241
 3490 009c 2268     		ldr	r2, [r4]
 3491 009e 5368     		ldr	r3, [r2, #4]
 3492 00a0 43F00103 		orr	r3, r3, #1
 3493 00a4 5360     		str	r3, [r2, #4]
1898:Drivers/STM32F1xx_HAL_Driver/Src/stm32f1xx_hal_spi.c **** }
 3494              		.loc 1 1898 3 view .LVU1242
1898:Drivers/STM32F1xx_HAL_Driver/Src/stm32f1xx_hal_spi.c **** }
 3495              		.loc 1 1898 10 is_stmt 0 view .LVU1243
 3496 00a6 0D46     		mov	r5, r1
 3497 00a8 1DE0     		b	.L230
 3498              	.LVL207:
 3499              	.L238:
1813:Drivers/STM32F1xx_HAL_Driver/Src/stm32f1xx_hal_spi.c **** 
 3500              		.loc 1 1813 5 is_stmt 1 view .LVU1244
1813:Drivers/STM32F1xx_HAL_Driver/Src/stm32f1xx_hal_spi.c **** 
 3501              		.loc 1 1813 17 is_stmt 0 view .LVU1245
 3502 00aa 0423     		movs	r3, #4
 3503 00ac 84F85130 		strb	r3, [r4, #81]
1816:Drivers/STM32F1xx_HAL_Driver/Src/stm32f1xx_hal_spi.c **** 
ARM GAS  /var/folders/y0/yl1wrqfd209ghqq3s8k8qc1m0000gn/T//ccjYiGlu.s 			page 153


 3504              		.loc 1 1816 5 is_stmt 1 view .LVU1246
1819:Drivers/STM32F1xx_HAL_Driver/Src/stm32f1xx_hal_spi.c ****   }
 3505              		.loc 1 1819 5 view .LVU1247
1819:Drivers/STM32F1xx_HAL_Driver/Src/stm32f1xx_hal_spi.c ****   }
 3506              		.loc 1 1819 12 is_stmt 0 view .LVU1248
 3507 00b0 1346     		mov	r3, r2
 3508 00b2 0A46     		mov	r2, r1
 3509              	.LVL208:
1819:Drivers/STM32F1xx_HAL_Driver/Src/stm32f1xx_hal_spi.c ****   }
 3510              		.loc 1 1819 12 view .LVU1249
 3511 00b4 2046     		mov	r0, r4
 3512 00b6 FFF7FEFF 		bl	HAL_SPI_TransmitReceive_DMA
 3513              	.LVL209:
1819:Drivers/STM32F1xx_HAL_Driver/Src/stm32f1xx_hal_spi.c ****   }
 3514              		.loc 1 1819 12 view .LVU1250
 3515 00ba 0546     		mov	r5, r0
 3516 00bc 13E0     		b	.L230
 3517              	.LVL210:
 3518              	.L239:
1847:Drivers/STM32F1xx_HAL_Driver/Src/stm32f1xx_hal_spi.c ****     SPI_1LINE_RX(hspi);
 3519              		.loc 1 1847 5 is_stmt 1 view .LVU1251
 3520 00be 2268     		ldr	r2, [r4]
 3521              	.LVL211:
1847:Drivers/STM32F1xx_HAL_Driver/Src/stm32f1xx_hal_spi.c ****     SPI_1LINE_RX(hspi);
 3522              		.loc 1 1847 5 is_stmt 0 view .LVU1252
 3523 00c0 1368     		ldr	r3, [r2]
 3524 00c2 23F04003 		bic	r3, r3, #64
 3525 00c6 1360     		str	r3, [r2]
 3526              	.LVL212:
1848:Drivers/STM32F1xx_HAL_Driver/Src/stm32f1xx_hal_spi.c ****   }
 3527              		.loc 1 1848 5 is_stmt 1 view .LVU1253
 3528 00c8 2268     		ldr	r2, [r4]
 3529 00ca 1368     		ldr	r3, [r2]
 3530 00cc 23F48043 		bic	r3, r3, #16384
 3531 00d0 1360     		str	r3, [r2]
 3532 00d2 BCE7     		b	.L232
 3533              	.LVL213:
 3534              	.L240:
1876:Drivers/STM32F1xx_HAL_Driver/Src/stm32f1xx_hal_spi.c ****     /* Process Unlocked */
 3535              		.loc 1 1876 5 view .LVU1254
 3536 00d4 636D     		ldr	r3, [r4, #84]
 3537 00d6 43F01003 		orr	r3, r3, #16
 3538 00da 6365     		str	r3, [r4, #84]
1878:Drivers/STM32F1xx_HAL_Driver/Src/stm32f1xx_hal_spi.c ****     return HAL_ERROR;
 3539              		.loc 1 1878 5 view .LVU1255
1878:Drivers/STM32F1xx_HAL_Driver/Src/stm32f1xx_hal_spi.c ****     return HAL_ERROR;
 3540              		.loc 1 1878 5 view .LVU1256
 3541 00dc 0023     		movs	r3, #0
 3542 00de 84F85030 		strb	r3, [r4, #80]
1878:Drivers/STM32F1xx_HAL_Driver/Src/stm32f1xx_hal_spi.c ****     return HAL_ERROR;
 3543              		.loc 1 1878 5 view .LVU1257
1879:Drivers/STM32F1xx_HAL_Driver/Src/stm32f1xx_hal_spi.c ****   }
 3544              		.loc 1 1879 5 view .LVU1258
1879:Drivers/STM32F1xx_HAL_Driver/Src/stm32f1xx_hal_spi.c ****   }
 3545              		.loc 1 1879 12 is_stmt 0 view .LVU1259
 3546 00e2 00E0     		b	.L230
 3547              	.LVL214:
ARM GAS  /var/folders/y0/yl1wrqfd209ghqq3s8k8qc1m0000gn/T//ccjYiGlu.s 			page 154


 3548              	.L235:
1808:Drivers/STM32F1xx_HAL_Driver/Src/stm32f1xx_hal_spi.c ****   }
 3549              		.loc 1 1808 12 view .LVU1260
 3550 00e4 0225     		movs	r5, #2
 3551              	.LVL215:
 3552              	.L230:
1899:Drivers/STM32F1xx_HAL_Driver/Src/stm32f1xx_hal_spi.c **** 
 3553              		.loc 1 1899 1 view .LVU1261
 3554 00e6 2846     		mov	r0, r5
 3555 00e8 38BD     		pop	{r3, r4, r5, pc}
 3556              	.LVL216:
 3557              	.L236:
1828:Drivers/STM32F1xx_HAL_Driver/Src/stm32f1xx_hal_spi.c **** 
 3558              		.loc 1 1828 3 discriminator 1 view .LVU1262
 3559 00ea 0225     		movs	r5, #2
 3560 00ec FBE7     		b	.L230
 3561              	.L242:
 3562 00ee 00BF     		.align	2
 3563              	.L241:
 3564 00f0 00000000 		.word	SPI_DMAHalfReceiveCplt
 3565 00f4 00000000 		.word	SPI_DMAReceiveCplt
 3566 00f8 00000000 		.word	SPI_DMAError
 3567              		.cfi_endproc
 3568              	.LFE76:
 3570              		.section	.text.HAL_SPI_Abort,"ax",%progbits
 3571              		.align	1
 3572              		.global	HAL_SPI_Abort
 3573              		.syntax unified
 3574              		.thumb
 3575              		.thumb_func
 3577              	HAL_SPI_Abort:
 3578              	.LVL217:
 3579              	.LFB78:
2055:Drivers/STM32F1xx_HAL_Driver/Src/stm32f1xx_hal_spi.c ****   HAL_StatusTypeDef errorcode;
 3580              		.loc 1 2055 1 is_stmt 1 view -0
 3581              		.cfi_startproc
 3582              		@ args = 0, pretend = 0, frame = 16
 3583              		@ frame_needed = 0, uses_anonymous_args = 0
2055:Drivers/STM32F1xx_HAL_Driver/Src/stm32f1xx_hal_spi.c ****   HAL_StatusTypeDef errorcode;
 3584              		.loc 1 2055 1 is_stmt 0 view .LVU1264
 3585 0000 10B5     		push	{r4, lr}
 3586              	.LCFI34:
 3587              		.cfi_def_cfa_offset 8
 3588              		.cfi_offset 4, -8
 3589              		.cfi_offset 14, -4
 3590 0002 84B0     		sub	sp, sp, #16
 3591              	.LCFI35:
 3592              		.cfi_def_cfa_offset 24
 3593 0004 0446     		mov	r4, r0
2056:Drivers/STM32F1xx_HAL_Driver/Src/stm32f1xx_hal_spi.c ****   __IO uint32_t count;
 3594              		.loc 1 2056 3 is_stmt 1 view .LVU1265
2057:Drivers/STM32F1xx_HAL_Driver/Src/stm32f1xx_hal_spi.c ****   __IO uint32_t resetcount;
 3595              		.loc 1 2057 3 view .LVU1266
2058:Drivers/STM32F1xx_HAL_Driver/Src/stm32f1xx_hal_spi.c **** 
 3596              		.loc 1 2058 3 view .LVU1267
2061:Drivers/STM32F1xx_HAL_Driver/Src/stm32f1xx_hal_spi.c ****   resetcount = SPI_DEFAULT_TIMEOUT * (SystemCoreClock / 24U / 1000U);
 3597              		.loc 1 2061 3 view .LVU1268
ARM GAS  /var/folders/y0/yl1wrqfd209ghqq3s8k8qc1m0000gn/T//ccjYiGlu.s 			page 155


 3598              	.LVL218:
2062:Drivers/STM32F1xx_HAL_Driver/Src/stm32f1xx_hal_spi.c ****   count = resetcount;
 3599              		.loc 1 2062 3 view .LVU1269
2062:Drivers/STM32F1xx_HAL_Driver/Src/stm32f1xx_hal_spi.c ****   count = resetcount;
 3600              		.loc 1 2062 61 is_stmt 0 view .LVU1270
 3601 0006 484B     		ldr	r3, .L264
 3602 0008 1B68     		ldr	r3, [r3]
 3603 000a 484A     		ldr	r2, .L264+4
 3604 000c A2FB0323 		umull	r2, r3, r2, r3
 3605 0010 5B0A     		lsrs	r3, r3, #9
2062:Drivers/STM32F1xx_HAL_Driver/Src/stm32f1xx_hal_spi.c ****   count = resetcount;
 3606              		.loc 1 2062 36 view .LVU1271
 3607 0012 6422     		movs	r2, #100
 3608 0014 02FB03F3 		mul	r3, r2, r3
2062:Drivers/STM32F1xx_HAL_Driver/Src/stm32f1xx_hal_spi.c ****   count = resetcount;
 3609              		.loc 1 2062 14 view .LVU1272
 3610 0018 0293     		str	r3, [sp, #8]
2063:Drivers/STM32F1xx_HAL_Driver/Src/stm32f1xx_hal_spi.c **** 
 3611              		.loc 1 2063 3 is_stmt 1 view .LVU1273
2063:Drivers/STM32F1xx_HAL_Driver/Src/stm32f1xx_hal_spi.c **** 
 3612              		.loc 1 2063 9 is_stmt 0 view .LVU1274
 3613 001a 029B     		ldr	r3, [sp, #8]
 3614 001c 0393     		str	r3, [sp, #12]
2066:Drivers/STM32F1xx_HAL_Driver/Src/stm32f1xx_hal_spi.c **** 
 3615              		.loc 1 2066 3 is_stmt 1 view .LVU1275
 3616 001e 0268     		ldr	r2, [r0]
 3617 0020 5368     		ldr	r3, [r2, #4]
 3618 0022 23F02003 		bic	r3, r3, #32
 3619 0026 5360     		str	r3, [r2, #4]
2069:Drivers/STM32F1xx_HAL_Driver/Src/stm32f1xx_hal_spi.c ****   {
 3620              		.loc 1 2069 3 view .LVU1276
2069:Drivers/STM32F1xx_HAL_Driver/Src/stm32f1xx_hal_spi.c ****   {
 3621              		.loc 1 2069 7 is_stmt 0 view .LVU1277
 3622 0028 0268     		ldr	r2, [r0]
 3623 002a 5368     		ldr	r3, [r2, #4]
2069:Drivers/STM32F1xx_HAL_Driver/Src/stm32f1xx_hal_spi.c ****   {
 3624              		.loc 1 2069 6 view .LVU1278
 3625 002c 13F0800F 		tst	r3, #128
 3626 0030 11D0     		beq	.L244
2071:Drivers/STM32F1xx_HAL_Driver/Src/stm32f1xx_hal_spi.c ****     /* Wait HAL_SPI_STATE_ABORT state */
 3627              		.loc 1 2071 5 is_stmt 1 view .LVU1279
2071:Drivers/STM32F1xx_HAL_Driver/Src/stm32f1xx_hal_spi.c ****     /* Wait HAL_SPI_STATE_ABORT state */
 3628              		.loc 1 2071 17 is_stmt 0 view .LVU1280
 3629 0032 3F4B     		ldr	r3, .L264+8
 3630 0034 4364     		str	r3, [r0, #68]
 3631              	.L247:
2073:Drivers/STM32F1xx_HAL_Driver/Src/stm32f1xx_hal_spi.c ****     {
 3632              		.loc 1 2073 5 is_stmt 1 view .LVU1281
2075:Drivers/STM32F1xx_HAL_Driver/Src/stm32f1xx_hal_spi.c ****       {
 3633              		.loc 1 2075 7 view .LVU1282
2075:Drivers/STM32F1xx_HAL_Driver/Src/stm32f1xx_hal_spi.c ****       {
 3634              		.loc 1 2075 17 is_stmt 0 view .LVU1283
 3635 0036 039B     		ldr	r3, [sp, #12]
2075:Drivers/STM32F1xx_HAL_Driver/Src/stm32f1xx_hal_spi.c ****       {
 3636              		.loc 1 2075 10 view .LVU1284
 3637 0038 3BB1     		cbz	r3, .L261
2080:Drivers/STM32F1xx_HAL_Driver/Src/stm32f1xx_hal_spi.c ****     } while (hspi->State != HAL_SPI_STATE_ABORT);
ARM GAS  /var/folders/y0/yl1wrqfd209ghqq3s8k8qc1m0000gn/T//ccjYiGlu.s 			page 156


 3638              		.loc 1 2080 7 is_stmt 1 view .LVU1285
2080:Drivers/STM32F1xx_HAL_Driver/Src/stm32f1xx_hal_spi.c ****     } while (hspi->State != HAL_SPI_STATE_ABORT);
 3639              		.loc 1 2080 12 is_stmt 0 view .LVU1286
 3640 003a 039B     		ldr	r3, [sp, #12]
 3641 003c 013B     		subs	r3, r3, #1
 3642 003e 0393     		str	r3, [sp, #12]
2081:Drivers/STM32F1xx_HAL_Driver/Src/stm32f1xx_hal_spi.c ****     /* Reset Timeout Counter */
 3643              		.loc 1 2081 26 is_stmt 1 view .LVU1287
2081:Drivers/STM32F1xx_HAL_Driver/Src/stm32f1xx_hal_spi.c ****     /* Reset Timeout Counter */
 3644              		.loc 1 2081 18 is_stmt 0 view .LVU1288
 3645 0040 94F85130 		ldrb	r3, [r4, #81]	@ zero_extendqisi2
2081:Drivers/STM32F1xx_HAL_Driver/Src/stm32f1xx_hal_spi.c ****     /* Reset Timeout Counter */
 3646              		.loc 1 2081 26 view .LVU1289
 3647 0044 072B     		cmp	r3, #7
 3648 0046 F6D1     		bne	.L247
 3649 0048 03E0     		b	.L246
 3650              	.L261:
2077:Drivers/STM32F1xx_HAL_Driver/Src/stm32f1xx_hal_spi.c ****         break;
 3651              		.loc 1 2077 9 is_stmt 1 view .LVU1290
 3652 004a 636D     		ldr	r3, [r4, #84]
 3653 004c 43F04003 		orr	r3, r3, #64
 3654 0050 6365     		str	r3, [r4, #84]
2078:Drivers/STM32F1xx_HAL_Driver/Src/stm32f1xx_hal_spi.c ****       }
 3655              		.loc 1 2078 9 view .LVU1291
 3656              	.L246:
2083:Drivers/STM32F1xx_HAL_Driver/Src/stm32f1xx_hal_spi.c ****   }
 3657              		.loc 1 2083 5 view .LVU1292
2083:Drivers/STM32F1xx_HAL_Driver/Src/stm32f1xx_hal_spi.c ****   }
 3658              		.loc 1 2083 11 is_stmt 0 view .LVU1293
 3659 0052 029B     		ldr	r3, [sp, #8]
 3660 0054 0393     		str	r3, [sp, #12]
 3661              	.L244:
2086:Drivers/STM32F1xx_HAL_Driver/Src/stm32f1xx_hal_spi.c ****   {
 3662              		.loc 1 2086 3 is_stmt 1 view .LVU1294
2086:Drivers/STM32F1xx_HAL_Driver/Src/stm32f1xx_hal_spi.c ****   {
 3663              		.loc 1 2086 7 is_stmt 0 view .LVU1295
 3664 0056 5368     		ldr	r3, [r2, #4]
2086:Drivers/STM32F1xx_HAL_Driver/Src/stm32f1xx_hal_spi.c ****   {
 3665              		.loc 1 2086 6 view .LVU1296
 3666 0058 13F0400F 		tst	r3, #64
 3667 005c 11D0     		beq	.L248
2088:Drivers/STM32F1xx_HAL_Driver/Src/stm32f1xx_hal_spi.c ****     /* Wait HAL_SPI_STATE_ABORT state */
 3668              		.loc 1 2088 5 is_stmt 1 view .LVU1297
2088:Drivers/STM32F1xx_HAL_Driver/Src/stm32f1xx_hal_spi.c ****     /* Wait HAL_SPI_STATE_ABORT state */
 3669              		.loc 1 2088 17 is_stmt 0 view .LVU1298
 3670 005e 354B     		ldr	r3, .L264+12
 3671 0060 2364     		str	r3, [r4, #64]
 3672              	.L251:
2090:Drivers/STM32F1xx_HAL_Driver/Src/stm32f1xx_hal_spi.c ****     {
 3673              		.loc 1 2090 5 is_stmt 1 view .LVU1299
2092:Drivers/STM32F1xx_HAL_Driver/Src/stm32f1xx_hal_spi.c ****       {
 3674              		.loc 1 2092 7 view .LVU1300
2092:Drivers/STM32F1xx_HAL_Driver/Src/stm32f1xx_hal_spi.c ****       {
 3675              		.loc 1 2092 17 is_stmt 0 view .LVU1301
 3676 0062 039B     		ldr	r3, [sp, #12]
2092:Drivers/STM32F1xx_HAL_Driver/Src/stm32f1xx_hal_spi.c ****       {
 3677              		.loc 1 2092 10 view .LVU1302
ARM GAS  /var/folders/y0/yl1wrqfd209ghqq3s8k8qc1m0000gn/T//ccjYiGlu.s 			page 157


 3678 0064 3BB1     		cbz	r3, .L262
2097:Drivers/STM32F1xx_HAL_Driver/Src/stm32f1xx_hal_spi.c ****     } while (hspi->State != HAL_SPI_STATE_ABORT);
 3679              		.loc 1 2097 7 is_stmt 1 view .LVU1303
2097:Drivers/STM32F1xx_HAL_Driver/Src/stm32f1xx_hal_spi.c ****     } while (hspi->State != HAL_SPI_STATE_ABORT);
 3680              		.loc 1 2097 12 is_stmt 0 view .LVU1304
 3681 0066 039B     		ldr	r3, [sp, #12]
 3682 0068 013B     		subs	r3, r3, #1
 3683 006a 0393     		str	r3, [sp, #12]
2098:Drivers/STM32F1xx_HAL_Driver/Src/stm32f1xx_hal_spi.c ****     /* Reset Timeout Counter */
 3684              		.loc 1 2098 26 is_stmt 1 view .LVU1305
2098:Drivers/STM32F1xx_HAL_Driver/Src/stm32f1xx_hal_spi.c ****     /* Reset Timeout Counter */
 3685              		.loc 1 2098 18 is_stmt 0 view .LVU1306
 3686 006c 94F85130 		ldrb	r3, [r4, #81]	@ zero_extendqisi2
2098:Drivers/STM32F1xx_HAL_Driver/Src/stm32f1xx_hal_spi.c ****     /* Reset Timeout Counter */
 3687              		.loc 1 2098 26 view .LVU1307
 3688 0070 072B     		cmp	r3, #7
 3689 0072 F6D1     		bne	.L251
 3690 0074 03E0     		b	.L250
 3691              	.L262:
2094:Drivers/STM32F1xx_HAL_Driver/Src/stm32f1xx_hal_spi.c ****         break;
 3692              		.loc 1 2094 9 is_stmt 1 view .LVU1308
 3693 0076 636D     		ldr	r3, [r4, #84]
 3694 0078 43F04003 		orr	r3, r3, #64
 3695 007c 6365     		str	r3, [r4, #84]
2095:Drivers/STM32F1xx_HAL_Driver/Src/stm32f1xx_hal_spi.c ****       }
 3696              		.loc 1 2095 9 view .LVU1309
 3697              	.L250:
2100:Drivers/STM32F1xx_HAL_Driver/Src/stm32f1xx_hal_spi.c ****   }
 3698              		.loc 1 2100 5 view .LVU1310
2100:Drivers/STM32F1xx_HAL_Driver/Src/stm32f1xx_hal_spi.c ****   }
 3699              		.loc 1 2100 11 is_stmt 0 view .LVU1311
 3700 007e 029B     		ldr	r3, [sp, #8]
 3701 0080 0393     		str	r3, [sp, #12]
 3702              	.L248:
2104:Drivers/STM32F1xx_HAL_Driver/Src/stm32f1xx_hal_spi.c ****   {
 3703              		.loc 1 2104 3 is_stmt 1 view .LVU1312
2104:Drivers/STM32F1xx_HAL_Driver/Src/stm32f1xx_hal_spi.c ****   {
 3704              		.loc 1 2104 7 is_stmt 0 view .LVU1313
 3705 0082 5368     		ldr	r3, [r2, #4]
2104:Drivers/STM32F1xx_HAL_Driver/Src/stm32f1xx_hal_spi.c ****   {
 3706              		.loc 1 2104 6 view .LVU1314
 3707 0084 13F0020F 		tst	r3, #2
 3708 0088 1DD0     		beq	.L252
2107:Drivers/STM32F1xx_HAL_Driver/Src/stm32f1xx_hal_spi.c ****     {
 3709              		.loc 1 2107 5 is_stmt 1 view .LVU1315
2107:Drivers/STM32F1xx_HAL_Driver/Src/stm32f1xx_hal_spi.c ****     {
 3710              		.loc 1 2107 13 is_stmt 0 view .LVU1316
 3711 008a A36C     		ldr	r3, [r4, #72]
2107:Drivers/STM32F1xx_HAL_Driver/Src/stm32f1xx_hal_spi.c ****     {
 3712              		.loc 1 2107 8 view .LVU1317
 3713 008c DBB1     		cbz	r3, .L252
2111:Drivers/STM32F1xx_HAL_Driver/Src/stm32f1xx_hal_spi.c **** 
 3714              		.loc 1 2111 7 is_stmt 1 view .LVU1318
2111:Drivers/STM32F1xx_HAL_Driver/Src/stm32f1xx_hal_spi.c **** 
 3715              		.loc 1 2111 39 is_stmt 0 view .LVU1319
 3716 008e 0022     		movs	r2, #0
 3717 0090 5A63     		str	r2, [r3, #52]
ARM GAS  /var/folders/y0/yl1wrqfd209ghqq3s8k8qc1m0000gn/T//ccjYiGlu.s 			page 158


2114:Drivers/STM32F1xx_HAL_Driver/Src/stm32f1xx_hal_spi.c ****       {
 3718              		.loc 1 2114 7 is_stmt 1 view .LVU1320
2114:Drivers/STM32F1xx_HAL_Driver/Src/stm32f1xx_hal_spi.c ****       {
 3719              		.loc 1 2114 11 is_stmt 0 view .LVU1321
 3720 0092 A06C     		ldr	r0, [r4, #72]
 3721              	.LVL219:
2114:Drivers/STM32F1xx_HAL_Driver/Src/stm32f1xx_hal_spi.c ****       {
 3722              		.loc 1 2114 11 view .LVU1322
 3723 0094 FFF7FEFF 		bl	HAL_DMA_Abort
 3724              	.LVL220:
2114:Drivers/STM32F1xx_HAL_Driver/Src/stm32f1xx_hal_spi.c ****       {
 3725              		.loc 1 2114 10 discriminator 1 view .LVU1323
 3726 0098 08B1     		cbz	r0, .L253
2116:Drivers/STM32F1xx_HAL_Driver/Src/stm32f1xx_hal_spi.c ****       }
 3727              		.loc 1 2116 9 is_stmt 1 view .LVU1324
2116:Drivers/STM32F1xx_HAL_Driver/Src/stm32f1xx_hal_spi.c ****       }
 3728              		.loc 1 2116 25 is_stmt 0 view .LVU1325
 3729 009a 4023     		movs	r3, #64
 3730 009c 6365     		str	r3, [r4, #84]
 3731              	.L253:
2120:Drivers/STM32F1xx_HAL_Driver/Src/stm32f1xx_hal_spi.c **** 
 3732              		.loc 1 2120 7 is_stmt 1 view .LVU1326
 3733 009e 2268     		ldr	r2, [r4]
 3734 00a0 5368     		ldr	r3, [r2, #4]
 3735 00a2 23F00203 		bic	r3, r3, #2
 3736 00a6 5360     		str	r3, [r2, #4]
 3737              	.L255:
2123:Drivers/STM32F1xx_HAL_Driver/Src/stm32f1xx_hal_spi.c ****       {
 3738              		.loc 1 2123 7 view .LVU1327
2125:Drivers/STM32F1xx_HAL_Driver/Src/stm32f1xx_hal_spi.c ****         {
 3739              		.loc 1 2125 9 view .LVU1328
2125:Drivers/STM32F1xx_HAL_Driver/Src/stm32f1xx_hal_spi.c ****         {
 3740              		.loc 1 2125 19 is_stmt 0 view .LVU1329
 3741 00a8 039B     		ldr	r3, [sp, #12]
2125:Drivers/STM32F1xx_HAL_Driver/Src/stm32f1xx_hal_spi.c ****         {
 3742              		.loc 1 2125 12 view .LVU1330
 3743 00aa 43B1     		cbz	r3, .L263
2130:Drivers/STM32F1xx_HAL_Driver/Src/stm32f1xx_hal_spi.c ****       } while ((hspi->Instance->SR & SPI_FLAG_TXE) == RESET);
 3744              		.loc 1 2130 9 is_stmt 1 view .LVU1331
2130:Drivers/STM32F1xx_HAL_Driver/Src/stm32f1xx_hal_spi.c ****       } while ((hspi->Instance->SR & SPI_FLAG_TXE) == RESET);
 3745              		.loc 1 2130 14 is_stmt 0 view .LVU1332
 3746 00ac 039B     		ldr	r3, [sp, #12]
 3747 00ae 013B     		subs	r3, r3, #1
 3748 00b0 0393     		str	r3, [sp, #12]
2131:Drivers/STM32F1xx_HAL_Driver/Src/stm32f1xx_hal_spi.c ****     }
 3749              		.loc 1 2131 52 is_stmt 1 view .LVU1333
2131:Drivers/STM32F1xx_HAL_Driver/Src/stm32f1xx_hal_spi.c ****     }
 3750              		.loc 1 2131 21 is_stmt 0 view .LVU1334
 3751 00b2 2368     		ldr	r3, [r4]
2131:Drivers/STM32F1xx_HAL_Driver/Src/stm32f1xx_hal_spi.c ****     }
 3752              		.loc 1 2131 31 view .LVU1335
 3753 00b4 9B68     		ldr	r3, [r3, #8]
2131:Drivers/STM32F1xx_HAL_Driver/Src/stm32f1xx_hal_spi.c ****     }
 3754              		.loc 1 2131 52 view .LVU1336
 3755 00b6 13F0020F 		tst	r3, #2
 3756 00ba F5D0     		beq	.L255
 3757 00bc 03E0     		b	.L252
ARM GAS  /var/folders/y0/yl1wrqfd209ghqq3s8k8qc1m0000gn/T//ccjYiGlu.s 			page 159


 3758              	.L263:
2127:Drivers/STM32F1xx_HAL_Driver/Src/stm32f1xx_hal_spi.c ****           break;
 3759              		.loc 1 2127 11 is_stmt 1 view .LVU1337
 3760 00be 636D     		ldr	r3, [r4, #84]
 3761 00c0 43F04003 		orr	r3, r3, #64
 3762 00c4 6365     		str	r3, [r4, #84]
2128:Drivers/STM32F1xx_HAL_Driver/Src/stm32f1xx_hal_spi.c ****         }
 3763              		.loc 1 2128 11 view .LVU1338
 3764              	.L252:
2136:Drivers/STM32F1xx_HAL_Driver/Src/stm32f1xx_hal_spi.c ****   {
 3765              		.loc 1 2136 3 view .LVU1339
2136:Drivers/STM32F1xx_HAL_Driver/Src/stm32f1xx_hal_spi.c ****   {
 3766              		.loc 1 2136 7 is_stmt 0 view .LVU1340
 3767 00c6 2368     		ldr	r3, [r4]
 3768 00c8 5B68     		ldr	r3, [r3, #4]
2136:Drivers/STM32F1xx_HAL_Driver/Src/stm32f1xx_hal_spi.c ****   {
 3769              		.loc 1 2136 6 view .LVU1341
 3770 00ca 13F0010F 		tst	r3, #1
 3771 00ce 13D0     		beq	.L256
2139:Drivers/STM32F1xx_HAL_Driver/Src/stm32f1xx_hal_spi.c ****     {
 3772              		.loc 1 2139 5 is_stmt 1 view .LVU1342
2139:Drivers/STM32F1xx_HAL_Driver/Src/stm32f1xx_hal_spi.c ****     {
 3773              		.loc 1 2139 13 is_stmt 0 view .LVU1343
 3774 00d0 E36C     		ldr	r3, [r4, #76]
2139:Drivers/STM32F1xx_HAL_Driver/Src/stm32f1xx_hal_spi.c ****     {
 3775              		.loc 1 2139 8 view .LVU1344
 3776 00d2 8BB1     		cbz	r3, .L256
2143:Drivers/STM32F1xx_HAL_Driver/Src/stm32f1xx_hal_spi.c **** 
 3777              		.loc 1 2143 7 is_stmt 1 view .LVU1345
2143:Drivers/STM32F1xx_HAL_Driver/Src/stm32f1xx_hal_spi.c **** 
 3778              		.loc 1 2143 39 is_stmt 0 view .LVU1346
 3779 00d4 0022     		movs	r2, #0
 3780 00d6 5A63     		str	r2, [r3, #52]
2146:Drivers/STM32F1xx_HAL_Driver/Src/stm32f1xx_hal_spi.c ****       {
 3781              		.loc 1 2146 7 is_stmt 1 view .LVU1347
2146:Drivers/STM32F1xx_HAL_Driver/Src/stm32f1xx_hal_spi.c ****       {
 3782              		.loc 1 2146 11 is_stmt 0 view .LVU1348
 3783 00d8 E06C     		ldr	r0, [r4, #76]
 3784 00da FFF7FEFF 		bl	HAL_DMA_Abort
 3785              	.LVL221:
2146:Drivers/STM32F1xx_HAL_Driver/Src/stm32f1xx_hal_spi.c ****       {
 3786              		.loc 1 2146 10 discriminator 1 view .LVU1349
 3787 00de 08B1     		cbz	r0, .L257
2148:Drivers/STM32F1xx_HAL_Driver/Src/stm32f1xx_hal_spi.c ****       }
 3788              		.loc 1 2148 9 is_stmt 1 view .LVU1350
2148:Drivers/STM32F1xx_HAL_Driver/Src/stm32f1xx_hal_spi.c ****       }
 3789              		.loc 1 2148 25 is_stmt 0 view .LVU1351
 3790 00e0 4023     		movs	r3, #64
 3791 00e2 6365     		str	r3, [r4, #84]
 3792              	.L257:
2152:Drivers/STM32F1xx_HAL_Driver/Src/stm32f1xx_hal_spi.c **** 
 3793              		.loc 1 2152 7 is_stmt 1 view .LVU1352
 3794 00e4 2268     		ldr	r2, [r4]
 3795 00e6 1368     		ldr	r3, [r2]
 3796 00e8 23F04003 		bic	r3, r3, #64
 3797 00ec 1360     		str	r3, [r2]
2155:Drivers/STM32F1xx_HAL_Driver/Src/stm32f1xx_hal_spi.c ****     }
ARM GAS  /var/folders/y0/yl1wrqfd209ghqq3s8k8qc1m0000gn/T//ccjYiGlu.s 			page 160


 3798              		.loc 1 2155 7 view .LVU1353
 3799 00ee 2268     		ldr	r2, [r4]
 3800 00f0 5368     		ldr	r3, [r2, #4]
 3801 00f2 23F00103 		bic	r3, r3, #1
 3802 00f6 5360     		str	r3, [r2, #4]
 3803              	.L256:
2159:Drivers/STM32F1xx_HAL_Driver/Src/stm32f1xx_hal_spi.c ****   hspi->TxXferCount = 0U;
 3804              		.loc 1 2159 3 view .LVU1354
2159:Drivers/STM32F1xx_HAL_Driver/Src/stm32f1xx_hal_spi.c ****   hspi->TxXferCount = 0U;
 3805              		.loc 1 2159 21 is_stmt 0 view .LVU1355
 3806 00f8 0023     		movs	r3, #0
 3807 00fa E387     		strh	r3, [r4, #62]	@ movhi
2160:Drivers/STM32F1xx_HAL_Driver/Src/stm32f1xx_hal_spi.c **** 
 3808              		.loc 1 2160 3 is_stmt 1 view .LVU1356
2160:Drivers/STM32F1xx_HAL_Driver/Src/stm32f1xx_hal_spi.c **** 
 3809              		.loc 1 2160 21 is_stmt 0 view .LVU1357
 3810 00fc E386     		strh	r3, [r4, #54]	@ movhi
2163:Drivers/STM32F1xx_HAL_Driver/Src/stm32f1xx_hal_spi.c ****   {
 3811              		.loc 1 2163 3 is_stmt 1 view .LVU1358
2163:Drivers/STM32F1xx_HAL_Driver/Src/stm32f1xx_hal_spi.c ****   {
 3812              		.loc 1 2163 11 is_stmt 0 view .LVU1359
 3813 00fe 636D     		ldr	r3, [r4, #84]
2163:Drivers/STM32F1xx_HAL_Driver/Src/stm32f1xx_hal_spi.c ****   {
 3814              		.loc 1 2163 6 view .LVU1360
 3815 0100 402B     		cmp	r3, #64
 3816 0102 0ED0     		beq	.L259
2171:Drivers/STM32F1xx_HAL_Driver/Src/stm32f1xx_hal_spi.c ****   }
 3817              		.loc 1 2171 5 is_stmt 1 view .LVU1361
2171:Drivers/STM32F1xx_HAL_Driver/Src/stm32f1xx_hal_spi.c ****   }
 3818              		.loc 1 2171 21 is_stmt 0 view .LVU1362
 3819 0104 0020     		movs	r0, #0
 3820 0106 6065     		str	r0, [r4, #84]
 3821              	.L258:
 3822              	.LVL222:
2175:Drivers/STM32F1xx_HAL_Driver/Src/stm32f1xx_hal_spi.c **** 
 3823              		.loc 1 2175 3 is_stmt 1 view .LVU1363
 3824              	.LBB4:
2175:Drivers/STM32F1xx_HAL_Driver/Src/stm32f1xx_hal_spi.c **** 
 3825              		.loc 1 2175 3 view .LVU1364
 3826 0108 0023     		movs	r3, #0
 3827 010a 0193     		str	r3, [sp, #4]
2175:Drivers/STM32F1xx_HAL_Driver/Src/stm32f1xx_hal_spi.c **** 
 3828              		.loc 1 2175 3 view .LVU1365
 3829 010c 2368     		ldr	r3, [r4]
 3830 010e DA68     		ldr	r2, [r3, #12]
 3831 0110 0192     		str	r2, [sp, #4]
2175:Drivers/STM32F1xx_HAL_Driver/Src/stm32f1xx_hal_spi.c **** 
 3832              		.loc 1 2175 3 view .LVU1366
 3833 0112 9B68     		ldr	r3, [r3, #8]
 3834 0114 0193     		str	r3, [sp, #4]
2175:Drivers/STM32F1xx_HAL_Driver/Src/stm32f1xx_hal_spi.c **** 
 3835              		.loc 1 2175 3 view .LVU1367
 3836 0116 019B     		ldr	r3, [sp, #4]
 3837              	.LBE4:
2175:Drivers/STM32F1xx_HAL_Driver/Src/stm32f1xx_hal_spi.c **** 
 3838              		.loc 1 2175 3 view .LVU1368
2178:Drivers/STM32F1xx_HAL_Driver/Src/stm32f1xx_hal_spi.c **** 
ARM GAS  /var/folders/y0/yl1wrqfd209ghqq3s8k8qc1m0000gn/T//ccjYiGlu.s 			page 161


 3839              		.loc 1 2178 3 view .LVU1369
2178:Drivers/STM32F1xx_HAL_Driver/Src/stm32f1xx_hal_spi.c **** 
 3840              		.loc 1 2178 15 is_stmt 0 view .LVU1370
 3841 0118 0123     		movs	r3, #1
 3842 011a 84F85130 		strb	r3, [r4, #81]
2180:Drivers/STM32F1xx_HAL_Driver/Src/stm32f1xx_hal_spi.c **** }
 3843              		.loc 1 2180 3 is_stmt 1 view .LVU1371
2181:Drivers/STM32F1xx_HAL_Driver/Src/stm32f1xx_hal_spi.c **** 
 3844              		.loc 1 2181 1 is_stmt 0 view .LVU1372
 3845 011e 04B0     		add	sp, sp, #16
 3846              	.LCFI36:
 3847              		.cfi_remember_state
 3848              		.cfi_def_cfa_offset 8
 3849              		@ sp needed
 3850 0120 10BD     		pop	{r4, pc}
 3851              	.LVL223:
 3852              	.L259:
 3853              	.LCFI37:
 3854              		.cfi_restore_state
2166:Drivers/STM32F1xx_HAL_Driver/Src/stm32f1xx_hal_spi.c ****   }
 3855              		.loc 1 2166 15 view .LVU1373
 3856 0122 0120     		movs	r0, #1
 3857 0124 F0E7     		b	.L258
 3858              	.L265:
 3859 0126 00BF     		.align	2
 3860              	.L264:
 3861 0128 00000000 		.word	SystemCoreClock
 3862 012c F1197605 		.word	91625969
 3863 0130 00000000 		.word	SPI_AbortTx_ISR
 3864 0134 00000000 		.word	SPI_AbortRx_ISR
 3865              		.cfi_endproc
 3866              	.LFE78:
 3868              		.section	.text.HAL_SPI_DMAPause,"ax",%progbits
 3869              		.align	1
 3870              		.global	HAL_SPI_DMAPause
 3871              		.syntax unified
 3872              		.thumb
 3873              		.thumb_func
 3875              	HAL_SPI_DMAPause:
 3876              	.LVL224:
 3877              	.LFB80:
2359:Drivers/STM32F1xx_HAL_Driver/Src/stm32f1xx_hal_spi.c ****   /* Process Locked */
 3878              		.loc 1 2359 1 is_stmt 1 view -0
 3879              		.cfi_startproc
 3880              		@ args = 0, pretend = 0, frame = 0
 3881              		@ frame_needed = 0, uses_anonymous_args = 0
 3882              		@ link register save eliminated.
2361:Drivers/STM32F1xx_HAL_Driver/Src/stm32f1xx_hal_spi.c **** 
 3883              		.loc 1 2361 3 view .LVU1375
2361:Drivers/STM32F1xx_HAL_Driver/Src/stm32f1xx_hal_spi.c **** 
 3884              		.loc 1 2361 3 view .LVU1376
 3885 0000 90F85030 		ldrb	r3, [r0, #80]	@ zero_extendqisi2
 3886 0004 012B     		cmp	r3, #1
 3887 0006 0CD0     		beq	.L268
2361:Drivers/STM32F1xx_HAL_Driver/Src/stm32f1xx_hal_spi.c **** 
 3888              		.loc 1 2361 3 discriminator 2 view .LVU1377
 3889 0008 0123     		movs	r3, #1
ARM GAS  /var/folders/y0/yl1wrqfd209ghqq3s8k8qc1m0000gn/T//ccjYiGlu.s 			page 162


 3890 000a 80F85030 		strb	r3, [r0, #80]
2361:Drivers/STM32F1xx_HAL_Driver/Src/stm32f1xx_hal_spi.c **** 
 3891              		.loc 1 2361 3 view .LVU1378
2364:Drivers/STM32F1xx_HAL_Driver/Src/stm32f1xx_hal_spi.c **** 
 3892              		.loc 1 2364 3 view .LVU1379
 3893 000e 0268     		ldr	r2, [r0]
 3894 0010 5368     		ldr	r3, [r2, #4]
 3895 0012 23F00303 		bic	r3, r3, #3
 3896 0016 5360     		str	r3, [r2, #4]
2367:Drivers/STM32F1xx_HAL_Driver/Src/stm32f1xx_hal_spi.c **** 
 3897              		.loc 1 2367 3 view .LVU1380
2367:Drivers/STM32F1xx_HAL_Driver/Src/stm32f1xx_hal_spi.c **** 
 3898              		.loc 1 2367 3 view .LVU1381
 3899 0018 0023     		movs	r3, #0
 3900 001a 80F85030 		strb	r3, [r0, #80]
2367:Drivers/STM32F1xx_HAL_Driver/Src/stm32f1xx_hal_spi.c **** 
 3901              		.loc 1 2367 3 view .LVU1382
2369:Drivers/STM32F1xx_HAL_Driver/Src/stm32f1xx_hal_spi.c **** }
 3902              		.loc 1 2369 3 view .LVU1383
2369:Drivers/STM32F1xx_HAL_Driver/Src/stm32f1xx_hal_spi.c **** }
 3903              		.loc 1 2369 10 is_stmt 0 view .LVU1384
 3904 001e 1846     		mov	r0, r3
 3905              	.LVL225:
2369:Drivers/STM32F1xx_HAL_Driver/Src/stm32f1xx_hal_spi.c **** }
 3906              		.loc 1 2369 10 view .LVU1385
 3907 0020 7047     		bx	lr
 3908              	.LVL226:
 3909              	.L268:
2361:Drivers/STM32F1xx_HAL_Driver/Src/stm32f1xx_hal_spi.c **** 
 3910              		.loc 1 2361 3 discriminator 1 view .LVU1386
 3911 0022 0220     		movs	r0, #2
 3912              	.LVL227:
2370:Drivers/STM32F1xx_HAL_Driver/Src/stm32f1xx_hal_spi.c **** 
 3913              		.loc 1 2370 1 view .LVU1387
 3914 0024 7047     		bx	lr
 3915              		.cfi_endproc
 3916              	.LFE80:
 3918              		.section	.text.HAL_SPI_DMAResume,"ax",%progbits
 3919              		.align	1
 3920              		.global	HAL_SPI_DMAResume
 3921              		.syntax unified
 3922              		.thumb
 3923              		.thumb_func
 3925              	HAL_SPI_DMAResume:
 3926              	.LVL228:
 3927              	.LFB81:
2379:Drivers/STM32F1xx_HAL_Driver/Src/stm32f1xx_hal_spi.c ****   /* Process Locked */
 3928              		.loc 1 2379 1 is_stmt 1 view -0
 3929              		.cfi_startproc
 3930              		@ args = 0, pretend = 0, frame = 0
 3931              		@ frame_needed = 0, uses_anonymous_args = 0
 3932              		@ link register save eliminated.
2381:Drivers/STM32F1xx_HAL_Driver/Src/stm32f1xx_hal_spi.c **** 
 3933              		.loc 1 2381 3 view .LVU1389
2381:Drivers/STM32F1xx_HAL_Driver/Src/stm32f1xx_hal_spi.c **** 
 3934              		.loc 1 2381 3 view .LVU1390
 3935 0000 90F85030 		ldrb	r3, [r0, #80]	@ zero_extendqisi2
ARM GAS  /var/folders/y0/yl1wrqfd209ghqq3s8k8qc1m0000gn/T//ccjYiGlu.s 			page 163


 3936 0004 012B     		cmp	r3, #1
 3937 0006 0CD0     		beq	.L271
2381:Drivers/STM32F1xx_HAL_Driver/Src/stm32f1xx_hal_spi.c **** 
 3938              		.loc 1 2381 3 discriminator 2 view .LVU1391
 3939 0008 0123     		movs	r3, #1
 3940 000a 80F85030 		strb	r3, [r0, #80]
2381:Drivers/STM32F1xx_HAL_Driver/Src/stm32f1xx_hal_spi.c **** 
 3941              		.loc 1 2381 3 view .LVU1392
2384:Drivers/STM32F1xx_HAL_Driver/Src/stm32f1xx_hal_spi.c **** 
 3942              		.loc 1 2384 3 view .LVU1393
 3943 000e 0268     		ldr	r2, [r0]
 3944 0010 5368     		ldr	r3, [r2, #4]
 3945 0012 43F00303 		orr	r3, r3, #3
 3946 0016 5360     		str	r3, [r2, #4]
2387:Drivers/STM32F1xx_HAL_Driver/Src/stm32f1xx_hal_spi.c **** 
 3947              		.loc 1 2387 3 view .LVU1394
2387:Drivers/STM32F1xx_HAL_Driver/Src/stm32f1xx_hal_spi.c **** 
 3948              		.loc 1 2387 3 view .LVU1395
 3949 0018 0023     		movs	r3, #0
 3950 001a 80F85030 		strb	r3, [r0, #80]
2387:Drivers/STM32F1xx_HAL_Driver/Src/stm32f1xx_hal_spi.c **** 
 3951              		.loc 1 2387 3 view .LVU1396
2389:Drivers/STM32F1xx_HAL_Driver/Src/stm32f1xx_hal_spi.c **** }
 3952              		.loc 1 2389 3 view .LVU1397
2389:Drivers/STM32F1xx_HAL_Driver/Src/stm32f1xx_hal_spi.c **** }
 3953              		.loc 1 2389 10 is_stmt 0 view .LVU1398
 3954 001e 1846     		mov	r0, r3
 3955              	.LVL229:
2389:Drivers/STM32F1xx_HAL_Driver/Src/stm32f1xx_hal_spi.c **** }
 3956              		.loc 1 2389 10 view .LVU1399
 3957 0020 7047     		bx	lr
 3958              	.LVL230:
 3959              	.L271:
2381:Drivers/STM32F1xx_HAL_Driver/Src/stm32f1xx_hal_spi.c **** 
 3960              		.loc 1 2381 3 discriminator 1 view .LVU1400
 3961 0022 0220     		movs	r0, #2
 3962              	.LVL231:
2390:Drivers/STM32F1xx_HAL_Driver/Src/stm32f1xx_hal_spi.c **** 
 3963              		.loc 1 2390 1 view .LVU1401
 3964 0024 7047     		bx	lr
 3965              		.cfi_endproc
 3966              	.LFE81:
 3968              		.section	.text.HAL_SPI_DMAStop,"ax",%progbits
 3969              		.align	1
 3970              		.global	HAL_SPI_DMAStop
 3971              		.syntax unified
 3972              		.thumb
 3973              		.thumb_func
 3975              	HAL_SPI_DMAStop:
 3976              	.LVL232:
 3977              	.LFB82:
2399:Drivers/STM32F1xx_HAL_Driver/Src/stm32f1xx_hal_spi.c ****   HAL_StatusTypeDef errorcode = HAL_OK;
 3978              		.loc 1 2399 1 is_stmt 1 view -0
 3979              		.cfi_startproc
 3980              		@ args = 0, pretend = 0, frame = 0
 3981              		@ frame_needed = 0, uses_anonymous_args = 0
2399:Drivers/STM32F1xx_HAL_Driver/Src/stm32f1xx_hal_spi.c ****   HAL_StatusTypeDef errorcode = HAL_OK;
ARM GAS  /var/folders/y0/yl1wrqfd209ghqq3s8k8qc1m0000gn/T//ccjYiGlu.s 			page 164


 3982              		.loc 1 2399 1 is_stmt 0 view .LVU1403
 3983 0000 38B5     		push	{r3, r4, r5, lr}
 3984              	.LCFI38:
 3985              		.cfi_def_cfa_offset 16
 3986              		.cfi_offset 3, -16
 3987              		.cfi_offset 4, -12
 3988              		.cfi_offset 5, -8
 3989              		.cfi_offset 14, -4
 3990 0002 0446     		mov	r4, r0
2400:Drivers/STM32F1xx_HAL_Driver/Src/stm32f1xx_hal_spi.c ****   /* The Lock is not implemented on this API to allow the user application
 3991              		.loc 1 2400 3 is_stmt 1 view .LVU1404
 3992              	.LVL233:
2410:Drivers/STM32F1xx_HAL_Driver/Src/stm32f1xx_hal_spi.c ****   {
 3993              		.loc 1 2410 3 view .LVU1405
2410:Drivers/STM32F1xx_HAL_Driver/Src/stm32f1xx_hal_spi.c ****   {
 3994              		.loc 1 2410 11 is_stmt 0 view .LVU1406
 3995 0004 806C     		ldr	r0, [r0, #72]
 3996              	.LVL234:
2410:Drivers/STM32F1xx_HAL_Driver/Src/stm32f1xx_hal_spi.c ****   {
 3997              		.loc 1 2410 6 view .LVU1407
 3998 0006 50B1     		cbz	r0, .L275
2412:Drivers/STM32F1xx_HAL_Driver/Src/stm32f1xx_hal_spi.c ****     {
 3999              		.loc 1 2412 5 is_stmt 1 view .LVU1408
2412:Drivers/STM32F1xx_HAL_Driver/Src/stm32f1xx_hal_spi.c ****     {
 4000              		.loc 1 2412 19 is_stmt 0 view .LVU1409
 4001 0008 FFF7FEFF 		bl	HAL_DMA_Abort
 4002              	.LVL235:
2412:Drivers/STM32F1xx_HAL_Driver/Src/stm32f1xx_hal_spi.c ****     {
 4003              		.loc 1 2412 8 discriminator 1 view .LVU1410
 4004 000c 0546     		mov	r5, r0
 4005 000e 38B1     		cbz	r0, .L273
2414:Drivers/STM32F1xx_HAL_Driver/Src/stm32f1xx_hal_spi.c ****       errorcode = HAL_ERROR;
 4006              		.loc 1 2414 7 is_stmt 1 view .LVU1411
 4007 0010 636D     		ldr	r3, [r4, #84]
 4008 0012 43F01003 		orr	r3, r3, #16
 4009 0016 6365     		str	r3, [r4, #84]
2415:Drivers/STM32F1xx_HAL_Driver/Src/stm32f1xx_hal_spi.c ****     }
 4010              		.loc 1 2415 7 view .LVU1412
 4011              	.LVL236:
2415:Drivers/STM32F1xx_HAL_Driver/Src/stm32f1xx_hal_spi.c ****     }
 4012              		.loc 1 2415 17 is_stmt 0 view .LVU1413
 4013 0018 0123     		movs	r3, #1
 4014 001a 1D46     		mov	r5, r3
 4015 001c 00E0     		b	.L273
 4016              	.LVL237:
 4017              	.L275:
2400:Drivers/STM32F1xx_HAL_Driver/Src/stm32f1xx_hal_spi.c ****   /* The Lock is not implemented on this API to allow the user application
 4018              		.loc 1 2400 21 view .LVU1414
 4019 001e 0546     		mov	r5, r0
 4020              	.LVL238:
 4021              	.L273:
2419:Drivers/STM32F1xx_HAL_Driver/Src/stm32f1xx_hal_spi.c ****   {
 4022              		.loc 1 2419 3 is_stmt 1 view .LVU1415
2419:Drivers/STM32F1xx_HAL_Driver/Src/stm32f1xx_hal_spi.c ****   {
 4023              		.loc 1 2419 11 is_stmt 0 view .LVU1416
 4024 0020 E06C     		ldr	r0, [r4, #76]
2419:Drivers/STM32F1xx_HAL_Driver/Src/stm32f1xx_hal_spi.c ****   {
ARM GAS  /var/folders/y0/yl1wrqfd209ghqq3s8k8qc1m0000gn/T//ccjYiGlu.s 			page 165


 4025              		.loc 1 2419 6 view .LVU1417
 4026 0022 40B1     		cbz	r0, .L274
2421:Drivers/STM32F1xx_HAL_Driver/Src/stm32f1xx_hal_spi.c ****     {
 4027              		.loc 1 2421 5 is_stmt 1 view .LVU1418
2421:Drivers/STM32F1xx_HAL_Driver/Src/stm32f1xx_hal_spi.c ****     {
 4028              		.loc 1 2421 19 is_stmt 0 view .LVU1419
 4029 0024 FFF7FEFF 		bl	HAL_DMA_Abort
 4030              	.LVL239:
2421:Drivers/STM32F1xx_HAL_Driver/Src/stm32f1xx_hal_spi.c ****     {
 4031              		.loc 1 2421 8 discriminator 1 view .LVU1420
 4032 0028 28B1     		cbz	r0, .L274
2423:Drivers/STM32F1xx_HAL_Driver/Src/stm32f1xx_hal_spi.c ****       errorcode = HAL_ERROR;
 4033              		.loc 1 2423 7 is_stmt 1 view .LVU1421
 4034 002a 636D     		ldr	r3, [r4, #84]
 4035 002c 43F01003 		orr	r3, r3, #16
 4036 0030 6365     		str	r3, [r4, #84]
2424:Drivers/STM32F1xx_HAL_Driver/Src/stm32f1xx_hal_spi.c ****     }
 4037              		.loc 1 2424 7 view .LVU1422
 4038              	.LVL240:
2424:Drivers/STM32F1xx_HAL_Driver/Src/stm32f1xx_hal_spi.c ****     }
 4039              		.loc 1 2424 17 is_stmt 0 view .LVU1423
 4040 0032 0123     		movs	r3, #1
 4041 0034 1D46     		mov	r5, r3
 4042              	.LVL241:
 4043              	.L274:
2429:Drivers/STM32F1xx_HAL_Driver/Src/stm32f1xx_hal_spi.c ****   hspi->State = HAL_SPI_STATE_READY;
 4044              		.loc 1 2429 3 is_stmt 1 view .LVU1424
 4045 0036 2268     		ldr	r2, [r4]
 4046 0038 5368     		ldr	r3, [r2, #4]
 4047 003a 23F00303 		bic	r3, r3, #3
 4048 003e 5360     		str	r3, [r2, #4]
2430:Drivers/STM32F1xx_HAL_Driver/Src/stm32f1xx_hal_spi.c ****   return errorcode;
 4049              		.loc 1 2430 3 view .LVU1425
2430:Drivers/STM32F1xx_HAL_Driver/Src/stm32f1xx_hal_spi.c ****   return errorcode;
 4050              		.loc 1 2430 15 is_stmt 0 view .LVU1426
 4051 0040 0123     		movs	r3, #1
 4052 0042 84F85130 		strb	r3, [r4, #81]
2431:Drivers/STM32F1xx_HAL_Driver/Src/stm32f1xx_hal_spi.c **** }
 4053              		.loc 1 2431 3 is_stmt 1 view .LVU1427
2432:Drivers/STM32F1xx_HAL_Driver/Src/stm32f1xx_hal_spi.c **** 
 4054              		.loc 1 2432 1 is_stmt 0 view .LVU1428
 4055 0046 2846     		mov	r0, r5
 4056 0048 38BD     		pop	{r3, r4, r5, pc}
2432:Drivers/STM32F1xx_HAL_Driver/Src/stm32f1xx_hal_spi.c **** 
 4057              		.loc 1 2432 1 view .LVU1429
 4058              		.cfi_endproc
 4059              	.LFE82:
 4061              		.section	.text.HAL_SPI_TxCpltCallback,"ax",%progbits
 4062              		.align	1
 4063              		.weak	HAL_SPI_TxCpltCallback
 4064              		.syntax unified
 4065              		.thumb
 4066              		.thumb_func
 4068              	HAL_SPI_TxCpltCallback:
 4069              	.LVL242:
 4070              	.LFB84:
2543:Drivers/STM32F1xx_HAL_Driver/Src/stm32f1xx_hal_spi.c ****   /* Prevent unused argument(s) compilation warning */
ARM GAS  /var/folders/y0/yl1wrqfd209ghqq3s8k8qc1m0000gn/T//ccjYiGlu.s 			page 166


 4071              		.loc 1 2543 1 is_stmt 1 view -0
 4072              		.cfi_startproc
 4073              		@ args = 0, pretend = 0, frame = 0
 4074              		@ frame_needed = 0, uses_anonymous_args = 0
 4075              		@ link register save eliminated.
2545:Drivers/STM32F1xx_HAL_Driver/Src/stm32f1xx_hal_spi.c **** 
 4076              		.loc 1 2545 3 view .LVU1431
2550:Drivers/STM32F1xx_HAL_Driver/Src/stm32f1xx_hal_spi.c **** 
 4077              		.loc 1 2550 1 is_stmt 0 view .LVU1432
 4078 0000 7047     		bx	lr
 4079              		.cfi_endproc
 4080              	.LFE84:
 4082              		.section	.text.HAL_SPI_RxCpltCallback,"ax",%progbits
 4083              		.align	1
 4084              		.weak	HAL_SPI_RxCpltCallback
 4085              		.syntax unified
 4086              		.thumb
 4087              		.thumb_func
 4089              	HAL_SPI_RxCpltCallback:
 4090              	.LVL243:
 4091              	.LFB85:
2559:Drivers/STM32F1xx_HAL_Driver/Src/stm32f1xx_hal_spi.c ****   /* Prevent unused argument(s) compilation warning */
 4092              		.loc 1 2559 1 is_stmt 1 view -0
 4093              		.cfi_startproc
 4094              		@ args = 0, pretend = 0, frame = 0
 4095              		@ frame_needed = 0, uses_anonymous_args = 0
 4096              		@ link register save eliminated.
2561:Drivers/STM32F1xx_HAL_Driver/Src/stm32f1xx_hal_spi.c **** 
 4097              		.loc 1 2561 3 view .LVU1434
2566:Drivers/STM32F1xx_HAL_Driver/Src/stm32f1xx_hal_spi.c **** 
 4098              		.loc 1 2566 1 is_stmt 0 view .LVU1435
 4099 0000 7047     		bx	lr
 4100              		.cfi_endproc
 4101              	.LFE85:
 4103              		.section	.text.HAL_SPI_TxRxCpltCallback,"ax",%progbits
 4104              		.align	1
 4105              		.weak	HAL_SPI_TxRxCpltCallback
 4106              		.syntax unified
 4107              		.thumb
 4108              		.thumb_func
 4110              	HAL_SPI_TxRxCpltCallback:
 4111              	.LVL244:
 4112              	.LFB86:
2575:Drivers/STM32F1xx_HAL_Driver/Src/stm32f1xx_hal_spi.c ****   /* Prevent unused argument(s) compilation warning */
 4113              		.loc 1 2575 1 is_stmt 1 view -0
 4114              		.cfi_startproc
 4115              		@ args = 0, pretend = 0, frame = 0
 4116              		@ frame_needed = 0, uses_anonymous_args = 0
 4117              		@ link register save eliminated.
2577:Drivers/STM32F1xx_HAL_Driver/Src/stm32f1xx_hal_spi.c **** 
 4118              		.loc 1 2577 3 view .LVU1437
2582:Drivers/STM32F1xx_HAL_Driver/Src/stm32f1xx_hal_spi.c **** 
 4119              		.loc 1 2582 1 is_stmt 0 view .LVU1438
 4120 0000 7047     		bx	lr
 4121              		.cfi_endproc
 4122              	.LFE86:
 4124              		.section	.text.HAL_SPI_TxHalfCpltCallback,"ax",%progbits
ARM GAS  /var/folders/y0/yl1wrqfd209ghqq3s8k8qc1m0000gn/T//ccjYiGlu.s 			page 167


 4125              		.align	1
 4126              		.weak	HAL_SPI_TxHalfCpltCallback
 4127              		.syntax unified
 4128              		.thumb
 4129              		.thumb_func
 4131              	HAL_SPI_TxHalfCpltCallback:
 4132              	.LVL245:
 4133              	.LFB87:
2591:Drivers/STM32F1xx_HAL_Driver/Src/stm32f1xx_hal_spi.c ****   /* Prevent unused argument(s) compilation warning */
 4134              		.loc 1 2591 1 is_stmt 1 view -0
 4135              		.cfi_startproc
 4136              		@ args = 0, pretend = 0, frame = 0
 4137              		@ frame_needed = 0, uses_anonymous_args = 0
 4138              		@ link register save eliminated.
2593:Drivers/STM32F1xx_HAL_Driver/Src/stm32f1xx_hal_spi.c **** 
 4139              		.loc 1 2593 3 view .LVU1440
2598:Drivers/STM32F1xx_HAL_Driver/Src/stm32f1xx_hal_spi.c **** 
 4140              		.loc 1 2598 1 is_stmt 0 view .LVU1441
 4141 0000 7047     		bx	lr
 4142              		.cfi_endproc
 4143              	.LFE87:
 4145              		.section	.text.SPI_DMAHalfTransmitCplt,"ax",%progbits
 4146              		.align	1
 4147              		.syntax unified
 4148              		.thumb
 4149              		.thumb_func
 4151              	SPI_DMAHalfTransmitCplt:
 4152              	.LVL246:
 4153              	.LFB97:
2975:Drivers/STM32F1xx_HAL_Driver/Src/stm32f1xx_hal_spi.c ****   SPI_HandleTypeDef *hspi = (SPI_HandleTypeDef *)(((DMA_HandleTypeDef *)hdma)->Parent);
 4154              		.loc 1 2975 1 is_stmt 1 view -0
 4155              		.cfi_startproc
 4156              		@ args = 0, pretend = 0, frame = 0
 4157              		@ frame_needed = 0, uses_anonymous_args = 0
2975:Drivers/STM32F1xx_HAL_Driver/Src/stm32f1xx_hal_spi.c ****   SPI_HandleTypeDef *hspi = (SPI_HandleTypeDef *)(((DMA_HandleTypeDef *)hdma)->Parent);
 4158              		.loc 1 2975 1 is_stmt 0 view .LVU1443
 4159 0000 08B5     		push	{r3, lr}
 4160              	.LCFI39:
 4161              		.cfi_def_cfa_offset 8
 4162              		.cfi_offset 3, -8
 4163              		.cfi_offset 14, -4
2976:Drivers/STM32F1xx_HAL_Driver/Src/stm32f1xx_hal_spi.c **** 
 4164              		.loc 1 2976 3 is_stmt 1 view .LVU1444
 4165              	.LVL247:
2982:Drivers/STM32F1xx_HAL_Driver/Src/stm32f1xx_hal_spi.c **** #endif /* USE_HAL_SPI_REGISTER_CALLBACKS */
 4166              		.loc 1 2982 3 view .LVU1445
 4167 0002 406A     		ldr	r0, [r0, #36]
 4168              	.LVL248:
2982:Drivers/STM32F1xx_HAL_Driver/Src/stm32f1xx_hal_spi.c **** #endif /* USE_HAL_SPI_REGISTER_CALLBACKS */
 4169              		.loc 1 2982 3 is_stmt 0 view .LVU1446
 4170 0004 FFF7FEFF 		bl	HAL_SPI_TxHalfCpltCallback
 4171              	.LVL249:
2984:Drivers/STM32F1xx_HAL_Driver/Src/stm32f1xx_hal_spi.c **** 
 4172              		.loc 1 2984 1 view .LVU1447
 4173 0008 08BD     		pop	{r3, pc}
 4174              		.cfi_endproc
 4175              	.LFE97:
ARM GAS  /var/folders/y0/yl1wrqfd209ghqq3s8k8qc1m0000gn/T//ccjYiGlu.s 			page 168


 4177              		.section	.text.HAL_SPI_RxHalfCpltCallback,"ax",%progbits
 4178              		.align	1
 4179              		.weak	HAL_SPI_RxHalfCpltCallback
 4180              		.syntax unified
 4181              		.thumb
 4182              		.thumb_func
 4184              	HAL_SPI_RxHalfCpltCallback:
 4185              	.LVL250:
 4186              	.LFB88:
2607:Drivers/STM32F1xx_HAL_Driver/Src/stm32f1xx_hal_spi.c ****   /* Prevent unused argument(s) compilation warning */
 4187              		.loc 1 2607 1 is_stmt 1 view -0
 4188              		.cfi_startproc
 4189              		@ args = 0, pretend = 0, frame = 0
 4190              		@ frame_needed = 0, uses_anonymous_args = 0
 4191              		@ link register save eliminated.
2609:Drivers/STM32F1xx_HAL_Driver/Src/stm32f1xx_hal_spi.c **** 
 4192              		.loc 1 2609 3 view .LVU1449
2614:Drivers/STM32F1xx_HAL_Driver/Src/stm32f1xx_hal_spi.c **** 
 4193              		.loc 1 2614 1 is_stmt 0 view .LVU1450
 4194 0000 7047     		bx	lr
 4195              		.cfi_endproc
 4196              	.LFE88:
 4198              		.section	.text.SPI_DMAHalfReceiveCplt,"ax",%progbits
 4199              		.align	1
 4200              		.syntax unified
 4201              		.thumb
 4202              		.thumb_func
 4204              	SPI_DMAHalfReceiveCplt:
 4205              	.LVL251:
 4206              	.LFB98:
2993:Drivers/STM32F1xx_HAL_Driver/Src/stm32f1xx_hal_spi.c ****   SPI_HandleTypeDef *hspi = (SPI_HandleTypeDef *)(((DMA_HandleTypeDef *)hdma)->Parent);
 4207              		.loc 1 2993 1 is_stmt 1 view -0
 4208              		.cfi_startproc
 4209              		@ args = 0, pretend = 0, frame = 0
 4210              		@ frame_needed = 0, uses_anonymous_args = 0
2993:Drivers/STM32F1xx_HAL_Driver/Src/stm32f1xx_hal_spi.c ****   SPI_HandleTypeDef *hspi = (SPI_HandleTypeDef *)(((DMA_HandleTypeDef *)hdma)->Parent);
 4211              		.loc 1 2993 1 is_stmt 0 view .LVU1452
 4212 0000 08B5     		push	{r3, lr}
 4213              	.LCFI40:
 4214              		.cfi_def_cfa_offset 8
 4215              		.cfi_offset 3, -8
 4216              		.cfi_offset 14, -4
2994:Drivers/STM32F1xx_HAL_Driver/Src/stm32f1xx_hal_spi.c **** 
 4217              		.loc 1 2994 3 is_stmt 1 view .LVU1453
 4218              	.LVL252:
3000:Drivers/STM32F1xx_HAL_Driver/Src/stm32f1xx_hal_spi.c **** #endif /* USE_HAL_SPI_REGISTER_CALLBACKS */
 4219              		.loc 1 3000 3 view .LVU1454
 4220 0002 406A     		ldr	r0, [r0, #36]
 4221              	.LVL253:
3000:Drivers/STM32F1xx_HAL_Driver/Src/stm32f1xx_hal_spi.c **** #endif /* USE_HAL_SPI_REGISTER_CALLBACKS */
 4222              		.loc 1 3000 3 is_stmt 0 view .LVU1455
 4223 0004 FFF7FEFF 		bl	HAL_SPI_RxHalfCpltCallback
 4224              	.LVL254:
3002:Drivers/STM32F1xx_HAL_Driver/Src/stm32f1xx_hal_spi.c **** 
 4225              		.loc 1 3002 1 view .LVU1456
 4226 0008 08BD     		pop	{r3, pc}
 4227              		.cfi_endproc
ARM GAS  /var/folders/y0/yl1wrqfd209ghqq3s8k8qc1m0000gn/T//ccjYiGlu.s 			page 169


 4228              	.LFE98:
 4230              		.section	.text.HAL_SPI_TxRxHalfCpltCallback,"ax",%progbits
 4231              		.align	1
 4232              		.weak	HAL_SPI_TxRxHalfCpltCallback
 4233              		.syntax unified
 4234              		.thumb
 4235              		.thumb_func
 4237              	HAL_SPI_TxRxHalfCpltCallback:
 4238              	.LVL255:
 4239              	.LFB89:
2623:Drivers/STM32F1xx_HAL_Driver/Src/stm32f1xx_hal_spi.c ****   /* Prevent unused argument(s) compilation warning */
 4240              		.loc 1 2623 1 is_stmt 1 view -0
 4241              		.cfi_startproc
 4242              		@ args = 0, pretend = 0, frame = 0
 4243              		@ frame_needed = 0, uses_anonymous_args = 0
 4244              		@ link register save eliminated.
2625:Drivers/STM32F1xx_HAL_Driver/Src/stm32f1xx_hal_spi.c **** 
 4245              		.loc 1 2625 3 view .LVU1458
2630:Drivers/STM32F1xx_HAL_Driver/Src/stm32f1xx_hal_spi.c **** 
 4246              		.loc 1 2630 1 is_stmt 0 view .LVU1459
 4247 0000 7047     		bx	lr
 4248              		.cfi_endproc
 4249              	.LFE89:
 4251              		.section	.text.SPI_DMAHalfTransmitReceiveCplt,"ax",%progbits
 4252              		.align	1
 4253              		.syntax unified
 4254              		.thumb
 4255              		.thumb_func
 4257              	SPI_DMAHalfTransmitReceiveCplt:
 4258              	.LVL256:
 4259              	.LFB99:
3011:Drivers/STM32F1xx_HAL_Driver/Src/stm32f1xx_hal_spi.c ****   SPI_HandleTypeDef *hspi = (SPI_HandleTypeDef *)(((DMA_HandleTypeDef *)hdma)->Parent);
 4260              		.loc 1 3011 1 is_stmt 1 view -0
 4261              		.cfi_startproc
 4262              		@ args = 0, pretend = 0, frame = 0
 4263              		@ frame_needed = 0, uses_anonymous_args = 0
3011:Drivers/STM32F1xx_HAL_Driver/Src/stm32f1xx_hal_spi.c ****   SPI_HandleTypeDef *hspi = (SPI_HandleTypeDef *)(((DMA_HandleTypeDef *)hdma)->Parent);
 4264              		.loc 1 3011 1 is_stmt 0 view .LVU1461
 4265 0000 08B5     		push	{r3, lr}
 4266              	.LCFI41:
 4267              		.cfi_def_cfa_offset 8
 4268              		.cfi_offset 3, -8
 4269              		.cfi_offset 14, -4
3012:Drivers/STM32F1xx_HAL_Driver/Src/stm32f1xx_hal_spi.c **** 
 4270              		.loc 1 3012 3 is_stmt 1 view .LVU1462
 4271              	.LVL257:
3018:Drivers/STM32F1xx_HAL_Driver/Src/stm32f1xx_hal_spi.c **** #endif /* USE_HAL_SPI_REGISTER_CALLBACKS */
 4272              		.loc 1 3018 3 view .LVU1463
 4273 0002 406A     		ldr	r0, [r0, #36]
 4274              	.LVL258:
3018:Drivers/STM32F1xx_HAL_Driver/Src/stm32f1xx_hal_spi.c **** #endif /* USE_HAL_SPI_REGISTER_CALLBACKS */
 4275              		.loc 1 3018 3 is_stmt 0 view .LVU1464
 4276 0004 FFF7FEFF 		bl	HAL_SPI_TxRxHalfCpltCallback
 4277              	.LVL259:
3020:Drivers/STM32F1xx_HAL_Driver/Src/stm32f1xx_hal_spi.c **** 
 4278              		.loc 1 3020 1 view .LVU1465
 4279 0008 08BD     		pop	{r3, pc}
ARM GAS  /var/folders/y0/yl1wrqfd209ghqq3s8k8qc1m0000gn/T//ccjYiGlu.s 			page 170


 4280              		.cfi_endproc
 4281              	.LFE99:
 4283              		.section	.text.HAL_SPI_ErrorCallback,"ax",%progbits
 4284              		.align	1
 4285              		.weak	HAL_SPI_ErrorCallback
 4286              		.syntax unified
 4287              		.thumb
 4288              		.thumb_func
 4290              	HAL_SPI_ErrorCallback:
 4291              	.LVL260:
 4292              	.LFB90:
2639:Drivers/STM32F1xx_HAL_Driver/Src/stm32f1xx_hal_spi.c ****   /* Prevent unused argument(s) compilation warning */
 4293              		.loc 1 2639 1 is_stmt 1 view -0
 4294              		.cfi_startproc
 4295              		@ args = 0, pretend = 0, frame = 0
 4296              		@ frame_needed = 0, uses_anonymous_args = 0
 4297              		@ link register save eliminated.
2641:Drivers/STM32F1xx_HAL_Driver/Src/stm32f1xx_hal_spi.c **** 
 4298              		.loc 1 2641 3 view .LVU1467
2649:Drivers/STM32F1xx_HAL_Driver/Src/stm32f1xx_hal_spi.c **** 
 4299              		.loc 1 2649 1 is_stmt 0 view .LVU1468
 4300 0000 7047     		bx	lr
 4301              		.cfi_endproc
 4302              	.LFE90:
 4304              		.section	.text.SPI_CloseTx_ISR,"ax",%progbits
 4305              		.align	1
 4306              		.syntax unified
 4307              		.thumb
 4308              		.thumb_func
 4310              	SPI_CloseTx_ISR:
 4311              	.LVL261:
 4312              	.LFB117:
3877:Drivers/STM32F1xx_HAL_Driver/Src/stm32f1xx_hal_spi.c ****   uint32_t tickstart;
 4313              		.loc 1 3877 1 is_stmt 1 view -0
 4314              		.cfi_startproc
 4315              		@ args = 0, pretend = 0, frame = 8
 4316              		@ frame_needed = 0, uses_anonymous_args = 0
3877:Drivers/STM32F1xx_HAL_Driver/Src/stm32f1xx_hal_spi.c ****   uint32_t tickstart;
 4317              		.loc 1 3877 1 is_stmt 0 view .LVU1470
 4318 0000 10B5     		push	{r4, lr}
 4319              	.LCFI42:
 4320              		.cfi_def_cfa_offset 8
 4321              		.cfi_offset 4, -8
 4322              		.cfi_offset 14, -4
 4323 0002 82B0     		sub	sp, sp, #8
 4324              	.LCFI43:
 4325              		.cfi_def_cfa_offset 16
 4326 0004 0446     		mov	r4, r0
3878:Drivers/STM32F1xx_HAL_Driver/Src/stm32f1xx_hal_spi.c ****   __IO uint32_t count = SPI_DEFAULT_TIMEOUT * (SystemCoreClock / 24U / 1000U);
 4327              		.loc 1 3878 3 is_stmt 1 view .LVU1471
3879:Drivers/STM32F1xx_HAL_Driver/Src/stm32f1xx_hal_spi.c **** 
 4328              		.loc 1 3879 3 view .LVU1472
3879:Drivers/STM32F1xx_HAL_Driver/Src/stm32f1xx_hal_spi.c **** 
 4329              		.loc 1 3879 70 is_stmt 0 view .LVU1473
 4330 0006 204B     		ldr	r3, .L300
 4331 0008 1B68     		ldr	r3, [r3]
 4332 000a 204A     		ldr	r2, .L300+4
ARM GAS  /var/folders/y0/yl1wrqfd209ghqq3s8k8qc1m0000gn/T//ccjYiGlu.s 			page 171


 4333 000c A2FB0323 		umull	r2, r3, r2, r3
 4334 0010 5B0A     		lsrs	r3, r3, #9
3879:Drivers/STM32F1xx_HAL_Driver/Src/stm32f1xx_hal_spi.c **** 
 4335              		.loc 1 3879 45 view .LVU1474
 4336 0012 6422     		movs	r2, #100
 4337 0014 02FB03F3 		mul	r3, r2, r3
3879:Drivers/STM32F1xx_HAL_Driver/Src/stm32f1xx_hal_spi.c **** 
 4338              		.loc 1 3879 17 view .LVU1475
 4339 0018 0193     		str	r3, [sp, #4]
3882:Drivers/STM32F1xx_HAL_Driver/Src/stm32f1xx_hal_spi.c **** 
 4340              		.loc 1 3882 3 is_stmt 1 view .LVU1476
3882:Drivers/STM32F1xx_HAL_Driver/Src/stm32f1xx_hal_spi.c **** 
 4341              		.loc 1 3882 15 is_stmt 0 view .LVU1477
 4342 001a FFF7FEFF 		bl	HAL_GetTick
 4343              	.LVL262:
3882:Drivers/STM32F1xx_HAL_Driver/Src/stm32f1xx_hal_spi.c **** 
 4344              		.loc 1 3882 15 view .LVU1478
 4345 001e 0246     		mov	r2, r0
 4346              	.LVL263:
 4347              	.L293:
3885:Drivers/STM32F1xx_HAL_Driver/Src/stm32f1xx_hal_spi.c ****   {
 4348              		.loc 1 3885 3 is_stmt 1 view .LVU1479
3887:Drivers/STM32F1xx_HAL_Driver/Src/stm32f1xx_hal_spi.c ****     {
 4349              		.loc 1 3887 5 view .LVU1480
3887:Drivers/STM32F1xx_HAL_Driver/Src/stm32f1xx_hal_spi.c ****     {
 4350              		.loc 1 3887 15 is_stmt 0 view .LVU1481
 4351 0020 019B     		ldr	r3, [sp, #4]
3887:Drivers/STM32F1xx_HAL_Driver/Src/stm32f1xx_hal_spi.c ****     {
 4352              		.loc 1 3887 8 view .LVU1482
 4353 0022 43B1     		cbz	r3, .L299
3892:Drivers/STM32F1xx_HAL_Driver/Src/stm32f1xx_hal_spi.c ****   } while ((hspi->Instance->SR & SPI_FLAG_TXE) == RESET);
 4354              		.loc 1 3892 5 is_stmt 1 view .LVU1483
3892:Drivers/STM32F1xx_HAL_Driver/Src/stm32f1xx_hal_spi.c ****   } while ((hspi->Instance->SR & SPI_FLAG_TXE) == RESET);
 4355              		.loc 1 3892 10 is_stmt 0 view .LVU1484
 4356 0024 019B     		ldr	r3, [sp, #4]
 4357 0026 013B     		subs	r3, r3, #1
 4358 0028 0193     		str	r3, [sp, #4]
3893:Drivers/STM32F1xx_HAL_Driver/Src/stm32f1xx_hal_spi.c **** 
 4359              		.loc 1 3893 48 is_stmt 1 view .LVU1485
3893:Drivers/STM32F1xx_HAL_Driver/Src/stm32f1xx_hal_spi.c **** 
 4360              		.loc 1 3893 17 is_stmt 0 view .LVU1486
 4361 002a 2368     		ldr	r3, [r4]
3893:Drivers/STM32F1xx_HAL_Driver/Src/stm32f1xx_hal_spi.c **** 
 4362              		.loc 1 3893 27 view .LVU1487
 4363 002c 9B68     		ldr	r3, [r3, #8]
3893:Drivers/STM32F1xx_HAL_Driver/Src/stm32f1xx_hal_spi.c **** 
 4364              		.loc 1 3893 48 view .LVU1488
 4365 002e 13F0020F 		tst	r3, #2
 4366 0032 F5D0     		beq	.L293
 4367 0034 03E0     		b	.L292
 4368              	.L299:
3889:Drivers/STM32F1xx_HAL_Driver/Src/stm32f1xx_hal_spi.c ****       break;
 4369              		.loc 1 3889 7 is_stmt 1 view .LVU1489
 4370 0036 636D     		ldr	r3, [r4, #84]
 4371 0038 43F02003 		orr	r3, r3, #32
 4372 003c 6365     		str	r3, [r4, #84]
3890:Drivers/STM32F1xx_HAL_Driver/Src/stm32f1xx_hal_spi.c ****     }
ARM GAS  /var/folders/y0/yl1wrqfd209ghqq3s8k8qc1m0000gn/T//ccjYiGlu.s 			page 172


 4373              		.loc 1 3890 7 view .LVU1490
 4374              	.L292:
3896:Drivers/STM32F1xx_HAL_Driver/Src/stm32f1xx_hal_spi.c **** 
 4375              		.loc 1 3896 3 view .LVU1491
 4376 003e 2168     		ldr	r1, [r4]
 4377 0040 4B68     		ldr	r3, [r1, #4]
 4378 0042 23F0A003 		bic	r3, r3, #160
 4379 0046 4B60     		str	r3, [r1, #4]
3899:Drivers/STM32F1xx_HAL_Driver/Src/stm32f1xx_hal_spi.c ****   {
 4380              		.loc 1 3899 3 view .LVU1492
3899:Drivers/STM32F1xx_HAL_Driver/Src/stm32f1xx_hal_spi.c ****   {
 4381              		.loc 1 3899 7 is_stmt 0 view .LVU1493
 4382 0048 6421     		movs	r1, #100
 4383 004a 2046     		mov	r0, r4
 4384              	.LVL264:
3899:Drivers/STM32F1xx_HAL_Driver/Src/stm32f1xx_hal_spi.c ****   {
 4385              		.loc 1 3899 7 view .LVU1494
 4386 004c FFF7FEFF 		bl	SPI_EndRxTxTransaction
 4387              	.LVL265:
3899:Drivers/STM32F1xx_HAL_Driver/Src/stm32f1xx_hal_spi.c ****   {
 4388              		.loc 1 3899 6 discriminator 1 view .LVU1495
 4389 0050 18B1     		cbz	r0, .L294
3901:Drivers/STM32F1xx_HAL_Driver/Src/stm32f1xx_hal_spi.c ****   }
 4390              		.loc 1 3901 5 is_stmt 1 view .LVU1496
 4391 0052 636D     		ldr	r3, [r4, #84]
 4392 0054 43F02003 		orr	r3, r3, #32
 4393 0058 6365     		str	r3, [r4, #84]
 4394              	.L294:
3905:Drivers/STM32F1xx_HAL_Driver/Src/stm32f1xx_hal_spi.c ****   {
 4395              		.loc 1 3905 3 view .LVU1497
3905:Drivers/STM32F1xx_HAL_Driver/Src/stm32f1xx_hal_spi.c ****   {
 4396              		.loc 1 3905 17 is_stmt 0 view .LVU1498
 4397 005a A368     		ldr	r3, [r4, #8]
3905:Drivers/STM32F1xx_HAL_Driver/Src/stm32f1xx_hal_spi.c ****   {
 4398              		.loc 1 3905 6 view .LVU1499
 4399 005c 33B9     		cbnz	r3, .L295
3907:Drivers/STM32F1xx_HAL_Driver/Src/stm32f1xx_hal_spi.c ****   }
 4400              		.loc 1 3907 5 is_stmt 1 view .LVU1500
 4401              	.LBB5:
3907:Drivers/STM32F1xx_HAL_Driver/Src/stm32f1xx_hal_spi.c ****   }
 4402              		.loc 1 3907 5 view .LVU1501
 4403 005e 0093     		str	r3, [sp]
3907:Drivers/STM32F1xx_HAL_Driver/Src/stm32f1xx_hal_spi.c ****   }
 4404              		.loc 1 3907 5 view .LVU1502
 4405 0060 2368     		ldr	r3, [r4]
 4406 0062 DA68     		ldr	r2, [r3, #12]
 4407 0064 0092     		str	r2, [sp]
3907:Drivers/STM32F1xx_HAL_Driver/Src/stm32f1xx_hal_spi.c ****   }
 4408              		.loc 1 3907 5 view .LVU1503
 4409 0066 9B68     		ldr	r3, [r3, #8]
 4410 0068 0093     		str	r3, [sp]
3907:Drivers/STM32F1xx_HAL_Driver/Src/stm32f1xx_hal_spi.c ****   }
 4411              		.loc 1 3907 5 view .LVU1504
 4412 006a 009B     		ldr	r3, [sp]
 4413              	.L295:
 4414              	.LBE5:
3907:Drivers/STM32F1xx_HAL_Driver/Src/stm32f1xx_hal_spi.c ****   }
ARM GAS  /var/folders/y0/yl1wrqfd209ghqq3s8k8qc1m0000gn/T//ccjYiGlu.s 			page 173


 4415              		.loc 1 3907 5 view .LVU1505
3910:Drivers/STM32F1xx_HAL_Driver/Src/stm32f1xx_hal_spi.c ****   if (hspi->ErrorCode != HAL_SPI_ERROR_NONE)
 4416              		.loc 1 3910 3 view .LVU1506
3910:Drivers/STM32F1xx_HAL_Driver/Src/stm32f1xx_hal_spi.c ****   if (hspi->ErrorCode != HAL_SPI_ERROR_NONE)
 4417              		.loc 1 3910 15 is_stmt 0 view .LVU1507
 4418 006c 0123     		movs	r3, #1
 4419 006e 84F85130 		strb	r3, [r4, #81]
3911:Drivers/STM32F1xx_HAL_Driver/Src/stm32f1xx_hal_spi.c ****   {
 4420              		.loc 1 3911 3 is_stmt 1 view .LVU1508
3911:Drivers/STM32F1xx_HAL_Driver/Src/stm32f1xx_hal_spi.c ****   {
 4421              		.loc 1 3911 11 is_stmt 0 view .LVU1509
 4422 0072 636D     		ldr	r3, [r4, #84]
3911:Drivers/STM32F1xx_HAL_Driver/Src/stm32f1xx_hal_spi.c ****   {
 4423              		.loc 1 3911 6 view .LVU1510
 4424 0074 23B1     		cbz	r3, .L296
3917:Drivers/STM32F1xx_HAL_Driver/Src/stm32f1xx_hal_spi.c **** #endif /* USE_HAL_SPI_REGISTER_CALLBACKS */
 4425              		.loc 1 3917 5 is_stmt 1 view .LVU1511
 4426 0076 2046     		mov	r0, r4
 4427 0078 FFF7FEFF 		bl	HAL_SPI_ErrorCallback
 4428              	.LVL266:
 4429              	.L290:
3929:Drivers/STM32F1xx_HAL_Driver/Src/stm32f1xx_hal_spi.c **** 
 4430              		.loc 1 3929 1 is_stmt 0 view .LVU1512
 4431 007c 02B0     		add	sp, sp, #8
 4432              	.LCFI44:
 4433              		.cfi_remember_state
 4434              		.cfi_def_cfa_offset 8
 4435              		@ sp needed
 4436 007e 10BD     		pop	{r4, pc}
 4437              	.LVL267:
 4438              	.L296:
 4439              	.LCFI45:
 4440              		.cfi_restore_state
3926:Drivers/STM32F1xx_HAL_Driver/Src/stm32f1xx_hal_spi.c **** #endif /* USE_HAL_SPI_REGISTER_CALLBACKS */
 4441              		.loc 1 3926 5 is_stmt 1 view .LVU1513
 4442 0080 2046     		mov	r0, r4
 4443 0082 FFF7FEFF 		bl	HAL_SPI_TxCpltCallback
 4444              	.LVL268:
3929:Drivers/STM32F1xx_HAL_Driver/Src/stm32f1xx_hal_spi.c **** 
 4445              		.loc 1 3929 1 is_stmt 0 view .LVU1514
 4446 0086 F9E7     		b	.L290
 4447              	.L301:
 4448              		.align	2
 4449              	.L300:
 4450 0088 00000000 		.word	SystemCoreClock
 4451 008c F1197605 		.word	91625969
 4452              		.cfi_endproc
 4453              	.LFE117:
 4455              		.section	.text.SPI_TxISR_8BIT,"ax",%progbits
 4456              		.align	1
 4457              		.syntax unified
 4458              		.thumb
 4459              		.thumb_func
 4461              	SPI_TxISR_8BIT:
 4462              	.LVL269:
 4463              	.LFB110:
3514:Drivers/STM32F1xx_HAL_Driver/Src/stm32f1xx_hal_spi.c ****   *(__IO uint8_t *)&hspi->Instance->DR = *((const uint8_t *)hspi->pTxBuffPtr);
ARM GAS  /var/folders/y0/yl1wrqfd209ghqq3s8k8qc1m0000gn/T//ccjYiGlu.s 			page 174


 4464              		.loc 1 3514 1 is_stmt 1 view -0
 4465              		.cfi_startproc
 4466              		@ args = 0, pretend = 0, frame = 0
 4467              		@ frame_needed = 0, uses_anonymous_args = 0
3514:Drivers/STM32F1xx_HAL_Driver/Src/stm32f1xx_hal_spi.c ****   *(__IO uint8_t *)&hspi->Instance->DR = *((const uint8_t *)hspi->pTxBuffPtr);
 4468              		.loc 1 3514 1 is_stmt 0 view .LVU1516
 4469 0000 08B5     		push	{r3, lr}
 4470              	.LCFI46:
 4471              		.cfi_def_cfa_offset 8
 4472              		.cfi_offset 3, -8
 4473              		.cfi_offset 14, -4
3515:Drivers/STM32F1xx_HAL_Driver/Src/stm32f1xx_hal_spi.c ****   hspi->pTxBuffPtr++;
 4474              		.loc 1 3515 3 is_stmt 1 view .LVU1517
3515:Drivers/STM32F1xx_HAL_Driver/Src/stm32f1xx_hal_spi.c ****   hspi->pTxBuffPtr++;
 4475              		.loc 1 3515 65 is_stmt 0 view .LVU1518
 4476 0002 026B     		ldr	r2, [r0, #48]
3515:Drivers/STM32F1xx_HAL_Driver/Src/stm32f1xx_hal_spi.c ****   hspi->pTxBuffPtr++;
 4477              		.loc 1 3515 25 view .LVU1519
 4478 0004 0368     		ldr	r3, [r0]
3515:Drivers/STM32F1xx_HAL_Driver/Src/stm32f1xx_hal_spi.c ****   hspi->pTxBuffPtr++;
 4479              		.loc 1 3515 42 view .LVU1520
 4480 0006 1278     		ldrb	r2, [r2]	@ zero_extendqisi2
3515:Drivers/STM32F1xx_HAL_Driver/Src/stm32f1xx_hal_spi.c ****   hspi->pTxBuffPtr++;
 4481              		.loc 1 3515 40 view .LVU1521
 4482 0008 1A73     		strb	r2, [r3, #12]
3516:Drivers/STM32F1xx_HAL_Driver/Src/stm32f1xx_hal_spi.c ****   hspi->TxXferCount--;
 4483              		.loc 1 3516 3 is_stmt 1 view .LVU1522
3516:Drivers/STM32F1xx_HAL_Driver/Src/stm32f1xx_hal_spi.c ****   hspi->TxXferCount--;
 4484              		.loc 1 3516 7 is_stmt 0 view .LVU1523
 4485 000a 036B     		ldr	r3, [r0, #48]
3516:Drivers/STM32F1xx_HAL_Driver/Src/stm32f1xx_hal_spi.c ****   hspi->TxXferCount--;
 4486              		.loc 1 3516 19 view .LVU1524
 4487 000c 0133     		adds	r3, r3, #1
 4488 000e 0363     		str	r3, [r0, #48]
3517:Drivers/STM32F1xx_HAL_Driver/Src/stm32f1xx_hal_spi.c **** 
 4489              		.loc 1 3517 3 is_stmt 1 view .LVU1525
3517:Drivers/STM32F1xx_HAL_Driver/Src/stm32f1xx_hal_spi.c **** 
 4490              		.loc 1 3517 7 is_stmt 0 view .LVU1526
 4491 0010 C38E     		ldrh	r3, [r0, #54]
 4492 0012 9BB2     		uxth	r3, r3
3517:Drivers/STM32F1xx_HAL_Driver/Src/stm32f1xx_hal_spi.c **** 
 4493              		.loc 1 3517 20 view .LVU1527
 4494 0014 013B     		subs	r3, r3, #1
 4495 0016 9BB2     		uxth	r3, r3
 4496 0018 C386     		strh	r3, [r0, #54]	@ movhi
3519:Drivers/STM32F1xx_HAL_Driver/Src/stm32f1xx_hal_spi.c ****   {
 4497              		.loc 1 3519 3 is_stmt 1 view .LVU1528
3519:Drivers/STM32F1xx_HAL_Driver/Src/stm32f1xx_hal_spi.c ****   {
 4498              		.loc 1 3519 11 is_stmt 0 view .LVU1529
 4499 001a C38E     		ldrh	r3, [r0, #54]
 4500 001c 9BB2     		uxth	r3, r3
3519:Drivers/STM32F1xx_HAL_Driver/Src/stm32f1xx_hal_spi.c ****   {
 4501              		.loc 1 3519 6 view .LVU1530
 4502 001e 03B1     		cbz	r3, .L305
 4503              	.LVL270:
 4504              	.L302:
3530:Drivers/STM32F1xx_HAL_Driver/Src/stm32f1xx_hal_spi.c **** 
ARM GAS  /var/folders/y0/yl1wrqfd209ghqq3s8k8qc1m0000gn/T//ccjYiGlu.s 			page 175


 4505              		.loc 1 3530 1 view .LVU1531
 4506 0020 08BD     		pop	{r3, pc}
 4507              	.LVL271:
 4508              	.L305:
3528:Drivers/STM32F1xx_HAL_Driver/Src/stm32f1xx_hal_spi.c ****   }
 4509              		.loc 1 3528 5 is_stmt 1 view .LVU1532
 4510 0022 FFF7FEFF 		bl	SPI_CloseTx_ISR
 4511              	.LVL272:
3530:Drivers/STM32F1xx_HAL_Driver/Src/stm32f1xx_hal_spi.c **** 
 4512              		.loc 1 3530 1 is_stmt 0 view .LVU1533
 4513 0026 FBE7     		b	.L302
 4514              		.cfi_endproc
 4515              	.LFE110:
 4517              		.section	.text.SPI_TxISR_16BIT,"ax",%progbits
 4518              		.align	1
 4519              		.syntax unified
 4520              		.thumb
 4521              		.thumb_func
 4523              	SPI_TxISR_16BIT:
 4524              	.LVL273:
 4525              	.LFB111:
3539:Drivers/STM32F1xx_HAL_Driver/Src/stm32f1xx_hal_spi.c ****   /* Transmit data in 16 Bit mode */
 4526              		.loc 1 3539 1 is_stmt 1 view -0
 4527              		.cfi_startproc
 4528              		@ args = 0, pretend = 0, frame = 0
 4529              		@ frame_needed = 0, uses_anonymous_args = 0
3539:Drivers/STM32F1xx_HAL_Driver/Src/stm32f1xx_hal_spi.c ****   /* Transmit data in 16 Bit mode */
 4530              		.loc 1 3539 1 is_stmt 0 view .LVU1535
 4531 0000 08B5     		push	{r3, lr}
 4532              	.LCFI47:
 4533              		.cfi_def_cfa_offset 8
 4534              		.cfi_offset 3, -8
 4535              		.cfi_offset 14, -4
3541:Drivers/STM32F1xx_HAL_Driver/Src/stm32f1xx_hal_spi.c ****   hspi->pTxBuffPtr += sizeof(uint16_t);
 4536              		.loc 1 3541 3 is_stmt 1 view .LVU1536
3541:Drivers/STM32F1xx_HAL_Driver/Src/stm32f1xx_hal_spi.c ****   hspi->pTxBuffPtr += sizeof(uint16_t);
 4537              		.loc 1 3541 48 is_stmt 0 view .LVU1537
 4538 0002 026B     		ldr	r2, [r0, #48]
3541:Drivers/STM32F1xx_HAL_Driver/Src/stm32f1xx_hal_spi.c ****   hspi->pTxBuffPtr += sizeof(uint16_t);
 4539              		.loc 1 3541 7 view .LVU1538
 4540 0004 0368     		ldr	r3, [r0]
3541:Drivers/STM32F1xx_HAL_Driver/Src/stm32f1xx_hal_spi.c ****   hspi->pTxBuffPtr += sizeof(uint16_t);
 4541              		.loc 1 3541 24 view .LVU1539
 4542 0006 1288     		ldrh	r2, [r2]
3541:Drivers/STM32F1xx_HAL_Driver/Src/stm32f1xx_hal_spi.c ****   hspi->pTxBuffPtr += sizeof(uint16_t);
 4543              		.loc 1 3541 22 view .LVU1540
 4544 0008 DA60     		str	r2, [r3, #12]
3542:Drivers/STM32F1xx_HAL_Driver/Src/stm32f1xx_hal_spi.c ****   hspi->TxXferCount--;
 4545              		.loc 1 3542 3 is_stmt 1 view .LVU1541
3542:Drivers/STM32F1xx_HAL_Driver/Src/stm32f1xx_hal_spi.c ****   hspi->TxXferCount--;
 4546              		.loc 1 3542 7 is_stmt 0 view .LVU1542
 4547 000a 036B     		ldr	r3, [r0, #48]
3542:Drivers/STM32F1xx_HAL_Driver/Src/stm32f1xx_hal_spi.c ****   hspi->TxXferCount--;
 4548              		.loc 1 3542 20 view .LVU1543
 4549 000c 0233     		adds	r3, r3, #2
 4550 000e 0363     		str	r3, [r0, #48]
3543:Drivers/STM32F1xx_HAL_Driver/Src/stm32f1xx_hal_spi.c **** 
ARM GAS  /var/folders/y0/yl1wrqfd209ghqq3s8k8qc1m0000gn/T//ccjYiGlu.s 			page 176


 4551              		.loc 1 3543 3 is_stmt 1 view .LVU1544
3543:Drivers/STM32F1xx_HAL_Driver/Src/stm32f1xx_hal_spi.c **** 
 4552              		.loc 1 3543 7 is_stmt 0 view .LVU1545
 4553 0010 C38E     		ldrh	r3, [r0, #54]
 4554 0012 9BB2     		uxth	r3, r3
3543:Drivers/STM32F1xx_HAL_Driver/Src/stm32f1xx_hal_spi.c **** 
 4555              		.loc 1 3543 20 view .LVU1546
 4556 0014 013B     		subs	r3, r3, #1
 4557 0016 9BB2     		uxth	r3, r3
 4558 0018 C386     		strh	r3, [r0, #54]	@ movhi
3545:Drivers/STM32F1xx_HAL_Driver/Src/stm32f1xx_hal_spi.c ****   {
 4559              		.loc 1 3545 3 is_stmt 1 view .LVU1547
3545:Drivers/STM32F1xx_HAL_Driver/Src/stm32f1xx_hal_spi.c ****   {
 4560              		.loc 1 3545 11 is_stmt 0 view .LVU1548
 4561 001a C38E     		ldrh	r3, [r0, #54]
 4562 001c 9BB2     		uxth	r3, r3
3545:Drivers/STM32F1xx_HAL_Driver/Src/stm32f1xx_hal_spi.c ****   {
 4563              		.loc 1 3545 6 view .LVU1549
 4564 001e 03B1     		cbz	r3, .L309
 4565              	.LVL274:
 4566              	.L306:
3556:Drivers/STM32F1xx_HAL_Driver/Src/stm32f1xx_hal_spi.c **** 
 4567              		.loc 1 3556 1 view .LVU1550
 4568 0020 08BD     		pop	{r3, pc}
 4569              	.LVL275:
 4570              	.L309:
3554:Drivers/STM32F1xx_HAL_Driver/Src/stm32f1xx_hal_spi.c ****   }
 4571              		.loc 1 3554 5 is_stmt 1 view .LVU1551
 4572 0022 FFF7FEFF 		bl	SPI_CloseTx_ISR
 4573              	.LVL276:
3556:Drivers/STM32F1xx_HAL_Driver/Src/stm32f1xx_hal_spi.c **** 
 4574              		.loc 1 3556 1 is_stmt 0 view .LVU1552
 4575 0026 FBE7     		b	.L306
 4576              		.cfi_endproc
 4577              	.LFE111:
 4579              		.section	.text.SPI_CloseRx_ISR,"ax",%progbits
 4580              		.align	1
 4581              		.syntax unified
 4582              		.thumb
 4583              		.thumb_func
 4585              	SPI_CloseRx_ISR:
 4586              	.LVL277:
 4587              	.LFB116:
3803:Drivers/STM32F1xx_HAL_Driver/Src/stm32f1xx_hal_spi.c ****   /* Disable RXNE and ERR interrupt */
 4588              		.loc 1 3803 1 is_stmt 1 view -0
 4589              		.cfi_startproc
 4590              		@ args = 0, pretend = 0, frame = 8
 4591              		@ frame_needed = 0, uses_anonymous_args = 0
3803:Drivers/STM32F1xx_HAL_Driver/Src/stm32f1xx_hal_spi.c ****   /* Disable RXNE and ERR interrupt */
 4592              		.loc 1 3803 1 is_stmt 0 view .LVU1554
 4593 0000 10B5     		push	{r4, lr}
 4594              	.LCFI48:
 4595              		.cfi_def_cfa_offset 8
 4596              		.cfi_offset 4, -8
 4597              		.cfi_offset 14, -4
 4598 0002 82B0     		sub	sp, sp, #8
 4599              	.LCFI49:
ARM GAS  /var/folders/y0/yl1wrqfd209ghqq3s8k8qc1m0000gn/T//ccjYiGlu.s 			page 177


 4600              		.cfi_def_cfa_offset 16
 4601 0004 0446     		mov	r4, r0
3805:Drivers/STM32F1xx_HAL_Driver/Src/stm32f1xx_hal_spi.c **** 
 4602              		.loc 1 3805 3 is_stmt 1 view .LVU1555
 4603 0006 0268     		ldr	r2, [r0]
 4604 0008 5368     		ldr	r3, [r2, #4]
 4605 000a 23F06003 		bic	r3, r3, #96
 4606 000e 5360     		str	r3, [r2, #4]
3808:Drivers/STM32F1xx_HAL_Driver/Src/stm32f1xx_hal_spi.c ****   {
 4607              		.loc 1 3808 3 view .LVU1556
3808:Drivers/STM32F1xx_HAL_Driver/Src/stm32f1xx_hal_spi.c ****   {
 4608              		.loc 1 3808 7 is_stmt 0 view .LVU1557
 4609 0010 FFF7FEFF 		bl	HAL_GetTick
 4610              	.LVL278:
3808:Drivers/STM32F1xx_HAL_Driver/Src/stm32f1xx_hal_spi.c ****   {
 4611              		.loc 1 3808 7 view .LVU1558
 4612 0014 0246     		mov	r2, r0
3808:Drivers/STM32F1xx_HAL_Driver/Src/stm32f1xx_hal_spi.c ****   {
 4613              		.loc 1 3808 7 discriminator 1 view .LVU1559
 4614 0016 6421     		movs	r1, #100
 4615 0018 2046     		mov	r0, r4
 4616 001a FFF7FEFF 		bl	SPI_EndRxTransaction
 4617              	.LVL279:
3808:Drivers/STM32F1xx_HAL_Driver/Src/stm32f1xx_hal_spi.c ****   {
 4618              		.loc 1 3808 6 discriminator 2 view .LVU1560
 4619 001e 18B1     		cbz	r0, .L311
3810:Drivers/STM32F1xx_HAL_Driver/Src/stm32f1xx_hal_spi.c ****   }
 4620              		.loc 1 3810 5 is_stmt 1 view .LVU1561
 4621 0020 636D     		ldr	r3, [r4, #84]
 4622 0022 43F02003 		orr	r3, r3, #32
 4623 0026 6365     		str	r3, [r4, #84]
 4624              	.L311:
3814:Drivers/STM32F1xx_HAL_Driver/Src/stm32f1xx_hal_spi.c ****   {
 4625              		.loc 1 3814 3 view .LVU1562
3814:Drivers/STM32F1xx_HAL_Driver/Src/stm32f1xx_hal_spi.c ****   {
 4626              		.loc 1 3814 17 is_stmt 0 view .LVU1563
 4627 0028 A368     		ldr	r3, [r4, #8]
3814:Drivers/STM32F1xx_HAL_Driver/Src/stm32f1xx_hal_spi.c ****   {
 4628              		.loc 1 3814 6 view .LVU1564
 4629 002a 33B9     		cbnz	r3, .L312
3816:Drivers/STM32F1xx_HAL_Driver/Src/stm32f1xx_hal_spi.c ****   }
 4630              		.loc 1 3816 5 is_stmt 1 view .LVU1565
 4631              	.LBB6:
3816:Drivers/STM32F1xx_HAL_Driver/Src/stm32f1xx_hal_spi.c ****   }
 4632              		.loc 1 3816 5 view .LVU1566
 4633 002c 0193     		str	r3, [sp, #4]
3816:Drivers/STM32F1xx_HAL_Driver/Src/stm32f1xx_hal_spi.c ****   }
 4634              		.loc 1 3816 5 view .LVU1567
 4635 002e 2368     		ldr	r3, [r4]
 4636 0030 DA68     		ldr	r2, [r3, #12]
 4637 0032 0192     		str	r2, [sp, #4]
3816:Drivers/STM32F1xx_HAL_Driver/Src/stm32f1xx_hal_spi.c ****   }
 4638              		.loc 1 3816 5 view .LVU1568
 4639 0034 9B68     		ldr	r3, [r3, #8]
 4640 0036 0193     		str	r3, [sp, #4]
3816:Drivers/STM32F1xx_HAL_Driver/Src/stm32f1xx_hal_spi.c ****   }
 4641              		.loc 1 3816 5 view .LVU1569
ARM GAS  /var/folders/y0/yl1wrqfd209ghqq3s8k8qc1m0000gn/T//ccjYiGlu.s 			page 178


 4642 0038 019B     		ldr	r3, [sp, #4]
 4643              	.L312:
 4644              	.LBE6:
3816:Drivers/STM32F1xx_HAL_Driver/Src/stm32f1xx_hal_spi.c ****   }
 4645              		.loc 1 3816 5 view .LVU1570
3818:Drivers/STM32F1xx_HAL_Driver/Src/stm32f1xx_hal_spi.c **** 
 4646              		.loc 1 3818 3 view .LVU1571
3818:Drivers/STM32F1xx_HAL_Driver/Src/stm32f1xx_hal_spi.c **** 
 4647              		.loc 1 3818 15 is_stmt 0 view .LVU1572
 4648 003a 0123     		movs	r3, #1
 4649 003c 84F85130 		strb	r3, [r4, #81]
3847:Drivers/STM32F1xx_HAL_Driver/Src/stm32f1xx_hal_spi.c ****     {
 4650              		.loc 1 3847 5 is_stmt 1 view .LVU1573
3847:Drivers/STM32F1xx_HAL_Driver/Src/stm32f1xx_hal_spi.c ****     {
 4651              		.loc 1 3847 13 is_stmt 0 view .LVU1574
 4652 0040 636D     		ldr	r3, [r4, #84]
3847:Drivers/STM32F1xx_HAL_Driver/Src/stm32f1xx_hal_spi.c ****     {
 4653              		.loc 1 3847 8 view .LVU1575
 4654 0042 23B9     		cbnz	r3, .L313
3853:Drivers/STM32F1xx_HAL_Driver/Src/stm32f1xx_hal_spi.c **** #endif /* USE_HAL_SPI_REGISTER_CALLBACKS */
 4655              		.loc 1 3853 7 is_stmt 1 view .LVU1576
 4656 0044 2046     		mov	r0, r4
 4657 0046 FFF7FEFF 		bl	HAL_SPI_RxCpltCallback
 4658              	.LVL280:
 4659              	.L310:
3868:Drivers/STM32F1xx_HAL_Driver/Src/stm32f1xx_hal_spi.c **** 
 4660              		.loc 1 3868 1 is_stmt 0 view .LVU1577
 4661 004a 02B0     		add	sp, sp, #8
 4662              	.LCFI50:
 4663              		.cfi_remember_state
 4664              		.cfi_def_cfa_offset 8
 4665              		@ sp needed
 4666 004c 10BD     		pop	{r4, pc}
 4667              	.LVL281:
 4668              	.L313:
 4669              	.LCFI51:
 4670              		.cfi_restore_state
3862:Drivers/STM32F1xx_HAL_Driver/Src/stm32f1xx_hal_spi.c **** #endif /* USE_HAL_SPI_REGISTER_CALLBACKS */
 4671              		.loc 1 3862 7 is_stmt 1 view .LVU1578
 4672 004e 2046     		mov	r0, r4
 4673 0050 FFF7FEFF 		bl	HAL_SPI_ErrorCallback
 4674              	.LVL282:
3868:Drivers/STM32F1xx_HAL_Driver/Src/stm32f1xx_hal_spi.c **** 
 4675              		.loc 1 3868 1 is_stmt 0 view .LVU1579
 4676 0054 F9E7     		b	.L310
 4677              		.cfi_endproc
 4678              	.LFE116:
 4680              		.section	.text.SPI_RxISR_8BIT,"ax",%progbits
 4681              		.align	1
 4682              		.syntax unified
 4683              		.thumb
 4684              		.thumb_func
 4686              	SPI_RxISR_8BIT:
 4687              	.LVL283:
 4688              	.LFB108:
3411:Drivers/STM32F1xx_HAL_Driver/Src/stm32f1xx_hal_spi.c ****   *hspi->pRxBuffPtr = (*(__IO uint8_t *)&hspi->Instance->DR);
 4689              		.loc 1 3411 1 is_stmt 1 view -0
ARM GAS  /var/folders/y0/yl1wrqfd209ghqq3s8k8qc1m0000gn/T//ccjYiGlu.s 			page 179


 4690              		.cfi_startproc
 4691              		@ args = 0, pretend = 0, frame = 0
 4692              		@ frame_needed = 0, uses_anonymous_args = 0
3411:Drivers/STM32F1xx_HAL_Driver/Src/stm32f1xx_hal_spi.c ****   *hspi->pRxBuffPtr = (*(__IO uint8_t *)&hspi->Instance->DR);
 4693              		.loc 1 3411 1 is_stmt 0 view .LVU1581
 4694 0000 08B5     		push	{r3, lr}
 4695              	.LCFI52:
 4696              		.cfi_def_cfa_offset 8
 4697              		.cfi_offset 3, -8
 4698              		.cfi_offset 14, -4
3412:Drivers/STM32F1xx_HAL_Driver/Src/stm32f1xx_hal_spi.c ****   hspi->pRxBuffPtr++;
 4699              		.loc 1 3412 3 is_stmt 1 view .LVU1582
3412:Drivers/STM32F1xx_HAL_Driver/Src/stm32f1xx_hal_spi.c ****   hspi->pRxBuffPtr++;
 4700              		.loc 1 3412 46 is_stmt 0 view .LVU1583
 4701 0002 0268     		ldr	r2, [r0]
3412:Drivers/STM32F1xx_HAL_Driver/Src/stm32f1xx_hal_spi.c ****   hspi->pRxBuffPtr++;
 4702              		.loc 1 3412 8 view .LVU1584
 4703 0004 836B     		ldr	r3, [r0, #56]
3412:Drivers/STM32F1xx_HAL_Driver/Src/stm32f1xx_hal_spi.c ****   hspi->pRxBuffPtr++;
 4704              		.loc 1 3412 24 view .LVU1585
 4705 0006 127B     		ldrb	r2, [r2, #12]	@ zero_extendqisi2
3412:Drivers/STM32F1xx_HAL_Driver/Src/stm32f1xx_hal_spi.c ****   hspi->pRxBuffPtr++;
 4706              		.loc 1 3412 21 view .LVU1586
 4707 0008 1A70     		strb	r2, [r3]
3413:Drivers/STM32F1xx_HAL_Driver/Src/stm32f1xx_hal_spi.c ****   hspi->RxXferCount--;
 4708              		.loc 1 3413 3 is_stmt 1 view .LVU1587
3413:Drivers/STM32F1xx_HAL_Driver/Src/stm32f1xx_hal_spi.c ****   hspi->RxXferCount--;
 4709              		.loc 1 3413 7 is_stmt 0 view .LVU1588
 4710 000a 836B     		ldr	r3, [r0, #56]
3413:Drivers/STM32F1xx_HAL_Driver/Src/stm32f1xx_hal_spi.c ****   hspi->RxXferCount--;
 4711              		.loc 1 3413 19 view .LVU1589
 4712 000c 0133     		adds	r3, r3, #1
 4713 000e 8363     		str	r3, [r0, #56]
3414:Drivers/STM32F1xx_HAL_Driver/Src/stm32f1xx_hal_spi.c **** 
 4714              		.loc 1 3414 3 is_stmt 1 view .LVU1590
3414:Drivers/STM32F1xx_HAL_Driver/Src/stm32f1xx_hal_spi.c **** 
 4715              		.loc 1 3414 7 is_stmt 0 view .LVU1591
 4716 0010 C38F     		ldrh	r3, [r0, #62]
 4717 0012 9BB2     		uxth	r3, r3
3414:Drivers/STM32F1xx_HAL_Driver/Src/stm32f1xx_hal_spi.c **** 
 4718              		.loc 1 3414 20 view .LVU1592
 4719 0014 013B     		subs	r3, r3, #1
 4720 0016 9BB2     		uxth	r3, r3
 4721 0018 C387     		strh	r3, [r0, #62]	@ movhi
3431:Drivers/STM32F1xx_HAL_Driver/Src/stm32f1xx_hal_spi.c ****   {
 4722              		.loc 1 3431 3 is_stmt 1 view .LVU1593
3431:Drivers/STM32F1xx_HAL_Driver/Src/stm32f1xx_hal_spi.c ****   {
 4723              		.loc 1 3431 11 is_stmt 0 view .LVU1594
 4724 001a C38F     		ldrh	r3, [r0, #62]
 4725 001c 9BB2     		uxth	r3, r3
3431:Drivers/STM32F1xx_HAL_Driver/Src/stm32f1xx_hal_spi.c ****   {
 4726              		.loc 1 3431 6 view .LVU1595
 4727 001e 03B1     		cbz	r3, .L319
 4728              	.LVL284:
 4729              	.L316:
3442:Drivers/STM32F1xx_HAL_Driver/Src/stm32f1xx_hal_spi.c **** 
 4730              		.loc 1 3442 1 view .LVU1596
ARM GAS  /var/folders/y0/yl1wrqfd209ghqq3s8k8qc1m0000gn/T//ccjYiGlu.s 			page 180


 4731 0020 08BD     		pop	{r3, pc}
 4732              	.LVL285:
 4733              	.L319:
3440:Drivers/STM32F1xx_HAL_Driver/Src/stm32f1xx_hal_spi.c ****   }
 4734              		.loc 1 3440 5 is_stmt 1 view .LVU1597
 4735 0022 FFF7FEFF 		bl	SPI_CloseRx_ISR
 4736              	.LVL286:
3442:Drivers/STM32F1xx_HAL_Driver/Src/stm32f1xx_hal_spi.c **** 
 4737              		.loc 1 3442 1 is_stmt 0 view .LVU1598
 4738 0026 FBE7     		b	.L316
 4739              		.cfi_endproc
 4740              	.LFE108:
 4742              		.section	.text.SPI_RxISR_16BIT,"ax",%progbits
 4743              		.align	1
 4744              		.syntax unified
 4745              		.thumb
 4746              		.thumb_func
 4748              	SPI_RxISR_16BIT:
 4749              	.LVL287:
 4750              	.LFB109:
3474:Drivers/STM32F1xx_HAL_Driver/Src/stm32f1xx_hal_spi.c ****   *((uint16_t *)hspi->pRxBuffPtr) = (uint16_t)(hspi->Instance->DR);
 4751              		.loc 1 3474 1 is_stmt 1 view -0
 4752              		.cfi_startproc
 4753              		@ args = 0, pretend = 0, frame = 0
 4754              		@ frame_needed = 0, uses_anonymous_args = 0
3474:Drivers/STM32F1xx_HAL_Driver/Src/stm32f1xx_hal_spi.c ****   *((uint16_t *)hspi->pRxBuffPtr) = (uint16_t)(hspi->Instance->DR);
 4755              		.loc 1 3474 1 is_stmt 0 view .LVU1600
 4756 0000 08B5     		push	{r3, lr}
 4757              	.LCFI53:
 4758              		.cfi_def_cfa_offset 8
 4759              		.cfi_offset 3, -8
 4760              		.cfi_offset 14, -4
3475:Drivers/STM32F1xx_HAL_Driver/Src/stm32f1xx_hal_spi.c ****   hspi->pRxBuffPtr += sizeof(uint16_t);
 4761              		.loc 1 3475 3 is_stmt 1 view .LVU1601
3475:Drivers/STM32F1xx_HAL_Driver/Src/stm32f1xx_hal_spi.c ****   hspi->pRxBuffPtr += sizeof(uint16_t);
 4762              		.loc 1 3475 52 is_stmt 0 view .LVU1602
 4763 0002 0368     		ldr	r3, [r0]
3475:Drivers/STM32F1xx_HAL_Driver/Src/stm32f1xx_hal_spi.c ****   hspi->pRxBuffPtr += sizeof(uint16_t);
 4764              		.loc 1 3475 62 view .LVU1603
 4765 0004 DA68     		ldr	r2, [r3, #12]
3475:Drivers/STM32F1xx_HAL_Driver/Src/stm32f1xx_hal_spi.c ****   hspi->pRxBuffPtr += sizeof(uint16_t);
 4766              		.loc 1 3475 21 view .LVU1604
 4767 0006 836B     		ldr	r3, [r0, #56]
3475:Drivers/STM32F1xx_HAL_Driver/Src/stm32f1xx_hal_spi.c ****   hspi->pRxBuffPtr += sizeof(uint16_t);
 4768              		.loc 1 3475 35 view .LVU1605
 4769 0008 1A80     		strh	r2, [r3]	@ movhi
3476:Drivers/STM32F1xx_HAL_Driver/Src/stm32f1xx_hal_spi.c ****   hspi->RxXferCount--;
 4770              		.loc 1 3476 3 is_stmt 1 view .LVU1606
3476:Drivers/STM32F1xx_HAL_Driver/Src/stm32f1xx_hal_spi.c ****   hspi->RxXferCount--;
 4771              		.loc 1 3476 7 is_stmt 0 view .LVU1607
 4772 000a 836B     		ldr	r3, [r0, #56]
3476:Drivers/STM32F1xx_HAL_Driver/Src/stm32f1xx_hal_spi.c ****   hspi->RxXferCount--;
 4773              		.loc 1 3476 20 view .LVU1608
 4774 000c 0233     		adds	r3, r3, #2
 4775 000e 8363     		str	r3, [r0, #56]
3477:Drivers/STM32F1xx_HAL_Driver/Src/stm32f1xx_hal_spi.c **** 
 4776              		.loc 1 3477 3 is_stmt 1 view .LVU1609
ARM GAS  /var/folders/y0/yl1wrqfd209ghqq3s8k8qc1m0000gn/T//ccjYiGlu.s 			page 181


3477:Drivers/STM32F1xx_HAL_Driver/Src/stm32f1xx_hal_spi.c **** 
 4777              		.loc 1 3477 7 is_stmt 0 view .LVU1610
 4778 0010 C38F     		ldrh	r3, [r0, #62]
 4779 0012 9BB2     		uxth	r3, r3
3477:Drivers/STM32F1xx_HAL_Driver/Src/stm32f1xx_hal_spi.c **** 
 4780              		.loc 1 3477 20 view .LVU1611
 4781 0014 013B     		subs	r3, r3, #1
 4782 0016 9BB2     		uxth	r3, r3
 4783 0018 C387     		strh	r3, [r0, #62]	@ movhi
3494:Drivers/STM32F1xx_HAL_Driver/Src/stm32f1xx_hal_spi.c ****   {
 4784              		.loc 1 3494 3 is_stmt 1 view .LVU1612
3494:Drivers/STM32F1xx_HAL_Driver/Src/stm32f1xx_hal_spi.c ****   {
 4785              		.loc 1 3494 11 is_stmt 0 view .LVU1613
 4786 001a C38F     		ldrh	r3, [r0, #62]
 4787 001c 9BB2     		uxth	r3, r3
3494:Drivers/STM32F1xx_HAL_Driver/Src/stm32f1xx_hal_spi.c ****   {
 4788              		.loc 1 3494 6 view .LVU1614
 4789 001e 03B1     		cbz	r3, .L323
 4790              	.LVL288:
 4791              	.L320:
3505:Drivers/STM32F1xx_HAL_Driver/Src/stm32f1xx_hal_spi.c **** 
 4792              		.loc 1 3505 1 view .LVU1615
 4793 0020 08BD     		pop	{r3, pc}
 4794              	.LVL289:
 4795              	.L323:
3503:Drivers/STM32F1xx_HAL_Driver/Src/stm32f1xx_hal_spi.c ****   }
 4796              		.loc 1 3503 5 is_stmt 1 view .LVU1616
 4797 0022 FFF7FEFF 		bl	SPI_CloseRx_ISR
 4798              	.LVL290:
3505:Drivers/STM32F1xx_HAL_Driver/Src/stm32f1xx_hal_spi.c **** 
 4799              		.loc 1 3505 1 is_stmt 0 view .LVU1617
 4800 0026 FBE7     		b	.L320
 4801              		.cfi_endproc
 4802              	.LFE109:
 4804              		.section	.text.SPI_CloseRxTx_ISR,"ax",%progbits
 4805              		.align	1
 4806              		.syntax unified
 4807              		.thumb
 4808              		.thumb_func
 4810              	SPI_CloseRxTx_ISR:
 4811              	.LVL291:
 4812              	.LFB115:
3697:Drivers/STM32F1xx_HAL_Driver/Src/stm32f1xx_hal_spi.c ****   uint32_t tickstart;
 4813              		.loc 1 3697 1 is_stmt 1 view -0
 4814              		.cfi_startproc
 4815              		@ args = 0, pretend = 0, frame = 8
 4816              		@ frame_needed = 0, uses_anonymous_args = 0
3697:Drivers/STM32F1xx_HAL_Driver/Src/stm32f1xx_hal_spi.c ****   uint32_t tickstart;
 4817              		.loc 1 3697 1 is_stmt 0 view .LVU1619
 4818 0000 10B5     		push	{r4, lr}
 4819              	.LCFI54:
 4820              		.cfi_def_cfa_offset 8
 4821              		.cfi_offset 4, -8
 4822              		.cfi_offset 14, -4
 4823 0002 82B0     		sub	sp, sp, #8
 4824              	.LCFI55:
 4825              		.cfi_def_cfa_offset 16
ARM GAS  /var/folders/y0/yl1wrqfd209ghqq3s8k8qc1m0000gn/T//ccjYiGlu.s 			page 182


 4826 0004 0446     		mov	r4, r0
3698:Drivers/STM32F1xx_HAL_Driver/Src/stm32f1xx_hal_spi.c ****   __IO uint32_t count = SPI_DEFAULT_TIMEOUT * (SystemCoreClock / 24U / 1000U);
 4827              		.loc 1 3698 3 is_stmt 1 view .LVU1620
3699:Drivers/STM32F1xx_HAL_Driver/Src/stm32f1xx_hal_spi.c **** 
 4828              		.loc 1 3699 3 view .LVU1621
3699:Drivers/STM32F1xx_HAL_Driver/Src/stm32f1xx_hal_spi.c **** 
 4829              		.loc 1 3699 70 is_stmt 0 view .LVU1622
 4830 0006 274B     		ldr	r3, .L336
 4831 0008 1B68     		ldr	r3, [r3]
 4832 000a 274A     		ldr	r2, .L336+4
 4833 000c A2FB0323 		umull	r2, r3, r2, r3
 4834 0010 5B0A     		lsrs	r3, r3, #9
3699:Drivers/STM32F1xx_HAL_Driver/Src/stm32f1xx_hal_spi.c **** 
 4835              		.loc 1 3699 45 view .LVU1623
 4836 0012 6422     		movs	r2, #100
 4837 0014 02FB03F3 		mul	r3, r2, r3
3699:Drivers/STM32F1xx_HAL_Driver/Src/stm32f1xx_hal_spi.c **** 
 4838              		.loc 1 3699 17 view .LVU1624
 4839 0018 0193     		str	r3, [sp, #4]
3702:Drivers/STM32F1xx_HAL_Driver/Src/stm32f1xx_hal_spi.c **** 
 4840              		.loc 1 3702 3 is_stmt 1 view .LVU1625
3702:Drivers/STM32F1xx_HAL_Driver/Src/stm32f1xx_hal_spi.c **** 
 4841              		.loc 1 3702 15 is_stmt 0 view .LVU1626
 4842 001a FFF7FEFF 		bl	HAL_GetTick
 4843              	.LVL292:
3702:Drivers/STM32F1xx_HAL_Driver/Src/stm32f1xx_hal_spi.c **** 
 4844              		.loc 1 3702 15 view .LVU1627
 4845 001e 0246     		mov	r2, r0
 4846              	.LVL293:
3705:Drivers/STM32F1xx_HAL_Driver/Src/stm32f1xx_hal_spi.c **** 
 4847              		.loc 1 3705 3 is_stmt 1 view .LVU1628
 4848 0020 2168     		ldr	r1, [r4]
 4849 0022 4B68     		ldr	r3, [r1, #4]
 4850 0024 23F02003 		bic	r3, r3, #32
 4851 0028 4B60     		str	r3, [r1, #4]
 4852              	.L327:
3708:Drivers/STM32F1xx_HAL_Driver/Src/stm32f1xx_hal_spi.c ****   {
 4853              		.loc 1 3708 3 view .LVU1629
3710:Drivers/STM32F1xx_HAL_Driver/Src/stm32f1xx_hal_spi.c ****     {
 4854              		.loc 1 3710 5 view .LVU1630
3710:Drivers/STM32F1xx_HAL_Driver/Src/stm32f1xx_hal_spi.c ****     {
 4855              		.loc 1 3710 15 is_stmt 0 view .LVU1631
 4856 002a 019B     		ldr	r3, [sp, #4]
3710:Drivers/STM32F1xx_HAL_Driver/Src/stm32f1xx_hal_spi.c ****     {
 4857              		.loc 1 3710 8 view .LVU1632
 4858 002c 43B1     		cbz	r3, .L334
3715:Drivers/STM32F1xx_HAL_Driver/Src/stm32f1xx_hal_spi.c ****   } while ((hspi->Instance->SR & SPI_FLAG_TXE) == RESET);
 4859              		.loc 1 3715 5 is_stmt 1 view .LVU1633
3715:Drivers/STM32F1xx_HAL_Driver/Src/stm32f1xx_hal_spi.c ****   } while ((hspi->Instance->SR & SPI_FLAG_TXE) == RESET);
 4860              		.loc 1 3715 10 is_stmt 0 view .LVU1634
 4861 002e 019B     		ldr	r3, [sp, #4]
 4862 0030 013B     		subs	r3, r3, #1
 4863 0032 0193     		str	r3, [sp, #4]
3716:Drivers/STM32F1xx_HAL_Driver/Src/stm32f1xx_hal_spi.c **** 
 4864              		.loc 1 3716 48 is_stmt 1 view .LVU1635
3716:Drivers/STM32F1xx_HAL_Driver/Src/stm32f1xx_hal_spi.c **** 
 4865              		.loc 1 3716 17 is_stmt 0 view .LVU1636
ARM GAS  /var/folders/y0/yl1wrqfd209ghqq3s8k8qc1m0000gn/T//ccjYiGlu.s 			page 183


 4866 0034 2368     		ldr	r3, [r4]
3716:Drivers/STM32F1xx_HAL_Driver/Src/stm32f1xx_hal_spi.c **** 
 4867              		.loc 1 3716 27 view .LVU1637
 4868 0036 9B68     		ldr	r3, [r3, #8]
3716:Drivers/STM32F1xx_HAL_Driver/Src/stm32f1xx_hal_spi.c **** 
 4869              		.loc 1 3716 48 view .LVU1638
 4870 0038 13F0020F 		tst	r3, #2
 4871 003c F5D0     		beq	.L327
 4872 003e 03E0     		b	.L326
 4873              	.L334:
3712:Drivers/STM32F1xx_HAL_Driver/Src/stm32f1xx_hal_spi.c ****       break;
 4874              		.loc 1 3712 7 is_stmt 1 view .LVU1639
 4875 0040 636D     		ldr	r3, [r4, #84]
 4876 0042 43F02003 		orr	r3, r3, #32
 4877 0046 6365     		str	r3, [r4, #84]
3713:Drivers/STM32F1xx_HAL_Driver/Src/stm32f1xx_hal_spi.c ****     }
 4878              		.loc 1 3713 7 view .LVU1640
 4879              	.L326:
3719:Drivers/STM32F1xx_HAL_Driver/Src/stm32f1xx_hal_spi.c ****   {
 4880              		.loc 1 3719 3 view .LVU1641
3719:Drivers/STM32F1xx_HAL_Driver/Src/stm32f1xx_hal_spi.c ****   {
 4881              		.loc 1 3719 7 is_stmt 0 view .LVU1642
 4882 0048 6421     		movs	r1, #100
 4883 004a 2046     		mov	r0, r4
 4884              	.LVL294:
3719:Drivers/STM32F1xx_HAL_Driver/Src/stm32f1xx_hal_spi.c ****   {
 4885              		.loc 1 3719 7 view .LVU1643
 4886 004c FFF7FEFF 		bl	SPI_EndRxTxTransaction
 4887              	.LVL295:
3719:Drivers/STM32F1xx_HAL_Driver/Src/stm32f1xx_hal_spi.c ****   {
 4888              		.loc 1 3719 6 discriminator 1 view .LVU1644
 4889 0050 18B1     		cbz	r0, .L328
3721:Drivers/STM32F1xx_HAL_Driver/Src/stm32f1xx_hal_spi.c ****   }
 4890              		.loc 1 3721 5 is_stmt 1 view .LVU1645
 4891 0052 636D     		ldr	r3, [r4, #84]
 4892 0054 43F02003 		orr	r3, r3, #32
 4893 0058 6365     		str	r3, [r4, #84]
 4894              	.L328:
3725:Drivers/STM32F1xx_HAL_Driver/Src/stm32f1xx_hal_spi.c ****   {
 4895              		.loc 1 3725 3 view .LVU1646
3725:Drivers/STM32F1xx_HAL_Driver/Src/stm32f1xx_hal_spi.c ****   {
 4896              		.loc 1 3725 17 is_stmt 0 view .LVU1647
 4897 005a A368     		ldr	r3, [r4, #8]
3725:Drivers/STM32F1xx_HAL_Driver/Src/stm32f1xx_hal_spi.c ****   {
 4898              		.loc 1 3725 6 view .LVU1648
 4899 005c 33B9     		cbnz	r3, .L329
3727:Drivers/STM32F1xx_HAL_Driver/Src/stm32f1xx_hal_spi.c ****   }
 4900              		.loc 1 3727 5 is_stmt 1 view .LVU1649
 4901              	.LBB7:
3727:Drivers/STM32F1xx_HAL_Driver/Src/stm32f1xx_hal_spi.c ****   }
 4902              		.loc 1 3727 5 view .LVU1650
 4903 005e 0093     		str	r3, [sp]
3727:Drivers/STM32F1xx_HAL_Driver/Src/stm32f1xx_hal_spi.c ****   }
 4904              		.loc 1 3727 5 view .LVU1651
 4905 0060 2368     		ldr	r3, [r4]
 4906 0062 DA68     		ldr	r2, [r3, #12]
 4907 0064 0092     		str	r2, [sp]
ARM GAS  /var/folders/y0/yl1wrqfd209ghqq3s8k8qc1m0000gn/T//ccjYiGlu.s 			page 184


3727:Drivers/STM32F1xx_HAL_Driver/Src/stm32f1xx_hal_spi.c ****   }
 4908              		.loc 1 3727 5 view .LVU1652
 4909 0066 9B68     		ldr	r3, [r3, #8]
 4910 0068 0093     		str	r3, [sp]
3727:Drivers/STM32F1xx_HAL_Driver/Src/stm32f1xx_hal_spi.c ****   }
 4911              		.loc 1 3727 5 view .LVU1653
 4912 006a 009B     		ldr	r3, [sp]
 4913              	.L329:
 4914              	.LBE7:
3727:Drivers/STM32F1xx_HAL_Driver/Src/stm32f1xx_hal_spi.c ****   }
 4915              		.loc 1 3727 5 view .LVU1654
3758:Drivers/STM32F1xx_HAL_Driver/Src/stm32f1xx_hal_spi.c ****     {
 4916              		.loc 1 3758 5 view .LVU1655
3758:Drivers/STM32F1xx_HAL_Driver/Src/stm32f1xx_hal_spi.c ****     {
 4917              		.loc 1 3758 13 is_stmt 0 view .LVU1656
 4918 006c 636D     		ldr	r3, [r4, #84]
3758:Drivers/STM32F1xx_HAL_Driver/Src/stm32f1xx_hal_spi.c ****     {
 4919              		.loc 1 3758 8 view .LVU1657
 4920 006e 93B9     		cbnz	r3, .L330
3760:Drivers/STM32F1xx_HAL_Driver/Src/stm32f1xx_hal_spi.c ****       {
 4921              		.loc 1 3760 7 is_stmt 1 view .LVU1658
3760:Drivers/STM32F1xx_HAL_Driver/Src/stm32f1xx_hal_spi.c ****       {
 4922              		.loc 1 3760 15 is_stmt 0 view .LVU1659
 4923 0070 94F85130 		ldrb	r3, [r4, #81]	@ zero_extendqisi2
3760:Drivers/STM32F1xx_HAL_Driver/Src/stm32f1xx_hal_spi.c ****       {
 4924              		.loc 1 3760 10 view .LVU1660
 4925 0074 042B     		cmp	r3, #4
 4926 0076 07D0     		beq	.L335
3772:Drivers/STM32F1xx_HAL_Driver/Src/stm32f1xx_hal_spi.c ****         /* Call user TxRx complete callback */
 4927              		.loc 1 3772 9 is_stmt 1 view .LVU1661
3772:Drivers/STM32F1xx_HAL_Driver/Src/stm32f1xx_hal_spi.c ****         /* Call user TxRx complete callback */
 4928              		.loc 1 3772 21 is_stmt 0 view .LVU1662
 4929 0078 0123     		movs	r3, #1
 4930 007a 84F85130 		strb	r3, [r4, #81]
3777:Drivers/STM32F1xx_HAL_Driver/Src/stm32f1xx_hal_spi.c **** #endif /* USE_HAL_SPI_REGISTER_CALLBACKS */
 4931              		.loc 1 3777 9 is_stmt 1 view .LVU1663
 4932 007e 2046     		mov	r0, r4
 4933 0080 FFF7FEFF 		bl	HAL_SPI_TxRxCpltCallback
 4934              	.LVL296:
 4935              	.L324:
3794:Drivers/STM32F1xx_HAL_Driver/Src/stm32f1xx_hal_spi.c **** 
 4936              		.loc 1 3794 1 is_stmt 0 view .LVU1664
 4937 0084 02B0     		add	sp, sp, #8
 4938              	.LCFI56:
 4939              		.cfi_remember_state
 4940              		.cfi_def_cfa_offset 8
 4941              		@ sp needed
 4942 0086 10BD     		pop	{r4, pc}
 4943              	.LVL297:
 4944              	.L335:
 4945              	.LCFI57:
 4946              		.cfi_restore_state
3762:Drivers/STM32F1xx_HAL_Driver/Src/stm32f1xx_hal_spi.c ****         /* Call user Rx complete callback */
 4947              		.loc 1 3762 9 is_stmt 1 view .LVU1665
3762:Drivers/STM32F1xx_HAL_Driver/Src/stm32f1xx_hal_spi.c ****         /* Call user Rx complete callback */
 4948              		.loc 1 3762 21 is_stmt 0 view .LVU1666
 4949 0088 0123     		movs	r3, #1
ARM GAS  /var/folders/y0/yl1wrqfd209ghqq3s8k8qc1m0000gn/T//ccjYiGlu.s 			page 185


 4950 008a 84F85130 		strb	r3, [r4, #81]
3767:Drivers/STM32F1xx_HAL_Driver/Src/stm32f1xx_hal_spi.c **** #endif /* USE_HAL_SPI_REGISTER_CALLBACKS */
 4951              		.loc 1 3767 9 is_stmt 1 view .LVU1667
 4952 008e 2046     		mov	r0, r4
 4953 0090 FFF7FEFF 		bl	HAL_SPI_RxCpltCallback
 4954              	.LVL298:
 4955 0094 F6E7     		b	.L324
 4956              	.L330:
3783:Drivers/STM32F1xx_HAL_Driver/Src/stm32f1xx_hal_spi.c ****       /* Call user error callback */
 4957              		.loc 1 3783 7 view .LVU1668
3783:Drivers/STM32F1xx_HAL_Driver/Src/stm32f1xx_hal_spi.c ****       /* Call user error callback */
 4958              		.loc 1 3783 19 is_stmt 0 view .LVU1669
 4959 0096 0123     		movs	r3, #1
 4960 0098 84F85130 		strb	r3, [r4, #81]
3788:Drivers/STM32F1xx_HAL_Driver/Src/stm32f1xx_hal_spi.c **** #endif /* USE_HAL_SPI_REGISTER_CALLBACKS */
 4961              		.loc 1 3788 7 is_stmt 1 view .LVU1670
 4962 009c 2046     		mov	r0, r4
 4963 009e FFF7FEFF 		bl	HAL_SPI_ErrorCallback
 4964              	.LVL299:
3794:Drivers/STM32F1xx_HAL_Driver/Src/stm32f1xx_hal_spi.c **** 
 4965              		.loc 1 3794 1 is_stmt 0 view .LVU1671
 4966 00a2 EFE7     		b	.L324
 4967              	.L337:
 4968              		.align	2
 4969              	.L336:
 4970 00a4 00000000 		.word	SystemCoreClock
 4971 00a8 F1197605 		.word	91625969
 4972              		.cfi_endproc
 4973              	.LFE115:
 4975              		.section	.text.SPI_2linesTxISR_8BIT,"ax",%progbits
 4976              		.align	1
 4977              		.syntax unified
 4978              		.thumb
 4979              		.thumb_func
 4981              	SPI_2linesTxISR_8BIT:
 4982              	.LVL300:
 4983              	.LFB105:
3259:Drivers/STM32F1xx_HAL_Driver/Src/stm32f1xx_hal_spi.c ****   *(__IO uint8_t *)&hspi->Instance->DR = *((const uint8_t *)hspi->pTxBuffPtr);
 4984              		.loc 1 3259 1 is_stmt 1 view -0
 4985              		.cfi_startproc
 4986              		@ args = 0, pretend = 0, frame = 0
 4987              		@ frame_needed = 0, uses_anonymous_args = 0
3259:Drivers/STM32F1xx_HAL_Driver/Src/stm32f1xx_hal_spi.c ****   *(__IO uint8_t *)&hspi->Instance->DR = *((const uint8_t *)hspi->pTxBuffPtr);
 4988              		.loc 1 3259 1 is_stmt 0 view .LVU1673
 4989 0000 08B5     		push	{r3, lr}
 4990              	.LCFI58:
 4991              		.cfi_def_cfa_offset 8
 4992              		.cfi_offset 3, -8
 4993              		.cfi_offset 14, -4
3260:Drivers/STM32F1xx_HAL_Driver/Src/stm32f1xx_hal_spi.c ****   hspi->pTxBuffPtr++;
 4994              		.loc 1 3260 3 is_stmt 1 view .LVU1674
3260:Drivers/STM32F1xx_HAL_Driver/Src/stm32f1xx_hal_spi.c ****   hspi->pTxBuffPtr++;
 4995              		.loc 1 3260 65 is_stmt 0 view .LVU1675
 4996 0002 026B     		ldr	r2, [r0, #48]
3260:Drivers/STM32F1xx_HAL_Driver/Src/stm32f1xx_hal_spi.c ****   hspi->pTxBuffPtr++;
 4997              		.loc 1 3260 25 view .LVU1676
 4998 0004 0368     		ldr	r3, [r0]
ARM GAS  /var/folders/y0/yl1wrqfd209ghqq3s8k8qc1m0000gn/T//ccjYiGlu.s 			page 186


3260:Drivers/STM32F1xx_HAL_Driver/Src/stm32f1xx_hal_spi.c ****   hspi->pTxBuffPtr++;
 4999              		.loc 1 3260 42 view .LVU1677
 5000 0006 1278     		ldrb	r2, [r2]	@ zero_extendqisi2
3260:Drivers/STM32F1xx_HAL_Driver/Src/stm32f1xx_hal_spi.c ****   hspi->pTxBuffPtr++;
 5001              		.loc 1 3260 40 view .LVU1678
 5002 0008 1A73     		strb	r2, [r3, #12]
3261:Drivers/STM32F1xx_HAL_Driver/Src/stm32f1xx_hal_spi.c ****   hspi->TxXferCount--;
 5003              		.loc 1 3261 3 is_stmt 1 view .LVU1679
3261:Drivers/STM32F1xx_HAL_Driver/Src/stm32f1xx_hal_spi.c ****   hspi->TxXferCount--;
 5004              		.loc 1 3261 7 is_stmt 0 view .LVU1680
 5005 000a 036B     		ldr	r3, [r0, #48]
3261:Drivers/STM32F1xx_HAL_Driver/Src/stm32f1xx_hal_spi.c ****   hspi->TxXferCount--;
 5006              		.loc 1 3261 19 view .LVU1681
 5007 000c 0133     		adds	r3, r3, #1
 5008 000e 0363     		str	r3, [r0, #48]
3262:Drivers/STM32F1xx_HAL_Driver/Src/stm32f1xx_hal_spi.c **** 
 5009              		.loc 1 3262 3 is_stmt 1 view .LVU1682
3262:Drivers/STM32F1xx_HAL_Driver/Src/stm32f1xx_hal_spi.c **** 
 5010              		.loc 1 3262 7 is_stmt 0 view .LVU1683
 5011 0010 C38E     		ldrh	r3, [r0, #54]
 5012 0012 9BB2     		uxth	r3, r3
3262:Drivers/STM32F1xx_HAL_Driver/Src/stm32f1xx_hal_spi.c **** 
 5013              		.loc 1 3262 20 view .LVU1684
 5014 0014 013B     		subs	r3, r3, #1
 5015 0016 9BB2     		uxth	r3, r3
 5016 0018 C386     		strh	r3, [r0, #54]	@ movhi
3265:Drivers/STM32F1xx_HAL_Driver/Src/stm32f1xx_hal_spi.c ****   {
 5017              		.loc 1 3265 3 is_stmt 1 view .LVU1685
3265:Drivers/STM32F1xx_HAL_Driver/Src/stm32f1xx_hal_spi.c ****   {
 5018              		.loc 1 3265 11 is_stmt 0 view .LVU1686
 5019 001a C38E     		ldrh	r3, [r0, #54]
 5020 001c 9BB2     		uxth	r3, r3
3265:Drivers/STM32F1xx_HAL_Driver/Src/stm32f1xx_hal_spi.c ****   {
 5021              		.loc 1 3265 6 view .LVU1687
 5022 001e 3BB9     		cbnz	r3, .L338
3279:Drivers/STM32F1xx_HAL_Driver/Src/stm32f1xx_hal_spi.c **** 
 5023              		.loc 1 3279 5 is_stmt 1 view .LVU1688
 5024 0020 0268     		ldr	r2, [r0]
 5025 0022 5368     		ldr	r3, [r2, #4]
 5026 0024 23F08003 		bic	r3, r3, #128
 5027 0028 5360     		str	r3, [r2, #4]
3281:Drivers/STM32F1xx_HAL_Driver/Src/stm32f1xx_hal_spi.c ****     {
 5028              		.loc 1 3281 5 view .LVU1689
3281:Drivers/STM32F1xx_HAL_Driver/Src/stm32f1xx_hal_spi.c ****     {
 5029              		.loc 1 3281 13 is_stmt 0 view .LVU1690
 5030 002a C38F     		ldrh	r3, [r0, #62]
 5031 002c 9BB2     		uxth	r3, r3
3281:Drivers/STM32F1xx_HAL_Driver/Src/stm32f1xx_hal_spi.c ****     {
 5032              		.loc 1 3281 8 view .LVU1691
 5033 002e 03B1     		cbz	r3, .L341
 5034              	.LVL301:
 5035              	.L338:
3286:Drivers/STM32F1xx_HAL_Driver/Src/stm32f1xx_hal_spi.c **** 
 5036              		.loc 1 3286 1 view .LVU1692
 5037 0030 08BD     		pop	{r3, pc}
 5038              	.LVL302:
 5039              	.L341:
ARM GAS  /var/folders/y0/yl1wrqfd209ghqq3s8k8qc1m0000gn/T//ccjYiGlu.s 			page 187


3283:Drivers/STM32F1xx_HAL_Driver/Src/stm32f1xx_hal_spi.c ****     }
 5040              		.loc 1 3283 7 is_stmt 1 view .LVU1693
 5041 0032 FFF7FEFF 		bl	SPI_CloseRxTx_ISR
 5042              	.LVL303:
3286:Drivers/STM32F1xx_HAL_Driver/Src/stm32f1xx_hal_spi.c **** 
 5043              		.loc 1 3286 1 is_stmt 0 view .LVU1694
 5044 0036 FBE7     		b	.L338
 5045              		.cfi_endproc
 5046              	.LFE105:
 5048              		.section	.text.SPI_2linesRxISR_8BIT,"ax",%progbits
 5049              		.align	1
 5050              		.syntax unified
 5051              		.thumb
 5052              		.thumb_func
 5054              	SPI_2linesRxISR_8BIT:
 5055              	.LVL304:
 5056              	.LFB104:
3196:Drivers/STM32F1xx_HAL_Driver/Src/stm32f1xx_hal_spi.c ****   /* Receive data in 8bit mode */
 5057              		.loc 1 3196 1 is_stmt 1 view -0
 5058              		.cfi_startproc
 5059              		@ args = 0, pretend = 0, frame = 0
 5060              		@ frame_needed = 0, uses_anonymous_args = 0
3196:Drivers/STM32F1xx_HAL_Driver/Src/stm32f1xx_hal_spi.c ****   /* Receive data in 8bit mode */
 5061              		.loc 1 3196 1 is_stmt 0 view .LVU1696
 5062 0000 08B5     		push	{r3, lr}
 5063              	.LCFI59:
 5064              		.cfi_def_cfa_offset 8
 5065              		.cfi_offset 3, -8
 5066              		.cfi_offset 14, -4
3198:Drivers/STM32F1xx_HAL_Driver/Src/stm32f1xx_hal_spi.c ****   hspi->pRxBuffPtr++;
 5067              		.loc 1 3198 3 is_stmt 1 view .LVU1697
3198:Drivers/STM32F1xx_HAL_Driver/Src/stm32f1xx_hal_spi.c ****   hspi->pRxBuffPtr++;
 5068              		.loc 1 3198 46 is_stmt 0 view .LVU1698
 5069 0002 0268     		ldr	r2, [r0]
3198:Drivers/STM32F1xx_HAL_Driver/Src/stm32f1xx_hal_spi.c ****   hspi->pRxBuffPtr++;
 5070              		.loc 1 3198 8 view .LVU1699
 5071 0004 836B     		ldr	r3, [r0, #56]
3198:Drivers/STM32F1xx_HAL_Driver/Src/stm32f1xx_hal_spi.c ****   hspi->pRxBuffPtr++;
 5072              		.loc 1 3198 23 view .LVU1700
 5073 0006 127B     		ldrb	r2, [r2, #12]	@ zero_extendqisi2
3198:Drivers/STM32F1xx_HAL_Driver/Src/stm32f1xx_hal_spi.c ****   hspi->pRxBuffPtr++;
 5074              		.loc 1 3198 21 view .LVU1701
 5075 0008 1A70     		strb	r2, [r3]
3199:Drivers/STM32F1xx_HAL_Driver/Src/stm32f1xx_hal_spi.c ****   hspi->RxXferCount--;
 5076              		.loc 1 3199 3 is_stmt 1 view .LVU1702
3199:Drivers/STM32F1xx_HAL_Driver/Src/stm32f1xx_hal_spi.c ****   hspi->RxXferCount--;
 5077              		.loc 1 3199 7 is_stmt 0 view .LVU1703
 5078 000a 836B     		ldr	r3, [r0, #56]
3199:Drivers/STM32F1xx_HAL_Driver/Src/stm32f1xx_hal_spi.c ****   hspi->RxXferCount--;
 5079              		.loc 1 3199 19 view .LVU1704
 5080 000c 0133     		adds	r3, r3, #1
 5081 000e 8363     		str	r3, [r0, #56]
3200:Drivers/STM32F1xx_HAL_Driver/Src/stm32f1xx_hal_spi.c **** 
 5082              		.loc 1 3200 3 is_stmt 1 view .LVU1705
3200:Drivers/STM32F1xx_HAL_Driver/Src/stm32f1xx_hal_spi.c **** 
 5083              		.loc 1 3200 7 is_stmt 0 view .LVU1706
 5084 0010 C38F     		ldrh	r3, [r0, #62]
ARM GAS  /var/folders/y0/yl1wrqfd209ghqq3s8k8qc1m0000gn/T//ccjYiGlu.s 			page 188


 5085 0012 9BB2     		uxth	r3, r3
3200:Drivers/STM32F1xx_HAL_Driver/Src/stm32f1xx_hal_spi.c **** 
 5086              		.loc 1 3200 20 view .LVU1707
 5087 0014 013B     		subs	r3, r3, #1
 5088 0016 9BB2     		uxth	r3, r3
 5089 0018 C387     		strh	r3, [r0, #62]	@ movhi
3203:Drivers/STM32F1xx_HAL_Driver/Src/stm32f1xx_hal_spi.c ****   {
 5090              		.loc 1 3203 3 is_stmt 1 view .LVU1708
3203:Drivers/STM32F1xx_HAL_Driver/Src/stm32f1xx_hal_spi.c ****   {
 5091              		.loc 1 3203 11 is_stmt 0 view .LVU1709
 5092 001a C38F     		ldrh	r3, [r0, #62]
 5093 001c 9BB2     		uxth	r3, r3
3203:Drivers/STM32F1xx_HAL_Driver/Src/stm32f1xx_hal_spi.c ****   {
 5094              		.loc 1 3203 6 view .LVU1710
 5095 001e 3BB9     		cbnz	r3, .L342
3214:Drivers/STM32F1xx_HAL_Driver/Src/stm32f1xx_hal_spi.c **** 
 5096              		.loc 1 3214 5 is_stmt 1 view .LVU1711
 5097 0020 0268     		ldr	r2, [r0]
 5098 0022 5368     		ldr	r3, [r2, #4]
 5099 0024 23F06003 		bic	r3, r3, #96
 5100 0028 5360     		str	r3, [r2, #4]
3216:Drivers/STM32F1xx_HAL_Driver/Src/stm32f1xx_hal_spi.c ****     {
 5101              		.loc 1 3216 5 view .LVU1712
3216:Drivers/STM32F1xx_HAL_Driver/Src/stm32f1xx_hal_spi.c ****     {
 5102              		.loc 1 3216 13 is_stmt 0 view .LVU1713
 5103 002a C38E     		ldrh	r3, [r0, #54]
 5104 002c 9BB2     		uxth	r3, r3
3216:Drivers/STM32F1xx_HAL_Driver/Src/stm32f1xx_hal_spi.c ****     {
 5105              		.loc 1 3216 8 view .LVU1714
 5106 002e 03B1     		cbz	r3, .L345
 5107              	.LVL305:
 5108              	.L342:
3221:Drivers/STM32F1xx_HAL_Driver/Src/stm32f1xx_hal_spi.c **** 
 5109              		.loc 1 3221 1 view .LVU1715
 5110 0030 08BD     		pop	{r3, pc}
 5111              	.LVL306:
 5112              	.L345:
3218:Drivers/STM32F1xx_HAL_Driver/Src/stm32f1xx_hal_spi.c ****     }
 5113              		.loc 1 3218 7 is_stmt 1 view .LVU1716
 5114 0032 FFF7FEFF 		bl	SPI_CloseRxTx_ISR
 5115              	.LVL307:
3221:Drivers/STM32F1xx_HAL_Driver/Src/stm32f1xx_hal_spi.c **** 
 5116              		.loc 1 3221 1 is_stmt 0 view .LVU1717
 5117 0036 FBE7     		b	.L342
 5118              		.cfi_endproc
 5119              	.LFE104:
 5121              		.section	.text.SPI_2linesTxISR_16BIT,"ax",%progbits
 5122              		.align	1
 5123              		.syntax unified
 5124              		.thumb
 5125              		.thumb_func
 5127              	SPI_2linesTxISR_16BIT:
 5128              	.LVL308:
 5129              	.LFB107:
3351:Drivers/STM32F1xx_HAL_Driver/Src/stm32f1xx_hal_spi.c ****   /* Transmit data in 16 Bit mode */
 5130              		.loc 1 3351 1 is_stmt 1 view -0
 5131              		.cfi_startproc
ARM GAS  /var/folders/y0/yl1wrqfd209ghqq3s8k8qc1m0000gn/T//ccjYiGlu.s 			page 189


 5132              		@ args = 0, pretend = 0, frame = 0
 5133              		@ frame_needed = 0, uses_anonymous_args = 0
3351:Drivers/STM32F1xx_HAL_Driver/Src/stm32f1xx_hal_spi.c ****   /* Transmit data in 16 Bit mode */
 5134              		.loc 1 3351 1 is_stmt 0 view .LVU1719
 5135 0000 08B5     		push	{r3, lr}
 5136              	.LCFI60:
 5137              		.cfi_def_cfa_offset 8
 5138              		.cfi_offset 3, -8
 5139              		.cfi_offset 14, -4
3353:Drivers/STM32F1xx_HAL_Driver/Src/stm32f1xx_hal_spi.c ****   hspi->pTxBuffPtr += sizeof(uint16_t);
 5140              		.loc 1 3353 3 is_stmt 1 view .LVU1720
3353:Drivers/STM32F1xx_HAL_Driver/Src/stm32f1xx_hal_spi.c ****   hspi->pTxBuffPtr += sizeof(uint16_t);
 5141              		.loc 1 3353 48 is_stmt 0 view .LVU1721
 5142 0002 026B     		ldr	r2, [r0, #48]
3353:Drivers/STM32F1xx_HAL_Driver/Src/stm32f1xx_hal_spi.c ****   hspi->pTxBuffPtr += sizeof(uint16_t);
 5143              		.loc 1 3353 7 view .LVU1722
 5144 0004 0368     		ldr	r3, [r0]
3353:Drivers/STM32F1xx_HAL_Driver/Src/stm32f1xx_hal_spi.c ****   hspi->pTxBuffPtr += sizeof(uint16_t);
 5145              		.loc 1 3353 24 view .LVU1723
 5146 0006 1288     		ldrh	r2, [r2]
3353:Drivers/STM32F1xx_HAL_Driver/Src/stm32f1xx_hal_spi.c ****   hspi->pTxBuffPtr += sizeof(uint16_t);
 5147              		.loc 1 3353 22 view .LVU1724
 5148 0008 DA60     		str	r2, [r3, #12]
3354:Drivers/STM32F1xx_HAL_Driver/Src/stm32f1xx_hal_spi.c ****   hspi->TxXferCount--;
 5149              		.loc 1 3354 3 is_stmt 1 view .LVU1725
3354:Drivers/STM32F1xx_HAL_Driver/Src/stm32f1xx_hal_spi.c ****   hspi->TxXferCount--;
 5150              		.loc 1 3354 7 is_stmt 0 view .LVU1726
 5151 000a 036B     		ldr	r3, [r0, #48]
3354:Drivers/STM32F1xx_HAL_Driver/Src/stm32f1xx_hal_spi.c ****   hspi->TxXferCount--;
 5152              		.loc 1 3354 20 view .LVU1727
 5153 000c 0233     		adds	r3, r3, #2
 5154 000e 0363     		str	r3, [r0, #48]
3355:Drivers/STM32F1xx_HAL_Driver/Src/stm32f1xx_hal_spi.c **** 
 5155              		.loc 1 3355 3 is_stmt 1 view .LVU1728
3355:Drivers/STM32F1xx_HAL_Driver/Src/stm32f1xx_hal_spi.c **** 
 5156              		.loc 1 3355 7 is_stmt 0 view .LVU1729
 5157 0010 C38E     		ldrh	r3, [r0, #54]
 5158 0012 9BB2     		uxth	r3, r3
3355:Drivers/STM32F1xx_HAL_Driver/Src/stm32f1xx_hal_spi.c **** 
 5159              		.loc 1 3355 20 view .LVU1730
 5160 0014 013B     		subs	r3, r3, #1
 5161 0016 9BB2     		uxth	r3, r3
 5162 0018 C386     		strh	r3, [r0, #54]	@ movhi
3358:Drivers/STM32F1xx_HAL_Driver/Src/stm32f1xx_hal_spi.c ****   {
 5163              		.loc 1 3358 3 is_stmt 1 view .LVU1731
3358:Drivers/STM32F1xx_HAL_Driver/Src/stm32f1xx_hal_spi.c ****   {
 5164              		.loc 1 3358 11 is_stmt 0 view .LVU1732
 5165 001a C38E     		ldrh	r3, [r0, #54]
 5166 001c 9BB2     		uxth	r3, r3
3358:Drivers/STM32F1xx_HAL_Driver/Src/stm32f1xx_hal_spi.c ****   {
 5167              		.loc 1 3358 6 view .LVU1733
 5168 001e 3BB9     		cbnz	r3, .L346
3372:Drivers/STM32F1xx_HAL_Driver/Src/stm32f1xx_hal_spi.c **** 
 5169              		.loc 1 3372 5 is_stmt 1 view .LVU1734
 5170 0020 0268     		ldr	r2, [r0]
 5171 0022 5368     		ldr	r3, [r2, #4]
 5172 0024 23F08003 		bic	r3, r3, #128
ARM GAS  /var/folders/y0/yl1wrqfd209ghqq3s8k8qc1m0000gn/T//ccjYiGlu.s 			page 190


 5173 0028 5360     		str	r3, [r2, #4]
3374:Drivers/STM32F1xx_HAL_Driver/Src/stm32f1xx_hal_spi.c ****     {
 5174              		.loc 1 3374 5 view .LVU1735
3374:Drivers/STM32F1xx_HAL_Driver/Src/stm32f1xx_hal_spi.c ****     {
 5175              		.loc 1 3374 13 is_stmt 0 view .LVU1736
 5176 002a C38F     		ldrh	r3, [r0, #62]
 5177 002c 9BB2     		uxth	r3, r3
3374:Drivers/STM32F1xx_HAL_Driver/Src/stm32f1xx_hal_spi.c ****     {
 5178              		.loc 1 3374 8 view .LVU1737
 5179 002e 03B1     		cbz	r3, .L349
 5180              	.LVL309:
 5181              	.L346:
3379:Drivers/STM32F1xx_HAL_Driver/Src/stm32f1xx_hal_spi.c **** 
 5182              		.loc 1 3379 1 view .LVU1738
 5183 0030 08BD     		pop	{r3, pc}
 5184              	.LVL310:
 5185              	.L349:
3376:Drivers/STM32F1xx_HAL_Driver/Src/stm32f1xx_hal_spi.c ****     }
 5186              		.loc 1 3376 7 is_stmt 1 view .LVU1739
 5187 0032 FFF7FEFF 		bl	SPI_CloseRxTx_ISR
 5188              	.LVL311:
3379:Drivers/STM32F1xx_HAL_Driver/Src/stm32f1xx_hal_spi.c **** 
 5189              		.loc 1 3379 1 is_stmt 0 view .LVU1740
 5190 0036 FBE7     		b	.L346
 5191              		.cfi_endproc
 5192              	.LFE107:
 5194              		.section	.text.SPI_2linesRxISR_16BIT,"ax",%progbits
 5195              		.align	1
 5196              		.syntax unified
 5197              		.thumb
 5198              		.thumb_func
 5200              	SPI_2linesRxISR_16BIT:
 5201              	.LVL312:
 5202              	.LFB106:
3295:Drivers/STM32F1xx_HAL_Driver/Src/stm32f1xx_hal_spi.c ****   /* Receive data in 16 Bit mode */
 5203              		.loc 1 3295 1 is_stmt 1 view -0
 5204              		.cfi_startproc
 5205              		@ args = 0, pretend = 0, frame = 0
 5206              		@ frame_needed = 0, uses_anonymous_args = 0
3295:Drivers/STM32F1xx_HAL_Driver/Src/stm32f1xx_hal_spi.c ****   /* Receive data in 16 Bit mode */
 5207              		.loc 1 3295 1 is_stmt 0 view .LVU1742
 5208 0000 08B5     		push	{r3, lr}
 5209              	.LCFI61:
 5210              		.cfi_def_cfa_offset 8
 5211              		.cfi_offset 3, -8
 5212              		.cfi_offset 14, -4
3297:Drivers/STM32F1xx_HAL_Driver/Src/stm32f1xx_hal_spi.c ****   hspi->pRxBuffPtr += sizeof(uint16_t);
 5213              		.loc 1 3297 3 is_stmt 1 view .LVU1743
3297:Drivers/STM32F1xx_HAL_Driver/Src/stm32f1xx_hal_spi.c ****   hspi->pRxBuffPtr += sizeof(uint16_t);
 5214              		.loc 1 3297 52 is_stmt 0 view .LVU1744
 5215 0002 0368     		ldr	r3, [r0]
3297:Drivers/STM32F1xx_HAL_Driver/Src/stm32f1xx_hal_spi.c ****   hspi->pRxBuffPtr += sizeof(uint16_t);
 5216              		.loc 1 3297 62 view .LVU1745
 5217 0004 DA68     		ldr	r2, [r3, #12]
3297:Drivers/STM32F1xx_HAL_Driver/Src/stm32f1xx_hal_spi.c ****   hspi->pRxBuffPtr += sizeof(uint16_t);
 5218              		.loc 1 3297 21 view .LVU1746
 5219 0006 836B     		ldr	r3, [r0, #56]
ARM GAS  /var/folders/y0/yl1wrqfd209ghqq3s8k8qc1m0000gn/T//ccjYiGlu.s 			page 191


3297:Drivers/STM32F1xx_HAL_Driver/Src/stm32f1xx_hal_spi.c ****   hspi->pRxBuffPtr += sizeof(uint16_t);
 5220              		.loc 1 3297 35 view .LVU1747
 5221 0008 1A80     		strh	r2, [r3]	@ movhi
3298:Drivers/STM32F1xx_HAL_Driver/Src/stm32f1xx_hal_spi.c ****   hspi->RxXferCount--;
 5222              		.loc 1 3298 3 is_stmt 1 view .LVU1748
3298:Drivers/STM32F1xx_HAL_Driver/Src/stm32f1xx_hal_spi.c ****   hspi->RxXferCount--;
 5223              		.loc 1 3298 7 is_stmt 0 view .LVU1749
 5224 000a 836B     		ldr	r3, [r0, #56]
3298:Drivers/STM32F1xx_HAL_Driver/Src/stm32f1xx_hal_spi.c ****   hspi->RxXferCount--;
 5225              		.loc 1 3298 20 view .LVU1750
 5226 000c 0233     		adds	r3, r3, #2
 5227 000e 8363     		str	r3, [r0, #56]
3299:Drivers/STM32F1xx_HAL_Driver/Src/stm32f1xx_hal_spi.c **** 
 5228              		.loc 1 3299 3 is_stmt 1 view .LVU1751
3299:Drivers/STM32F1xx_HAL_Driver/Src/stm32f1xx_hal_spi.c **** 
 5229              		.loc 1 3299 7 is_stmt 0 view .LVU1752
 5230 0010 C38F     		ldrh	r3, [r0, #62]
 5231 0012 9BB2     		uxth	r3, r3
3299:Drivers/STM32F1xx_HAL_Driver/Src/stm32f1xx_hal_spi.c **** 
 5232              		.loc 1 3299 20 view .LVU1753
 5233 0014 013B     		subs	r3, r3, #1
 5234 0016 9BB2     		uxth	r3, r3
 5235 0018 C387     		strh	r3, [r0, #62]	@ movhi
3301:Drivers/STM32F1xx_HAL_Driver/Src/stm32f1xx_hal_spi.c ****   {
 5236              		.loc 1 3301 3 is_stmt 1 view .LVU1754
3301:Drivers/STM32F1xx_HAL_Driver/Src/stm32f1xx_hal_spi.c ****   {
 5237              		.loc 1 3301 11 is_stmt 0 view .LVU1755
 5238 001a C38F     		ldrh	r3, [r0, #62]
 5239 001c 9BB2     		uxth	r3, r3
3301:Drivers/STM32F1xx_HAL_Driver/Src/stm32f1xx_hal_spi.c ****   {
 5240              		.loc 1 3301 6 view .LVU1756
 5241 001e 3BB9     		cbnz	r3, .L350
3312:Drivers/STM32F1xx_HAL_Driver/Src/stm32f1xx_hal_spi.c **** 
 5242              		.loc 1 3312 5 is_stmt 1 view .LVU1757
 5243 0020 0268     		ldr	r2, [r0]
 5244 0022 5368     		ldr	r3, [r2, #4]
 5245 0024 23F04003 		bic	r3, r3, #64
 5246 0028 5360     		str	r3, [r2, #4]
3314:Drivers/STM32F1xx_HAL_Driver/Src/stm32f1xx_hal_spi.c ****     {
 5247              		.loc 1 3314 5 view .LVU1758
3314:Drivers/STM32F1xx_HAL_Driver/Src/stm32f1xx_hal_spi.c ****     {
 5248              		.loc 1 3314 13 is_stmt 0 view .LVU1759
 5249 002a C38E     		ldrh	r3, [r0, #54]
 5250 002c 9BB2     		uxth	r3, r3
3314:Drivers/STM32F1xx_HAL_Driver/Src/stm32f1xx_hal_spi.c ****     {
 5251              		.loc 1 3314 8 view .LVU1760
 5252 002e 03B1     		cbz	r3, .L353
 5253              	.LVL313:
 5254              	.L350:
3319:Drivers/STM32F1xx_HAL_Driver/Src/stm32f1xx_hal_spi.c **** 
 5255              		.loc 1 3319 1 view .LVU1761
 5256 0030 08BD     		pop	{r3, pc}
 5257              	.LVL314:
 5258              	.L353:
3316:Drivers/STM32F1xx_HAL_Driver/Src/stm32f1xx_hal_spi.c ****     }
 5259              		.loc 1 3316 7 is_stmt 1 view .LVU1762
 5260 0032 FFF7FEFF 		bl	SPI_CloseRxTx_ISR
ARM GAS  /var/folders/y0/yl1wrqfd209ghqq3s8k8qc1m0000gn/T//ccjYiGlu.s 			page 192


 5261              	.LVL315:
3319:Drivers/STM32F1xx_HAL_Driver/Src/stm32f1xx_hal_spi.c **** 
 5262              		.loc 1 3319 1 is_stmt 0 view .LVU1763
 5263 0036 FBE7     		b	.L350
 5264              		.cfi_endproc
 5265              	.LFE106:
 5267              		.section	.text.SPI_DMAError,"ax",%progbits
 5268              		.align	1
 5269              		.syntax unified
 5270              		.thumb
 5271              		.thumb_func
 5273              	SPI_DMAError:
 5274              	.LVL316:
 5275              	.LFB100:
3029:Drivers/STM32F1xx_HAL_Driver/Src/stm32f1xx_hal_spi.c ****   SPI_HandleTypeDef *hspi = (SPI_HandleTypeDef *)(((DMA_HandleTypeDef *)hdma)->Parent);
 5276              		.loc 1 3029 1 is_stmt 1 view -0
 5277              		.cfi_startproc
 5278              		@ args = 0, pretend = 0, frame = 0
 5279              		@ frame_needed = 0, uses_anonymous_args = 0
3029:Drivers/STM32F1xx_HAL_Driver/Src/stm32f1xx_hal_spi.c ****   SPI_HandleTypeDef *hspi = (SPI_HandleTypeDef *)(((DMA_HandleTypeDef *)hdma)->Parent);
 5280              		.loc 1 3029 1 is_stmt 0 view .LVU1765
 5281 0000 08B5     		push	{r3, lr}
 5282              	.LCFI62:
 5283              		.cfi_def_cfa_offset 8
 5284              		.cfi_offset 3, -8
 5285              		.cfi_offset 14, -4
3030:Drivers/STM32F1xx_HAL_Driver/Src/stm32f1xx_hal_spi.c **** 
 5286              		.loc 1 3030 3 is_stmt 1 view .LVU1766
3030:Drivers/STM32F1xx_HAL_Driver/Src/stm32f1xx_hal_spi.c **** 
 5287              		.loc 1 3030 22 is_stmt 0 view .LVU1767
 5288 0002 406A     		ldr	r0, [r0, #36]
 5289              	.LVL317:
3033:Drivers/STM32F1xx_HAL_Driver/Src/stm32f1xx_hal_spi.c **** 
 5290              		.loc 1 3033 3 is_stmt 1 view .LVU1768
 5291 0004 0268     		ldr	r2, [r0]
 5292 0006 5368     		ldr	r3, [r2, #4]
 5293 0008 23F00303 		bic	r3, r3, #3
 5294 000c 5360     		str	r3, [r2, #4]
3035:Drivers/STM32F1xx_HAL_Driver/Src/stm32f1xx_hal_spi.c ****   hspi->State = HAL_SPI_STATE_READY;
 5295              		.loc 1 3035 3 view .LVU1769
 5296 000e 436D     		ldr	r3, [r0, #84]
 5297 0010 43F01003 		orr	r3, r3, #16
 5298 0014 4365     		str	r3, [r0, #84]
3036:Drivers/STM32F1xx_HAL_Driver/Src/stm32f1xx_hal_spi.c ****   /* Call user error callback */
 5299              		.loc 1 3036 3 view .LVU1770
3036:Drivers/STM32F1xx_HAL_Driver/Src/stm32f1xx_hal_spi.c ****   /* Call user error callback */
 5300              		.loc 1 3036 15 is_stmt 0 view .LVU1771
 5301 0016 0123     		movs	r3, #1
 5302 0018 80F85130 		strb	r3, [r0, #81]
3041:Drivers/STM32F1xx_HAL_Driver/Src/stm32f1xx_hal_spi.c **** #endif /* USE_HAL_SPI_REGISTER_CALLBACKS */
 5303              		.loc 1 3041 3 is_stmt 1 view .LVU1772
 5304 001c FFF7FEFF 		bl	HAL_SPI_ErrorCallback
 5305              	.LVL318:
3043:Drivers/STM32F1xx_HAL_Driver/Src/stm32f1xx_hal_spi.c **** 
 5306              		.loc 1 3043 1 is_stmt 0 view .LVU1773
 5307 0020 08BD     		pop	{r3, pc}
 5308              		.cfi_endproc
ARM GAS  /var/folders/y0/yl1wrqfd209ghqq3s8k8qc1m0000gn/T//ccjYiGlu.s 			page 193


 5309              	.LFE100:
 5311              		.section	.text.SPI_DMATransmitCplt,"ax",%progbits
 5312              		.align	1
 5313              		.syntax unified
 5314              		.thumb
 5315              		.thumb_func
 5317              	SPI_DMATransmitCplt:
 5318              	.LVL319:
 5319              	.LFB94:
2729:Drivers/STM32F1xx_HAL_Driver/Src/stm32f1xx_hal_spi.c ****   SPI_HandleTypeDef *hspi = (SPI_HandleTypeDef *)(((DMA_HandleTypeDef *)hdma)->Parent);
 5320              		.loc 1 2729 1 is_stmt 1 view -0
 5321              		.cfi_startproc
 5322              		@ args = 0, pretend = 0, frame = 8
 5323              		@ frame_needed = 0, uses_anonymous_args = 0
2729:Drivers/STM32F1xx_HAL_Driver/Src/stm32f1xx_hal_spi.c ****   SPI_HandleTypeDef *hspi = (SPI_HandleTypeDef *)(((DMA_HandleTypeDef *)hdma)->Parent);
 5324              		.loc 1 2729 1 is_stmt 0 view .LVU1775
 5325 0000 30B5     		push	{r4, r5, lr}
 5326              	.LCFI63:
 5327              		.cfi_def_cfa_offset 12
 5328              		.cfi_offset 4, -12
 5329              		.cfi_offset 5, -8
 5330              		.cfi_offset 14, -4
 5331 0002 83B0     		sub	sp, sp, #12
 5332              	.LCFI64:
 5333              		.cfi_def_cfa_offset 24
 5334 0004 0546     		mov	r5, r0
2730:Drivers/STM32F1xx_HAL_Driver/Src/stm32f1xx_hal_spi.c ****   uint32_t tickstart;
 5335              		.loc 1 2730 3 is_stmt 1 view .LVU1776
2730:Drivers/STM32F1xx_HAL_Driver/Src/stm32f1xx_hal_spi.c ****   uint32_t tickstart;
 5336              		.loc 1 2730 22 is_stmt 0 view .LVU1777
 5337 0006 446A     		ldr	r4, [r0, #36]
 5338              	.LVL320:
2731:Drivers/STM32F1xx_HAL_Driver/Src/stm32f1xx_hal_spi.c **** 
 5339              		.loc 1 2731 3 is_stmt 1 view .LVU1778
2734:Drivers/STM32F1xx_HAL_Driver/Src/stm32f1xx_hal_spi.c **** 
 5340              		.loc 1 2734 3 view .LVU1779
2734:Drivers/STM32F1xx_HAL_Driver/Src/stm32f1xx_hal_spi.c **** 
 5341              		.loc 1 2734 15 is_stmt 0 view .LVU1780
 5342 0008 FFF7FEFF 		bl	HAL_GetTick
 5343              	.LVL321:
2737:Drivers/STM32F1xx_HAL_Driver/Src/stm32f1xx_hal_spi.c ****   {
 5344              		.loc 1 2737 3 is_stmt 1 view .LVU1781
2737:Drivers/STM32F1xx_HAL_Driver/Src/stm32f1xx_hal_spi.c ****   {
 5345              		.loc 1 2737 12 is_stmt 0 view .LVU1782
 5346 000c 2B68     		ldr	r3, [r5]
2737:Drivers/STM32F1xx_HAL_Driver/Src/stm32f1xx_hal_spi.c ****   {
 5347              		.loc 1 2737 22 view .LVU1783
 5348 000e 1B68     		ldr	r3, [r3]
2737:Drivers/STM32F1xx_HAL_Driver/Src/stm32f1xx_hal_spi.c ****   {
 5349              		.loc 1 2737 6 view .LVU1784
 5350 0010 13F0200F 		tst	r3, #32
 5351 0014 23D1     		bne	.L357
 5352 0016 0246     		mov	r2, r0
2740:Drivers/STM32F1xx_HAL_Driver/Src/stm32f1xx_hal_spi.c **** 
 5353              		.loc 1 2740 5 is_stmt 1 view .LVU1785
 5354 0018 2168     		ldr	r1, [r4]
 5355 001a 4B68     		ldr	r3, [r1, #4]
ARM GAS  /var/folders/y0/yl1wrqfd209ghqq3s8k8qc1m0000gn/T//ccjYiGlu.s 			page 194


 5356 001c 23F02003 		bic	r3, r3, #32
 5357 0020 4B60     		str	r3, [r1, #4]
2743:Drivers/STM32F1xx_HAL_Driver/Src/stm32f1xx_hal_spi.c **** 
 5358              		.loc 1 2743 5 view .LVU1786
 5359 0022 2168     		ldr	r1, [r4]
 5360 0024 4B68     		ldr	r3, [r1, #4]
 5361 0026 23F00203 		bic	r3, r3, #2
 5362 002a 4B60     		str	r3, [r1, #4]
2746:Drivers/STM32F1xx_HAL_Driver/Src/stm32f1xx_hal_spi.c ****     {
 5363              		.loc 1 2746 5 view .LVU1787
2746:Drivers/STM32F1xx_HAL_Driver/Src/stm32f1xx_hal_spi.c ****     {
 5364              		.loc 1 2746 9 is_stmt 0 view .LVU1788
 5365 002c 6421     		movs	r1, #100
 5366 002e 2046     		mov	r0, r4
 5367              	.LVL322:
2746:Drivers/STM32F1xx_HAL_Driver/Src/stm32f1xx_hal_spi.c ****     {
 5368              		.loc 1 2746 9 view .LVU1789
 5369 0030 FFF7FEFF 		bl	SPI_EndRxTxTransaction
 5370              	.LVL323:
2746:Drivers/STM32F1xx_HAL_Driver/Src/stm32f1xx_hal_spi.c ****     {
 5371              		.loc 1 2746 8 discriminator 1 view .LVU1790
 5372 0034 18B1     		cbz	r0, .L358
2748:Drivers/STM32F1xx_HAL_Driver/Src/stm32f1xx_hal_spi.c ****     }
 5373              		.loc 1 2748 7 is_stmt 1 view .LVU1791
 5374 0036 636D     		ldr	r3, [r4, #84]
 5375 0038 43F02003 		orr	r3, r3, #32
 5376 003c 6365     		str	r3, [r4, #84]
 5377              	.L358:
2752:Drivers/STM32F1xx_HAL_Driver/Src/stm32f1xx_hal_spi.c ****     {
 5378              		.loc 1 2752 5 view .LVU1792
2752:Drivers/STM32F1xx_HAL_Driver/Src/stm32f1xx_hal_spi.c ****     {
 5379              		.loc 1 2752 19 is_stmt 0 view .LVU1793
 5380 003e A368     		ldr	r3, [r4, #8]
2752:Drivers/STM32F1xx_HAL_Driver/Src/stm32f1xx_hal_spi.c ****     {
 5381              		.loc 1 2752 8 view .LVU1794
 5382 0040 33B9     		cbnz	r3, .L359
2754:Drivers/STM32F1xx_HAL_Driver/Src/stm32f1xx_hal_spi.c ****     }
 5383              		.loc 1 2754 7 is_stmt 1 view .LVU1795
 5384              	.LBB8:
2754:Drivers/STM32F1xx_HAL_Driver/Src/stm32f1xx_hal_spi.c ****     }
 5385              		.loc 1 2754 7 view .LVU1796
 5386 0042 0193     		str	r3, [sp, #4]
2754:Drivers/STM32F1xx_HAL_Driver/Src/stm32f1xx_hal_spi.c ****     }
 5387              		.loc 1 2754 7 view .LVU1797
 5388 0044 2368     		ldr	r3, [r4]
 5389 0046 DA68     		ldr	r2, [r3, #12]
 5390 0048 0192     		str	r2, [sp, #4]
2754:Drivers/STM32F1xx_HAL_Driver/Src/stm32f1xx_hal_spi.c ****     }
 5391              		.loc 1 2754 7 view .LVU1798
 5392 004a 9B68     		ldr	r3, [r3, #8]
 5393 004c 0193     		str	r3, [sp, #4]
2754:Drivers/STM32F1xx_HAL_Driver/Src/stm32f1xx_hal_spi.c ****     }
 5394              		.loc 1 2754 7 view .LVU1799
 5395 004e 019B     		ldr	r3, [sp, #4]
 5396              	.L359:
 5397              	.LBE8:
2754:Drivers/STM32F1xx_HAL_Driver/Src/stm32f1xx_hal_spi.c ****     }
ARM GAS  /var/folders/y0/yl1wrqfd209ghqq3s8k8qc1m0000gn/T//ccjYiGlu.s 			page 195


 5398              		.loc 1 2754 7 view .LVU1800
2757:Drivers/STM32F1xx_HAL_Driver/Src/stm32f1xx_hal_spi.c ****     hspi->State = HAL_SPI_STATE_READY;
 5399              		.loc 1 2757 5 view .LVU1801
2757:Drivers/STM32F1xx_HAL_Driver/Src/stm32f1xx_hal_spi.c ****     hspi->State = HAL_SPI_STATE_READY;
 5400              		.loc 1 2757 23 is_stmt 0 view .LVU1802
 5401 0050 0023     		movs	r3, #0
 5402 0052 E386     		strh	r3, [r4, #54]	@ movhi
2758:Drivers/STM32F1xx_HAL_Driver/Src/stm32f1xx_hal_spi.c **** 
 5403              		.loc 1 2758 5 is_stmt 1 view .LVU1803
2758:Drivers/STM32F1xx_HAL_Driver/Src/stm32f1xx_hal_spi.c **** 
 5404              		.loc 1 2758 17 is_stmt 0 view .LVU1804
 5405 0054 0123     		movs	r3, #1
 5406 0056 84F85130 		strb	r3, [r4, #81]
2760:Drivers/STM32F1xx_HAL_Driver/Src/stm32f1xx_hal_spi.c ****     {
 5407              		.loc 1 2760 5 is_stmt 1 view .LVU1805
2760:Drivers/STM32F1xx_HAL_Driver/Src/stm32f1xx_hal_spi.c ****     {
 5408              		.loc 1 2760 13 is_stmt 0 view .LVU1806
 5409 005a 636D     		ldr	r3, [r4, #84]
2760:Drivers/STM32F1xx_HAL_Driver/Src/stm32f1xx_hal_spi.c ****     {
 5410              		.loc 1 2760 8 view .LVU1807
 5411 005c 23B9     		cbnz	r3, .L362
 5412              	.L357:
2775:Drivers/STM32F1xx_HAL_Driver/Src/stm32f1xx_hal_spi.c **** #endif /* USE_HAL_SPI_REGISTER_CALLBACKS */
 5413              		.loc 1 2775 3 is_stmt 1 view .LVU1808
 5414 005e 2046     		mov	r0, r4
 5415 0060 FFF7FEFF 		bl	HAL_SPI_TxCpltCallback
 5416              	.LVL324:
 5417              	.L356:
2777:Drivers/STM32F1xx_HAL_Driver/Src/stm32f1xx_hal_spi.c **** 
 5418              		.loc 1 2777 1 is_stmt 0 view .LVU1809
 5419 0064 03B0     		add	sp, sp, #12
 5420              	.LCFI65:
 5421              		.cfi_remember_state
 5422              		.cfi_def_cfa_offset 12
 5423              		@ sp needed
 5424 0066 30BD     		pop	{r4, r5, pc}
 5425              	.LVL325:
 5426              	.L362:
 5427              	.LCFI66:
 5428              		.cfi_restore_state
2766:Drivers/STM32F1xx_HAL_Driver/Src/stm32f1xx_hal_spi.c **** #endif /* USE_HAL_SPI_REGISTER_CALLBACKS */
 5429              		.loc 1 2766 7 is_stmt 1 view .LVU1810
 5430 0068 2046     		mov	r0, r4
 5431 006a FFF7FEFF 		bl	HAL_SPI_ErrorCallback
 5432              	.LVL326:
2768:Drivers/STM32F1xx_HAL_Driver/Src/stm32f1xx_hal_spi.c ****     }
 5433              		.loc 1 2768 7 view .LVU1811
 5434 006e F9E7     		b	.L356
 5435              		.cfi_endproc
 5436              	.LFE94:
 5438              		.section	.text.SPI_DMAReceiveCplt,"ax",%progbits
 5439              		.align	1
 5440              		.syntax unified
 5441              		.thumb
 5442              		.thumb_func
 5444              	SPI_DMAReceiveCplt:
 5445              	.LVL327:
ARM GAS  /var/folders/y0/yl1wrqfd209ghqq3s8k8qc1m0000gn/T//ccjYiGlu.s 			page 196


 5446              	.LFB95:
2786:Drivers/STM32F1xx_HAL_Driver/Src/stm32f1xx_hal_spi.c ****   SPI_HandleTypeDef *hspi = (SPI_HandleTypeDef *)(((DMA_HandleTypeDef *)hdma)->Parent);
 5447              		.loc 1 2786 1 view -0
 5448              		.cfi_startproc
 5449              		@ args = 0, pretend = 0, frame = 0
 5450              		@ frame_needed = 0, uses_anonymous_args = 0
2786:Drivers/STM32F1xx_HAL_Driver/Src/stm32f1xx_hal_spi.c ****   SPI_HandleTypeDef *hspi = (SPI_HandleTypeDef *)(((DMA_HandleTypeDef *)hdma)->Parent);
 5451              		.loc 1 2786 1 is_stmt 0 view .LVU1813
 5452 0000 38B5     		push	{r3, r4, r5, lr}
 5453              	.LCFI67:
 5454              		.cfi_def_cfa_offset 16
 5455              		.cfi_offset 3, -16
 5456              		.cfi_offset 4, -12
 5457              		.cfi_offset 5, -8
 5458              		.cfi_offset 14, -4
 5459 0002 0546     		mov	r5, r0
2787:Drivers/STM32F1xx_HAL_Driver/Src/stm32f1xx_hal_spi.c ****   uint32_t tickstart;
 5460              		.loc 1 2787 3 is_stmt 1 view .LVU1814
2787:Drivers/STM32F1xx_HAL_Driver/Src/stm32f1xx_hal_spi.c ****   uint32_t tickstart;
 5461              		.loc 1 2787 22 is_stmt 0 view .LVU1815
 5462 0004 446A     		ldr	r4, [r0, #36]
 5463              	.LVL328:
2788:Drivers/STM32F1xx_HAL_Driver/Src/stm32f1xx_hal_spi.c **** #if (USE_SPI_CRC != 0U)
 5464              		.loc 1 2788 3 is_stmt 1 view .LVU1816
2794:Drivers/STM32F1xx_HAL_Driver/Src/stm32f1xx_hal_spi.c **** 
 5465              		.loc 1 2794 3 view .LVU1817
2794:Drivers/STM32F1xx_HAL_Driver/Src/stm32f1xx_hal_spi.c **** 
 5466              		.loc 1 2794 15 is_stmt 0 view .LVU1818
 5467 0006 FFF7FEFF 		bl	HAL_GetTick
 5468              	.LVL329:
2797:Drivers/STM32F1xx_HAL_Driver/Src/stm32f1xx_hal_spi.c ****   {
 5469              		.loc 1 2797 3 is_stmt 1 view .LVU1819
2797:Drivers/STM32F1xx_HAL_Driver/Src/stm32f1xx_hal_spi.c ****   {
 5470              		.loc 1 2797 12 is_stmt 0 view .LVU1820
 5471 000a 2B68     		ldr	r3, [r5]
2797:Drivers/STM32F1xx_HAL_Driver/Src/stm32f1xx_hal_spi.c ****   {
 5472              		.loc 1 2797 22 view .LVU1821
 5473 000c 1B68     		ldr	r3, [r3]
2797:Drivers/STM32F1xx_HAL_Driver/Src/stm32f1xx_hal_spi.c ****   {
 5474              		.loc 1 2797 6 view .LVU1822
 5475 000e 13F0200F 		tst	r3, #32
 5476 0012 1ED1     		bne	.L364
 5477 0014 0246     		mov	r2, r0
2800:Drivers/STM32F1xx_HAL_Driver/Src/stm32f1xx_hal_spi.c **** 
 5478              		.loc 1 2800 5 is_stmt 1 view .LVU1823
 5479 0016 2168     		ldr	r1, [r4]
 5480 0018 4B68     		ldr	r3, [r1, #4]
 5481 001a 23F02003 		bic	r3, r3, #32
 5482 001e 4B60     		str	r3, [r1, #4]
2820:Drivers/STM32F1xx_HAL_Driver/Src/stm32f1xx_hal_spi.c ****     {
 5483              		.loc 1 2820 5 view .LVU1824
2820:Drivers/STM32F1xx_HAL_Driver/Src/stm32f1xx_hal_spi.c ****     {
 5484              		.loc 1 2820 20 is_stmt 0 view .LVU1825
 5485 0020 A368     		ldr	r3, [r4, #8]
2820:Drivers/STM32F1xx_HAL_Driver/Src/stm32f1xx_hal_spi.c ****     {
 5486              		.loc 1 2820 8 view .LVU1826
 5487 0022 1BB9     		cbnz	r3, .L365
ARM GAS  /var/folders/y0/yl1wrqfd209ghqq3s8k8qc1m0000gn/T//ccjYiGlu.s 			page 197


2820:Drivers/STM32F1xx_HAL_Driver/Src/stm32f1xx_hal_spi.c ****     {
 5488              		.loc 1 2820 70 discriminator 1 view .LVU1827
 5489 0024 6368     		ldr	r3, [r4, #4]
2820:Drivers/STM32F1xx_HAL_Driver/Src/stm32f1xx_hal_spi.c ****     {
 5490              		.loc 1 2820 56 discriminator 1 view .LVU1828
 5491 0026 B3F5827F 		cmp	r3, #260
 5492 002a 16D0     		beq	.L370
 5493              	.L365:
2828:Drivers/STM32F1xx_HAL_Driver/Src/stm32f1xx_hal_spi.c ****     }
 5494              		.loc 1 2828 7 is_stmt 1 view .LVU1829
 5495 002c 2168     		ldr	r1, [r4]
 5496 002e 4B68     		ldr	r3, [r1, #4]
 5497 0030 23F00103 		bic	r3, r3, #1
 5498 0034 4B60     		str	r3, [r1, #4]
 5499              	.L366:
2832:Drivers/STM32F1xx_HAL_Driver/Src/stm32f1xx_hal_spi.c ****     {
 5500              		.loc 1 2832 5 view .LVU1830
2832:Drivers/STM32F1xx_HAL_Driver/Src/stm32f1xx_hal_spi.c ****     {
 5501              		.loc 1 2832 9 is_stmt 0 view .LVU1831
 5502 0036 6421     		movs	r1, #100
 5503 0038 2046     		mov	r0, r4
 5504              	.LVL330:
2832:Drivers/STM32F1xx_HAL_Driver/Src/stm32f1xx_hal_spi.c ****     {
 5505              		.loc 1 2832 9 view .LVU1832
 5506 003a FFF7FEFF 		bl	SPI_EndRxTransaction
 5507              	.LVL331:
2832:Drivers/STM32F1xx_HAL_Driver/Src/stm32f1xx_hal_spi.c ****     {
 5508              		.loc 1 2832 8 discriminator 1 view .LVU1833
 5509 003e 08B1     		cbz	r0, .L367
2834:Drivers/STM32F1xx_HAL_Driver/Src/stm32f1xx_hal_spi.c ****     }
 5510              		.loc 1 2834 7 is_stmt 1 view .LVU1834
2834:Drivers/STM32F1xx_HAL_Driver/Src/stm32f1xx_hal_spi.c ****     }
 5511              		.loc 1 2834 23 is_stmt 0 view .LVU1835
 5512 0040 2023     		movs	r3, #32
 5513 0042 6365     		str	r3, [r4, #84]
 5514              	.L367:
2837:Drivers/STM32F1xx_HAL_Driver/Src/stm32f1xx_hal_spi.c ****     hspi->State = HAL_SPI_STATE_READY;
 5515              		.loc 1 2837 5 is_stmt 1 view .LVU1836
2837:Drivers/STM32F1xx_HAL_Driver/Src/stm32f1xx_hal_spi.c ****     hspi->State = HAL_SPI_STATE_READY;
 5516              		.loc 1 2837 23 is_stmt 0 view .LVU1837
 5517 0044 0023     		movs	r3, #0
 5518 0046 E387     		strh	r3, [r4, #62]	@ movhi
2838:Drivers/STM32F1xx_HAL_Driver/Src/stm32f1xx_hal_spi.c **** 
 5519              		.loc 1 2838 5 is_stmt 1 view .LVU1838
2838:Drivers/STM32F1xx_HAL_Driver/Src/stm32f1xx_hal_spi.c **** 
 5520              		.loc 1 2838 17 is_stmt 0 view .LVU1839
 5521 0048 0123     		movs	r3, #1
 5522 004a 84F85130 		strb	r3, [r4, #81]
2859:Drivers/STM32F1xx_HAL_Driver/Src/stm32f1xx_hal_spi.c ****     {
 5523              		.loc 1 2859 5 is_stmt 1 view .LVU1840
2859:Drivers/STM32F1xx_HAL_Driver/Src/stm32f1xx_hal_spi.c ****     {
 5524              		.loc 1 2859 13 is_stmt 0 view .LVU1841
 5525 004e 636D     		ldr	r3, [r4, #84]
2859:Drivers/STM32F1xx_HAL_Driver/Src/stm32f1xx_hal_spi.c ****     {
 5526              		.loc 1 2859 8 view .LVU1842
 5527 0050 4BB9     		cbnz	r3, .L371
 5528              	.L364:
ARM GAS  /var/folders/y0/yl1wrqfd209ghqq3s8k8qc1m0000gn/T//ccjYiGlu.s 			page 198


2874:Drivers/STM32F1xx_HAL_Driver/Src/stm32f1xx_hal_spi.c **** #endif /* USE_HAL_SPI_REGISTER_CALLBACKS */
 5529              		.loc 1 2874 3 is_stmt 1 view .LVU1843
 5530 0052 2046     		mov	r0, r4
 5531 0054 FFF7FEFF 		bl	HAL_SPI_RxCpltCallback
 5532              	.LVL332:
 5533              	.L363:
2876:Drivers/STM32F1xx_HAL_Driver/Src/stm32f1xx_hal_spi.c **** 
 5534              		.loc 1 2876 1 is_stmt 0 view .LVU1844
 5535 0058 38BD     		pop	{r3, r4, r5, pc}
 5536              	.LVL333:
 5537              	.L370:
2823:Drivers/STM32F1xx_HAL_Driver/Src/stm32f1xx_hal_spi.c ****     }
 5538              		.loc 1 2823 7 is_stmt 1 view .LVU1845
 5539 005a 2168     		ldr	r1, [r4]
 5540 005c 4B68     		ldr	r3, [r1, #4]
 5541 005e 23F00303 		bic	r3, r3, #3
 5542 0062 4B60     		str	r3, [r1, #4]
 5543 0064 E7E7     		b	.L366
 5544              	.LVL334:
 5545              	.L371:
2865:Drivers/STM32F1xx_HAL_Driver/Src/stm32f1xx_hal_spi.c **** #endif /* USE_HAL_SPI_REGISTER_CALLBACKS */
 5546              		.loc 1 2865 7 view .LVU1846
 5547 0066 2046     		mov	r0, r4
 5548 0068 FFF7FEFF 		bl	HAL_SPI_ErrorCallback
 5549              	.LVL335:
2867:Drivers/STM32F1xx_HAL_Driver/Src/stm32f1xx_hal_spi.c ****     }
 5550              		.loc 1 2867 7 view .LVU1847
 5551 006c F4E7     		b	.L363
 5552              		.cfi_endproc
 5553              	.LFE95:
 5555              		.section	.text.SPI_DMATransmitReceiveCplt,"ax",%progbits
 5556              		.align	1
 5557              		.syntax unified
 5558              		.thumb
 5559              		.thumb_func
 5561              	SPI_DMATransmitReceiveCplt:
 5562              	.LVL336:
 5563              	.LFB96:
2885:Drivers/STM32F1xx_HAL_Driver/Src/stm32f1xx_hal_spi.c ****   SPI_HandleTypeDef *hspi = (SPI_HandleTypeDef *)(((DMA_HandleTypeDef *)hdma)->Parent);
 5564              		.loc 1 2885 1 view -0
 5565              		.cfi_startproc
 5566              		@ args = 0, pretend = 0, frame = 0
 5567              		@ frame_needed = 0, uses_anonymous_args = 0
2885:Drivers/STM32F1xx_HAL_Driver/Src/stm32f1xx_hal_spi.c ****   SPI_HandleTypeDef *hspi = (SPI_HandleTypeDef *)(((DMA_HandleTypeDef *)hdma)->Parent);
 5568              		.loc 1 2885 1 is_stmt 0 view .LVU1849
 5569 0000 38B5     		push	{r3, r4, r5, lr}
 5570              	.LCFI68:
 5571              		.cfi_def_cfa_offset 16
 5572              		.cfi_offset 3, -16
 5573              		.cfi_offset 4, -12
 5574              		.cfi_offset 5, -8
 5575              		.cfi_offset 14, -4
 5576 0002 0546     		mov	r5, r0
2886:Drivers/STM32F1xx_HAL_Driver/Src/stm32f1xx_hal_spi.c ****   uint32_t tickstart;
 5577              		.loc 1 2886 3 is_stmt 1 view .LVU1850
2886:Drivers/STM32F1xx_HAL_Driver/Src/stm32f1xx_hal_spi.c ****   uint32_t tickstart;
 5578              		.loc 1 2886 22 is_stmt 0 view .LVU1851
ARM GAS  /var/folders/y0/yl1wrqfd209ghqq3s8k8qc1m0000gn/T//ccjYiGlu.s 			page 199


 5579 0004 446A     		ldr	r4, [r0, #36]
 5580              	.LVL337:
2887:Drivers/STM32F1xx_HAL_Driver/Src/stm32f1xx_hal_spi.c **** #if (USE_SPI_CRC != 0U)
 5581              		.loc 1 2887 3 is_stmt 1 view .LVU1852
2893:Drivers/STM32F1xx_HAL_Driver/Src/stm32f1xx_hal_spi.c **** 
 5582              		.loc 1 2893 3 view .LVU1853
2893:Drivers/STM32F1xx_HAL_Driver/Src/stm32f1xx_hal_spi.c **** 
 5583              		.loc 1 2893 15 is_stmt 0 view .LVU1854
 5584 0006 FFF7FEFF 		bl	HAL_GetTick
 5585              	.LVL338:
2896:Drivers/STM32F1xx_HAL_Driver/Src/stm32f1xx_hal_spi.c ****   {
 5586              		.loc 1 2896 3 is_stmt 1 view .LVU1855
2896:Drivers/STM32F1xx_HAL_Driver/Src/stm32f1xx_hal_spi.c ****   {
 5587              		.loc 1 2896 12 is_stmt 0 view .LVU1856
 5588 000a 2B68     		ldr	r3, [r5]
2896:Drivers/STM32F1xx_HAL_Driver/Src/stm32f1xx_hal_spi.c ****   {
 5589              		.loc 1 2896 22 view .LVU1857
 5590 000c 1B68     		ldr	r3, [r3]
2896:Drivers/STM32F1xx_HAL_Driver/Src/stm32f1xx_hal_spi.c ****   {
 5591              		.loc 1 2896 6 view .LVU1858
 5592 000e 13F0200F 		tst	r3, #32
 5593 0012 1BD1     		bne	.L373
 5594 0014 0246     		mov	r2, r0
2899:Drivers/STM32F1xx_HAL_Driver/Src/stm32f1xx_hal_spi.c **** 
 5595              		.loc 1 2899 5 is_stmt 1 view .LVU1859
 5596 0016 2168     		ldr	r1, [r4]
 5597 0018 4B68     		ldr	r3, [r1, #4]
 5598 001a 23F02003 		bic	r3, r3, #32
 5599 001e 4B60     		str	r3, [r1, #4]
2918:Drivers/STM32F1xx_HAL_Driver/Src/stm32f1xx_hal_spi.c ****     {
 5600              		.loc 1 2918 5 view .LVU1860
2918:Drivers/STM32F1xx_HAL_Driver/Src/stm32f1xx_hal_spi.c ****     {
 5601              		.loc 1 2918 9 is_stmt 0 view .LVU1861
 5602 0020 6421     		movs	r1, #100
 5603 0022 2046     		mov	r0, r4
 5604              	.LVL339:
2918:Drivers/STM32F1xx_HAL_Driver/Src/stm32f1xx_hal_spi.c ****     {
 5605              		.loc 1 2918 9 view .LVU1862
 5606 0024 FFF7FEFF 		bl	SPI_EndRxTxTransaction
 5607              	.LVL340:
2918:Drivers/STM32F1xx_HAL_Driver/Src/stm32f1xx_hal_spi.c ****     {
 5608              		.loc 1 2918 8 discriminator 1 view .LVU1863
 5609 0028 18B1     		cbz	r0, .L374
2920:Drivers/STM32F1xx_HAL_Driver/Src/stm32f1xx_hal_spi.c ****     }
 5610              		.loc 1 2920 7 is_stmt 1 view .LVU1864
 5611 002a 636D     		ldr	r3, [r4, #84]
 5612 002c 43F02003 		orr	r3, r3, #32
 5613 0030 6365     		str	r3, [r4, #84]
 5614              	.L374:
2924:Drivers/STM32F1xx_HAL_Driver/Src/stm32f1xx_hal_spi.c **** 
 5615              		.loc 1 2924 5 view .LVU1865
 5616 0032 2268     		ldr	r2, [r4]
 5617 0034 5368     		ldr	r3, [r2, #4]
 5618 0036 23F00303 		bic	r3, r3, #3
 5619 003a 5360     		str	r3, [r2, #4]
2926:Drivers/STM32F1xx_HAL_Driver/Src/stm32f1xx_hal_spi.c ****     hspi->RxXferCount = 0U;
 5620              		.loc 1 2926 5 view .LVU1866
ARM GAS  /var/folders/y0/yl1wrqfd209ghqq3s8k8qc1m0000gn/T//ccjYiGlu.s 			page 200


2926:Drivers/STM32F1xx_HAL_Driver/Src/stm32f1xx_hal_spi.c ****     hspi->RxXferCount = 0U;
 5621              		.loc 1 2926 23 is_stmt 0 view .LVU1867
 5622 003c 0023     		movs	r3, #0
 5623 003e E386     		strh	r3, [r4, #54]	@ movhi
2927:Drivers/STM32F1xx_HAL_Driver/Src/stm32f1xx_hal_spi.c ****     hspi->State = HAL_SPI_STATE_READY;
 5624              		.loc 1 2927 5 is_stmt 1 view .LVU1868
2927:Drivers/STM32F1xx_HAL_Driver/Src/stm32f1xx_hal_spi.c ****     hspi->State = HAL_SPI_STATE_READY;
 5625              		.loc 1 2927 23 is_stmt 0 view .LVU1869
 5626 0040 E387     		strh	r3, [r4, #62]	@ movhi
2928:Drivers/STM32F1xx_HAL_Driver/Src/stm32f1xx_hal_spi.c **** 
 5627              		.loc 1 2928 5 is_stmt 1 view .LVU1870
2928:Drivers/STM32F1xx_HAL_Driver/Src/stm32f1xx_hal_spi.c **** 
 5628              		.loc 1 2928 17 is_stmt 0 view .LVU1871
 5629 0042 0123     		movs	r3, #1
 5630 0044 84F85130 		strb	r3, [r4, #81]
2949:Drivers/STM32F1xx_HAL_Driver/Src/stm32f1xx_hal_spi.c ****     {
 5631              		.loc 1 2949 5 is_stmt 1 view .LVU1872
2949:Drivers/STM32F1xx_HAL_Driver/Src/stm32f1xx_hal_spi.c ****     {
 5632              		.loc 1 2949 13 is_stmt 0 view .LVU1873
 5633 0048 636D     		ldr	r3, [r4, #84]
2949:Drivers/STM32F1xx_HAL_Driver/Src/stm32f1xx_hal_spi.c ****     {
 5634              		.loc 1 2949 8 view .LVU1874
 5635 004a 1BB9     		cbnz	r3, .L377
 5636              	.L373:
2964:Drivers/STM32F1xx_HAL_Driver/Src/stm32f1xx_hal_spi.c **** #endif /* USE_HAL_SPI_REGISTER_CALLBACKS */
 5637              		.loc 1 2964 3 is_stmt 1 view .LVU1875
 5638 004c 2046     		mov	r0, r4
 5639 004e FFF7FEFF 		bl	HAL_SPI_TxRxCpltCallback
 5640              	.LVL341:
 5641              	.L372:
2966:Drivers/STM32F1xx_HAL_Driver/Src/stm32f1xx_hal_spi.c **** 
 5642              		.loc 1 2966 1 is_stmt 0 view .LVU1876
 5643 0052 38BD     		pop	{r3, r4, r5, pc}
 5644              	.LVL342:
 5645              	.L377:
2955:Drivers/STM32F1xx_HAL_Driver/Src/stm32f1xx_hal_spi.c **** #endif /* USE_HAL_SPI_REGISTER_CALLBACKS */
 5646              		.loc 1 2955 7 is_stmt 1 view .LVU1877
 5647 0054 2046     		mov	r0, r4
 5648 0056 FFF7FEFF 		bl	HAL_SPI_ErrorCallback
 5649              	.LVL343:
2957:Drivers/STM32F1xx_HAL_Driver/Src/stm32f1xx_hal_spi.c ****     }
 5650              		.loc 1 2957 7 view .LVU1878
 5651 005a FAE7     		b	.L372
 5652              		.cfi_endproc
 5653              	.LFE96:
 5655              		.section	.text.HAL_SPI_IRQHandler,"ax",%progbits
 5656              		.align	1
 5657              		.global	HAL_SPI_IRQHandler
 5658              		.syntax unified
 5659              		.thumb
 5660              		.thumb_func
 5662              	HAL_SPI_IRQHandler:
 5663              	.LVL344:
 5664              	.LFB83:
2441:Drivers/STM32F1xx_HAL_Driver/Src/stm32f1xx_hal_spi.c ****   uint32_t itsource = hspi->Instance->CR2;
 5665              		.loc 1 2441 1 view -0
 5666              		.cfi_startproc
ARM GAS  /var/folders/y0/yl1wrqfd209ghqq3s8k8qc1m0000gn/T//ccjYiGlu.s 			page 201


 5667              		@ args = 0, pretend = 0, frame = 16
 5668              		@ frame_needed = 0, uses_anonymous_args = 0
2441:Drivers/STM32F1xx_HAL_Driver/Src/stm32f1xx_hal_spi.c ****   uint32_t itsource = hspi->Instance->CR2;
 5669              		.loc 1 2441 1 is_stmt 0 view .LVU1880
 5670 0000 10B5     		push	{r4, lr}
 5671              	.LCFI69:
 5672              		.cfi_def_cfa_offset 8
 5673              		.cfi_offset 4, -8
 5674              		.cfi_offset 14, -4
 5675 0002 84B0     		sub	sp, sp, #16
 5676              	.LCFI70:
 5677              		.cfi_def_cfa_offset 24
 5678 0004 0446     		mov	r4, r0
2442:Drivers/STM32F1xx_HAL_Driver/Src/stm32f1xx_hal_spi.c ****   uint32_t itflag   = hspi->Instance->SR;
 5679              		.loc 1 2442 3 is_stmt 1 view .LVU1881
2442:Drivers/STM32F1xx_HAL_Driver/Src/stm32f1xx_hal_spi.c ****   uint32_t itflag   = hspi->Instance->SR;
 5680              		.loc 1 2442 27 is_stmt 0 view .LVU1882
 5681 0006 0268     		ldr	r2, [r0]
2442:Drivers/STM32F1xx_HAL_Driver/Src/stm32f1xx_hal_spi.c ****   uint32_t itflag   = hspi->Instance->SR;
 5682              		.loc 1 2442 12 view .LVU1883
 5683 0008 5168     		ldr	r1, [r2, #4]
 5684              	.LVL345:
2443:Drivers/STM32F1xx_HAL_Driver/Src/stm32f1xx_hal_spi.c **** 
 5685              		.loc 1 2443 3 is_stmt 1 view .LVU1884
2443:Drivers/STM32F1xx_HAL_Driver/Src/stm32f1xx_hal_spi.c **** 
 5686              		.loc 1 2443 12 is_stmt 0 view .LVU1885
 5687 000a 9368     		ldr	r3, [r2, #8]
 5688              	.LVL346:
2446:Drivers/STM32F1xx_HAL_Driver/Src/stm32f1xx_hal_spi.c ****       (SPI_CHECK_FLAG(itflag, SPI_FLAG_RXNE) != RESET) && (SPI_CHECK_IT_SOURCE(itsource, SPI_IT_RXN
 5689              		.loc 1 2446 3 is_stmt 1 view .LVU1886
 5690 000c C3F38010 		ubfx	r0, r3, #6, #1
 5691              	.LVL347:
2446:Drivers/STM32F1xx_HAL_Driver/Src/stm32f1xx_hal_spi.c ****       (SPI_CHECK_FLAG(itflag, SPI_FLAG_RXNE) != RESET) && (SPI_CHECK_IT_SOURCE(itsource, SPI_IT_RXN
 5692              		.loc 1 2446 6 is_stmt 0 view .LVU1887
 5693 0010 13F0400F 		tst	r3, #64
 5694 0014 05D1     		bne	.L379
2446:Drivers/STM32F1xx_HAL_Driver/Src/stm32f1xx_hal_spi.c ****       (SPI_CHECK_FLAG(itflag, SPI_FLAG_RXNE) != RESET) && (SPI_CHECK_IT_SOURCE(itsource, SPI_IT_RXN
 5695              		.loc 1 2446 55 discriminator 1 view .LVU1888
 5696 0016 13F0010F 		tst	r3, #1
 5697 001a 02D0     		beq	.L379
2447:Drivers/STM32F1xx_HAL_Driver/Src/stm32f1xx_hal_spi.c ****   {
 5698              		.loc 1 2447 56 view .LVU1889
 5699 001c 11F0400F 		tst	r1, #64
 5700 0020 5ED1     		bne	.L391
 5701              	.L379:
2454:Drivers/STM32F1xx_HAL_Driver/Src/stm32f1xx_hal_spi.c ****   {
 5702              		.loc 1 2454 3 is_stmt 1 view .LVU1890
2454:Drivers/STM32F1xx_HAL_Driver/Src/stm32f1xx_hal_spi.c ****   {
 5703              		.loc 1 2454 6 is_stmt 0 view .LVU1891
 5704 0022 13F0020F 		tst	r3, #2
 5705 0026 02D0     		beq	.L381
2454:Drivers/STM32F1xx_HAL_Driver/Src/stm32f1xx_hal_spi.c ****   {
 5706              		.loc 1 2454 55 discriminator 1 view .LVU1892
 5707 0028 11F0800F 		tst	r1, #128
 5708 002c 5CD1     		bne	.L392
 5709              	.L381:
2461:Drivers/STM32F1xx_HAL_Driver/Src/stm32f1xx_hal_spi.c ****       && (SPI_CHECK_IT_SOURCE(itsource, SPI_IT_ERR) != RESET))
ARM GAS  /var/folders/y0/yl1wrqfd209ghqq3s8k8qc1m0000gn/T//ccjYiGlu.s 			page 202


 5710              		.loc 1 2461 3 is_stmt 1 view .LVU1893
 5711 002e C3F3401C 		ubfx	ip, r3, #5, #1
2461:Drivers/STM32F1xx_HAL_Driver/Src/stm32f1xx_hal_spi.c ****       && (SPI_CHECK_IT_SOURCE(itsource, SPI_IT_ERR) != RESET))
 5712              		.loc 1 2461 6 is_stmt 0 view .LVU1894
 5713 0032 13F0200F 		tst	r3, #32
 5714 0036 01D1     		bne	.L382
2461:Drivers/STM32F1xx_HAL_Driver/Src/stm32f1xx_hal_spi.c ****       && (SPI_CHECK_IT_SOURCE(itsource, SPI_IT_ERR) != RESET))
 5715              		.loc 1 2461 57 discriminator 1 view .LVU1895
 5716 0038 0028     		cmp	r0, #0
 5717 003a 58D0     		beq	.L378
 5718              	.L382:
2462:Drivers/STM32F1xx_HAL_Driver/Src/stm32f1xx_hal_spi.c ****   {
 5719              		.loc 1 2462 7 view .LVU1896
 5720 003c 11F0200F 		tst	r1, #32
 5721 0040 55D0     		beq	.L378
2465:Drivers/STM32F1xx_HAL_Driver/Src/stm32f1xx_hal_spi.c ****     {
 5722              		.loc 1 2465 5 is_stmt 1 view .LVU1897
2465:Drivers/STM32F1xx_HAL_Driver/Src/stm32f1xx_hal_spi.c ****     {
 5723              		.loc 1 2465 8 is_stmt 0 view .LVU1898
 5724 0042 70B1     		cbz	r0, .L383
2467:Drivers/STM32F1xx_HAL_Driver/Src/stm32f1xx_hal_spi.c ****       {
 5725              		.loc 1 2467 7 is_stmt 1 view .LVU1899
2467:Drivers/STM32F1xx_HAL_Driver/Src/stm32f1xx_hal_spi.c ****       {
 5726              		.loc 1 2467 15 is_stmt 0 view .LVU1900
 5727 0044 94F85130 		ldrb	r3, [r4, #81]	@ zero_extendqisi2
 5728              	.LVL348:
2467:Drivers/STM32F1xx_HAL_Driver/Src/stm32f1xx_hal_spi.c ****       {
 5729              		.loc 1 2467 10 view .LVU1901
 5730 0048 032B     		cmp	r3, #3
 5731 004a 52D0     		beq	.L384
2469:Drivers/STM32F1xx_HAL_Driver/Src/stm32f1xx_hal_spi.c ****         __HAL_SPI_CLEAR_OVRFLAG(hspi);
 5732              		.loc 1 2469 9 is_stmt 1 view .LVU1902
 5733 004c 636D     		ldr	r3, [r4, #84]
 5734 004e 43F00403 		orr	r3, r3, #4
 5735 0052 6365     		str	r3, [r4, #84]
2470:Drivers/STM32F1xx_HAL_Driver/Src/stm32f1xx_hal_spi.c ****       }
 5736              		.loc 1 2470 9 view .LVU1903
 5737              	.LBB9:
2470:Drivers/STM32F1xx_HAL_Driver/Src/stm32f1xx_hal_spi.c ****       }
 5738              		.loc 1 2470 9 view .LVU1904
 5739 0054 0023     		movs	r3, #0
 5740 0056 0193     		str	r3, [sp, #4]
2470:Drivers/STM32F1xx_HAL_Driver/Src/stm32f1xx_hal_spi.c ****       }
 5741              		.loc 1 2470 9 view .LVU1905
 5742 0058 D368     		ldr	r3, [r2, #12]
 5743 005a 0193     		str	r3, [sp, #4]
2470:Drivers/STM32F1xx_HAL_Driver/Src/stm32f1xx_hal_spi.c ****       }
 5744              		.loc 1 2470 9 view .LVU1906
 5745 005c 9368     		ldr	r3, [r2, #8]
 5746 005e 0193     		str	r3, [sp, #4]
2470:Drivers/STM32F1xx_HAL_Driver/Src/stm32f1xx_hal_spi.c ****       }
 5747              		.loc 1 2470 9 view .LVU1907
 5748 0060 019B     		ldr	r3, [sp, #4]
 5749              	.LBE9:
2470:Drivers/STM32F1xx_HAL_Driver/Src/stm32f1xx_hal_spi.c ****       }
 5750              		.loc 1 2470 9 view .LVU1908
 5751              	.L383:
ARM GAS  /var/folders/y0/yl1wrqfd209ghqq3s8k8qc1m0000gn/T//ccjYiGlu.s 			page 203


2480:Drivers/STM32F1xx_HAL_Driver/Src/stm32f1xx_hal_spi.c ****     {
 5752              		.loc 1 2480 5 view .LVU1909
2480:Drivers/STM32F1xx_HAL_Driver/Src/stm32f1xx_hal_spi.c ****     {
 5753              		.loc 1 2480 8 is_stmt 0 view .LVU1910
 5754 0062 BCF1000F 		cmp	ip, #0
 5755 0066 0CD0     		beq	.L385
2482:Drivers/STM32F1xx_HAL_Driver/Src/stm32f1xx_hal_spi.c ****       __HAL_SPI_CLEAR_MODFFLAG(hspi);
 5756              		.loc 1 2482 7 is_stmt 1 view .LVU1911
 5757 0068 636D     		ldr	r3, [r4, #84]
 5758 006a 43F00103 		orr	r3, r3, #1
 5759 006e 6365     		str	r3, [r4, #84]
2483:Drivers/STM32F1xx_HAL_Driver/Src/stm32f1xx_hal_spi.c ****     }
 5760              		.loc 1 2483 7 view .LVU1912
 5761              	.LBB10:
2483:Drivers/STM32F1xx_HAL_Driver/Src/stm32f1xx_hal_spi.c ****     }
 5762              		.loc 1 2483 7 view .LVU1913
 5763 0070 0023     		movs	r3, #0
 5764 0072 0393     		str	r3, [sp, #12]
2483:Drivers/STM32F1xx_HAL_Driver/Src/stm32f1xx_hal_spi.c ****     }
 5765              		.loc 1 2483 7 view .LVU1914
 5766 0074 9368     		ldr	r3, [r2, #8]
 5767 0076 0393     		str	r3, [sp, #12]
2483:Drivers/STM32F1xx_HAL_Driver/Src/stm32f1xx_hal_spi.c ****     }
 5768              		.loc 1 2483 7 view .LVU1915
 5769 0078 1368     		ldr	r3, [r2]
 5770 007a 23F04003 		bic	r3, r3, #64
 5771 007e 1360     		str	r3, [r2]
2483:Drivers/STM32F1xx_HAL_Driver/Src/stm32f1xx_hal_spi.c ****     }
 5772              		.loc 1 2483 7 view .LVU1916
 5773 0080 039B     		ldr	r3, [sp, #12]
 5774              	.L385:
2483:Drivers/STM32F1xx_HAL_Driver/Src/stm32f1xx_hal_spi.c ****     }
 5775              		.loc 1 2483 7 is_stmt 0 view .LVU1917
 5776              	.LBE10:
2483:Drivers/STM32F1xx_HAL_Driver/Src/stm32f1xx_hal_spi.c ****     }
 5777              		.loc 1 2483 7 is_stmt 1 view .LVU1918
2488:Drivers/STM32F1xx_HAL_Driver/Src/stm32f1xx_hal_spi.c ****     {
 5778              		.loc 1 2488 5 view .LVU1919
2488:Drivers/STM32F1xx_HAL_Driver/Src/stm32f1xx_hal_spi.c ****     {
 5779              		.loc 1 2488 13 is_stmt 0 view .LVU1920
 5780 0082 636D     		ldr	r3, [r4, #84]
2488:Drivers/STM32F1xx_HAL_Driver/Src/stm32f1xx_hal_spi.c ****     {
 5781              		.loc 1 2488 8 view .LVU1921
 5782 0084 002B     		cmp	r3, #0
 5783 0086 32D0     		beq	.L378
2491:Drivers/STM32F1xx_HAL_Driver/Src/stm32f1xx_hal_spi.c **** 
 5784              		.loc 1 2491 7 is_stmt 1 view .LVU1922
 5785 0088 2268     		ldr	r2, [r4]
 5786 008a 5368     		ldr	r3, [r2, #4]
 5787 008c 23F0E003 		bic	r3, r3, #224
 5788 0090 5360     		str	r3, [r2, #4]
2493:Drivers/STM32F1xx_HAL_Driver/Src/stm32f1xx_hal_spi.c ****       /* Disable the SPI DMA requests if enabled */
 5789              		.loc 1 2493 7 view .LVU1923
2493:Drivers/STM32F1xx_HAL_Driver/Src/stm32f1xx_hal_spi.c ****       /* Disable the SPI DMA requests if enabled */
 5790              		.loc 1 2493 19 is_stmt 0 view .LVU1924
 5791 0092 0123     		movs	r3, #1
 5792 0094 84F85130 		strb	r3, [r4, #81]
ARM GAS  /var/folders/y0/yl1wrqfd209ghqq3s8k8qc1m0000gn/T//ccjYiGlu.s 			page 204


2495:Drivers/STM32F1xx_HAL_Driver/Src/stm32f1xx_hal_spi.c ****       {
 5793              		.loc 1 2495 7 is_stmt 1 view .LVU1925
2495:Drivers/STM32F1xx_HAL_Driver/Src/stm32f1xx_hal_spi.c ****       {
 5794              		.loc 1 2495 10 is_stmt 0 view .LVU1926
 5795 0098 11F0020F 		tst	r1, #2
 5796 009c 02D1     		bne	.L387
2495:Drivers/STM32F1xx_HAL_Driver/Src/stm32f1xx_hal_spi.c ****       {
 5797              		.loc 1 2495 55 discriminator 1 view .LVU1927
 5798 009e 11F0010F 		tst	r1, #1
 5799 00a2 2ED0     		beq	.L388
 5800              	.L387:
2497:Drivers/STM32F1xx_HAL_Driver/Src/stm32f1xx_hal_spi.c **** 
 5801              		.loc 1 2497 9 is_stmt 1 view .LVU1928
 5802 00a4 2268     		ldr	r2, [r4]
 5803 00a6 5368     		ldr	r3, [r2, #4]
 5804 00a8 23F00303 		bic	r3, r3, #3
 5805 00ac 5360     		str	r3, [r2, #4]
2500:Drivers/STM32F1xx_HAL_Driver/Src/stm32f1xx_hal_spi.c ****         {
 5806              		.loc 1 2500 9 view .LVU1929
2500:Drivers/STM32F1xx_HAL_Driver/Src/stm32f1xx_hal_spi.c ****         {
 5807              		.loc 1 2500 17 is_stmt 0 view .LVU1930
 5808 00ae E36C     		ldr	r3, [r4, #76]
2500:Drivers/STM32F1xx_HAL_Driver/Src/stm32f1xx_hal_spi.c ****         {
 5809              		.loc 1 2500 12 view .LVU1931
 5810 00b0 4BB1     		cbz	r3, .L389
2504:Drivers/STM32F1xx_HAL_Driver/Src/stm32f1xx_hal_spi.c ****           if (HAL_OK != HAL_DMA_Abort_IT(hspi->hdmarx))
 5811              		.loc 1 2504 11 is_stmt 1 view .LVU1932
2504:Drivers/STM32F1xx_HAL_Driver/Src/stm32f1xx_hal_spi.c ****           if (HAL_OK != HAL_DMA_Abort_IT(hspi->hdmarx))
 5812              		.loc 1 2504 43 is_stmt 0 view .LVU1933
 5813 00b2 164A     		ldr	r2, .L393
 5814 00b4 5A63     		str	r2, [r3, #52]
2505:Drivers/STM32F1xx_HAL_Driver/Src/stm32f1xx_hal_spi.c ****           {
 5815              		.loc 1 2505 11 is_stmt 1 view .LVU1934
2505:Drivers/STM32F1xx_HAL_Driver/Src/stm32f1xx_hal_spi.c ****           {
 5816              		.loc 1 2505 25 is_stmt 0 view .LVU1935
 5817 00b6 E06C     		ldr	r0, [r4, #76]
 5818 00b8 FFF7FEFF 		bl	HAL_DMA_Abort_IT
 5819              	.LVL349:
2505:Drivers/STM32F1xx_HAL_Driver/Src/stm32f1xx_hal_spi.c ****           {
 5820              		.loc 1 2505 14 discriminator 1 view .LVU1936
 5821 00bc 18B1     		cbz	r0, .L389
2507:Drivers/STM32F1xx_HAL_Driver/Src/stm32f1xx_hal_spi.c ****           }
 5822              		.loc 1 2507 13 is_stmt 1 view .LVU1937
 5823 00be 636D     		ldr	r3, [r4, #84]
 5824 00c0 43F04003 		orr	r3, r3, #64
 5825 00c4 6365     		str	r3, [r4, #84]
 5826              	.L389:
2511:Drivers/STM32F1xx_HAL_Driver/Src/stm32f1xx_hal_spi.c ****         {
 5827              		.loc 1 2511 9 view .LVU1938
2511:Drivers/STM32F1xx_HAL_Driver/Src/stm32f1xx_hal_spi.c ****         {
 5828              		.loc 1 2511 17 is_stmt 0 view .LVU1939
 5829 00c6 A36C     		ldr	r3, [r4, #72]
2511:Drivers/STM32F1xx_HAL_Driver/Src/stm32f1xx_hal_spi.c ****         {
 5830              		.loc 1 2511 12 view .LVU1940
 5831 00c8 8BB1     		cbz	r3, .L378
2515:Drivers/STM32F1xx_HAL_Driver/Src/stm32f1xx_hal_spi.c ****           if (HAL_OK != HAL_DMA_Abort_IT(hspi->hdmatx))
 5832              		.loc 1 2515 11 is_stmt 1 view .LVU1941
ARM GAS  /var/folders/y0/yl1wrqfd209ghqq3s8k8qc1m0000gn/T//ccjYiGlu.s 			page 205


2515:Drivers/STM32F1xx_HAL_Driver/Src/stm32f1xx_hal_spi.c ****           if (HAL_OK != HAL_DMA_Abort_IT(hspi->hdmatx))
 5833              		.loc 1 2515 43 is_stmt 0 view .LVU1942
 5834 00ca 104A     		ldr	r2, .L393
 5835 00cc 5A63     		str	r2, [r3, #52]
2516:Drivers/STM32F1xx_HAL_Driver/Src/stm32f1xx_hal_spi.c ****           {
 5836              		.loc 1 2516 11 is_stmt 1 view .LVU1943
2516:Drivers/STM32F1xx_HAL_Driver/Src/stm32f1xx_hal_spi.c ****           {
 5837              		.loc 1 2516 25 is_stmt 0 view .LVU1944
 5838 00ce A06C     		ldr	r0, [r4, #72]
 5839 00d0 FFF7FEFF 		bl	HAL_DMA_Abort_IT
 5840              	.LVL350:
2516:Drivers/STM32F1xx_HAL_Driver/Src/stm32f1xx_hal_spi.c ****           {
 5841              		.loc 1 2516 14 discriminator 1 view .LVU1945
 5842 00d4 58B1     		cbz	r0, .L378
2518:Drivers/STM32F1xx_HAL_Driver/Src/stm32f1xx_hal_spi.c ****           }
 5843              		.loc 1 2518 13 is_stmt 1 view .LVU1946
 5844 00d6 636D     		ldr	r3, [r4, #84]
 5845 00d8 43F04003 		orr	r3, r3, #64
 5846 00dc 6365     		str	r3, [r4, #84]
 5847 00de 06E0     		b	.L378
 5848              	.LVL351:
 5849              	.L391:
2449:Drivers/STM32F1xx_HAL_Driver/Src/stm32f1xx_hal_spi.c ****     return;
 5850              		.loc 1 2449 5 view .LVU1947
2449:Drivers/STM32F1xx_HAL_Driver/Src/stm32f1xx_hal_spi.c ****     return;
 5851              		.loc 1 2449 9 is_stmt 0 view .LVU1948
 5852 00e0 236C     		ldr	r3, [r4, #64]
 5853              	.LVL352:
2449:Drivers/STM32F1xx_HAL_Driver/Src/stm32f1xx_hal_spi.c ****     return;
 5854              		.loc 1 2449 5 view .LVU1949
 5855 00e2 2046     		mov	r0, r4
 5856 00e4 9847     		blx	r3
 5857              	.LVL353:
2450:Drivers/STM32F1xx_HAL_Driver/Src/stm32f1xx_hal_spi.c ****   }
 5858              		.loc 1 2450 5 is_stmt 1 view .LVU1950
 5859 00e6 02E0     		b	.L378
 5860              	.LVL354:
 5861              	.L392:
2456:Drivers/STM32F1xx_HAL_Driver/Src/stm32f1xx_hal_spi.c ****     return;
 5862              		.loc 1 2456 5 view .LVU1951
2456:Drivers/STM32F1xx_HAL_Driver/Src/stm32f1xx_hal_spi.c ****     return;
 5863              		.loc 1 2456 9 is_stmt 0 view .LVU1952
 5864 00e8 636C     		ldr	r3, [r4, #68]
 5865              	.LVL355:
2456:Drivers/STM32F1xx_HAL_Driver/Src/stm32f1xx_hal_spi.c ****     return;
 5866              		.loc 1 2456 5 view .LVU1953
 5867 00ea 2046     		mov	r0, r4
 5868 00ec 9847     		blx	r3
 5869              	.LVL356:
2457:Drivers/STM32F1xx_HAL_Driver/Src/stm32f1xx_hal_spi.c ****   }
 5870              		.loc 1 2457 5 is_stmt 1 view .LVU1954
 5871              	.L378:
2534:Drivers/STM32F1xx_HAL_Driver/Src/stm32f1xx_hal_spi.c **** 
 5872              		.loc 1 2534 1 is_stmt 0 view .LVU1955
 5873 00ee 04B0     		add	sp, sp, #16
 5874              	.LCFI71:
 5875              		.cfi_remember_state
ARM GAS  /var/folders/y0/yl1wrqfd209ghqq3s8k8qc1m0000gn/T//ccjYiGlu.s 			page 206


 5876              		.cfi_def_cfa_offset 8
 5877              		@ sp needed
 5878 00f0 10BD     		pop	{r4, pc}
 5879              	.LVL357:
 5880              	.L384:
 5881              	.LCFI72:
 5882              		.cfi_restore_state
2474:Drivers/STM32F1xx_HAL_Driver/Src/stm32f1xx_hal_spi.c ****         return;
 5883              		.loc 1 2474 9 is_stmt 1 view .LVU1956
 5884              	.LBB11:
2474:Drivers/STM32F1xx_HAL_Driver/Src/stm32f1xx_hal_spi.c ****         return;
 5885              		.loc 1 2474 9 view .LVU1957
 5886 00f2 0023     		movs	r3, #0
 5887 00f4 0293     		str	r3, [sp, #8]
2474:Drivers/STM32F1xx_HAL_Driver/Src/stm32f1xx_hal_spi.c ****         return;
 5888              		.loc 1 2474 9 view .LVU1958
 5889 00f6 D368     		ldr	r3, [r2, #12]
 5890 00f8 0293     		str	r3, [sp, #8]
2474:Drivers/STM32F1xx_HAL_Driver/Src/stm32f1xx_hal_spi.c ****         return;
 5891              		.loc 1 2474 9 view .LVU1959
 5892 00fa 9368     		ldr	r3, [r2, #8]
 5893 00fc 0293     		str	r3, [sp, #8]
2474:Drivers/STM32F1xx_HAL_Driver/Src/stm32f1xx_hal_spi.c ****         return;
 5894              		.loc 1 2474 9 view .LVU1960
 5895 00fe 029B     		ldr	r3, [sp, #8]
 5896              	.LBE11:
2474:Drivers/STM32F1xx_HAL_Driver/Src/stm32f1xx_hal_spi.c ****         return;
 5897              		.loc 1 2474 9 view .LVU1961
2475:Drivers/STM32F1xx_HAL_Driver/Src/stm32f1xx_hal_spi.c ****       }
 5898              		.loc 1 2475 9 view .LVU1962
 5899 0100 F5E7     		b	.L378
 5900              	.L388:
2528:Drivers/STM32F1xx_HAL_Driver/Src/stm32f1xx_hal_spi.c **** #endif /* USE_HAL_SPI_REGISTER_CALLBACKS */
 5901              		.loc 1 2528 9 view .LVU1963
 5902 0102 2046     		mov	r0, r4
 5903 0104 FFF7FEFF 		bl	HAL_SPI_ErrorCallback
 5904              	.LVL358:
2532:Drivers/STM32F1xx_HAL_Driver/Src/stm32f1xx_hal_spi.c ****   }
 5905              		.loc 1 2532 5 view .LVU1964
 5906 0108 F1E7     		b	.L378
 5907              	.L394:
 5908 010a 00BF     		.align	2
 5909              	.L393:
 5910 010c 00000000 		.word	SPI_DMAAbortOnError
 5911              		.cfi_endproc
 5912              	.LFE83:
 5914              		.section	.text.SPI_DMAAbortOnError,"ax",%progbits
 5915              		.align	1
 5916              		.syntax unified
 5917              		.thumb
 5918              		.thumb_func
 5920              	SPI_DMAAbortOnError:
 5921              	.LVL359:
 5922              	.LFB101:
3052:Drivers/STM32F1xx_HAL_Driver/Src/stm32f1xx_hal_spi.c ****   SPI_HandleTypeDef *hspi = (SPI_HandleTypeDef *)(((DMA_HandleTypeDef *)hdma)->Parent);
 5923              		.loc 1 3052 1 view -0
 5924              		.cfi_startproc
ARM GAS  /var/folders/y0/yl1wrqfd209ghqq3s8k8qc1m0000gn/T//ccjYiGlu.s 			page 207


 5925              		@ args = 0, pretend = 0, frame = 0
 5926              		@ frame_needed = 0, uses_anonymous_args = 0
3052:Drivers/STM32F1xx_HAL_Driver/Src/stm32f1xx_hal_spi.c ****   SPI_HandleTypeDef *hspi = (SPI_HandleTypeDef *)(((DMA_HandleTypeDef *)hdma)->Parent);
 5927              		.loc 1 3052 1 is_stmt 0 view .LVU1966
 5928 0000 08B5     		push	{r3, lr}
 5929              	.LCFI73:
 5930              		.cfi_def_cfa_offset 8
 5931              		.cfi_offset 3, -8
 5932              		.cfi_offset 14, -4
3053:Drivers/STM32F1xx_HAL_Driver/Src/stm32f1xx_hal_spi.c ****   hspi->RxXferCount = 0U;
 5933              		.loc 1 3053 3 is_stmt 1 view .LVU1967
3053:Drivers/STM32F1xx_HAL_Driver/Src/stm32f1xx_hal_spi.c ****   hspi->RxXferCount = 0U;
 5934              		.loc 1 3053 22 is_stmt 0 view .LVU1968
 5935 0002 406A     		ldr	r0, [r0, #36]
 5936              	.LVL360:
3054:Drivers/STM32F1xx_HAL_Driver/Src/stm32f1xx_hal_spi.c ****   hspi->TxXferCount = 0U;
 5937              		.loc 1 3054 3 is_stmt 1 view .LVU1969
3054:Drivers/STM32F1xx_HAL_Driver/Src/stm32f1xx_hal_spi.c ****   hspi->TxXferCount = 0U;
 5938              		.loc 1 3054 21 is_stmt 0 view .LVU1970
 5939 0004 0023     		movs	r3, #0
 5940 0006 C387     		strh	r3, [r0, #62]	@ movhi
3055:Drivers/STM32F1xx_HAL_Driver/Src/stm32f1xx_hal_spi.c **** 
 5941              		.loc 1 3055 3 is_stmt 1 view .LVU1971
3055:Drivers/STM32F1xx_HAL_Driver/Src/stm32f1xx_hal_spi.c **** 
 5942              		.loc 1 3055 21 is_stmt 0 view .LVU1972
 5943 0008 C386     		strh	r3, [r0, #54]	@ movhi
3061:Drivers/STM32F1xx_HAL_Driver/Src/stm32f1xx_hal_spi.c **** #endif /* USE_HAL_SPI_REGISTER_CALLBACKS */
 5944              		.loc 1 3061 3 is_stmt 1 view .LVU1973
 5945 000a FFF7FEFF 		bl	HAL_SPI_ErrorCallback
 5946              	.LVL361:
3063:Drivers/STM32F1xx_HAL_Driver/Src/stm32f1xx_hal_spi.c **** 
 5947              		.loc 1 3063 1 is_stmt 0 view .LVU1974
 5948 000e 08BD     		pop	{r3, pc}
 5949              		.cfi_endproc
 5950              	.LFE101:
 5952              		.section	.text.HAL_SPI_AbortCpltCallback,"ax",%progbits
 5953              		.align	1
 5954              		.weak	HAL_SPI_AbortCpltCallback
 5955              		.syntax unified
 5956              		.thumb
 5957              		.thumb_func
 5959              	HAL_SPI_AbortCpltCallback:
 5960              	.LVL362:
 5961              	.LFB91:
2657:Drivers/STM32F1xx_HAL_Driver/Src/stm32f1xx_hal_spi.c ****   /* Prevent unused argument(s) compilation warning */
 5962              		.loc 1 2657 1 is_stmt 1 view -0
 5963              		.cfi_startproc
 5964              		@ args = 0, pretend = 0, frame = 0
 5965              		@ frame_needed = 0, uses_anonymous_args = 0
 5966              		@ link register save eliminated.
2659:Drivers/STM32F1xx_HAL_Driver/Src/stm32f1xx_hal_spi.c **** 
 5967              		.loc 1 2659 3 view .LVU1976
2664:Drivers/STM32F1xx_HAL_Driver/Src/stm32f1xx_hal_spi.c **** 
 5968              		.loc 1 2664 1 is_stmt 0 view .LVU1977
 5969 0000 7047     		bx	lr
 5970              		.cfi_endproc
 5971              	.LFE91:
ARM GAS  /var/folders/y0/yl1wrqfd209ghqq3s8k8qc1m0000gn/T//ccjYiGlu.s 			page 208


 5973              		.section	.text.HAL_SPI_Abort_IT,"ax",%progbits
 5974              		.align	1
 5975              		.global	HAL_SPI_Abort_IT
 5976              		.syntax unified
 5977              		.thumb
 5978              		.thumb_func
 5980              	HAL_SPI_Abort_IT:
 5981              	.LVL363:
 5982              	.LFB79:
2199:Drivers/STM32F1xx_HAL_Driver/Src/stm32f1xx_hal_spi.c ****   HAL_StatusTypeDef errorcode;
 5983              		.loc 1 2199 1 is_stmt 1 view -0
 5984              		.cfi_startproc
 5985              		@ args = 0, pretend = 0, frame = 16
 5986              		@ frame_needed = 0, uses_anonymous_args = 0
2199:Drivers/STM32F1xx_HAL_Driver/Src/stm32f1xx_hal_spi.c ****   HAL_StatusTypeDef errorcode;
 5987              		.loc 1 2199 1 is_stmt 0 view .LVU1979
 5988 0000 70B5     		push	{r4, r5, r6, lr}
 5989              	.LCFI74:
 5990              		.cfi_def_cfa_offset 16
 5991              		.cfi_offset 4, -16
 5992              		.cfi_offset 5, -12
 5993              		.cfi_offset 6, -8
 5994              		.cfi_offset 14, -4
 5995 0002 84B0     		sub	sp, sp, #16
 5996              	.LCFI75:
 5997              		.cfi_def_cfa_offset 32
 5998 0004 0446     		mov	r4, r0
2200:Drivers/STM32F1xx_HAL_Driver/Src/stm32f1xx_hal_spi.c ****   uint32_t abortcplt ;
 5999              		.loc 1 2200 3 is_stmt 1 view .LVU1980
2201:Drivers/STM32F1xx_HAL_Driver/Src/stm32f1xx_hal_spi.c ****   __IO uint32_t count;
 6000              		.loc 1 2201 3 view .LVU1981
2202:Drivers/STM32F1xx_HAL_Driver/Src/stm32f1xx_hal_spi.c ****   __IO uint32_t resetcount;
 6001              		.loc 1 2202 3 view .LVU1982
2203:Drivers/STM32F1xx_HAL_Driver/Src/stm32f1xx_hal_spi.c **** 
 6002              		.loc 1 2203 3 view .LVU1983
2206:Drivers/STM32F1xx_HAL_Driver/Src/stm32f1xx_hal_spi.c ****   abortcplt = 1U;
 6003              		.loc 1 2206 3 view .LVU1984
 6004              	.LVL364:
2207:Drivers/STM32F1xx_HAL_Driver/Src/stm32f1xx_hal_spi.c ****   resetcount = SPI_DEFAULT_TIMEOUT * (SystemCoreClock / 24U / 1000U);
 6005              		.loc 1 2207 3 view .LVU1985
2208:Drivers/STM32F1xx_HAL_Driver/Src/stm32f1xx_hal_spi.c ****   count = resetcount;
 6006              		.loc 1 2208 3 view .LVU1986
2208:Drivers/STM32F1xx_HAL_Driver/Src/stm32f1xx_hal_spi.c ****   count = resetcount;
 6007              		.loc 1 2208 61 is_stmt 0 view .LVU1987
 6008 0006 4F4B     		ldr	r3, .L424
 6009 0008 1B68     		ldr	r3, [r3]
 6010 000a 4F4A     		ldr	r2, .L424+4
 6011 000c A2FB0323 		umull	r2, r3, r2, r3
 6012 0010 5B0A     		lsrs	r3, r3, #9
2208:Drivers/STM32F1xx_HAL_Driver/Src/stm32f1xx_hal_spi.c ****   count = resetcount;
 6013              		.loc 1 2208 36 view .LVU1988
 6014 0012 6422     		movs	r2, #100
 6015 0014 02FB03F3 		mul	r3, r2, r3
2208:Drivers/STM32F1xx_HAL_Driver/Src/stm32f1xx_hal_spi.c ****   count = resetcount;
 6016              		.loc 1 2208 14 view .LVU1989
 6017 0018 0293     		str	r3, [sp, #8]
2209:Drivers/STM32F1xx_HAL_Driver/Src/stm32f1xx_hal_spi.c **** 
ARM GAS  /var/folders/y0/yl1wrqfd209ghqq3s8k8qc1m0000gn/T//ccjYiGlu.s 			page 209


 6018              		.loc 1 2209 3 is_stmt 1 view .LVU1990
2209:Drivers/STM32F1xx_HAL_Driver/Src/stm32f1xx_hal_spi.c **** 
 6019              		.loc 1 2209 9 is_stmt 0 view .LVU1991
 6020 001a 029B     		ldr	r3, [sp, #8]
 6021 001c 0393     		str	r3, [sp, #12]
2212:Drivers/STM32F1xx_HAL_Driver/Src/stm32f1xx_hal_spi.c **** 
 6022              		.loc 1 2212 3 is_stmt 1 view .LVU1992
 6023 001e 0268     		ldr	r2, [r0]
 6024 0020 5368     		ldr	r3, [r2, #4]
 6025 0022 23F02003 		bic	r3, r3, #32
 6026 0026 5360     		str	r3, [r2, #4]
2215:Drivers/STM32F1xx_HAL_Driver/Src/stm32f1xx_hal_spi.c ****   {
 6027              		.loc 1 2215 3 view .LVU1993
2215:Drivers/STM32F1xx_HAL_Driver/Src/stm32f1xx_hal_spi.c ****   {
 6028              		.loc 1 2215 7 is_stmt 0 view .LVU1994
 6029 0028 0268     		ldr	r2, [r0]
 6030 002a 5368     		ldr	r3, [r2, #4]
2215:Drivers/STM32F1xx_HAL_Driver/Src/stm32f1xx_hal_spi.c ****   {
 6031              		.loc 1 2215 6 view .LVU1995
 6032 002c 13F0800F 		tst	r3, #128
 6033 0030 11D0     		beq	.L399
2217:Drivers/STM32F1xx_HAL_Driver/Src/stm32f1xx_hal_spi.c ****     /* Wait HAL_SPI_STATE_ABORT state */
 6034              		.loc 1 2217 5 is_stmt 1 view .LVU1996
2217:Drivers/STM32F1xx_HAL_Driver/Src/stm32f1xx_hal_spi.c ****     /* Wait HAL_SPI_STATE_ABORT state */
 6035              		.loc 1 2217 17 is_stmt 0 view .LVU1997
 6036 0032 464B     		ldr	r3, .L424+8
 6037 0034 4364     		str	r3, [r0, #68]
 6038              	.L402:
2219:Drivers/STM32F1xx_HAL_Driver/Src/stm32f1xx_hal_spi.c ****     {
 6039              		.loc 1 2219 5 is_stmt 1 view .LVU1998
2221:Drivers/STM32F1xx_HAL_Driver/Src/stm32f1xx_hal_spi.c ****       {
 6040              		.loc 1 2221 7 view .LVU1999
2221:Drivers/STM32F1xx_HAL_Driver/Src/stm32f1xx_hal_spi.c ****       {
 6041              		.loc 1 2221 17 is_stmt 0 view .LVU2000
 6042 0036 039B     		ldr	r3, [sp, #12]
2221:Drivers/STM32F1xx_HAL_Driver/Src/stm32f1xx_hal_spi.c ****       {
 6043              		.loc 1 2221 10 view .LVU2001
 6044 0038 3BB1     		cbz	r3, .L421
2226:Drivers/STM32F1xx_HAL_Driver/Src/stm32f1xx_hal_spi.c ****     } while (hspi->State != HAL_SPI_STATE_ABORT);
 6045              		.loc 1 2226 7 is_stmt 1 view .LVU2002
2226:Drivers/STM32F1xx_HAL_Driver/Src/stm32f1xx_hal_spi.c ****     } while (hspi->State != HAL_SPI_STATE_ABORT);
 6046              		.loc 1 2226 12 is_stmt 0 view .LVU2003
 6047 003a 039B     		ldr	r3, [sp, #12]
 6048 003c 013B     		subs	r3, r3, #1
 6049 003e 0393     		str	r3, [sp, #12]
2227:Drivers/STM32F1xx_HAL_Driver/Src/stm32f1xx_hal_spi.c ****     /* Reset Timeout Counter */
 6050              		.loc 1 2227 26 is_stmt 1 view .LVU2004
2227:Drivers/STM32F1xx_HAL_Driver/Src/stm32f1xx_hal_spi.c ****     /* Reset Timeout Counter */
 6051              		.loc 1 2227 18 is_stmt 0 view .LVU2005
 6052 0040 94F85130 		ldrb	r3, [r4, #81]	@ zero_extendqisi2
2227:Drivers/STM32F1xx_HAL_Driver/Src/stm32f1xx_hal_spi.c ****     /* Reset Timeout Counter */
 6053              		.loc 1 2227 26 view .LVU2006
 6054 0044 072B     		cmp	r3, #7
 6055 0046 F6D1     		bne	.L402
 6056 0048 03E0     		b	.L401
 6057              	.L421:
2223:Drivers/STM32F1xx_HAL_Driver/Src/stm32f1xx_hal_spi.c ****         break;
ARM GAS  /var/folders/y0/yl1wrqfd209ghqq3s8k8qc1m0000gn/T//ccjYiGlu.s 			page 210


 6058              		.loc 1 2223 9 is_stmt 1 view .LVU2007
 6059 004a 636D     		ldr	r3, [r4, #84]
 6060 004c 43F04003 		orr	r3, r3, #64
 6061 0050 6365     		str	r3, [r4, #84]
2224:Drivers/STM32F1xx_HAL_Driver/Src/stm32f1xx_hal_spi.c ****       }
 6062              		.loc 1 2224 9 view .LVU2008
 6063              	.L401:
2229:Drivers/STM32F1xx_HAL_Driver/Src/stm32f1xx_hal_spi.c ****   }
 6064              		.loc 1 2229 5 view .LVU2009
2229:Drivers/STM32F1xx_HAL_Driver/Src/stm32f1xx_hal_spi.c ****   }
 6065              		.loc 1 2229 11 is_stmt 0 view .LVU2010
 6066 0052 029B     		ldr	r3, [sp, #8]
 6067 0054 0393     		str	r3, [sp, #12]
 6068              	.L399:
2232:Drivers/STM32F1xx_HAL_Driver/Src/stm32f1xx_hal_spi.c ****   {
 6069              		.loc 1 2232 3 is_stmt 1 view .LVU2011
2232:Drivers/STM32F1xx_HAL_Driver/Src/stm32f1xx_hal_spi.c ****   {
 6070              		.loc 1 2232 7 is_stmt 0 view .LVU2012
 6071 0056 5368     		ldr	r3, [r2, #4]
2232:Drivers/STM32F1xx_HAL_Driver/Src/stm32f1xx_hal_spi.c ****   {
 6072              		.loc 1 2232 6 view .LVU2013
 6073 0058 13F0400F 		tst	r3, #64
 6074 005c 11D0     		beq	.L403
2234:Drivers/STM32F1xx_HAL_Driver/Src/stm32f1xx_hal_spi.c ****     /* Wait HAL_SPI_STATE_ABORT state */
 6075              		.loc 1 2234 5 is_stmt 1 view .LVU2014
2234:Drivers/STM32F1xx_HAL_Driver/Src/stm32f1xx_hal_spi.c ****     /* Wait HAL_SPI_STATE_ABORT state */
 6076              		.loc 1 2234 17 is_stmt 0 view .LVU2015
 6077 005e 3C4B     		ldr	r3, .L424+12
 6078 0060 2364     		str	r3, [r4, #64]
 6079              	.L406:
2236:Drivers/STM32F1xx_HAL_Driver/Src/stm32f1xx_hal_spi.c ****     {
 6080              		.loc 1 2236 5 is_stmt 1 view .LVU2016
2238:Drivers/STM32F1xx_HAL_Driver/Src/stm32f1xx_hal_spi.c ****       {
 6081              		.loc 1 2238 7 view .LVU2017
2238:Drivers/STM32F1xx_HAL_Driver/Src/stm32f1xx_hal_spi.c ****       {
 6082              		.loc 1 2238 17 is_stmt 0 view .LVU2018
 6083 0062 039B     		ldr	r3, [sp, #12]
2238:Drivers/STM32F1xx_HAL_Driver/Src/stm32f1xx_hal_spi.c ****       {
 6084              		.loc 1 2238 10 view .LVU2019
 6085 0064 3BB1     		cbz	r3, .L422
2243:Drivers/STM32F1xx_HAL_Driver/Src/stm32f1xx_hal_spi.c ****     } while (hspi->State != HAL_SPI_STATE_ABORT);
 6086              		.loc 1 2243 7 is_stmt 1 view .LVU2020
2243:Drivers/STM32F1xx_HAL_Driver/Src/stm32f1xx_hal_spi.c ****     } while (hspi->State != HAL_SPI_STATE_ABORT);
 6087              		.loc 1 2243 12 is_stmt 0 view .LVU2021
 6088 0066 039B     		ldr	r3, [sp, #12]
 6089 0068 013B     		subs	r3, r3, #1
 6090 006a 0393     		str	r3, [sp, #12]
2244:Drivers/STM32F1xx_HAL_Driver/Src/stm32f1xx_hal_spi.c ****     /* Reset Timeout Counter */
 6091              		.loc 1 2244 26 is_stmt 1 view .LVU2022
2244:Drivers/STM32F1xx_HAL_Driver/Src/stm32f1xx_hal_spi.c ****     /* Reset Timeout Counter */
 6092              		.loc 1 2244 18 is_stmt 0 view .LVU2023
 6093 006c 94F85130 		ldrb	r3, [r4, #81]	@ zero_extendqisi2
2244:Drivers/STM32F1xx_HAL_Driver/Src/stm32f1xx_hal_spi.c ****     /* Reset Timeout Counter */
 6094              		.loc 1 2244 26 view .LVU2024
 6095 0070 072B     		cmp	r3, #7
 6096 0072 F6D1     		bne	.L406
 6097 0074 03E0     		b	.L405
ARM GAS  /var/folders/y0/yl1wrqfd209ghqq3s8k8qc1m0000gn/T//ccjYiGlu.s 			page 211


 6098              	.L422:
2240:Drivers/STM32F1xx_HAL_Driver/Src/stm32f1xx_hal_spi.c ****         break;
 6099              		.loc 1 2240 9 is_stmt 1 view .LVU2025
 6100 0076 636D     		ldr	r3, [r4, #84]
 6101 0078 43F04003 		orr	r3, r3, #64
 6102 007c 6365     		str	r3, [r4, #84]
2241:Drivers/STM32F1xx_HAL_Driver/Src/stm32f1xx_hal_spi.c ****       }
 6103              		.loc 1 2241 9 view .LVU2026
 6104              	.L405:
2246:Drivers/STM32F1xx_HAL_Driver/Src/stm32f1xx_hal_spi.c ****   }
 6105              		.loc 1 2246 5 view .LVU2027
2246:Drivers/STM32F1xx_HAL_Driver/Src/stm32f1xx_hal_spi.c ****   }
 6106              		.loc 1 2246 11 is_stmt 0 view .LVU2028
 6107 007e 029B     		ldr	r3, [sp, #8]
 6108 0080 0393     		str	r3, [sp, #12]
 6109              	.L403:
2252:Drivers/STM32F1xx_HAL_Driver/Src/stm32f1xx_hal_spi.c ****   {
 6110              		.loc 1 2252 3 is_stmt 1 view .LVU2029
2252:Drivers/STM32F1xx_HAL_Driver/Src/stm32f1xx_hal_spi.c ****   {
 6111              		.loc 1 2252 11 is_stmt 0 view .LVU2030
 6112 0082 A36C     		ldr	r3, [r4, #72]
2252:Drivers/STM32F1xx_HAL_Driver/Src/stm32f1xx_hal_spi.c ****   {
 6113              		.loc 1 2252 6 view .LVU2031
 6114 0084 2BB1     		cbz	r3, .L407
2256:Drivers/STM32F1xx_HAL_Driver/Src/stm32f1xx_hal_spi.c ****     {
 6115              		.loc 1 2256 5 is_stmt 1 view .LVU2032
2256:Drivers/STM32F1xx_HAL_Driver/Src/stm32f1xx_hal_spi.c ****     {
 6116              		.loc 1 2256 9 is_stmt 0 view .LVU2033
 6117 0086 5268     		ldr	r2, [r2, #4]
2256:Drivers/STM32F1xx_HAL_Driver/Src/stm32f1xx_hal_spi.c ****     {
 6118              		.loc 1 2256 8 view .LVU2034
 6119 0088 12F0020F 		tst	r2, #2
 6120 008c 1CD0     		beq	.L408
2258:Drivers/STM32F1xx_HAL_Driver/Src/stm32f1xx_hal_spi.c ****     }
 6121              		.loc 1 2258 7 is_stmt 1 view .LVU2035
2258:Drivers/STM32F1xx_HAL_Driver/Src/stm32f1xx_hal_spi.c ****     }
 6122              		.loc 1 2258 39 is_stmt 0 view .LVU2036
 6123 008e 314A     		ldr	r2, .L424+16
 6124 0090 5A63     		str	r2, [r3, #52]
 6125              	.L407:
2266:Drivers/STM32F1xx_HAL_Driver/Src/stm32f1xx_hal_spi.c ****   {
 6126              		.loc 1 2266 3 is_stmt 1 view .LVU2037
2266:Drivers/STM32F1xx_HAL_Driver/Src/stm32f1xx_hal_spi.c ****   {
 6127              		.loc 1 2266 11 is_stmt 0 view .LVU2038
 6128 0092 E36C     		ldr	r3, [r4, #76]
2266:Drivers/STM32F1xx_HAL_Driver/Src/stm32f1xx_hal_spi.c ****   {
 6129              		.loc 1 2266 6 view .LVU2039
 6130 0094 33B1     		cbz	r3, .L409
2270:Drivers/STM32F1xx_HAL_Driver/Src/stm32f1xx_hal_spi.c ****     {
 6131              		.loc 1 2270 5 is_stmt 1 view .LVU2040
2270:Drivers/STM32F1xx_HAL_Driver/Src/stm32f1xx_hal_spi.c ****     {
 6132              		.loc 1 2270 9 is_stmt 0 view .LVU2041
 6133 0096 2268     		ldr	r2, [r4]
 6134 0098 5268     		ldr	r2, [r2, #4]
2270:Drivers/STM32F1xx_HAL_Driver/Src/stm32f1xx_hal_spi.c ****     {
 6135              		.loc 1 2270 8 view .LVU2042
 6136 009a 12F0010F 		tst	r2, #1
ARM GAS  /var/folders/y0/yl1wrqfd209ghqq3s8k8qc1m0000gn/T//ccjYiGlu.s 			page 212


 6137 009e 16D0     		beq	.L410
2272:Drivers/STM32F1xx_HAL_Driver/Src/stm32f1xx_hal_spi.c ****     }
 6138              		.loc 1 2272 7 is_stmt 1 view .LVU2043
2272:Drivers/STM32F1xx_HAL_Driver/Src/stm32f1xx_hal_spi.c ****     }
 6139              		.loc 1 2272 39 is_stmt 0 view .LVU2044
 6140 00a0 2D4A     		ldr	r2, .L424+20
 6141 00a2 5A63     		str	r2, [r3, #52]
 6142              	.L409:
2281:Drivers/STM32F1xx_HAL_Driver/Src/stm32f1xx_hal_spi.c ****   {
 6143              		.loc 1 2281 3 is_stmt 1 view .LVU2045
2281:Drivers/STM32F1xx_HAL_Driver/Src/stm32f1xx_hal_spi.c ****   {
 6144              		.loc 1 2281 7 is_stmt 0 view .LVU2046
 6145 00a4 2368     		ldr	r3, [r4]
 6146 00a6 5B68     		ldr	r3, [r3, #4]
2281:Drivers/STM32F1xx_HAL_Driver/Src/stm32f1xx_hal_spi.c ****   {
 6147              		.loc 1 2281 6 view .LVU2047
 6148 00a8 13F0020F 		tst	r3, #2
 6149 00ac 12D0     		beq	.L415
2284:Drivers/STM32F1xx_HAL_Driver/Src/stm32f1xx_hal_spi.c ****     {
 6150              		.loc 1 2284 5 is_stmt 1 view .LVU2048
2284:Drivers/STM32F1xx_HAL_Driver/Src/stm32f1xx_hal_spi.c ****     {
 6151              		.loc 1 2284 13 is_stmt 0 view .LVU2049
 6152 00ae A06C     		ldr	r0, [r4, #72]
 6153              	.LVL365:
2284:Drivers/STM32F1xx_HAL_Driver/Src/stm32f1xx_hal_spi.c ****     {
 6154              		.loc 1 2284 8 view .LVU2050
 6155 00b0 38B3     		cbz	r0, .L416
2287:Drivers/STM32F1xx_HAL_Driver/Src/stm32f1xx_hal_spi.c ****       {
 6156              		.loc 1 2287 7 is_stmt 1 view .LVU2051
2287:Drivers/STM32F1xx_HAL_Driver/Src/stm32f1xx_hal_spi.c ****       {
 6157              		.loc 1 2287 11 is_stmt 0 view .LVU2052
 6158 00b2 FFF7FEFF 		bl	HAL_DMA_Abort_IT
 6159              	.LVL366:
2287:Drivers/STM32F1xx_HAL_Driver/Src/stm32f1xx_hal_spi.c ****       {
 6160              		.loc 1 2287 10 discriminator 1 view .LVU2053
 6161 00b6 38B3     		cbz	r0, .L417
2289:Drivers/STM32F1xx_HAL_Driver/Src/stm32f1xx_hal_spi.c ****         hspi->ErrorCode = HAL_SPI_ERROR_ABORT;
 6162              		.loc 1 2289 9 is_stmt 1 view .LVU2054
2289:Drivers/STM32F1xx_HAL_Driver/Src/stm32f1xx_hal_spi.c ****         hspi->ErrorCode = HAL_SPI_ERROR_ABORT;
 6163              		.loc 1 2289 13 is_stmt 0 view .LVU2055
 6164 00b8 A36C     		ldr	r3, [r4, #72]
2289:Drivers/STM32F1xx_HAL_Driver/Src/stm32f1xx_hal_spi.c ****         hspi->ErrorCode = HAL_SPI_ERROR_ABORT;
 6165              		.loc 1 2289 41 view .LVU2056
 6166 00ba 0022     		movs	r2, #0
 6167 00bc 5A63     		str	r2, [r3, #52]
2290:Drivers/STM32F1xx_HAL_Driver/Src/stm32f1xx_hal_spi.c ****       }
 6168              		.loc 1 2290 9 is_stmt 1 view .LVU2057
2290:Drivers/STM32F1xx_HAL_Driver/Src/stm32f1xx_hal_spi.c ****       }
 6169              		.loc 1 2290 25 is_stmt 0 view .LVU2058
 6170 00be 4023     		movs	r3, #64
 6171 00c0 6365     		str	r3, [r4, #84]
2207:Drivers/STM32F1xx_HAL_Driver/Src/stm32f1xx_hal_spi.c ****   resetcount = SPI_DEFAULT_TIMEOUT * (SystemCoreClock / 24U / 1000U);
 6172              		.loc 1 2207 13 view .LVU2059
 6173 00c2 0123     		movs	r3, #1
 6174 00c4 1E46     		mov	r6, r3
 6175 00c6 07E0     		b	.L411
 6176              	.LVL367:
ARM GAS  /var/folders/y0/yl1wrqfd209ghqq3s8k8qc1m0000gn/T//ccjYiGlu.s 			page 213


 6177              	.L408:
2262:Drivers/STM32F1xx_HAL_Driver/Src/stm32f1xx_hal_spi.c ****     }
 6178              		.loc 1 2262 7 is_stmt 1 view .LVU2060
2262:Drivers/STM32F1xx_HAL_Driver/Src/stm32f1xx_hal_spi.c ****     }
 6179              		.loc 1 2262 39 is_stmt 0 view .LVU2061
 6180 00c8 0022     		movs	r2, #0
 6181 00ca 5A63     		str	r2, [r3, #52]
 6182 00cc E1E7     		b	.L407
 6183              	.L410:
2276:Drivers/STM32F1xx_HAL_Driver/Src/stm32f1xx_hal_spi.c ****     }
 6184              		.loc 1 2276 7 is_stmt 1 view .LVU2062
2276:Drivers/STM32F1xx_HAL_Driver/Src/stm32f1xx_hal_spi.c ****     }
 6185              		.loc 1 2276 39 is_stmt 0 view .LVU2063
 6186 00ce 0022     		movs	r2, #0
 6187 00d0 5A63     		str	r2, [r3, #52]
 6188 00d2 E7E7     		b	.L409
 6189              	.L415:
2207:Drivers/STM32F1xx_HAL_Driver/Src/stm32f1xx_hal_spi.c ****   resetcount = SPI_DEFAULT_TIMEOUT * (SystemCoreClock / 24U / 1000U);
 6190              		.loc 1 2207 13 view .LVU2064
 6191 00d4 0123     		movs	r3, #1
 6192 00d6 1E46     		mov	r6, r3
 6193              	.LVL368:
 6194              	.L411:
2299:Drivers/STM32F1xx_HAL_Driver/Src/stm32f1xx_hal_spi.c ****   {
 6195              		.loc 1 2299 3 is_stmt 1 view .LVU2065
2299:Drivers/STM32F1xx_HAL_Driver/Src/stm32f1xx_hal_spi.c ****   {
 6196              		.loc 1 2299 7 is_stmt 0 view .LVU2066
 6197 00d8 2368     		ldr	r3, [r4]
 6198 00da 5B68     		ldr	r3, [r3, #4]
2299:Drivers/STM32F1xx_HAL_Driver/Src/stm32f1xx_hal_spi.c ****   {
 6199              		.loc 1 2299 6 view .LVU2067
 6200 00dc 13F0010F 		tst	r3, #1
 6201 00e0 0AD0     		beq	.L412
2302:Drivers/STM32F1xx_HAL_Driver/Src/stm32f1xx_hal_spi.c ****     {
 6202              		.loc 1 2302 5 is_stmt 1 view .LVU2068
2302:Drivers/STM32F1xx_HAL_Driver/Src/stm32f1xx_hal_spi.c ****     {
 6203              		.loc 1 2302 13 is_stmt 0 view .LVU2069
 6204 00e2 E06C     		ldr	r0, [r4, #76]
2302:Drivers/STM32F1xx_HAL_Driver/Src/stm32f1xx_hal_spi.c ****     {
 6205              		.loc 1 2302 8 view .LVU2070
 6206 00e4 40B1     		cbz	r0, .L412
2305:Drivers/STM32F1xx_HAL_Driver/Src/stm32f1xx_hal_spi.c ****       {
 6207              		.loc 1 2305 7 is_stmt 1 view .LVU2071
2305:Drivers/STM32F1xx_HAL_Driver/Src/stm32f1xx_hal_spi.c ****       {
 6208              		.loc 1 2305 11 is_stmt 0 view .LVU2072
 6209 00e6 FFF7FEFF 		bl	HAL_DMA_Abort_IT
 6210              	.LVL369:
2305:Drivers/STM32F1xx_HAL_Driver/Src/stm32f1xx_hal_spi.c ****       {
 6211              		.loc 1 2305 10 discriminator 1 view .LVU2073
 6212 00ea 0546     		mov	r5, r0
 6213 00ec 30B1     		cbz	r0, .L413
2307:Drivers/STM32F1xx_HAL_Driver/Src/stm32f1xx_hal_spi.c ****         hspi->ErrorCode = HAL_SPI_ERROR_ABORT;
 6214              		.loc 1 2307 9 is_stmt 1 view .LVU2074
2307:Drivers/STM32F1xx_HAL_Driver/Src/stm32f1xx_hal_spi.c ****         hspi->ErrorCode = HAL_SPI_ERROR_ABORT;
 6215              		.loc 1 2307 13 is_stmt 0 view .LVU2075
 6216 00ee E36C     		ldr	r3, [r4, #76]
2307:Drivers/STM32F1xx_HAL_Driver/Src/stm32f1xx_hal_spi.c ****         hspi->ErrorCode = HAL_SPI_ERROR_ABORT;
ARM GAS  /var/folders/y0/yl1wrqfd209ghqq3s8k8qc1m0000gn/T//ccjYiGlu.s 			page 214


 6217              		.loc 1 2307 41 view .LVU2076
 6218 00f0 0022     		movs	r2, #0
 6219 00f2 5A63     		str	r2, [r3, #52]
2308:Drivers/STM32F1xx_HAL_Driver/Src/stm32f1xx_hal_spi.c ****       }
 6220              		.loc 1 2308 9 is_stmt 1 view .LVU2077
2308:Drivers/STM32F1xx_HAL_Driver/Src/stm32f1xx_hal_spi.c ****       }
 6221              		.loc 1 2308 25 is_stmt 0 view .LVU2078
 6222 00f4 4023     		movs	r3, #64
 6223 00f6 6365     		str	r3, [r4, #84]
 6224              	.L412:
2317:Drivers/STM32F1xx_HAL_Driver/Src/stm32f1xx_hal_spi.c ****   {
 6225              		.loc 1 2317 3 is_stmt 1 view .LVU2079
2317:Drivers/STM32F1xx_HAL_Driver/Src/stm32f1xx_hal_spi.c ****   {
 6226              		.loc 1 2317 6 is_stmt 0 view .LVU2080
 6227 00f8 46B9     		cbnz	r6, .L423
2206:Drivers/STM32F1xx_HAL_Driver/Src/stm32f1xx_hal_spi.c ****   abortcplt = 1U;
 6228              		.loc 1 2206 13 view .LVU2081
 6229 00fa 3546     		mov	r5, r6
 6230              	.LVL370:
 6231              	.L413:
2349:Drivers/STM32F1xx_HAL_Driver/Src/stm32f1xx_hal_spi.c **** }
 6232              		.loc 1 2349 3 is_stmt 1 view .LVU2082
2350:Drivers/STM32F1xx_HAL_Driver/Src/stm32f1xx_hal_spi.c **** 
 6233              		.loc 1 2350 1 is_stmt 0 view .LVU2083
 6234 00fc 2846     		mov	r0, r5
 6235 00fe 04B0     		add	sp, sp, #16
 6236              	.LCFI76:
 6237              		.cfi_remember_state
 6238              		.cfi_def_cfa_offset 16
 6239              		@ sp needed
 6240 0100 70BD     		pop	{r4, r5, r6, pc}
 6241              	.LVL371:
 6242              	.L416:
 6243              	.LCFI77:
 6244              		.cfi_restore_state
2207:Drivers/STM32F1xx_HAL_Driver/Src/stm32f1xx_hal_spi.c ****   resetcount = SPI_DEFAULT_TIMEOUT * (SystemCoreClock / 24U / 1000U);
 6245              		.loc 1 2207 13 view .LVU2084
 6246 0102 0123     		movs	r3, #1
 6247 0104 1E46     		mov	r6, r3
 6248 0106 E7E7     		b	.L411
 6249              	.L417:
2294:Drivers/STM32F1xx_HAL_Driver/Src/stm32f1xx_hal_spi.c ****       }
 6250              		.loc 1 2294 19 view .LVU2085
 6251 0108 0646     		mov	r6, r0
 6252 010a E5E7     		b	.L411
 6253              	.LVL372:
 6254              	.L423:
2320:Drivers/STM32F1xx_HAL_Driver/Src/stm32f1xx_hal_spi.c ****     hspi->TxXferCount = 0U;
 6255              		.loc 1 2320 5 is_stmt 1 view .LVU2086
2320:Drivers/STM32F1xx_HAL_Driver/Src/stm32f1xx_hal_spi.c ****     hspi->TxXferCount = 0U;
 6256              		.loc 1 2320 23 is_stmt 0 view .LVU2087
 6257 010c 0023     		movs	r3, #0
 6258 010e E387     		strh	r3, [r4, #62]	@ movhi
2321:Drivers/STM32F1xx_HAL_Driver/Src/stm32f1xx_hal_spi.c **** 
 6259              		.loc 1 2321 5 is_stmt 1 view .LVU2088
2321:Drivers/STM32F1xx_HAL_Driver/Src/stm32f1xx_hal_spi.c **** 
 6260              		.loc 1 2321 23 is_stmt 0 view .LVU2089
ARM GAS  /var/folders/y0/yl1wrqfd209ghqq3s8k8qc1m0000gn/T//ccjYiGlu.s 			page 215


 6261 0110 E386     		strh	r3, [r4, #54]	@ movhi
2324:Drivers/STM32F1xx_HAL_Driver/Src/stm32f1xx_hal_spi.c ****     {
 6262              		.loc 1 2324 5 is_stmt 1 view .LVU2090
2324:Drivers/STM32F1xx_HAL_Driver/Src/stm32f1xx_hal_spi.c ****     {
 6263              		.loc 1 2324 13 is_stmt 0 view .LVU2091
 6264 0112 636D     		ldr	r3, [r4, #84]
2324:Drivers/STM32F1xx_HAL_Driver/Src/stm32f1xx_hal_spi.c ****     {
 6265              		.loc 1 2324 8 view .LVU2092
 6266 0114 402B     		cmp	r3, #64
 6267 0116 11D0     		beq	.L419
2332:Drivers/STM32F1xx_HAL_Driver/Src/stm32f1xx_hal_spi.c ****     }
 6268              		.loc 1 2332 7 is_stmt 1 view .LVU2093
2332:Drivers/STM32F1xx_HAL_Driver/Src/stm32f1xx_hal_spi.c ****     }
 6269              		.loc 1 2332 23 is_stmt 0 view .LVU2094
 6270 0118 0023     		movs	r3, #0
 6271 011a 6365     		str	r3, [r4, #84]
2206:Drivers/STM32F1xx_HAL_Driver/Src/stm32f1xx_hal_spi.c ****   abortcplt = 1U;
 6272              		.loc 1 2206 13 view .LVU2095
 6273 011c 1D46     		mov	r5, r3
 6274              	.L414:
 6275              	.LVL373:
2336:Drivers/STM32F1xx_HAL_Driver/Src/stm32f1xx_hal_spi.c **** 
 6276              		.loc 1 2336 5 is_stmt 1 view .LVU2096
 6277              	.LBB12:
2336:Drivers/STM32F1xx_HAL_Driver/Src/stm32f1xx_hal_spi.c **** 
 6278              		.loc 1 2336 5 view .LVU2097
 6279 011e 0023     		movs	r3, #0
 6280 0120 0193     		str	r3, [sp, #4]
2336:Drivers/STM32F1xx_HAL_Driver/Src/stm32f1xx_hal_spi.c **** 
 6281              		.loc 1 2336 5 view .LVU2098
 6282 0122 2368     		ldr	r3, [r4]
 6283 0124 DA68     		ldr	r2, [r3, #12]
 6284 0126 0192     		str	r2, [sp, #4]
2336:Drivers/STM32F1xx_HAL_Driver/Src/stm32f1xx_hal_spi.c **** 
 6285              		.loc 1 2336 5 view .LVU2099
 6286 0128 9B68     		ldr	r3, [r3, #8]
 6287 012a 0193     		str	r3, [sp, #4]
2336:Drivers/STM32F1xx_HAL_Driver/Src/stm32f1xx_hal_spi.c **** 
 6288              		.loc 1 2336 5 view .LVU2100
 6289 012c 019B     		ldr	r3, [sp, #4]
 6290              	.LBE12:
2336:Drivers/STM32F1xx_HAL_Driver/Src/stm32f1xx_hal_spi.c **** 
 6291              		.loc 1 2336 5 view .LVU2101
2339:Drivers/STM32F1xx_HAL_Driver/Src/stm32f1xx_hal_spi.c **** 
 6292              		.loc 1 2339 5 view .LVU2102
2339:Drivers/STM32F1xx_HAL_Driver/Src/stm32f1xx_hal_spi.c **** 
 6293              		.loc 1 2339 17 is_stmt 0 view .LVU2103
 6294 012e 0123     		movs	r3, #1
 6295 0130 84F85130 		strb	r3, [r4, #81]
2345:Drivers/STM32F1xx_HAL_Driver/Src/stm32f1xx_hal_spi.c **** #endif /* USE_HAL_SPI_REGISTER_CALLBACKS */
 6296              		.loc 1 2345 5 is_stmt 1 view .LVU2104
 6297 0134 2046     		mov	r0, r4
 6298 0136 FFF7FEFF 		bl	HAL_SPI_AbortCpltCallback
 6299              	.LVL374:
 6300 013a DFE7     		b	.L413
 6301              	.LVL375:
 6302              	.L419:
ARM GAS  /var/folders/y0/yl1wrqfd209ghqq3s8k8qc1m0000gn/T//ccjYiGlu.s 			page 216


2327:Drivers/STM32F1xx_HAL_Driver/Src/stm32f1xx_hal_spi.c ****     }
 6303              		.loc 1 2327 17 is_stmt 0 view .LVU2105
 6304 013c 0123     		movs	r3, #1
 6305 013e 1D46     		mov	r5, r3
 6306 0140 EDE7     		b	.L414
 6307              	.L425:
 6308 0142 00BF     		.align	2
 6309              	.L424:
 6310 0144 00000000 		.word	SystemCoreClock
 6311 0148 F1197605 		.word	91625969
 6312 014c 00000000 		.word	SPI_AbortTx_ISR
 6313 0150 00000000 		.word	SPI_AbortRx_ISR
 6314 0154 00000000 		.word	SPI_DMATxAbortCallback
 6315 0158 00000000 		.word	SPI_DMARxAbortCallback
 6316              		.cfi_endproc
 6317              	.LFE79:
 6319              		.section	.text.SPI_DMARxAbortCallback,"ax",%progbits
 6320              		.align	1
 6321              		.syntax unified
 6322              		.thumb
 6323              		.thumb_func
 6325              	SPI_DMARxAbortCallback:
 6326              	.LVL376:
 6327              	.LFB103:
3138:Drivers/STM32F1xx_HAL_Driver/Src/stm32f1xx_hal_spi.c ****   SPI_HandleTypeDef *hspi = (SPI_HandleTypeDef *)(((DMA_HandleTypeDef *)hdma)->Parent);
 6328              		.loc 1 3138 1 is_stmt 1 view -0
 6329              		.cfi_startproc
 6330              		@ args = 0, pretend = 0, frame = 8
 6331              		@ frame_needed = 0, uses_anonymous_args = 0
3138:Drivers/STM32F1xx_HAL_Driver/Src/stm32f1xx_hal_spi.c ****   SPI_HandleTypeDef *hspi = (SPI_HandleTypeDef *)(((DMA_HandleTypeDef *)hdma)->Parent);
 6332              		.loc 1 3138 1 is_stmt 0 view .LVU2107
 6333 0000 10B5     		push	{r4, lr}
 6334              	.LCFI78:
 6335              		.cfi_def_cfa_offset 8
 6336              		.cfi_offset 4, -8
 6337              		.cfi_offset 14, -4
 6338 0002 82B0     		sub	sp, sp, #8
 6339              	.LCFI79:
 6340              		.cfi_def_cfa_offset 16
3139:Drivers/STM32F1xx_HAL_Driver/Src/stm32f1xx_hal_spi.c **** 
 6341              		.loc 1 3139 3 is_stmt 1 view .LVU2108
3139:Drivers/STM32F1xx_HAL_Driver/Src/stm32f1xx_hal_spi.c **** 
 6342              		.loc 1 3139 22 is_stmt 0 view .LVU2109
 6343 0004 446A     		ldr	r4, [r0, #36]
 6344              	.LVL377:
3142:Drivers/STM32F1xx_HAL_Driver/Src/stm32f1xx_hal_spi.c **** 
 6345              		.loc 1 3142 3 is_stmt 1 view .LVU2110
 6346 0006 2268     		ldr	r2, [r4]
 6347 0008 1368     		ldr	r3, [r2]
 6348 000a 23F04003 		bic	r3, r3, #64
 6349 000e 1360     		str	r3, [r2]
3144:Drivers/STM32F1xx_HAL_Driver/Src/stm32f1xx_hal_spi.c **** 
 6350              		.loc 1 3144 3 view .LVU2111
3144:Drivers/STM32F1xx_HAL_Driver/Src/stm32f1xx_hal_spi.c **** 
 6351              		.loc 1 3144 7 is_stmt 0 view .LVU2112
 6352 0010 E36C     		ldr	r3, [r4, #76]
3144:Drivers/STM32F1xx_HAL_Driver/Src/stm32f1xx_hal_spi.c **** 
ARM GAS  /var/folders/y0/yl1wrqfd209ghqq3s8k8qc1m0000gn/T//ccjYiGlu.s 			page 217


 6353              		.loc 1 3144 35 view .LVU2113
 6354 0012 0022     		movs	r2, #0
 6355 0014 5A63     		str	r2, [r3, #52]
3147:Drivers/STM32F1xx_HAL_Driver/Src/stm32f1xx_hal_spi.c **** 
 6356              		.loc 1 3147 3 is_stmt 1 view .LVU2114
 6357 0016 2268     		ldr	r2, [r4]
 6358 0018 5368     		ldr	r3, [r2, #4]
 6359 001a 23F00103 		bic	r3, r3, #1
 6360 001e 5360     		str	r3, [r2, #4]
3150:Drivers/STM32F1xx_HAL_Driver/Src/stm32f1xx_hal_spi.c ****   {
 6361              		.loc 1 3150 3 view .LVU2115
3150:Drivers/STM32F1xx_HAL_Driver/Src/stm32f1xx_hal_spi.c ****   {
 6362              		.loc 1 3150 7 is_stmt 0 view .LVU2116
 6363 0020 FFF7FEFF 		bl	HAL_GetTick
 6364              	.LVL378:
3150:Drivers/STM32F1xx_HAL_Driver/Src/stm32f1xx_hal_spi.c ****   {
 6365              		.loc 1 3150 7 view .LVU2117
 6366 0024 0246     		mov	r2, r0
3150:Drivers/STM32F1xx_HAL_Driver/Src/stm32f1xx_hal_spi.c ****   {
 6367              		.loc 1 3150 7 discriminator 1 view .LVU2118
 6368 0026 6421     		movs	r1, #100
 6369 0028 2046     		mov	r0, r4
 6370 002a FFF7FEFF 		bl	SPI_EndRxTxTransaction
 6371              	.LVL379:
3150:Drivers/STM32F1xx_HAL_Driver/Src/stm32f1xx_hal_spi.c ****   {
 6372              		.loc 1 3150 6 discriminator 2 view .LVU2119
 6373 002e 18B1     		cbz	r0, .L427
3152:Drivers/STM32F1xx_HAL_Driver/Src/stm32f1xx_hal_spi.c ****   }
 6374              		.loc 1 3152 5 is_stmt 1 view .LVU2120
 6375 0030 636D     		ldr	r3, [r4, #84]
 6376 0032 43F04003 		orr	r3, r3, #64
 6377 0036 6365     		str	r3, [r4, #84]
 6378              	.L427:
3156:Drivers/STM32F1xx_HAL_Driver/Src/stm32f1xx_hal_spi.c ****   {
 6379              		.loc 1 3156 3 view .LVU2121
3156:Drivers/STM32F1xx_HAL_Driver/Src/stm32f1xx_hal_spi.c ****   {
 6380              		.loc 1 3156 11 is_stmt 0 view .LVU2122
 6381 0038 A36C     		ldr	r3, [r4, #72]
3156:Drivers/STM32F1xx_HAL_Driver/Src/stm32f1xx_hal_spi.c ****   {
 6382              		.loc 1 3156 6 view .LVU2123
 6383 003a 0BB1     		cbz	r3, .L428
3158:Drivers/STM32F1xx_HAL_Driver/Src/stm32f1xx_hal_spi.c ****     {
 6384              		.loc 1 3158 5 is_stmt 1 view .LVU2124
3158:Drivers/STM32F1xx_HAL_Driver/Src/stm32f1xx_hal_spi.c ****     {
 6385              		.loc 1 3158 21 is_stmt 0 view .LVU2125
 6386 003c 5B6B     		ldr	r3, [r3, #52]
3158:Drivers/STM32F1xx_HAL_Driver/Src/stm32f1xx_hal_spi.c ****     {
 6387              		.loc 1 3158 8 view .LVU2126
 6388 003e A3B9     		cbnz	r3, .L426
 6389              	.L428:
3165:Drivers/STM32F1xx_HAL_Driver/Src/stm32f1xx_hal_spi.c ****   hspi->TxXferCount = 0U;
 6390              		.loc 1 3165 3 is_stmt 1 view .LVU2127
3165:Drivers/STM32F1xx_HAL_Driver/Src/stm32f1xx_hal_spi.c ****   hspi->TxXferCount = 0U;
 6391              		.loc 1 3165 21 is_stmt 0 view .LVU2128
 6392 0040 E387     		strh	r3, [r4, #62]	@ movhi
3166:Drivers/STM32F1xx_HAL_Driver/Src/stm32f1xx_hal_spi.c **** 
 6393              		.loc 1 3166 3 is_stmt 1 view .LVU2129
ARM GAS  /var/folders/y0/yl1wrqfd209ghqq3s8k8qc1m0000gn/T//ccjYiGlu.s 			page 218


3166:Drivers/STM32F1xx_HAL_Driver/Src/stm32f1xx_hal_spi.c **** 
 6394              		.loc 1 3166 21 is_stmt 0 view .LVU2130
 6395 0042 E386     		strh	r3, [r4, #54]	@ movhi
3169:Drivers/STM32F1xx_HAL_Driver/Src/stm32f1xx_hal_spi.c ****   {
 6396              		.loc 1 3169 3 is_stmt 1 view .LVU2131
3169:Drivers/STM32F1xx_HAL_Driver/Src/stm32f1xx_hal_spi.c ****   {
 6397              		.loc 1 3169 11 is_stmt 0 view .LVU2132
 6398 0044 636D     		ldr	r3, [r4, #84]
3169:Drivers/STM32F1xx_HAL_Driver/Src/stm32f1xx_hal_spi.c ****   {
 6399              		.loc 1 3169 6 view .LVU2133
 6400 0046 402B     		cmp	r3, #64
 6401 0048 01D0     		beq	.L430
3172:Drivers/STM32F1xx_HAL_Driver/Src/stm32f1xx_hal_spi.c ****   }
 6402              		.loc 1 3172 5 is_stmt 1 view .LVU2134
3172:Drivers/STM32F1xx_HAL_Driver/Src/stm32f1xx_hal_spi.c ****   }
 6403              		.loc 1 3172 21 is_stmt 0 view .LVU2135
 6404 004a 0023     		movs	r3, #0
 6405 004c 6365     		str	r3, [r4, #84]
 6406              	.L430:
3176:Drivers/STM32F1xx_HAL_Driver/Src/stm32f1xx_hal_spi.c **** 
 6407              		.loc 1 3176 3 is_stmt 1 view .LVU2136
 6408              	.LBB13:
3176:Drivers/STM32F1xx_HAL_Driver/Src/stm32f1xx_hal_spi.c **** 
 6409              		.loc 1 3176 3 view .LVU2137
 6410 004e 0023     		movs	r3, #0
 6411 0050 0193     		str	r3, [sp, #4]
3176:Drivers/STM32F1xx_HAL_Driver/Src/stm32f1xx_hal_spi.c **** 
 6412              		.loc 1 3176 3 view .LVU2138
 6413 0052 2368     		ldr	r3, [r4]
 6414 0054 DA68     		ldr	r2, [r3, #12]
 6415 0056 0192     		str	r2, [sp, #4]
3176:Drivers/STM32F1xx_HAL_Driver/Src/stm32f1xx_hal_spi.c **** 
 6416              		.loc 1 3176 3 view .LVU2139
 6417 0058 9B68     		ldr	r3, [r3, #8]
 6418 005a 0193     		str	r3, [sp, #4]
3176:Drivers/STM32F1xx_HAL_Driver/Src/stm32f1xx_hal_spi.c **** 
 6419              		.loc 1 3176 3 view .LVU2140
 6420 005c 019B     		ldr	r3, [sp, #4]
 6421              	.LBE13:
3176:Drivers/STM32F1xx_HAL_Driver/Src/stm32f1xx_hal_spi.c **** 
 6422              		.loc 1 3176 3 view .LVU2141
3179:Drivers/STM32F1xx_HAL_Driver/Src/stm32f1xx_hal_spi.c **** 
 6423              		.loc 1 3179 3 view .LVU2142
3179:Drivers/STM32F1xx_HAL_Driver/Src/stm32f1xx_hal_spi.c **** 
 6424              		.loc 1 3179 16 is_stmt 0 view .LVU2143
 6425 005e 0123     		movs	r3, #1
 6426 0060 84F85130 		strb	r3, [r4, #81]
3185:Drivers/STM32F1xx_HAL_Driver/Src/stm32f1xx_hal_spi.c **** #endif /* USE_HAL_SPI_REGISTER_CALLBACKS */
 6427              		.loc 1 3185 3 is_stmt 1 view .LVU2144
 6428 0064 2046     		mov	r0, r4
 6429 0066 FFF7FEFF 		bl	HAL_SPI_AbortCpltCallback
 6430              	.LVL380:
 6431              	.L426:
3187:Drivers/STM32F1xx_HAL_Driver/Src/stm32f1xx_hal_spi.c **** 
 6432              		.loc 1 3187 1 is_stmt 0 view .LVU2145
 6433 006a 02B0     		add	sp, sp, #8
 6434              	.LCFI80:
ARM GAS  /var/folders/y0/yl1wrqfd209ghqq3s8k8qc1m0000gn/T//ccjYiGlu.s 			page 219


 6435              		.cfi_def_cfa_offset 8
 6436              		@ sp needed
 6437 006c 10BD     		pop	{r4, pc}
3187:Drivers/STM32F1xx_HAL_Driver/Src/stm32f1xx_hal_spi.c **** 
 6438              		.loc 1 3187 1 view .LVU2146
 6439              		.cfi_endproc
 6440              	.LFE103:
 6442              		.section	.text.SPI_DMATxAbortCallback,"ax",%progbits
 6443              		.align	1
 6444              		.syntax unified
 6445              		.thumb
 6446              		.thumb_func
 6448              	SPI_DMATxAbortCallback:
 6449              	.LVL381:
 6450              	.LFB102:
3074:Drivers/STM32F1xx_HAL_Driver/Src/stm32f1xx_hal_spi.c ****   SPI_HandleTypeDef *hspi = (SPI_HandleTypeDef *)(((DMA_HandleTypeDef *)hdma)->Parent);
 6451              		.loc 1 3074 1 is_stmt 1 view -0
 6452              		.cfi_startproc
 6453              		@ args = 0, pretend = 0, frame = 8
 6454              		@ frame_needed = 0, uses_anonymous_args = 0
3074:Drivers/STM32F1xx_HAL_Driver/Src/stm32f1xx_hal_spi.c ****   SPI_HandleTypeDef *hspi = (SPI_HandleTypeDef *)(((DMA_HandleTypeDef *)hdma)->Parent);
 6455              		.loc 1 3074 1 is_stmt 0 view .LVU2148
 6456 0000 00B5     		push	{lr}
 6457              	.LCFI81:
 6458              		.cfi_def_cfa_offset 4
 6459              		.cfi_offset 14, -4
 6460 0002 83B0     		sub	sp, sp, #12
 6461              	.LCFI82:
 6462              		.cfi_def_cfa_offset 16
3075:Drivers/STM32F1xx_HAL_Driver/Src/stm32f1xx_hal_spi.c ****   __IO uint32_t count;
 6463              		.loc 1 3075 3 is_stmt 1 view .LVU2149
3075:Drivers/STM32F1xx_HAL_Driver/Src/stm32f1xx_hal_spi.c ****   __IO uint32_t count;
 6464              		.loc 1 3075 22 is_stmt 0 view .LVU2150
 6465 0004 406A     		ldr	r0, [r0, #36]
 6466              	.LVL382:
3076:Drivers/STM32F1xx_HAL_Driver/Src/stm32f1xx_hal_spi.c **** 
 6467              		.loc 1 3076 3 is_stmt 1 view .LVU2151
3078:Drivers/STM32F1xx_HAL_Driver/Src/stm32f1xx_hal_spi.c ****   count = SPI_DEFAULT_TIMEOUT * (SystemCoreClock / 24U / 1000U);
 6468              		.loc 1 3078 3 view .LVU2152
3078:Drivers/STM32F1xx_HAL_Driver/Src/stm32f1xx_hal_spi.c ****   count = SPI_DEFAULT_TIMEOUT * (SystemCoreClock / 24U / 1000U);
 6469              		.loc 1 3078 7 is_stmt 0 view .LVU2153
 6470 0006 836C     		ldr	r3, [r0, #72]
3078:Drivers/STM32F1xx_HAL_Driver/Src/stm32f1xx_hal_spi.c ****   count = SPI_DEFAULT_TIMEOUT * (SystemCoreClock / 24U / 1000U);
 6471              		.loc 1 3078 35 view .LVU2154
 6472 0008 0022     		movs	r2, #0
 6473 000a 5A63     		str	r2, [r3, #52]
3079:Drivers/STM32F1xx_HAL_Driver/Src/stm32f1xx_hal_spi.c **** 
 6474              		.loc 1 3079 3 is_stmt 1 view .LVU2155
3079:Drivers/STM32F1xx_HAL_Driver/Src/stm32f1xx_hal_spi.c **** 
 6475              		.loc 1 3079 56 is_stmt 0 view .LVU2156
 6476 000c 1B4B     		ldr	r3, .L441
 6477 000e 1B68     		ldr	r3, [r3]
 6478 0010 1B4A     		ldr	r2, .L441+4
 6479 0012 A2FB0323 		umull	r2, r3, r2, r3
 6480 0016 5B0A     		lsrs	r3, r3, #9
3079:Drivers/STM32F1xx_HAL_Driver/Src/stm32f1xx_hal_spi.c **** 
 6481              		.loc 1 3079 31 view .LVU2157
ARM GAS  /var/folders/y0/yl1wrqfd209ghqq3s8k8qc1m0000gn/T//ccjYiGlu.s 			page 220


 6482 0018 6422     		movs	r2, #100
 6483 001a 02FB03F3 		mul	r3, r2, r3
3079:Drivers/STM32F1xx_HAL_Driver/Src/stm32f1xx_hal_spi.c **** 
 6484              		.loc 1 3079 9 view .LVU2158
 6485 001e 0193     		str	r3, [sp, #4]
3082:Drivers/STM32F1xx_HAL_Driver/Src/stm32f1xx_hal_spi.c **** 
 6486              		.loc 1 3082 3 is_stmt 1 view .LVU2159
 6487 0020 0268     		ldr	r2, [r0]
 6488 0022 5368     		ldr	r3, [r2, #4]
 6489 0024 23F00203 		bic	r3, r3, #2
 6490 0028 5360     		str	r3, [r2, #4]
 6491              	.L435:
3085:Drivers/STM32F1xx_HAL_Driver/Src/stm32f1xx_hal_spi.c ****   {
 6492              		.loc 1 3085 3 view .LVU2160
3087:Drivers/STM32F1xx_HAL_Driver/Src/stm32f1xx_hal_spi.c ****     {
 6493              		.loc 1 3087 5 view .LVU2161
3087:Drivers/STM32F1xx_HAL_Driver/Src/stm32f1xx_hal_spi.c ****     {
 6494              		.loc 1 3087 15 is_stmt 0 view .LVU2162
 6495 002a 019B     		ldr	r3, [sp, #4]
3087:Drivers/STM32F1xx_HAL_Driver/Src/stm32f1xx_hal_spi.c ****     {
 6496              		.loc 1 3087 8 view .LVU2163
 6497 002c 43B1     		cbz	r3, .L440
3092:Drivers/STM32F1xx_HAL_Driver/Src/stm32f1xx_hal_spi.c ****   } while ((hspi->Instance->SR & SPI_FLAG_TXE) == RESET);
 6498              		.loc 1 3092 5 is_stmt 1 view .LVU2164
3092:Drivers/STM32F1xx_HAL_Driver/Src/stm32f1xx_hal_spi.c ****   } while ((hspi->Instance->SR & SPI_FLAG_TXE) == RESET);
 6499              		.loc 1 3092 10 is_stmt 0 view .LVU2165
 6500 002e 019B     		ldr	r3, [sp, #4]
 6501 0030 013B     		subs	r3, r3, #1
 6502 0032 0193     		str	r3, [sp, #4]
3093:Drivers/STM32F1xx_HAL_Driver/Src/stm32f1xx_hal_spi.c **** 
 6503              		.loc 1 3093 48 is_stmt 1 view .LVU2166
3093:Drivers/STM32F1xx_HAL_Driver/Src/stm32f1xx_hal_spi.c **** 
 6504              		.loc 1 3093 17 is_stmt 0 view .LVU2167
 6505 0034 0368     		ldr	r3, [r0]
3093:Drivers/STM32F1xx_HAL_Driver/Src/stm32f1xx_hal_spi.c **** 
 6506              		.loc 1 3093 27 view .LVU2168
 6507 0036 9B68     		ldr	r3, [r3, #8]
3093:Drivers/STM32F1xx_HAL_Driver/Src/stm32f1xx_hal_spi.c **** 
 6508              		.loc 1 3093 48 view .LVU2169
 6509 0038 13F0020F 		tst	r3, #2
 6510 003c F5D0     		beq	.L435
 6511 003e 03E0     		b	.L434
 6512              	.L440:
3089:Drivers/STM32F1xx_HAL_Driver/Src/stm32f1xx_hal_spi.c ****       break;
 6513              		.loc 1 3089 7 is_stmt 1 view .LVU2170
 6514 0040 436D     		ldr	r3, [r0, #84]
 6515 0042 43F04003 		orr	r3, r3, #64
 6516 0046 4365     		str	r3, [r0, #84]
3090:Drivers/STM32F1xx_HAL_Driver/Src/stm32f1xx_hal_spi.c ****     }
 6517              		.loc 1 3090 7 view .LVU2171
 6518              	.L434:
3096:Drivers/STM32F1xx_HAL_Driver/Src/stm32f1xx_hal_spi.c ****   {
 6519              		.loc 1 3096 3 view .LVU2172
3096:Drivers/STM32F1xx_HAL_Driver/Src/stm32f1xx_hal_spi.c ****   {
 6520              		.loc 1 3096 11 is_stmt 0 view .LVU2173
 6521 0048 C36C     		ldr	r3, [r0, #76]
3096:Drivers/STM32F1xx_HAL_Driver/Src/stm32f1xx_hal_spi.c ****   {
ARM GAS  /var/folders/y0/yl1wrqfd209ghqq3s8k8qc1m0000gn/T//ccjYiGlu.s 			page 221


 6522              		.loc 1 3096 6 view .LVU2174
 6523 004a 0BB1     		cbz	r3, .L436
3098:Drivers/STM32F1xx_HAL_Driver/Src/stm32f1xx_hal_spi.c ****     {
 6524              		.loc 1 3098 5 is_stmt 1 view .LVU2175
3098:Drivers/STM32F1xx_HAL_Driver/Src/stm32f1xx_hal_spi.c ****     {
 6525              		.loc 1 3098 21 is_stmt 0 view .LVU2176
 6526 004c 5B6B     		ldr	r3, [r3, #52]
3098:Drivers/STM32F1xx_HAL_Driver/Src/stm32f1xx_hal_spi.c ****     {
 6527              		.loc 1 3098 8 view .LVU2177
 6528 004e 9BB9     		cbnz	r3, .L432
 6529              	.L436:
3105:Drivers/STM32F1xx_HAL_Driver/Src/stm32f1xx_hal_spi.c ****   hspi->TxXferCount = 0U;
 6530              		.loc 1 3105 3 is_stmt 1 view .LVU2178
3105:Drivers/STM32F1xx_HAL_Driver/Src/stm32f1xx_hal_spi.c ****   hspi->TxXferCount = 0U;
 6531              		.loc 1 3105 21 is_stmt 0 view .LVU2179
 6532 0050 C387     		strh	r3, [r0, #62]	@ movhi
3106:Drivers/STM32F1xx_HAL_Driver/Src/stm32f1xx_hal_spi.c **** 
 6533              		.loc 1 3106 3 is_stmt 1 view .LVU2180
3106:Drivers/STM32F1xx_HAL_Driver/Src/stm32f1xx_hal_spi.c **** 
 6534              		.loc 1 3106 21 is_stmt 0 view .LVU2181
 6535 0052 C386     		strh	r3, [r0, #54]	@ movhi
3109:Drivers/STM32F1xx_HAL_Driver/Src/stm32f1xx_hal_spi.c ****   {
 6536              		.loc 1 3109 3 is_stmt 1 view .LVU2182
3109:Drivers/STM32F1xx_HAL_Driver/Src/stm32f1xx_hal_spi.c ****   {
 6537              		.loc 1 3109 11 is_stmt 0 view .LVU2183
 6538 0054 436D     		ldr	r3, [r0, #84]
3109:Drivers/STM32F1xx_HAL_Driver/Src/stm32f1xx_hal_spi.c ****   {
 6539              		.loc 1 3109 6 view .LVU2184
 6540 0056 402B     		cmp	r3, #64
 6541 0058 01D0     		beq	.L438
3112:Drivers/STM32F1xx_HAL_Driver/Src/stm32f1xx_hal_spi.c ****   }
 6542              		.loc 1 3112 5 is_stmt 1 view .LVU2185
3112:Drivers/STM32F1xx_HAL_Driver/Src/stm32f1xx_hal_spi.c ****   }
 6543              		.loc 1 3112 21 is_stmt 0 view .LVU2186
 6544 005a 0023     		movs	r3, #0
 6545 005c 4365     		str	r3, [r0, #84]
 6546              	.L438:
3116:Drivers/STM32F1xx_HAL_Driver/Src/stm32f1xx_hal_spi.c **** 
 6547              		.loc 1 3116 3 is_stmt 1 view .LVU2187
 6548              	.LBB14:
3116:Drivers/STM32F1xx_HAL_Driver/Src/stm32f1xx_hal_spi.c **** 
 6549              		.loc 1 3116 3 view .LVU2188
 6550 005e 0023     		movs	r3, #0
 6551 0060 0093     		str	r3, [sp]
3116:Drivers/STM32F1xx_HAL_Driver/Src/stm32f1xx_hal_spi.c **** 
 6552              		.loc 1 3116 3 view .LVU2189
 6553 0062 0368     		ldr	r3, [r0]
 6554 0064 DA68     		ldr	r2, [r3, #12]
 6555 0066 0092     		str	r2, [sp]
3116:Drivers/STM32F1xx_HAL_Driver/Src/stm32f1xx_hal_spi.c **** 
 6556              		.loc 1 3116 3 view .LVU2190
 6557 0068 9B68     		ldr	r3, [r3, #8]
 6558 006a 0093     		str	r3, [sp]
3116:Drivers/STM32F1xx_HAL_Driver/Src/stm32f1xx_hal_spi.c **** 
 6559              		.loc 1 3116 3 view .LVU2191
 6560 006c 009B     		ldr	r3, [sp]
 6561              	.LBE14:
ARM GAS  /var/folders/y0/yl1wrqfd209ghqq3s8k8qc1m0000gn/T//ccjYiGlu.s 			page 222


3116:Drivers/STM32F1xx_HAL_Driver/Src/stm32f1xx_hal_spi.c **** 
 6562              		.loc 1 3116 3 view .LVU2192
3119:Drivers/STM32F1xx_HAL_Driver/Src/stm32f1xx_hal_spi.c **** 
 6563              		.loc 1 3119 3 view .LVU2193
3119:Drivers/STM32F1xx_HAL_Driver/Src/stm32f1xx_hal_spi.c **** 
 6564              		.loc 1 3119 16 is_stmt 0 view .LVU2194
 6565 006e 0123     		movs	r3, #1
 6566 0070 80F85130 		strb	r3, [r0, #81]
3125:Drivers/STM32F1xx_HAL_Driver/Src/stm32f1xx_hal_spi.c **** #endif /* USE_HAL_SPI_REGISTER_CALLBACKS */
 6567              		.loc 1 3125 3 is_stmt 1 view .LVU2195
 6568 0074 FFF7FEFF 		bl	HAL_SPI_AbortCpltCallback
 6569              	.LVL383:
 6570              	.L432:
3127:Drivers/STM32F1xx_HAL_Driver/Src/stm32f1xx_hal_spi.c **** 
 6571              		.loc 1 3127 1 is_stmt 0 view .LVU2196
 6572 0078 03B0     		add	sp, sp, #12
 6573              	.LCFI83:
 6574              		.cfi_def_cfa_offset 4
 6575              		@ sp needed
 6576 007a 00BD     		pop	{pc}
 6577              	.L442:
 6578              		.align	2
 6579              	.L441:
 6580 007c 00000000 		.word	SystemCoreClock
 6581 0080 F1197605 		.word	91625969
 6582              		.cfi_endproc
 6583              	.LFE102:
 6585              		.section	.text.HAL_SPI_GetState,"ax",%progbits
 6586              		.align	1
 6587              		.global	HAL_SPI_GetState
 6588              		.syntax unified
 6589              		.thumb
 6590              		.thumb_func
 6592              	HAL_SPI_GetState:
 6593              	.LVL384:
 6594              	.LFB92:
2692:Drivers/STM32F1xx_HAL_Driver/Src/stm32f1xx_hal_spi.c ****   /* Return SPI handle state */
 6595              		.loc 1 2692 1 is_stmt 1 view -0
 6596              		.cfi_startproc
 6597              		@ args = 0, pretend = 0, frame = 0
 6598              		@ frame_needed = 0, uses_anonymous_args = 0
 6599              		@ link register save eliminated.
2694:Drivers/STM32F1xx_HAL_Driver/Src/stm32f1xx_hal_spi.c **** }
 6600              		.loc 1 2694 3 view .LVU2198
2694:Drivers/STM32F1xx_HAL_Driver/Src/stm32f1xx_hal_spi.c **** }
 6601              		.loc 1 2694 14 is_stmt 0 view .LVU2199
 6602 0000 90F85100 		ldrb	r0, [r0, #81]	@ zero_extendqisi2
 6603              	.LVL385:
2695:Drivers/STM32F1xx_HAL_Driver/Src/stm32f1xx_hal_spi.c **** 
 6604              		.loc 1 2695 1 view .LVU2200
 6605 0004 7047     		bx	lr
 6606              		.cfi_endproc
 6607              	.LFE92:
 6609              		.section	.text.HAL_SPI_GetError,"ax",%progbits
 6610              		.align	1
 6611              		.global	HAL_SPI_GetError
 6612              		.syntax unified
ARM GAS  /var/folders/y0/yl1wrqfd209ghqq3s8k8qc1m0000gn/T//ccjYiGlu.s 			page 223


 6613              		.thumb
 6614              		.thumb_func
 6616              	HAL_SPI_GetError:
 6617              	.LVL386:
 6618              	.LFB93:
2704:Drivers/STM32F1xx_HAL_Driver/Src/stm32f1xx_hal_spi.c ****   /* Return SPI ErrorCode */
 6619              		.loc 1 2704 1 is_stmt 1 view -0
 6620              		.cfi_startproc
 6621              		@ args = 0, pretend = 0, frame = 0
 6622              		@ frame_needed = 0, uses_anonymous_args = 0
 6623              		@ link register save eliminated.
2706:Drivers/STM32F1xx_HAL_Driver/Src/stm32f1xx_hal_spi.c **** }
 6624              		.loc 1 2706 3 view .LVU2202
2706:Drivers/STM32F1xx_HAL_Driver/Src/stm32f1xx_hal_spi.c **** }
 6625              		.loc 1 2706 14 is_stmt 0 view .LVU2203
 6626 0000 406D     		ldr	r0, [r0, #84]
 6627              	.LVL387:
2707:Drivers/STM32F1xx_HAL_Driver/Src/stm32f1xx_hal_spi.c **** 
 6628              		.loc 1 2707 1 view .LVU2204
 6629 0002 7047     		bx	lr
 6630              		.cfi_endproc
 6631              	.LFE93:
 6633              		.text
 6634              	.Letext0:
 6635              		.file 2 "/Applications/ArmGNUToolchain/15.3.rel1/arm-none-eabi/arm-none-eabi/include/machine/_defa
 6636              		.file 3 "/Applications/ArmGNUToolchain/15.3.rel1/arm-none-eabi/arm-none-eabi/include/sys/_stdint.h
 6637              		.file 4 "Drivers/CMSIS/Device/ST/STM32F1xx/Include/stm32f102xb.h"
 6638              		.file 5 "Drivers/CMSIS/Device/ST/STM32F1xx/Include/stm32f1xx.h"
 6639              		.file 6 "Drivers/STM32F1xx_HAL_Driver/Inc/stm32f1xx_hal_def.h"
 6640              		.file 7 "Drivers/STM32F1xx_HAL_Driver/Inc/stm32f1xx_hal_dma.h"
 6641              		.file 8 "Drivers/STM32F1xx_HAL_Driver/Inc/stm32f1xx_hal_spi.h"
 6642              		.file 9 "Drivers/CMSIS/Device/ST/STM32F1xx/Include/system_stm32f1xx.h"
 6643              		.file 10 "Drivers/STM32F1xx_HAL_Driver/Inc/stm32f1xx_hal.h"
ARM GAS  /var/folders/y0/yl1wrqfd209ghqq3s8k8qc1m0000gn/T//ccjYiGlu.s 			page 224


DEFINED SYMBOLS
                            *ABS*:00000000 stm32f1xx_hal_spi.c
/var/folders/y0/yl1wrqfd209ghqq3s8k8qc1m0000gn/T//ccjYiGlu.s:19     .text.SPI_AbortRx_ISR:00000000 $t
/var/folders/y0/yl1wrqfd209ghqq3s8k8qc1m0000gn/T//ccjYiGlu.s:24     .text.SPI_AbortRx_ISR:00000000 SPI_AbortRx_ISR
/var/folders/y0/yl1wrqfd209ghqq3s8k8qc1m0000gn/T//ccjYiGlu.s:111    .text.SPI_AbortRx_ISR:00000060 $d
/var/folders/y0/yl1wrqfd209ghqq3s8k8qc1m0000gn/T//ccjYiGlu.s:117    .text.SPI_AbortTx_ISR:00000000 $t
/var/folders/y0/yl1wrqfd209ghqq3s8k8qc1m0000gn/T//ccjYiGlu.s:122    .text.SPI_AbortTx_ISR:00000000 SPI_AbortTx_ISR
/var/folders/y0/yl1wrqfd209ghqq3s8k8qc1m0000gn/T//ccjYiGlu.s:150    .text.SPI_WaitFlagStateUntilTimeout:00000000 $t
/var/folders/y0/yl1wrqfd209ghqq3s8k8qc1m0000gn/T//ccjYiGlu.s:155    .text.SPI_WaitFlagStateUntilTimeout:00000000 SPI_WaitFlagStateUntilTimeout
/var/folders/y0/yl1wrqfd209ghqq3s8k8qc1m0000gn/T//ccjYiGlu.s:337    .text.SPI_WaitFlagStateUntilTimeout:000000c4 $d
/var/folders/y0/yl1wrqfd209ghqq3s8k8qc1m0000gn/T//ccjYiGlu.s:342    .text.SPI_EndRxTxTransaction:00000000 $t
/var/folders/y0/yl1wrqfd209ghqq3s8k8qc1m0000gn/T//ccjYiGlu.s:347    .text.SPI_EndRxTxTransaction:00000000 SPI_EndRxTxTransaction
/var/folders/y0/yl1wrqfd209ghqq3s8k8qc1m0000gn/T//ccjYiGlu.s:426    .text.SPI_EndRxTransaction:00000000 $t
/var/folders/y0/yl1wrqfd209ghqq3s8k8qc1m0000gn/T//ccjYiGlu.s:431    .text.SPI_EndRxTransaction:00000000 SPI_EndRxTransaction
/var/folders/y0/yl1wrqfd209ghqq3s8k8qc1m0000gn/T//ccjYiGlu.s:546    .text.HAL_SPI_MspInit:00000000 $t
/var/folders/y0/yl1wrqfd209ghqq3s8k8qc1m0000gn/T//ccjYiGlu.s:552    .text.HAL_SPI_MspInit:00000000 HAL_SPI_MspInit
/var/folders/y0/yl1wrqfd209ghqq3s8k8qc1m0000gn/T//ccjYiGlu.s:567    .text.HAL_SPI_Init:00000000 $t
/var/folders/y0/yl1wrqfd209ghqq3s8k8qc1m0000gn/T//ccjYiGlu.s:573    .text.HAL_SPI_Init:00000000 HAL_SPI_Init
/var/folders/y0/yl1wrqfd209ghqq3s8k8qc1m0000gn/T//ccjYiGlu.s:725    .text.HAL_SPI_MspDeInit:00000000 $t
/var/folders/y0/yl1wrqfd209ghqq3s8k8qc1m0000gn/T//ccjYiGlu.s:731    .text.HAL_SPI_MspDeInit:00000000 HAL_SPI_MspDeInit
/var/folders/y0/yl1wrqfd209ghqq3s8k8qc1m0000gn/T//ccjYiGlu.s:746    .text.HAL_SPI_DeInit:00000000 $t
/var/folders/y0/yl1wrqfd209ghqq3s8k8qc1m0000gn/T//ccjYiGlu.s:752    .text.HAL_SPI_DeInit:00000000 HAL_SPI_DeInit
/var/folders/y0/yl1wrqfd209ghqq3s8k8qc1m0000gn/T//ccjYiGlu.s:811    .text.HAL_SPI_Transmit:00000000 $t
/var/folders/y0/yl1wrqfd209ghqq3s8k8qc1m0000gn/T//ccjYiGlu.s:817    .text.HAL_SPI_Transmit:00000000 HAL_SPI_Transmit
/var/folders/y0/yl1wrqfd209ghqq3s8k8qc1m0000gn/T//ccjYiGlu.s:1231   .text.HAL_SPI_TransmitReceive:00000000 $t
/var/folders/y0/yl1wrqfd209ghqq3s8k8qc1m0000gn/T//ccjYiGlu.s:1237   .text.HAL_SPI_TransmitReceive:00000000 HAL_SPI_TransmitReceive
/var/folders/y0/yl1wrqfd209ghqq3s8k8qc1m0000gn/T//ccjYiGlu.s:1851   .text.HAL_SPI_Receive:00000000 $t
/var/folders/y0/yl1wrqfd209ghqq3s8k8qc1m0000gn/T//ccjYiGlu.s:1857   .text.HAL_SPI_Receive:00000000 HAL_SPI_Receive
/var/folders/y0/yl1wrqfd209ghqq3s8k8qc1m0000gn/T//ccjYiGlu.s:2213   .text.HAL_SPI_Transmit_IT:00000000 $t
/var/folders/y0/yl1wrqfd209ghqq3s8k8qc1m0000gn/T//ccjYiGlu.s:2219   .text.HAL_SPI_Transmit_IT:00000000 HAL_SPI_Transmit_IT
/var/folders/y0/yl1wrqfd209ghqq3s8k8qc1m0000gn/T//ccjYiGlu.s:2381   .text.HAL_SPI_Transmit_IT:00000098 $d
/var/folders/y0/yl1wrqfd209ghqq3s8k8qc1m0000gn/T//ccjYiGlu.s:4523   .text.SPI_TxISR_16BIT:00000000 SPI_TxISR_16BIT
/var/folders/y0/yl1wrqfd209ghqq3s8k8qc1m0000gn/T//ccjYiGlu.s:4461   .text.SPI_TxISR_8BIT:00000000 SPI_TxISR_8BIT
/var/folders/y0/yl1wrqfd209ghqq3s8k8qc1m0000gn/T//ccjYiGlu.s:2387   .text.HAL_SPI_TransmitReceive_IT:00000000 $t
/var/folders/y0/yl1wrqfd209ghqq3s8k8qc1m0000gn/T//ccjYiGlu.s:2393   .text.HAL_SPI_TransmitReceive_IT:00000000 HAL_SPI_TransmitReceive_IT
/var/folders/y0/yl1wrqfd209ghqq3s8k8qc1m0000gn/T//ccjYiGlu.s:2601   .text.HAL_SPI_TransmitReceive_IT:000000c4 $d
/var/folders/y0/yl1wrqfd209ghqq3s8k8qc1m0000gn/T//ccjYiGlu.s:5200   .text.SPI_2linesRxISR_16BIT:00000000 SPI_2linesRxISR_16BIT
/var/folders/y0/yl1wrqfd209ghqq3s8k8qc1m0000gn/T//ccjYiGlu.s:5127   .text.SPI_2linesTxISR_16BIT:00000000 SPI_2linesTxISR_16BIT
/var/folders/y0/yl1wrqfd209ghqq3s8k8qc1m0000gn/T//ccjYiGlu.s:5054   .text.SPI_2linesRxISR_8BIT:00000000 SPI_2linesRxISR_8BIT
/var/folders/y0/yl1wrqfd209ghqq3s8k8qc1m0000gn/T//ccjYiGlu.s:4981   .text.SPI_2linesTxISR_8BIT:00000000 SPI_2linesTxISR_8BIT
/var/folders/y0/yl1wrqfd209ghqq3s8k8qc1m0000gn/T//ccjYiGlu.s:2609   .text.HAL_SPI_Receive_IT:00000000 $t
/var/folders/y0/yl1wrqfd209ghqq3s8k8qc1m0000gn/T//ccjYiGlu.s:2615   .text.HAL_SPI_Receive_IT:00000000 HAL_SPI_Receive_IT
/var/folders/y0/yl1wrqfd209ghqq3s8k8qc1m0000gn/T//ccjYiGlu.s:2791   .text.HAL_SPI_Receive_IT:000000d8 $d
/var/folders/y0/yl1wrqfd209ghqq3s8k8qc1m0000gn/T//ccjYiGlu.s:4748   .text.SPI_RxISR_16BIT:00000000 SPI_RxISR_16BIT
/var/folders/y0/yl1wrqfd209ghqq3s8k8qc1m0000gn/T//ccjYiGlu.s:4686   .text.SPI_RxISR_8BIT:00000000 SPI_RxISR_8BIT
/var/folders/y0/yl1wrqfd209ghqq3s8k8qc1m0000gn/T//ccjYiGlu.s:2797   .text.HAL_SPI_Transmit_DMA:00000000 $t
/var/folders/y0/yl1wrqfd209ghqq3s8k8qc1m0000gn/T//ccjYiGlu.s:2803   .text.HAL_SPI_Transmit_DMA:00000000 HAL_SPI_Transmit_DMA
/var/folders/y0/yl1wrqfd209ghqq3s8k8qc1m0000gn/T//ccjYiGlu.s:3006   .text.HAL_SPI_Transmit_DMA:000000d4 $d
/var/folders/y0/yl1wrqfd209ghqq3s8k8qc1m0000gn/T//ccjYiGlu.s:4151   .text.SPI_DMAHalfTransmitCplt:00000000 SPI_DMAHalfTransmitCplt
/var/folders/y0/yl1wrqfd209ghqq3s8k8qc1m0000gn/T//ccjYiGlu.s:5317   .text.SPI_DMATransmitCplt:00000000 SPI_DMATransmitCplt
/var/folders/y0/yl1wrqfd209ghqq3s8k8qc1m0000gn/T//ccjYiGlu.s:5273   .text.SPI_DMAError:00000000 SPI_DMAError
/var/folders/y0/yl1wrqfd209ghqq3s8k8qc1m0000gn/T//ccjYiGlu.s:3013   .text.HAL_SPI_TransmitReceive_DMA:00000000 $t
/var/folders/y0/yl1wrqfd209ghqq3s8k8qc1m0000gn/T//ccjYiGlu.s:3019   .text.HAL_SPI_TransmitReceive_DMA:00000000 HAL_SPI_TransmitReceive_DMA
/var/folders/y0/yl1wrqfd209ghqq3s8k8qc1m0000gn/T//ccjYiGlu.s:3324   .text.HAL_SPI_TransmitReceive_DMA:00000148 $d
/var/folders/y0/yl1wrqfd209ghqq3s8k8qc1m0000gn/T//ccjYiGlu.s:4257   .text.SPI_DMAHalfTransmitReceiveCplt:00000000 SPI_DMAHalfTransmitReceiveCplt
/var/folders/y0/yl1wrqfd209ghqq3s8k8qc1m0000gn/T//ccjYiGlu.s:5561   .text.SPI_DMATransmitReceiveCplt:00000000 SPI_DMATransmitReceiveCplt
/var/folders/y0/yl1wrqfd209ghqq3s8k8qc1m0000gn/T//ccjYiGlu.s:4204   .text.SPI_DMAHalfReceiveCplt:00000000 SPI_DMAHalfReceiveCplt
ARM GAS  /var/folders/y0/yl1wrqfd209ghqq3s8k8qc1m0000gn/T//ccjYiGlu.s 			page 225


/var/folders/y0/yl1wrqfd209ghqq3s8k8qc1m0000gn/T//ccjYiGlu.s:5444   .text.SPI_DMAReceiveCplt:00000000 SPI_DMAReceiveCplt
/var/folders/y0/yl1wrqfd209ghqq3s8k8qc1m0000gn/T//ccjYiGlu.s:3333   .text.HAL_SPI_Receive_DMA:00000000 $t
/var/folders/y0/yl1wrqfd209ghqq3s8k8qc1m0000gn/T//ccjYiGlu.s:3339   .text.HAL_SPI_Receive_DMA:00000000 HAL_SPI_Receive_DMA
/var/folders/y0/yl1wrqfd209ghqq3s8k8qc1m0000gn/T//ccjYiGlu.s:3564   .text.HAL_SPI_Receive_DMA:000000f0 $d
/var/folders/y0/yl1wrqfd209ghqq3s8k8qc1m0000gn/T//ccjYiGlu.s:3571   .text.HAL_SPI_Abort:00000000 $t
/var/folders/y0/yl1wrqfd209ghqq3s8k8qc1m0000gn/T//ccjYiGlu.s:3577   .text.HAL_SPI_Abort:00000000 HAL_SPI_Abort
/var/folders/y0/yl1wrqfd209ghqq3s8k8qc1m0000gn/T//ccjYiGlu.s:3861   .text.HAL_SPI_Abort:00000128 $d
/var/folders/y0/yl1wrqfd209ghqq3s8k8qc1m0000gn/T//ccjYiGlu.s:3869   .text.HAL_SPI_DMAPause:00000000 $t
/var/folders/y0/yl1wrqfd209ghqq3s8k8qc1m0000gn/T//ccjYiGlu.s:3875   .text.HAL_SPI_DMAPause:00000000 HAL_SPI_DMAPause
/var/folders/y0/yl1wrqfd209ghqq3s8k8qc1m0000gn/T//ccjYiGlu.s:3919   .text.HAL_SPI_DMAResume:00000000 $t
/var/folders/y0/yl1wrqfd209ghqq3s8k8qc1m0000gn/T//ccjYiGlu.s:3925   .text.HAL_SPI_DMAResume:00000000 HAL_SPI_DMAResume
/var/folders/y0/yl1wrqfd209ghqq3s8k8qc1m0000gn/T//ccjYiGlu.s:3969   .text.HAL_SPI_DMAStop:00000000 $t
/var/folders/y0/yl1wrqfd209ghqq3s8k8qc1m0000gn/T//ccjYiGlu.s:3975   .text.HAL_SPI_DMAStop:00000000 HAL_SPI_DMAStop
/var/folders/y0/yl1wrqfd209ghqq3s8k8qc1m0000gn/T//ccjYiGlu.s:4062   .text.HAL_SPI_TxCpltCallback:00000000 $t
/var/folders/y0/yl1wrqfd209ghqq3s8k8qc1m0000gn/T//ccjYiGlu.s:4068   .text.HAL_SPI_TxCpltCallback:00000000 HAL_SPI_TxCpltCallback
/var/folders/y0/yl1wrqfd209ghqq3s8k8qc1m0000gn/T//ccjYiGlu.s:4083   .text.HAL_SPI_RxCpltCallback:00000000 $t
/var/folders/y0/yl1wrqfd209ghqq3s8k8qc1m0000gn/T//ccjYiGlu.s:4089   .text.HAL_SPI_RxCpltCallback:00000000 HAL_SPI_RxCpltCallback
/var/folders/y0/yl1wrqfd209ghqq3s8k8qc1m0000gn/T//ccjYiGlu.s:4104   .text.HAL_SPI_TxRxCpltCallback:00000000 $t
/var/folders/y0/yl1wrqfd209ghqq3s8k8qc1m0000gn/T//ccjYiGlu.s:4110   .text.HAL_SPI_TxRxCpltCallback:00000000 HAL_SPI_TxRxCpltCallback
/var/folders/y0/yl1wrqfd209ghqq3s8k8qc1m0000gn/T//ccjYiGlu.s:4125   .text.HAL_SPI_TxHalfCpltCallback:00000000 $t
/var/folders/y0/yl1wrqfd209ghqq3s8k8qc1m0000gn/T//ccjYiGlu.s:4131   .text.HAL_SPI_TxHalfCpltCallback:00000000 HAL_SPI_TxHalfCpltCallback
/var/folders/y0/yl1wrqfd209ghqq3s8k8qc1m0000gn/T//ccjYiGlu.s:4146   .text.SPI_DMAHalfTransmitCplt:00000000 $t
/var/folders/y0/yl1wrqfd209ghqq3s8k8qc1m0000gn/T//ccjYiGlu.s:4178   .text.HAL_SPI_RxHalfCpltCallback:00000000 $t
/var/folders/y0/yl1wrqfd209ghqq3s8k8qc1m0000gn/T//ccjYiGlu.s:4184   .text.HAL_SPI_RxHalfCpltCallback:00000000 HAL_SPI_RxHalfCpltCallback
/var/folders/y0/yl1wrqfd209ghqq3s8k8qc1m0000gn/T//ccjYiGlu.s:4199   .text.SPI_DMAHalfReceiveCplt:00000000 $t
/var/folders/y0/yl1wrqfd209ghqq3s8k8qc1m0000gn/T//ccjYiGlu.s:4231   .text.HAL_SPI_TxRxHalfCpltCallback:00000000 $t
/var/folders/y0/yl1wrqfd209ghqq3s8k8qc1m0000gn/T//ccjYiGlu.s:4237   .text.HAL_SPI_TxRxHalfCpltCallback:00000000 HAL_SPI_TxRxHalfCpltCallback
/var/folders/y0/yl1wrqfd209ghqq3s8k8qc1m0000gn/T//ccjYiGlu.s:4252   .text.SPI_DMAHalfTransmitReceiveCplt:00000000 $t
/var/folders/y0/yl1wrqfd209ghqq3s8k8qc1m0000gn/T//ccjYiGlu.s:4284   .text.HAL_SPI_ErrorCallback:00000000 $t
/var/folders/y0/yl1wrqfd209ghqq3s8k8qc1m0000gn/T//ccjYiGlu.s:4290   .text.HAL_SPI_ErrorCallback:00000000 HAL_SPI_ErrorCallback
/var/folders/y0/yl1wrqfd209ghqq3s8k8qc1m0000gn/T//ccjYiGlu.s:4305   .text.SPI_CloseTx_ISR:00000000 $t
/var/folders/y0/yl1wrqfd209ghqq3s8k8qc1m0000gn/T//ccjYiGlu.s:4310   .text.SPI_CloseTx_ISR:00000000 SPI_CloseTx_ISR
/var/folders/y0/yl1wrqfd209ghqq3s8k8qc1m0000gn/T//ccjYiGlu.s:4450   .text.SPI_CloseTx_ISR:00000088 $d
/var/folders/y0/yl1wrqfd209ghqq3s8k8qc1m0000gn/T//ccjYiGlu.s:4456   .text.SPI_TxISR_8BIT:00000000 $t
/var/folders/y0/yl1wrqfd209ghqq3s8k8qc1m0000gn/T//ccjYiGlu.s:4518   .text.SPI_TxISR_16BIT:00000000 $t
/var/folders/y0/yl1wrqfd209ghqq3s8k8qc1m0000gn/T//ccjYiGlu.s:4580   .text.SPI_CloseRx_ISR:00000000 $t
/var/folders/y0/yl1wrqfd209ghqq3s8k8qc1m0000gn/T//ccjYiGlu.s:4585   .text.SPI_CloseRx_ISR:00000000 SPI_CloseRx_ISR
/var/folders/y0/yl1wrqfd209ghqq3s8k8qc1m0000gn/T//ccjYiGlu.s:4681   .text.SPI_RxISR_8BIT:00000000 $t
/var/folders/y0/yl1wrqfd209ghqq3s8k8qc1m0000gn/T//ccjYiGlu.s:4743   .text.SPI_RxISR_16BIT:00000000 $t
/var/folders/y0/yl1wrqfd209ghqq3s8k8qc1m0000gn/T//ccjYiGlu.s:4805   .text.SPI_CloseRxTx_ISR:00000000 $t
/var/folders/y0/yl1wrqfd209ghqq3s8k8qc1m0000gn/T//ccjYiGlu.s:4810   .text.SPI_CloseRxTx_ISR:00000000 SPI_CloseRxTx_ISR
/var/folders/y0/yl1wrqfd209ghqq3s8k8qc1m0000gn/T//ccjYiGlu.s:4970   .text.SPI_CloseRxTx_ISR:000000a4 $d
/var/folders/y0/yl1wrqfd209ghqq3s8k8qc1m0000gn/T//ccjYiGlu.s:4976   .text.SPI_2linesTxISR_8BIT:00000000 $t
/var/folders/y0/yl1wrqfd209ghqq3s8k8qc1m0000gn/T//ccjYiGlu.s:5049   .text.SPI_2linesRxISR_8BIT:00000000 $t
/var/folders/y0/yl1wrqfd209ghqq3s8k8qc1m0000gn/T//ccjYiGlu.s:5122   .text.SPI_2linesTxISR_16BIT:00000000 $t
/var/folders/y0/yl1wrqfd209ghqq3s8k8qc1m0000gn/T//ccjYiGlu.s:5195   .text.SPI_2linesRxISR_16BIT:00000000 $t
/var/folders/y0/yl1wrqfd209ghqq3s8k8qc1m0000gn/T//ccjYiGlu.s:5268   .text.SPI_DMAError:00000000 $t
/var/folders/y0/yl1wrqfd209ghqq3s8k8qc1m0000gn/T//ccjYiGlu.s:5312   .text.SPI_DMATransmitCplt:00000000 $t
/var/folders/y0/yl1wrqfd209ghqq3s8k8qc1m0000gn/T//ccjYiGlu.s:5439   .text.SPI_DMAReceiveCplt:00000000 $t
/var/folders/y0/yl1wrqfd209ghqq3s8k8qc1m0000gn/T//ccjYiGlu.s:5556   .text.SPI_DMATransmitReceiveCplt:00000000 $t
/var/folders/y0/yl1wrqfd209ghqq3s8k8qc1m0000gn/T//ccjYiGlu.s:5656   .text.HAL_SPI_IRQHandler:00000000 $t
/var/folders/y0/yl1wrqfd209ghqq3s8k8qc1m0000gn/T//ccjYiGlu.s:5662   .text.HAL_SPI_IRQHandler:00000000 HAL_SPI_IRQHandler
/var/folders/y0/yl1wrqfd209ghqq3s8k8qc1m0000gn/T//ccjYiGlu.s:5910   .text.HAL_SPI_IRQHandler:0000010c $d
/var/folders/y0/yl1wrqfd209ghqq3s8k8qc1m0000gn/T//ccjYiGlu.s:5920   .text.SPI_DMAAbortOnError:00000000 SPI_DMAAbortOnError
/var/folders/y0/yl1wrqfd209ghqq3s8k8qc1m0000gn/T//ccjYiGlu.s:5915   .text.SPI_DMAAbortOnError:00000000 $t
/var/folders/y0/yl1wrqfd209ghqq3s8k8qc1m0000gn/T//ccjYiGlu.s:5953   .text.HAL_SPI_AbortCpltCallback:00000000 $t
/var/folders/y0/yl1wrqfd209ghqq3s8k8qc1m0000gn/T//ccjYiGlu.s:5959   .text.HAL_SPI_AbortCpltCallback:00000000 HAL_SPI_AbortCpltCallback
ARM GAS  /var/folders/y0/yl1wrqfd209ghqq3s8k8qc1m0000gn/T//ccjYiGlu.s 			page 226


/var/folders/y0/yl1wrqfd209ghqq3s8k8qc1m0000gn/T//ccjYiGlu.s:5974   .text.HAL_SPI_Abort_IT:00000000 $t
/var/folders/y0/yl1wrqfd209ghqq3s8k8qc1m0000gn/T//ccjYiGlu.s:5980   .text.HAL_SPI_Abort_IT:00000000 HAL_SPI_Abort_IT
/var/folders/y0/yl1wrqfd209ghqq3s8k8qc1m0000gn/T//ccjYiGlu.s:6310   .text.HAL_SPI_Abort_IT:00000144 $d
/var/folders/y0/yl1wrqfd209ghqq3s8k8qc1m0000gn/T//ccjYiGlu.s:6448   .text.SPI_DMATxAbortCallback:00000000 SPI_DMATxAbortCallback
/var/folders/y0/yl1wrqfd209ghqq3s8k8qc1m0000gn/T//ccjYiGlu.s:6325   .text.SPI_DMARxAbortCallback:00000000 SPI_DMARxAbortCallback
/var/folders/y0/yl1wrqfd209ghqq3s8k8qc1m0000gn/T//ccjYiGlu.s:6320   .text.SPI_DMARxAbortCallback:00000000 $t
/var/folders/y0/yl1wrqfd209ghqq3s8k8qc1m0000gn/T//ccjYiGlu.s:6443   .text.SPI_DMATxAbortCallback:00000000 $t
/var/folders/y0/yl1wrqfd209ghqq3s8k8qc1m0000gn/T//ccjYiGlu.s:6580   .text.SPI_DMATxAbortCallback:0000007c $d
/var/folders/y0/yl1wrqfd209ghqq3s8k8qc1m0000gn/T//ccjYiGlu.s:6586   .text.HAL_SPI_GetState:00000000 $t
/var/folders/y0/yl1wrqfd209ghqq3s8k8qc1m0000gn/T//ccjYiGlu.s:6592   .text.HAL_SPI_GetState:00000000 HAL_SPI_GetState
/var/folders/y0/yl1wrqfd209ghqq3s8k8qc1m0000gn/T//ccjYiGlu.s:6610   .text.HAL_SPI_GetError:00000000 $t
/var/folders/y0/yl1wrqfd209ghqq3s8k8qc1m0000gn/T//ccjYiGlu.s:6616   .text.HAL_SPI_GetError:00000000 HAL_SPI_GetError

UNDEFINED SYMBOLS
SystemCoreClock
HAL_GetTick
HAL_DMA_Start_IT
HAL_DMA_Abort
HAL_DMA_Abort_IT
