ARM GAS  /var/folders/y0/yl1wrqfd209ghqq3s8k8qc1m0000gn/T//cc7nmaSN.s 			page 1


   1              		.cpu cortex-m3
   2              		.arch armv7-m
   3              		.fpu softvfp
   4              		.eabi_attribute 20, 1
   5              		.eabi_attribute 21, 1
   6              		.eabi_attribute 23, 3
   7              		.eabi_attribute 24, 1
   8              		.eabi_attribute 25, 1
   9              		.eabi_attribute 26, 1
  10              		.eabi_attribute 30, 1
  11              		.eabi_attribute 34, 1
  12              		.eabi_attribute 18, 4
  13              		.file	"stm32f1xx_hal_gpio.c"
  14              		.text
  15              	.Ltext0:
  16              		.cfi_sections	.debug_frame
  17              		.file 1 "Drivers/STM32F1xx_HAL_Driver/Src/stm32f1xx_hal_gpio.c"
  18              		.section	.text.HAL_GPIO_Init,"ax",%progbits
  19              		.align	1
  20              		.global	HAL_GPIO_Init
  21              		.syntax unified
  22              		.thumb
  23              		.thumb_func
  25              	HAL_GPIO_Init:
  26              	.LVL0:
  27              	.LFB65:
   1:Drivers/STM32F1xx_HAL_Driver/Src/stm32f1xx_hal_gpio.c **** /**
   2:Drivers/STM32F1xx_HAL_Driver/Src/stm32f1xx_hal_gpio.c ****   ******************************************************************************
   3:Drivers/STM32F1xx_HAL_Driver/Src/stm32f1xx_hal_gpio.c ****   * @file    stm32f1xx_hal_gpio.c
   4:Drivers/STM32F1xx_HAL_Driver/Src/stm32f1xx_hal_gpio.c ****   * @author  MCD Application Team
   5:Drivers/STM32F1xx_HAL_Driver/Src/stm32f1xx_hal_gpio.c ****   * @brief   GPIO HAL module driver.
   6:Drivers/STM32F1xx_HAL_Driver/Src/stm32f1xx_hal_gpio.c ****   *          This file provides firmware functions to manage the following
   7:Drivers/STM32F1xx_HAL_Driver/Src/stm32f1xx_hal_gpio.c ****   *          functionalities of the General Purpose Input/Output (GPIO) peripheral:
   8:Drivers/STM32F1xx_HAL_Driver/Src/stm32f1xx_hal_gpio.c ****   *           + Initialization and de-initialization functions
   9:Drivers/STM32F1xx_HAL_Driver/Src/stm32f1xx_hal_gpio.c ****   *           + IO operation functions
  10:Drivers/STM32F1xx_HAL_Driver/Src/stm32f1xx_hal_gpio.c ****   *
  11:Drivers/STM32F1xx_HAL_Driver/Src/stm32f1xx_hal_gpio.c ****   ******************************************************************************
  12:Drivers/STM32F1xx_HAL_Driver/Src/stm32f1xx_hal_gpio.c ****   * @attention
  13:Drivers/STM32F1xx_HAL_Driver/Src/stm32f1xx_hal_gpio.c ****   *
  14:Drivers/STM32F1xx_HAL_Driver/Src/stm32f1xx_hal_gpio.c ****   * Copyright (c) 2016 STMicroelectronics.
  15:Drivers/STM32F1xx_HAL_Driver/Src/stm32f1xx_hal_gpio.c ****   * All rights reserved.
  16:Drivers/STM32F1xx_HAL_Driver/Src/stm32f1xx_hal_gpio.c ****   *
  17:Drivers/STM32F1xx_HAL_Driver/Src/stm32f1xx_hal_gpio.c ****   * This software is licensed under terms that can be found in the LICENSE file
  18:Drivers/STM32F1xx_HAL_Driver/Src/stm32f1xx_hal_gpio.c ****   * in the root directory of this software component.
  19:Drivers/STM32F1xx_HAL_Driver/Src/stm32f1xx_hal_gpio.c ****   * If no LICENSE file comes with this software, it is provided AS-IS.
  20:Drivers/STM32F1xx_HAL_Driver/Src/stm32f1xx_hal_gpio.c ****   *
  21:Drivers/STM32F1xx_HAL_Driver/Src/stm32f1xx_hal_gpio.c ****   ******************************************************************************
  22:Drivers/STM32F1xx_HAL_Driver/Src/stm32f1xx_hal_gpio.c ****   @verbatim
  23:Drivers/STM32F1xx_HAL_Driver/Src/stm32f1xx_hal_gpio.c ****   ==============================================================================
  24:Drivers/STM32F1xx_HAL_Driver/Src/stm32f1xx_hal_gpio.c ****                     ##### GPIO Peripheral features #####
  25:Drivers/STM32F1xx_HAL_Driver/Src/stm32f1xx_hal_gpio.c ****   ==============================================================================
  26:Drivers/STM32F1xx_HAL_Driver/Src/stm32f1xx_hal_gpio.c ****   [..]
  27:Drivers/STM32F1xx_HAL_Driver/Src/stm32f1xx_hal_gpio.c ****   Subject to the specific hardware characteristics of each I/O port listed in the datasheet, each
  28:Drivers/STM32F1xx_HAL_Driver/Src/stm32f1xx_hal_gpio.c ****   port bit of the General Purpose IO (GPIO) Ports, can be individually configured by software
  29:Drivers/STM32F1xx_HAL_Driver/Src/stm32f1xx_hal_gpio.c ****   in several modes:
  30:Drivers/STM32F1xx_HAL_Driver/Src/stm32f1xx_hal_gpio.c ****   (+) Input mode
  31:Drivers/STM32F1xx_HAL_Driver/Src/stm32f1xx_hal_gpio.c ****   (+) Analog mode
ARM GAS  /var/folders/y0/yl1wrqfd209ghqq3s8k8qc1m0000gn/T//cc7nmaSN.s 			page 2


  32:Drivers/STM32F1xx_HAL_Driver/Src/stm32f1xx_hal_gpio.c ****   (+) Output mode
  33:Drivers/STM32F1xx_HAL_Driver/Src/stm32f1xx_hal_gpio.c ****   (+) Alternate function mode
  34:Drivers/STM32F1xx_HAL_Driver/Src/stm32f1xx_hal_gpio.c ****   (+) External interrupt/event lines
  35:Drivers/STM32F1xx_HAL_Driver/Src/stm32f1xx_hal_gpio.c **** 
  36:Drivers/STM32F1xx_HAL_Driver/Src/stm32f1xx_hal_gpio.c ****   [..]
  37:Drivers/STM32F1xx_HAL_Driver/Src/stm32f1xx_hal_gpio.c ****   During and just after reset, the alternate functions and external interrupt
  38:Drivers/STM32F1xx_HAL_Driver/Src/stm32f1xx_hal_gpio.c ****   lines are not active and the I/O ports are configured in input floating mode.
  39:Drivers/STM32F1xx_HAL_Driver/Src/stm32f1xx_hal_gpio.c **** 
  40:Drivers/STM32F1xx_HAL_Driver/Src/stm32f1xx_hal_gpio.c ****   [..]
  41:Drivers/STM32F1xx_HAL_Driver/Src/stm32f1xx_hal_gpio.c ****   All GPIO pins have weak internal pull-up and pull-down resistors, which can be
  42:Drivers/STM32F1xx_HAL_Driver/Src/stm32f1xx_hal_gpio.c ****   activated or not.
  43:Drivers/STM32F1xx_HAL_Driver/Src/stm32f1xx_hal_gpio.c **** 
  44:Drivers/STM32F1xx_HAL_Driver/Src/stm32f1xx_hal_gpio.c ****   [..]
  45:Drivers/STM32F1xx_HAL_Driver/Src/stm32f1xx_hal_gpio.c ****   In Output or Alternate mode, each IO can be configured on open-drain or push-pull
  46:Drivers/STM32F1xx_HAL_Driver/Src/stm32f1xx_hal_gpio.c ****   type and the IO speed can be selected depending on the VDD value.
  47:Drivers/STM32F1xx_HAL_Driver/Src/stm32f1xx_hal_gpio.c **** 
  48:Drivers/STM32F1xx_HAL_Driver/Src/stm32f1xx_hal_gpio.c ****   [..]
  49:Drivers/STM32F1xx_HAL_Driver/Src/stm32f1xx_hal_gpio.c ****   All ports have external interrupt/event capability. To use external interrupt
  50:Drivers/STM32F1xx_HAL_Driver/Src/stm32f1xx_hal_gpio.c ****   lines, the port must be configured in input mode. All available GPIO pins are
  51:Drivers/STM32F1xx_HAL_Driver/Src/stm32f1xx_hal_gpio.c ****   connected to the 16 external interrupt/event lines from EXTI0 to EXTI15.
  52:Drivers/STM32F1xx_HAL_Driver/Src/stm32f1xx_hal_gpio.c **** 
  53:Drivers/STM32F1xx_HAL_Driver/Src/stm32f1xx_hal_gpio.c ****   [..]
  54:Drivers/STM32F1xx_HAL_Driver/Src/stm32f1xx_hal_gpio.c ****   The external interrupt/event controller consists of up to 20 edge detectors in connectivity
  55:Drivers/STM32F1xx_HAL_Driver/Src/stm32f1xx_hal_gpio.c ****   line devices, or 19 edge detectors in other devices for generating event/interrupt requests.
  56:Drivers/STM32F1xx_HAL_Driver/Src/stm32f1xx_hal_gpio.c ****   Each input line can be independently configured to select the type (event or interrupt) and
  57:Drivers/STM32F1xx_HAL_Driver/Src/stm32f1xx_hal_gpio.c ****   the corresponding trigger event (rising or falling or both). Each line can also masked
  58:Drivers/STM32F1xx_HAL_Driver/Src/stm32f1xx_hal_gpio.c ****   independently. A pending register maintains the status line of the interrupt requests
  59:Drivers/STM32F1xx_HAL_Driver/Src/stm32f1xx_hal_gpio.c **** 
  60:Drivers/STM32F1xx_HAL_Driver/Src/stm32f1xx_hal_gpio.c ****                      ##### How to use this driver #####
  61:Drivers/STM32F1xx_HAL_Driver/Src/stm32f1xx_hal_gpio.c ****   ==============================================================================
  62:Drivers/STM32F1xx_HAL_Driver/Src/stm32f1xx_hal_gpio.c ****  [..]
  63:Drivers/STM32F1xx_HAL_Driver/Src/stm32f1xx_hal_gpio.c ****    (#) Enable the GPIO APB2 clock using the following function : __HAL_RCC_GPIOx_CLK_ENABLE().
  64:Drivers/STM32F1xx_HAL_Driver/Src/stm32f1xx_hal_gpio.c **** 
  65:Drivers/STM32F1xx_HAL_Driver/Src/stm32f1xx_hal_gpio.c ****    (#) Configure the GPIO pin(s) using HAL_GPIO_Init().
  66:Drivers/STM32F1xx_HAL_Driver/Src/stm32f1xx_hal_gpio.c ****        (++) Configure the IO mode using "Mode" member from GPIO_InitTypeDef structure
  67:Drivers/STM32F1xx_HAL_Driver/Src/stm32f1xx_hal_gpio.c ****        (++) Activate Pull-up, Pull-down resistor using "Pull" member from GPIO_InitTypeDef
  68:Drivers/STM32F1xx_HAL_Driver/Src/stm32f1xx_hal_gpio.c ****             structure.
  69:Drivers/STM32F1xx_HAL_Driver/Src/stm32f1xx_hal_gpio.c ****        (++) In case of Output or alternate function mode selection: the speed is
  70:Drivers/STM32F1xx_HAL_Driver/Src/stm32f1xx_hal_gpio.c ****             configured through "Speed" member from GPIO_InitTypeDef structure
  71:Drivers/STM32F1xx_HAL_Driver/Src/stm32f1xx_hal_gpio.c ****        (++) Analog mode is required when a pin is to be used as ADC channel
  72:Drivers/STM32F1xx_HAL_Driver/Src/stm32f1xx_hal_gpio.c ****             or DAC output.
  73:Drivers/STM32F1xx_HAL_Driver/Src/stm32f1xx_hal_gpio.c ****        (++) In case of external interrupt/event selection the "Mode" member from
  74:Drivers/STM32F1xx_HAL_Driver/Src/stm32f1xx_hal_gpio.c ****             GPIO_InitTypeDef structure select the type (interrupt or event) and
  75:Drivers/STM32F1xx_HAL_Driver/Src/stm32f1xx_hal_gpio.c ****             the corresponding trigger event (rising or falling or both).
  76:Drivers/STM32F1xx_HAL_Driver/Src/stm32f1xx_hal_gpio.c **** 
  77:Drivers/STM32F1xx_HAL_Driver/Src/stm32f1xx_hal_gpio.c ****    (#) In case of external interrupt/event mode selection, configure NVIC IRQ priority
  78:Drivers/STM32F1xx_HAL_Driver/Src/stm32f1xx_hal_gpio.c ****        mapped to the EXTI line using HAL_NVIC_SetPriority() and enable it using
  79:Drivers/STM32F1xx_HAL_Driver/Src/stm32f1xx_hal_gpio.c ****        HAL_NVIC_EnableIRQ().
  80:Drivers/STM32F1xx_HAL_Driver/Src/stm32f1xx_hal_gpio.c **** 
  81:Drivers/STM32F1xx_HAL_Driver/Src/stm32f1xx_hal_gpio.c ****    (#) To get the level of a pin configured in input mode use HAL_GPIO_ReadPin().
  82:Drivers/STM32F1xx_HAL_Driver/Src/stm32f1xx_hal_gpio.c **** 
  83:Drivers/STM32F1xx_HAL_Driver/Src/stm32f1xx_hal_gpio.c ****    (#) To set/reset the level of a pin configured in output mode use
  84:Drivers/STM32F1xx_HAL_Driver/Src/stm32f1xx_hal_gpio.c ****        HAL_GPIO_WritePin()/HAL_GPIO_TogglePin().
  85:Drivers/STM32F1xx_HAL_Driver/Src/stm32f1xx_hal_gpio.c **** 
  86:Drivers/STM32F1xx_HAL_Driver/Src/stm32f1xx_hal_gpio.c ****    (#) To lock pin configuration until next reset use HAL_GPIO_LockPin().
  87:Drivers/STM32F1xx_HAL_Driver/Src/stm32f1xx_hal_gpio.c **** 
  88:Drivers/STM32F1xx_HAL_Driver/Src/stm32f1xx_hal_gpio.c ****    (#) During and just after reset, the alternate functions are not
ARM GAS  /var/folders/y0/yl1wrqfd209ghqq3s8k8qc1m0000gn/T//cc7nmaSN.s 			page 3


  89:Drivers/STM32F1xx_HAL_Driver/Src/stm32f1xx_hal_gpio.c ****        active and the GPIO pins are configured in input floating mode (except JTAG
  90:Drivers/STM32F1xx_HAL_Driver/Src/stm32f1xx_hal_gpio.c ****        pins).
  91:Drivers/STM32F1xx_HAL_Driver/Src/stm32f1xx_hal_gpio.c **** 
  92:Drivers/STM32F1xx_HAL_Driver/Src/stm32f1xx_hal_gpio.c ****    (#) The LSE oscillator pins OSC32_IN and OSC32_OUT can be used as general purpose
  93:Drivers/STM32F1xx_HAL_Driver/Src/stm32f1xx_hal_gpio.c ****        (PC14 and PC15, respectively) when the LSE oscillator is off. The LSE has
  94:Drivers/STM32F1xx_HAL_Driver/Src/stm32f1xx_hal_gpio.c ****        priority over the GPIO function.
  95:Drivers/STM32F1xx_HAL_Driver/Src/stm32f1xx_hal_gpio.c **** 
  96:Drivers/STM32F1xx_HAL_Driver/Src/stm32f1xx_hal_gpio.c ****    (#) The HSE oscillator pins OSC_IN/OSC_OUT can be used as
  97:Drivers/STM32F1xx_HAL_Driver/Src/stm32f1xx_hal_gpio.c ****        general purpose PD0 and PD1, respectively, when the HSE oscillator is off.
  98:Drivers/STM32F1xx_HAL_Driver/Src/stm32f1xx_hal_gpio.c ****        The HSE has priority over the GPIO function.
  99:Drivers/STM32F1xx_HAL_Driver/Src/stm32f1xx_hal_gpio.c **** 
 100:Drivers/STM32F1xx_HAL_Driver/Src/stm32f1xx_hal_gpio.c ****   @endverbatim
 101:Drivers/STM32F1xx_HAL_Driver/Src/stm32f1xx_hal_gpio.c ****   ******************************************************************************
 102:Drivers/STM32F1xx_HAL_Driver/Src/stm32f1xx_hal_gpio.c ****   */
 103:Drivers/STM32F1xx_HAL_Driver/Src/stm32f1xx_hal_gpio.c **** 
 104:Drivers/STM32F1xx_HAL_Driver/Src/stm32f1xx_hal_gpio.c **** /* Includes ------------------------------------------------------------------*/
 105:Drivers/STM32F1xx_HAL_Driver/Src/stm32f1xx_hal_gpio.c **** #include "stm32f1xx_hal.h"
 106:Drivers/STM32F1xx_HAL_Driver/Src/stm32f1xx_hal_gpio.c **** 
 107:Drivers/STM32F1xx_HAL_Driver/Src/stm32f1xx_hal_gpio.c **** /** @addtogroup STM32F1xx_HAL_Driver
 108:Drivers/STM32F1xx_HAL_Driver/Src/stm32f1xx_hal_gpio.c ****   * @{
 109:Drivers/STM32F1xx_HAL_Driver/Src/stm32f1xx_hal_gpio.c ****   */
 110:Drivers/STM32F1xx_HAL_Driver/Src/stm32f1xx_hal_gpio.c **** 
 111:Drivers/STM32F1xx_HAL_Driver/Src/stm32f1xx_hal_gpio.c **** /** @defgroup GPIO GPIO
 112:Drivers/STM32F1xx_HAL_Driver/Src/stm32f1xx_hal_gpio.c ****   * @brief GPIO HAL module driver
 113:Drivers/STM32F1xx_HAL_Driver/Src/stm32f1xx_hal_gpio.c ****   * @{
 114:Drivers/STM32F1xx_HAL_Driver/Src/stm32f1xx_hal_gpio.c ****   */
 115:Drivers/STM32F1xx_HAL_Driver/Src/stm32f1xx_hal_gpio.c **** 
 116:Drivers/STM32F1xx_HAL_Driver/Src/stm32f1xx_hal_gpio.c **** #ifdef HAL_GPIO_MODULE_ENABLED
 117:Drivers/STM32F1xx_HAL_Driver/Src/stm32f1xx_hal_gpio.c **** 
 118:Drivers/STM32F1xx_HAL_Driver/Src/stm32f1xx_hal_gpio.c **** /* Private typedef -----------------------------------------------------------*/
 119:Drivers/STM32F1xx_HAL_Driver/Src/stm32f1xx_hal_gpio.c **** /* Private define ------------------------------------------------------------*/
 120:Drivers/STM32F1xx_HAL_Driver/Src/stm32f1xx_hal_gpio.c **** /** @addtogroup GPIO_Private_Constants GPIO Private Constants
 121:Drivers/STM32F1xx_HAL_Driver/Src/stm32f1xx_hal_gpio.c ****   * @{
 122:Drivers/STM32F1xx_HAL_Driver/Src/stm32f1xx_hal_gpio.c ****   */
 123:Drivers/STM32F1xx_HAL_Driver/Src/stm32f1xx_hal_gpio.c **** #define GPIO_MODE             0x00000003u
 124:Drivers/STM32F1xx_HAL_Driver/Src/stm32f1xx_hal_gpio.c **** #define EXTI_MODE             0x10000000u
 125:Drivers/STM32F1xx_HAL_Driver/Src/stm32f1xx_hal_gpio.c **** #define GPIO_MODE_IT          0x00010000u
 126:Drivers/STM32F1xx_HAL_Driver/Src/stm32f1xx_hal_gpio.c **** #define GPIO_MODE_EVT         0x00020000u
 127:Drivers/STM32F1xx_HAL_Driver/Src/stm32f1xx_hal_gpio.c **** #define RISING_EDGE           0x00100000u
 128:Drivers/STM32F1xx_HAL_Driver/Src/stm32f1xx_hal_gpio.c **** #define FALLING_EDGE          0x00200000u
 129:Drivers/STM32F1xx_HAL_Driver/Src/stm32f1xx_hal_gpio.c **** #define GPIO_OUTPUT_TYPE      0x00000010u
 130:Drivers/STM32F1xx_HAL_Driver/Src/stm32f1xx_hal_gpio.c **** 
 131:Drivers/STM32F1xx_HAL_Driver/Src/stm32f1xx_hal_gpio.c **** #define GPIO_NUMBER           16u
 132:Drivers/STM32F1xx_HAL_Driver/Src/stm32f1xx_hal_gpio.c **** 
 133:Drivers/STM32F1xx_HAL_Driver/Src/stm32f1xx_hal_gpio.c **** /* Definitions for bit manipulation of CRL and CRH register */
 134:Drivers/STM32F1xx_HAL_Driver/Src/stm32f1xx_hal_gpio.c **** #define  GPIO_CR_MODE_INPUT         0x00000000u /*!< 00: Input mode (reset state)  */
 135:Drivers/STM32F1xx_HAL_Driver/Src/stm32f1xx_hal_gpio.c **** #define  GPIO_CR_CNF_ANALOG         0x00000000u /*!< 00: Analog mode  */
 136:Drivers/STM32F1xx_HAL_Driver/Src/stm32f1xx_hal_gpio.c **** #define  GPIO_CR_CNF_INPUT_FLOATING 0x00000004u /*!< 01: Floating input (reset state)  */
 137:Drivers/STM32F1xx_HAL_Driver/Src/stm32f1xx_hal_gpio.c **** #define  GPIO_CR_CNF_INPUT_PU_PD    0x00000008u /*!< 10: Input with pull-up / pull-down  */
 138:Drivers/STM32F1xx_HAL_Driver/Src/stm32f1xx_hal_gpio.c **** #define  GPIO_CR_CNF_GP_OUTPUT_PP   0x00000000u /*!< 00: General purpose output push-pull  */
 139:Drivers/STM32F1xx_HAL_Driver/Src/stm32f1xx_hal_gpio.c **** #define  GPIO_CR_CNF_GP_OUTPUT_OD   0x00000004u /*!< 01: General purpose output Open-drain  */
 140:Drivers/STM32F1xx_HAL_Driver/Src/stm32f1xx_hal_gpio.c **** #define  GPIO_CR_CNF_AF_OUTPUT_PP   0x00000008u /*!< 10: Alternate function output Push-pull  */
 141:Drivers/STM32F1xx_HAL_Driver/Src/stm32f1xx_hal_gpio.c **** #define  GPIO_CR_CNF_AF_OUTPUT_OD   0x0000000Cu /*!< 11: Alternate function output Open-drain  */
 142:Drivers/STM32F1xx_HAL_Driver/Src/stm32f1xx_hal_gpio.c **** 
 143:Drivers/STM32F1xx_HAL_Driver/Src/stm32f1xx_hal_gpio.c **** /**
 144:Drivers/STM32F1xx_HAL_Driver/Src/stm32f1xx_hal_gpio.c ****   * @}
 145:Drivers/STM32F1xx_HAL_Driver/Src/stm32f1xx_hal_gpio.c ****   */
ARM GAS  /var/folders/y0/yl1wrqfd209ghqq3s8k8qc1m0000gn/T//cc7nmaSN.s 			page 4


 146:Drivers/STM32F1xx_HAL_Driver/Src/stm32f1xx_hal_gpio.c **** /* Private macro -------------------------------------------------------------*/
 147:Drivers/STM32F1xx_HAL_Driver/Src/stm32f1xx_hal_gpio.c **** /* Private variables ---------------------------------------------------------*/
 148:Drivers/STM32F1xx_HAL_Driver/Src/stm32f1xx_hal_gpio.c **** /* Private function prototypes -----------------------------------------------*/
 149:Drivers/STM32F1xx_HAL_Driver/Src/stm32f1xx_hal_gpio.c **** /* Private functions ---------------------------------------------------------*/
 150:Drivers/STM32F1xx_HAL_Driver/Src/stm32f1xx_hal_gpio.c **** /* Exported functions --------------------------------------------------------*/
 151:Drivers/STM32F1xx_HAL_Driver/Src/stm32f1xx_hal_gpio.c **** /** @defgroup GPIO_Exported_Functions GPIO Exported Functions
 152:Drivers/STM32F1xx_HAL_Driver/Src/stm32f1xx_hal_gpio.c ****   * @{
 153:Drivers/STM32F1xx_HAL_Driver/Src/stm32f1xx_hal_gpio.c ****   */
 154:Drivers/STM32F1xx_HAL_Driver/Src/stm32f1xx_hal_gpio.c **** 
 155:Drivers/STM32F1xx_HAL_Driver/Src/stm32f1xx_hal_gpio.c **** /** @defgroup GPIO_Exported_Functions_Group1 Initialization and de-initialization functions
 156:Drivers/STM32F1xx_HAL_Driver/Src/stm32f1xx_hal_gpio.c ****  *  @brief    Initialization and Configuration functions
 157:Drivers/STM32F1xx_HAL_Driver/Src/stm32f1xx_hal_gpio.c ****  *
 158:Drivers/STM32F1xx_HAL_Driver/Src/stm32f1xx_hal_gpio.c **** @verbatim
 159:Drivers/STM32F1xx_HAL_Driver/Src/stm32f1xx_hal_gpio.c ****  ===============================================================================
 160:Drivers/STM32F1xx_HAL_Driver/Src/stm32f1xx_hal_gpio.c ****               ##### Initialization and de-initialization functions #####
 161:Drivers/STM32F1xx_HAL_Driver/Src/stm32f1xx_hal_gpio.c ****  ===============================================================================
 162:Drivers/STM32F1xx_HAL_Driver/Src/stm32f1xx_hal_gpio.c ****   [..]
 163:Drivers/STM32F1xx_HAL_Driver/Src/stm32f1xx_hal_gpio.c ****     This section provides functions allowing to initialize and de-initialize the GPIOs
 164:Drivers/STM32F1xx_HAL_Driver/Src/stm32f1xx_hal_gpio.c ****     to be ready for use.
 165:Drivers/STM32F1xx_HAL_Driver/Src/stm32f1xx_hal_gpio.c **** 
 166:Drivers/STM32F1xx_HAL_Driver/Src/stm32f1xx_hal_gpio.c **** @endverbatim
 167:Drivers/STM32F1xx_HAL_Driver/Src/stm32f1xx_hal_gpio.c ****   * @{
 168:Drivers/STM32F1xx_HAL_Driver/Src/stm32f1xx_hal_gpio.c ****   */
 169:Drivers/STM32F1xx_HAL_Driver/Src/stm32f1xx_hal_gpio.c **** 
 170:Drivers/STM32F1xx_HAL_Driver/Src/stm32f1xx_hal_gpio.c **** 
 171:Drivers/STM32F1xx_HAL_Driver/Src/stm32f1xx_hal_gpio.c **** /**
 172:Drivers/STM32F1xx_HAL_Driver/Src/stm32f1xx_hal_gpio.c ****   * @brief  Initializes the GPIOx peripheral according to the specified parameters in the GPIO_Init
 173:Drivers/STM32F1xx_HAL_Driver/Src/stm32f1xx_hal_gpio.c ****   * @param  GPIOx: where x can be (A..G depending on device used) to select the GPIO peripheral
 174:Drivers/STM32F1xx_HAL_Driver/Src/stm32f1xx_hal_gpio.c ****   * @param  GPIO_Init: pointer to a GPIO_InitTypeDef structure that contains
 175:Drivers/STM32F1xx_HAL_Driver/Src/stm32f1xx_hal_gpio.c ****   *         the configuration information for the specified GPIO peripheral.
 176:Drivers/STM32F1xx_HAL_Driver/Src/stm32f1xx_hal_gpio.c ****   * @retval None
 177:Drivers/STM32F1xx_HAL_Driver/Src/stm32f1xx_hal_gpio.c ****   */
 178:Drivers/STM32F1xx_HAL_Driver/Src/stm32f1xx_hal_gpio.c **** void HAL_GPIO_Init(GPIO_TypeDef  *GPIOx, GPIO_InitTypeDef *GPIO_Init)
 179:Drivers/STM32F1xx_HAL_Driver/Src/stm32f1xx_hal_gpio.c **** {
  28              		.loc 1 179 1 view -0
  29              		.cfi_startproc
  30              		@ args = 0, pretend = 0, frame = 8
  31              		@ frame_needed = 0, uses_anonymous_args = 0
  32              		.loc 1 179 1 is_stmt 0 view .LVU1
  33 0000 70B5     		push	{r4, r5, r6, lr}
  34              	.LCFI0:
  35              		.cfi_def_cfa_offset 16
  36              		.cfi_offset 4, -16
  37              		.cfi_offset 5, -12
  38              		.cfi_offset 6, -8
  39              		.cfi_offset 14, -4
  40 0002 82B0     		sub	sp, sp, #8
  41              	.LCFI1:
  42              		.cfi_def_cfa_offset 24
 180:Drivers/STM32F1xx_HAL_Driver/Src/stm32f1xx_hal_gpio.c ****   uint32_t position = 0x00u;
  43              		.loc 1 180 3 is_stmt 1 view .LVU2
  44              	.LVL1:
 181:Drivers/STM32F1xx_HAL_Driver/Src/stm32f1xx_hal_gpio.c ****   uint32_t ioposition;
  45              		.loc 1 181 3 view .LVU3
 182:Drivers/STM32F1xx_HAL_Driver/Src/stm32f1xx_hal_gpio.c ****   uint32_t iocurrent;
  46              		.loc 1 182 3 view .LVU4
 183:Drivers/STM32F1xx_HAL_Driver/Src/stm32f1xx_hal_gpio.c ****   uint32_t temp;
ARM GAS  /var/folders/y0/yl1wrqfd209ghqq3s8k8qc1m0000gn/T//cc7nmaSN.s 			page 5


  47              		.loc 1 183 3 view .LVU5
 184:Drivers/STM32F1xx_HAL_Driver/Src/stm32f1xx_hal_gpio.c ****   uint32_t config = 0x00u;
  48              		.loc 1 184 3 view .LVU6
 185:Drivers/STM32F1xx_HAL_Driver/Src/stm32f1xx_hal_gpio.c ****   __IO uint32_t *configregister; /* Store the address of CRL or CRH register based on pin number */
  49              		.loc 1 185 3 view .LVU7
 186:Drivers/STM32F1xx_HAL_Driver/Src/stm32f1xx_hal_gpio.c ****   uint32_t registeroffset;       /* offset used during computation of CNF and MODE bits placement i
  50              		.loc 1 186 3 view .LVU8
 187:Drivers/STM32F1xx_HAL_Driver/Src/stm32f1xx_hal_gpio.c **** 
 188:Drivers/STM32F1xx_HAL_Driver/Src/stm32f1xx_hal_gpio.c ****   /* Check the parameters */
 189:Drivers/STM32F1xx_HAL_Driver/Src/stm32f1xx_hal_gpio.c ****   assert_param(IS_GPIO_ALL_INSTANCE(GPIOx));
  51              		.loc 1 189 3 view .LVU9
 190:Drivers/STM32F1xx_HAL_Driver/Src/stm32f1xx_hal_gpio.c ****   assert_param(IS_GPIO_PIN(GPIO_Init->Pin));
  52              		.loc 1 190 3 view .LVU10
 191:Drivers/STM32F1xx_HAL_Driver/Src/stm32f1xx_hal_gpio.c ****   assert_param(IS_GPIO_MODE(GPIO_Init->Mode));
  53              		.loc 1 191 3 view .LVU11
 192:Drivers/STM32F1xx_HAL_Driver/Src/stm32f1xx_hal_gpio.c **** 
 193:Drivers/STM32F1xx_HAL_Driver/Src/stm32f1xx_hal_gpio.c ****   /* Configure the port pins */
 194:Drivers/STM32F1xx_HAL_Driver/Src/stm32f1xx_hal_gpio.c ****   while (((GPIO_Init->Pin) >> position) != 0x00u)
  54              		.loc 1 194 3 view .LVU12
 184:Drivers/STM32F1xx_HAL_Driver/Src/stm32f1xx_hal_gpio.c ****   __IO uint32_t *configregister; /* Store the address of CRL or CRH register based on pin number */
  55              		.loc 1 184 12 is_stmt 0 view .LVU13
  56 0004 4FF0000E 		mov	lr, #0
 180:Drivers/STM32F1xx_HAL_Driver/Src/stm32f1xx_hal_gpio.c ****   uint32_t ioposition;
  57              		.loc 1 180 12 view .LVU14
  58 0008 F446     		mov	ip, lr
  59              		.loc 1 194 9 view .LVU15
  60 000a 8CE0     		b	.L2
  61              	.LVL2:
  62              	.L35:
 195:Drivers/STM32F1xx_HAL_Driver/Src/stm32f1xx_hal_gpio.c ****   {
 196:Drivers/STM32F1xx_HAL_Driver/Src/stm32f1xx_hal_gpio.c ****     /* Get the IO position */
 197:Drivers/STM32F1xx_HAL_Driver/Src/stm32f1xx_hal_gpio.c ****     ioposition = (0x01uL << position);
 198:Drivers/STM32F1xx_HAL_Driver/Src/stm32f1xx_hal_gpio.c **** 
 199:Drivers/STM32F1xx_HAL_Driver/Src/stm32f1xx_hal_gpio.c ****     /* Get the current IO position */
 200:Drivers/STM32F1xx_HAL_Driver/Src/stm32f1xx_hal_gpio.c ****     iocurrent = (uint32_t)(GPIO_Init->Pin) & ioposition;
 201:Drivers/STM32F1xx_HAL_Driver/Src/stm32f1xx_hal_gpio.c **** 
 202:Drivers/STM32F1xx_HAL_Driver/Src/stm32f1xx_hal_gpio.c ****     if (iocurrent == ioposition)
 203:Drivers/STM32F1xx_HAL_Driver/Src/stm32f1xx_hal_gpio.c ****     {
 204:Drivers/STM32F1xx_HAL_Driver/Src/stm32f1xx_hal_gpio.c ****       /* Check the Alternate function parameters */
 205:Drivers/STM32F1xx_HAL_Driver/Src/stm32f1xx_hal_gpio.c ****       assert_param(IS_GPIO_AF_INSTANCE(GPIOx));
 206:Drivers/STM32F1xx_HAL_Driver/Src/stm32f1xx_hal_gpio.c **** 
 207:Drivers/STM32F1xx_HAL_Driver/Src/stm32f1xx_hal_gpio.c ****       /* Based on the required mode, filling config variable with MODEy[1:0] and CNFy[3:2] correspo
 208:Drivers/STM32F1xx_HAL_Driver/Src/stm32f1xx_hal_gpio.c ****       switch (GPIO_Init->Mode)
  63              		.loc 1 208 7 view .LVU16
  64 000c 012B     		cmp	r3, #1
  65 000e 2AD0     		beq	.L6
  66 0010 022B     		cmp	r3, #2
  67 0012 03D1     		bne	.L31
 209:Drivers/STM32F1xx_HAL_Driver/Src/stm32f1xx_hal_gpio.c ****       {
 210:Drivers/STM32F1xx_HAL_Driver/Src/stm32f1xx_hal_gpio.c ****         /* If we are configuring the pin in OUTPUT push-pull mode */
 211:Drivers/STM32F1xx_HAL_Driver/Src/stm32f1xx_hal_gpio.c ****         case GPIO_MODE_OUTPUT_PP:
 212:Drivers/STM32F1xx_HAL_Driver/Src/stm32f1xx_hal_gpio.c ****           /* Check the GPIO speed parameter */
 213:Drivers/STM32F1xx_HAL_Driver/Src/stm32f1xx_hal_gpio.c ****           assert_param(IS_GPIO_SPEED(GPIO_Init->Speed));
 214:Drivers/STM32F1xx_HAL_Driver/Src/stm32f1xx_hal_gpio.c ****           config = GPIO_Init->Speed + GPIO_CR_CNF_GP_OUTPUT_PP;
 215:Drivers/STM32F1xx_HAL_Driver/Src/stm32f1xx_hal_gpio.c ****           break;
 216:Drivers/STM32F1xx_HAL_Driver/Src/stm32f1xx_hal_gpio.c **** 
 217:Drivers/STM32F1xx_HAL_Driver/Src/stm32f1xx_hal_gpio.c ****         /* If we are configuring the pin in OUTPUT open-drain mode */
ARM GAS  /var/folders/y0/yl1wrqfd209ghqq3s8k8qc1m0000gn/T//cc7nmaSN.s 			page 6


 218:Drivers/STM32F1xx_HAL_Driver/Src/stm32f1xx_hal_gpio.c ****         case GPIO_MODE_OUTPUT_OD:
 219:Drivers/STM32F1xx_HAL_Driver/Src/stm32f1xx_hal_gpio.c ****           /* Check the GPIO speed parameter */
 220:Drivers/STM32F1xx_HAL_Driver/Src/stm32f1xx_hal_gpio.c ****           assert_param(IS_GPIO_SPEED(GPIO_Init->Speed));
 221:Drivers/STM32F1xx_HAL_Driver/Src/stm32f1xx_hal_gpio.c ****           config = GPIO_Init->Speed + GPIO_CR_CNF_GP_OUTPUT_OD;
 222:Drivers/STM32F1xx_HAL_Driver/Src/stm32f1xx_hal_gpio.c ****           break;
 223:Drivers/STM32F1xx_HAL_Driver/Src/stm32f1xx_hal_gpio.c **** 
 224:Drivers/STM32F1xx_HAL_Driver/Src/stm32f1xx_hal_gpio.c ****         /* If we are configuring the pin in ALTERNATE FUNCTION push-pull mode */
 225:Drivers/STM32F1xx_HAL_Driver/Src/stm32f1xx_hal_gpio.c ****         case GPIO_MODE_AF_PP:
 226:Drivers/STM32F1xx_HAL_Driver/Src/stm32f1xx_hal_gpio.c ****           /* Check the GPIO speed parameter */
 227:Drivers/STM32F1xx_HAL_Driver/Src/stm32f1xx_hal_gpio.c ****           assert_param(IS_GPIO_SPEED(GPIO_Init->Speed));
  68              		.loc 1 227 11 is_stmt 1 view .LVU17
 228:Drivers/STM32F1xx_HAL_Driver/Src/stm32f1xx_hal_gpio.c ****           config = GPIO_Init->Speed + GPIO_CR_CNF_AF_OUTPUT_PP;
  69              		.loc 1 228 11 view .LVU18
  70              		.loc 1 228 29 is_stmt 0 view .LVU19
  71 0014 CB68     		ldr	r3, [r1, #12]
  72              		.loc 1 228 18 view .LVU20
  73 0016 03F1080E 		add	lr, r3, #8
  74              	.LVL3:
 229:Drivers/STM32F1xx_HAL_Driver/Src/stm32f1xx_hal_gpio.c ****           break;
  75              		.loc 1 229 11 is_stmt 1 view .LVU21
  76 001a 26E0     		b	.L4
  77              	.L31:
 208:Drivers/STM32F1xx_HAL_Driver/Src/stm32f1xx_hal_gpio.c ****       {
  78              		.loc 1 208 7 is_stmt 0 view .LVU22
  79 001c 2BBB     		cbnz	r3, .L4
  80              	.L8:
 230:Drivers/STM32F1xx_HAL_Driver/Src/stm32f1xx_hal_gpio.c **** 
 231:Drivers/STM32F1xx_HAL_Driver/Src/stm32f1xx_hal_gpio.c ****         /* If we are configuring the pin in ALTERNATE FUNCTION open-drain mode */
 232:Drivers/STM32F1xx_HAL_Driver/Src/stm32f1xx_hal_gpio.c ****         case GPIO_MODE_AF_OD:
 233:Drivers/STM32F1xx_HAL_Driver/Src/stm32f1xx_hal_gpio.c ****           /* Check the GPIO speed parameter */
 234:Drivers/STM32F1xx_HAL_Driver/Src/stm32f1xx_hal_gpio.c ****           assert_param(IS_GPIO_SPEED(GPIO_Init->Speed));
 235:Drivers/STM32F1xx_HAL_Driver/Src/stm32f1xx_hal_gpio.c ****           config = GPIO_Init->Speed + GPIO_CR_CNF_AF_OUTPUT_OD;
 236:Drivers/STM32F1xx_HAL_Driver/Src/stm32f1xx_hal_gpio.c ****           break;
 237:Drivers/STM32F1xx_HAL_Driver/Src/stm32f1xx_hal_gpio.c **** 
 238:Drivers/STM32F1xx_HAL_Driver/Src/stm32f1xx_hal_gpio.c ****         /* If we are configuring the pin in INPUT (also applicable to EVENT and IT mode) */
 239:Drivers/STM32F1xx_HAL_Driver/Src/stm32f1xx_hal_gpio.c ****         case GPIO_MODE_INPUT:
 240:Drivers/STM32F1xx_HAL_Driver/Src/stm32f1xx_hal_gpio.c ****         case GPIO_MODE_IT_RISING:
 241:Drivers/STM32F1xx_HAL_Driver/Src/stm32f1xx_hal_gpio.c ****         case GPIO_MODE_IT_FALLING:
 242:Drivers/STM32F1xx_HAL_Driver/Src/stm32f1xx_hal_gpio.c ****         case GPIO_MODE_IT_RISING_FALLING:
 243:Drivers/STM32F1xx_HAL_Driver/Src/stm32f1xx_hal_gpio.c ****         case GPIO_MODE_EVT_RISING:
 244:Drivers/STM32F1xx_HAL_Driver/Src/stm32f1xx_hal_gpio.c ****         case GPIO_MODE_EVT_FALLING:
 245:Drivers/STM32F1xx_HAL_Driver/Src/stm32f1xx_hal_gpio.c ****         case GPIO_MODE_EVT_RISING_FALLING:
 246:Drivers/STM32F1xx_HAL_Driver/Src/stm32f1xx_hal_gpio.c ****           /* Check the GPIO pull parameter */
 247:Drivers/STM32F1xx_HAL_Driver/Src/stm32f1xx_hal_gpio.c ****           assert_param(IS_GPIO_PULL(GPIO_Init->Pull));
  81              		.loc 1 247 11 is_stmt 1 view .LVU23
 248:Drivers/STM32F1xx_HAL_Driver/Src/stm32f1xx_hal_gpio.c ****           if (GPIO_Init->Pull == GPIO_NOPULL)
  82              		.loc 1 248 11 view .LVU24
  83              		.loc 1 248 24 is_stmt 0 view .LVU25
  84 001e 8B68     		ldr	r3, [r1, #8]
  85              		.loc 1 248 14 view .LVU26
  86 0020 002B     		cmp	r3, #0
  87 0022 00F0A680 		beq	.L26
 249:Drivers/STM32F1xx_HAL_Driver/Src/stm32f1xx_hal_gpio.c ****           {
 250:Drivers/STM32F1xx_HAL_Driver/Src/stm32f1xx_hal_gpio.c ****             config = GPIO_CR_MODE_INPUT + GPIO_CR_CNF_INPUT_FLOATING;
 251:Drivers/STM32F1xx_HAL_Driver/Src/stm32f1xx_hal_gpio.c ****           }
 252:Drivers/STM32F1xx_HAL_Driver/Src/stm32f1xx_hal_gpio.c ****           else if (GPIO_Init->Pull == GPIO_PULLUP)
  88              		.loc 1 252 16 is_stmt 1 view .LVU27
ARM GAS  /var/folders/y0/yl1wrqfd209ghqq3s8k8qc1m0000gn/T//cc7nmaSN.s 			page 7


  89              		.loc 1 252 19 is_stmt 0 view .LVU28
  90 0026 012B     		cmp	r3, #1
  91 0028 00F09C80 		beq	.L32
 253:Drivers/STM32F1xx_HAL_Driver/Src/stm32f1xx_hal_gpio.c ****           {
 254:Drivers/STM32F1xx_HAL_Driver/Src/stm32f1xx_hal_gpio.c ****             config = GPIO_CR_MODE_INPUT + GPIO_CR_CNF_INPUT_PU_PD;
 255:Drivers/STM32F1xx_HAL_Driver/Src/stm32f1xx_hal_gpio.c **** 
 256:Drivers/STM32F1xx_HAL_Driver/Src/stm32f1xx_hal_gpio.c ****             /* Set the corresponding ODR bit */
 257:Drivers/STM32F1xx_HAL_Driver/Src/stm32f1xx_hal_gpio.c ****             GPIOx->BSRR = ioposition;
 258:Drivers/STM32F1xx_HAL_Driver/Src/stm32f1xx_hal_gpio.c ****           }
 259:Drivers/STM32F1xx_HAL_Driver/Src/stm32f1xx_hal_gpio.c ****           else /* GPIO_PULLDOWN */
 260:Drivers/STM32F1xx_HAL_Driver/Src/stm32f1xx_hal_gpio.c ****           {
 261:Drivers/STM32F1xx_HAL_Driver/Src/stm32f1xx_hal_gpio.c ****             config = GPIO_CR_MODE_INPUT + GPIO_CR_CNF_INPUT_PU_PD;
  92              		.loc 1 261 13 is_stmt 1 view .LVU29
  93              	.LVL4:
 262:Drivers/STM32F1xx_HAL_Driver/Src/stm32f1xx_hal_gpio.c **** 
 263:Drivers/STM32F1xx_HAL_Driver/Src/stm32f1xx_hal_gpio.c ****             /* Reset the corresponding ODR bit */
 264:Drivers/STM32F1xx_HAL_Driver/Src/stm32f1xx_hal_gpio.c ****             GPIOx->BRR = ioposition;
  94              		.loc 1 264 13 view .LVU30
  95              		.loc 1 264 24 is_stmt 0 view .LVU31
  96 002c 4261     		str	r2, [r0, #20]
 261:Drivers/STM32F1xx_HAL_Driver/Src/stm32f1xx_hal_gpio.c **** 
  97              		.loc 1 261 20 view .LVU32
  98 002e 4FF0080E 		mov	lr, #8
  99 0032 1AE0     		b	.L4
 100              	.LVL5:
 101              	.L10:
 208:Drivers/STM32F1xx_HAL_Driver/Src/stm32f1xx_hal_gpio.c ****       {
 102              		.loc 1 208 7 view .LVU33
 103 0034 634D     		ldr	r5, .L36
 104 0036 AB42     		cmp	r3, r5
 105 0038 F1D0     		beq	.L8
 106 003a 0CD8     		bhi	.L12
 107 003c A5F58015 		sub	r5, r5, #1048576
 108 0040 AB42     		cmp	r3, r5
 109 0042 ECD0     		beq	.L8
 110 0044 05F57025 		add	r5, r5, #983040
 111 0048 AB42     		cmp	r3, r5
 112 004a E8D0     		beq	.L8
 113 004c A5F58015 		sub	r5, r5, #1048576
 114 0050 AB42     		cmp	r3, r5
 115 0052 E4D0     		beq	.L8
 116 0054 09E0     		b	.L4
 117              	.L12:
 118 0056 5C4D     		ldr	r5, .L36+4
 119 0058 AB42     		cmp	r3, r5
 120 005a E0D0     		beq	.L8
 121 005c 05F58035 		add	r5, r5, #65536
 122 0060 AB42     		cmp	r3, r5
 123 0062 DCD0     		beq	.L8
 124 0064 01E0     		b	.L4
 125              	.L6:
 213:Drivers/STM32F1xx_HAL_Driver/Src/stm32f1xx_hal_gpio.c ****           config = GPIO_Init->Speed + GPIO_CR_CNF_GP_OUTPUT_PP;
 126              		.loc 1 213 11 is_stmt 1 view .LVU34
 214:Drivers/STM32F1xx_HAL_Driver/Src/stm32f1xx_hal_gpio.c ****           break;
 127              		.loc 1 214 11 view .LVU35
 214:Drivers/STM32F1xx_HAL_Driver/Src/stm32f1xx_hal_gpio.c ****           break;
 128              		.loc 1 214 18 is_stmt 0 view .LVU36
ARM GAS  /var/folders/y0/yl1wrqfd209ghqq3s8k8qc1m0000gn/T//cc7nmaSN.s 			page 8


 129 0066 D1F80CE0 		ldr	lr, [r1, #12]
 130              	.LVL6:
 215:Drivers/STM32F1xx_HAL_Driver/Src/stm32f1xx_hal_gpio.c **** 
 131              		.loc 1 215 11 is_stmt 1 view .LVU37
 132              	.L4:
 265:Drivers/STM32F1xx_HAL_Driver/Src/stm32f1xx_hal_gpio.c ****           }
 266:Drivers/STM32F1xx_HAL_Driver/Src/stm32f1xx_hal_gpio.c ****           break;
 267:Drivers/STM32F1xx_HAL_Driver/Src/stm32f1xx_hal_gpio.c **** 
 268:Drivers/STM32F1xx_HAL_Driver/Src/stm32f1xx_hal_gpio.c ****         /* If we are configuring the pin in INPUT analog mode */
 269:Drivers/STM32F1xx_HAL_Driver/Src/stm32f1xx_hal_gpio.c ****         case GPIO_MODE_ANALOG:
 270:Drivers/STM32F1xx_HAL_Driver/Src/stm32f1xx_hal_gpio.c ****           config = GPIO_CR_MODE_INPUT + GPIO_CR_CNF_ANALOG;
 271:Drivers/STM32F1xx_HAL_Driver/Src/stm32f1xx_hal_gpio.c ****           break;
 272:Drivers/STM32F1xx_HAL_Driver/Src/stm32f1xx_hal_gpio.c **** 
 273:Drivers/STM32F1xx_HAL_Driver/Src/stm32f1xx_hal_gpio.c ****         /* Parameters are checked with assert_param */
 274:Drivers/STM32F1xx_HAL_Driver/Src/stm32f1xx_hal_gpio.c ****         default:
 275:Drivers/STM32F1xx_HAL_Driver/Src/stm32f1xx_hal_gpio.c ****           break;
 276:Drivers/STM32F1xx_HAL_Driver/Src/stm32f1xx_hal_gpio.c ****       }
 277:Drivers/STM32F1xx_HAL_Driver/Src/stm32f1xx_hal_gpio.c **** 
 278:Drivers/STM32F1xx_HAL_Driver/Src/stm32f1xx_hal_gpio.c ****       /* Check if the current bit belongs to first half or last half of the pin count number
 279:Drivers/STM32F1xx_HAL_Driver/Src/stm32f1xx_hal_gpio.c ****        in order to address CRH or CRL register*/
 280:Drivers/STM32F1xx_HAL_Driver/Src/stm32f1xx_hal_gpio.c ****       configregister = (iocurrent < GPIO_PIN_8) ? &GPIOx->CRL     : &GPIOx->CRH;
 133              		.loc 1 280 7 view .LVU38
 134              		.loc 1 280 67 is_stmt 0 view .LVU39
 135 006a FF2C     		cmp	r4, #255
 136 006c 00F28480 		bhi	.L14
 137              		.loc 1 280 22 discriminator 1 view .LVU40
 138 0070 0646     		mov	r6, r0
 139              	.LVL7:
 281:Drivers/STM32F1xx_HAL_Driver/Src/stm32f1xx_hal_gpio.c ****       registeroffset = (iocurrent < GPIO_PIN_8) ? (position << 2u) : ((position - 8u) << 2u);
 140              		.loc 1 281 7 is_stmt 1 view .LVU41
 141              		.loc 1 281 22 is_stmt 0 discriminator 1 view .LVU42
 142 0072 4FEA8C02 		lsl	r2, ip, #2
 143              	.LVL8:
 144              	.L15:
 282:Drivers/STM32F1xx_HAL_Driver/Src/stm32f1xx_hal_gpio.c **** 
 283:Drivers/STM32F1xx_HAL_Driver/Src/stm32f1xx_hal_gpio.c ****       /* Apply the new configuration of the pin to the register */
 284:Drivers/STM32F1xx_HAL_Driver/Src/stm32f1xx_hal_gpio.c ****       MODIFY_REG((*configregister), ((GPIO_CRL_MODE0 | GPIO_CRL_CNF0) << registeroffset), (config <
 145              		.loc 1 284 7 is_stmt 1 view .LVU43
 146 0076 3368     		ldr	r3, [r6]
 147 0078 0F25     		movs	r5, #15
 148 007a 9540     		lsls	r5, r5, r2
 149 007c 23EA0503 		bic	r3, r3, r5
 150 0080 0EFA02F2 		lsl	r2, lr, r2
 151              	.LVL9:
 152              		.loc 1 284 7 is_stmt 0 view .LVU44
 153 0084 1343     		orrs	r3, r3, r2
 154 0086 3360     		str	r3, [r6]
 285:Drivers/STM32F1xx_HAL_Driver/Src/stm32f1xx_hal_gpio.c **** 
 286:Drivers/STM32F1xx_HAL_Driver/Src/stm32f1xx_hal_gpio.c ****       /*--------------------- EXTI Mode Configuration ------------------------*/
 287:Drivers/STM32F1xx_HAL_Driver/Src/stm32f1xx_hal_gpio.c ****       /* Configure the External Interrupt or event for the current IO */
 288:Drivers/STM32F1xx_HAL_Driver/Src/stm32f1xx_hal_gpio.c ****       if ((GPIO_Init->Mode & EXTI_MODE) == EXTI_MODE)
 155              		.loc 1 288 7 is_stmt 1 view .LVU45
 156              		.loc 1 288 21 is_stmt 0 view .LVU46
 157 0088 4B68     		ldr	r3, [r1, #4]
 158              		.loc 1 288 10 view .LVU47
 159 008a 13F0805F 		tst	r3, #268435456
 160 008e 48D0     		beq	.L3
ARM GAS  /var/folders/y0/yl1wrqfd209ghqq3s8k8qc1m0000gn/T//cc7nmaSN.s 			page 9


 289:Drivers/STM32F1xx_HAL_Driver/Src/stm32f1xx_hal_gpio.c ****       {
 290:Drivers/STM32F1xx_HAL_Driver/Src/stm32f1xx_hal_gpio.c ****         /* Enable AFIO Clock */
 291:Drivers/STM32F1xx_HAL_Driver/Src/stm32f1xx_hal_gpio.c ****         __HAL_RCC_AFIO_CLK_ENABLE();
 161              		.loc 1 291 9 is_stmt 1 view .LVU48
 162              	.LBB2:
 163              		.loc 1 291 9 view .LVU49
 164              		.loc 1 291 9 view .LVU50
 165 0090 4E4B     		ldr	r3, .L36+8
 166 0092 9A69     		ldr	r2, [r3, #24]
 167 0094 42F00102 		orr	r2, r2, #1
 168 0098 9A61     		str	r2, [r3, #24]
 169              		.loc 1 291 9 view .LVU51
 170 009a 9B69     		ldr	r3, [r3, #24]
 171 009c 03F00103 		and	r3, r3, #1
 172 00a0 0193     		str	r3, [sp, #4]
 173              		.loc 1 291 9 view .LVU52
 174 00a2 019B     		ldr	r3, [sp, #4]
 175              	.LBE2:
 176              		.loc 1 291 9 view .LVU53
 292:Drivers/STM32F1xx_HAL_Driver/Src/stm32f1xx_hal_gpio.c ****         temp = AFIO->EXTICR[position >> 2u];
 177              		.loc 1 292 9 view .LVU54
 178              		.loc 1 292 38 is_stmt 0 view .LVU55
 179 00a4 4FEA9C02 		lsr	r2, ip, #2
 180              		.loc 1 292 14 view .LVU56
 181 00a8 951C     		adds	r5, r2, #2
 182 00aa 494B     		ldr	r3, .L36+12
 183 00ac 53F82560 		ldr	r6, [r3, r5, lsl #2]
 184              	.LVL10:
 293:Drivers/STM32F1xx_HAL_Driver/Src/stm32f1xx_hal_gpio.c ****         CLEAR_BIT(temp, (0x0Fu) << (4u * (position & 0x03u)));
 185              		.loc 1 293 9 is_stmt 1 view .LVU57
 186 00b0 0CF00305 		and	r5, ip, #3
 187 00b4 AD00     		lsls	r5, r5, #2
 188 00b6 0F23     		movs	r3, #15
 189 00b8 AB40     		lsls	r3, r3, r5
 190 00ba 26EA0306 		bic	r6, r6, r3
 191              	.LVL11:
 294:Drivers/STM32F1xx_HAL_Driver/Src/stm32f1xx_hal_gpio.c ****         SET_BIT(temp, (GPIO_GET_INDEX(GPIOx)) << (4u * (position & 0x03u)));
 192              		.loc 1 294 9 view .LVU58
 193 00be 454B     		ldr	r3, .L36+16
 194 00c0 9842     		cmp	r0, r3
 195 00c2 60D0     		beq	.L27
 196              		.loc 1 294 9 is_stmt 0 discriminator 1 view .LVU59
 197 00c4 03F58063 		add	r3, r3, #1024
 198 00c8 9842     		cmp	r0, r3
 199 00ca 5ED0     		beq	.L28
 200              		.loc 1 294 9 discriminator 3 view .LVU60
 201 00cc 03F58063 		add	r3, r3, #1024
 202 00d0 9842     		cmp	r0, r3
 203 00d2 56D0     		beq	.L33
 204              		.loc 1 294 9 discriminator 6 view .LVU61
 205 00d4 0323     		movs	r3, #3
 206              	.L16:
 207              		.loc 1 294 9 discriminator 7 view .LVU62
 208 00d6 AB40     		lsls	r3, r3, r5
 209 00d8 3343     		orrs	r3, r3, r6
 210              	.LVL12:
 295:Drivers/STM32F1xx_HAL_Driver/Src/stm32f1xx_hal_gpio.c ****         AFIO->EXTICR[position >> 2u] = temp;
ARM GAS  /var/folders/y0/yl1wrqfd209ghqq3s8k8qc1m0000gn/T//cc7nmaSN.s 			page 10


 211              		.loc 1 295 9 is_stmt 1 view .LVU63
 212              		.loc 1 295 38 is_stmt 0 view .LVU64
 213 00da 0232     		adds	r2, r2, #2
 214 00dc 3C4D     		ldr	r5, .L36+12
 215 00de 45F82230 		str	r3, [r5, r2, lsl #2]
 296:Drivers/STM32F1xx_HAL_Driver/Src/stm32f1xx_hal_gpio.c **** 
 297:Drivers/STM32F1xx_HAL_Driver/Src/stm32f1xx_hal_gpio.c **** 
 298:Drivers/STM32F1xx_HAL_Driver/Src/stm32f1xx_hal_gpio.c ****         /* Enable or disable the rising trigger */
 299:Drivers/STM32F1xx_HAL_Driver/Src/stm32f1xx_hal_gpio.c ****         if ((GPIO_Init->Mode & RISING_EDGE) == RISING_EDGE)
 216              		.loc 1 299 9 is_stmt 1 view .LVU65
 217              		.loc 1 299 23 is_stmt 0 view .LVU66
 218 00e2 4B68     		ldr	r3, [r1, #4]
 219              	.LVL13:
 220              		.loc 1 299 12 view .LVU67
 221 00e4 13F4801F 		tst	r3, #1048576
 222 00e8 51D0     		beq	.L17
 300:Drivers/STM32F1xx_HAL_Driver/Src/stm32f1xx_hal_gpio.c ****         {
 301:Drivers/STM32F1xx_HAL_Driver/Src/stm32f1xx_hal_gpio.c ****           SET_BIT(EXTI->RTSR, iocurrent);
 223              		.loc 1 301 11 is_stmt 1 view .LVU68
 224 00ea 3B4A     		ldr	r2, .L36+20
 225              	.LVL14:
 226              		.loc 1 301 11 is_stmt 0 view .LVU69
 227 00ec 9368     		ldr	r3, [r2, #8]
 228 00ee 2343     		orrs	r3, r3, r4
 229 00f0 9360     		str	r3, [r2, #8]
 230              	.LVL15:
 231              	.L18:
 302:Drivers/STM32F1xx_HAL_Driver/Src/stm32f1xx_hal_gpio.c ****         }
 303:Drivers/STM32F1xx_HAL_Driver/Src/stm32f1xx_hal_gpio.c ****         else
 304:Drivers/STM32F1xx_HAL_Driver/Src/stm32f1xx_hal_gpio.c ****         {
 305:Drivers/STM32F1xx_HAL_Driver/Src/stm32f1xx_hal_gpio.c ****           CLEAR_BIT(EXTI->RTSR, iocurrent);
 306:Drivers/STM32F1xx_HAL_Driver/Src/stm32f1xx_hal_gpio.c ****         }
 307:Drivers/STM32F1xx_HAL_Driver/Src/stm32f1xx_hal_gpio.c **** 
 308:Drivers/STM32F1xx_HAL_Driver/Src/stm32f1xx_hal_gpio.c ****         /* Enable or disable the falling trigger */
 309:Drivers/STM32F1xx_HAL_Driver/Src/stm32f1xx_hal_gpio.c ****         if ((GPIO_Init->Mode & FALLING_EDGE) == FALLING_EDGE)
 232              		.loc 1 309 9 is_stmt 1 view .LVU70
 233              		.loc 1 309 23 is_stmt 0 view .LVU71
 234 00f2 4B68     		ldr	r3, [r1, #4]
 235              		.loc 1 309 12 view .LVU72
 236 00f4 13F4001F 		tst	r3, #2097152
 237 00f8 4FD0     		beq	.L19
 310:Drivers/STM32F1xx_HAL_Driver/Src/stm32f1xx_hal_gpio.c ****         {
 311:Drivers/STM32F1xx_HAL_Driver/Src/stm32f1xx_hal_gpio.c ****           SET_BIT(EXTI->FTSR, iocurrent);
 238              		.loc 1 311 11 is_stmt 1 view .LVU73
 239 00fa 374A     		ldr	r2, .L36+20
 240 00fc D368     		ldr	r3, [r2, #12]
 241 00fe 2343     		orrs	r3, r3, r4
 242 0100 D360     		str	r3, [r2, #12]
 243              	.L20:
 312:Drivers/STM32F1xx_HAL_Driver/Src/stm32f1xx_hal_gpio.c ****         }
 313:Drivers/STM32F1xx_HAL_Driver/Src/stm32f1xx_hal_gpio.c ****         else
 314:Drivers/STM32F1xx_HAL_Driver/Src/stm32f1xx_hal_gpio.c ****         {
 315:Drivers/STM32F1xx_HAL_Driver/Src/stm32f1xx_hal_gpio.c ****           CLEAR_BIT(EXTI->FTSR, iocurrent);
 316:Drivers/STM32F1xx_HAL_Driver/Src/stm32f1xx_hal_gpio.c ****         }
 317:Drivers/STM32F1xx_HAL_Driver/Src/stm32f1xx_hal_gpio.c **** 
 318:Drivers/STM32F1xx_HAL_Driver/Src/stm32f1xx_hal_gpio.c ****         /* Configure the event mask */
 319:Drivers/STM32F1xx_HAL_Driver/Src/stm32f1xx_hal_gpio.c ****         if ((GPIO_Init->Mode & GPIO_MODE_EVT) == GPIO_MODE_EVT)
ARM GAS  /var/folders/y0/yl1wrqfd209ghqq3s8k8qc1m0000gn/T//cc7nmaSN.s 			page 11


 244              		.loc 1 319 9 view .LVU74
 245              		.loc 1 319 23 is_stmt 0 view .LVU75
 246 0102 4B68     		ldr	r3, [r1, #4]
 247              		.loc 1 319 12 view .LVU76
 248 0104 13F4003F 		tst	r3, #131072
 249 0108 4DD0     		beq	.L21
 320:Drivers/STM32F1xx_HAL_Driver/Src/stm32f1xx_hal_gpio.c ****         {
 321:Drivers/STM32F1xx_HAL_Driver/Src/stm32f1xx_hal_gpio.c ****           SET_BIT(EXTI->EMR, iocurrent);
 250              		.loc 1 321 11 is_stmt 1 view .LVU77
 251 010a 334A     		ldr	r2, .L36+20
 252 010c 5368     		ldr	r3, [r2, #4]
 253 010e 2343     		orrs	r3, r3, r4
 254 0110 5360     		str	r3, [r2, #4]
 255              	.L22:
 322:Drivers/STM32F1xx_HAL_Driver/Src/stm32f1xx_hal_gpio.c ****         }
 323:Drivers/STM32F1xx_HAL_Driver/Src/stm32f1xx_hal_gpio.c ****         else
 324:Drivers/STM32F1xx_HAL_Driver/Src/stm32f1xx_hal_gpio.c ****         {
 325:Drivers/STM32F1xx_HAL_Driver/Src/stm32f1xx_hal_gpio.c ****           CLEAR_BIT(EXTI->EMR, iocurrent);
 326:Drivers/STM32F1xx_HAL_Driver/Src/stm32f1xx_hal_gpio.c ****         }
 327:Drivers/STM32F1xx_HAL_Driver/Src/stm32f1xx_hal_gpio.c **** 
 328:Drivers/STM32F1xx_HAL_Driver/Src/stm32f1xx_hal_gpio.c ****         /* Configure the interrupt mask */
 329:Drivers/STM32F1xx_HAL_Driver/Src/stm32f1xx_hal_gpio.c ****         if ((GPIO_Init->Mode & GPIO_MODE_IT) == GPIO_MODE_IT)
 256              		.loc 1 329 9 view .LVU78
 257              		.loc 1 329 23 is_stmt 0 view .LVU79
 258 0112 4B68     		ldr	r3, [r1, #4]
 259              		.loc 1 329 12 view .LVU80
 260 0114 13F4803F 		tst	r3, #65536
 261 0118 4BD0     		beq	.L23
 330:Drivers/STM32F1xx_HAL_Driver/Src/stm32f1xx_hal_gpio.c ****         {
 331:Drivers/STM32F1xx_HAL_Driver/Src/stm32f1xx_hal_gpio.c ****           SET_BIT(EXTI->IMR, iocurrent);
 262              		.loc 1 331 11 is_stmt 1 view .LVU81
 263 011a 2F4A     		ldr	r2, .L36+20
 264 011c 1368     		ldr	r3, [r2]
 265 011e 2343     		orrs	r3, r3, r4
 266 0120 1360     		str	r3, [r2]
 267              	.LVL16:
 268              	.L3:
 332:Drivers/STM32F1xx_HAL_Driver/Src/stm32f1xx_hal_gpio.c ****         }
 333:Drivers/STM32F1xx_HAL_Driver/Src/stm32f1xx_hal_gpio.c ****         else
 334:Drivers/STM32F1xx_HAL_Driver/Src/stm32f1xx_hal_gpio.c ****         {
 335:Drivers/STM32F1xx_HAL_Driver/Src/stm32f1xx_hal_gpio.c ****           CLEAR_BIT(EXTI->IMR, iocurrent);
 336:Drivers/STM32F1xx_HAL_Driver/Src/stm32f1xx_hal_gpio.c ****         }
 337:Drivers/STM32F1xx_HAL_Driver/Src/stm32f1xx_hal_gpio.c ****       }
 338:Drivers/STM32F1xx_HAL_Driver/Src/stm32f1xx_hal_gpio.c ****     }
 339:Drivers/STM32F1xx_HAL_Driver/Src/stm32f1xx_hal_gpio.c **** 
 340:Drivers/STM32F1xx_HAL_Driver/Src/stm32f1xx_hal_gpio.c **** 	position++;
 269              		.loc 1 340 2 view .LVU82
 270              		.loc 1 340 10 is_stmt 0 view .LVU83
 271 0122 0CF1010C 		add	ip, ip, #1
 272              	.LVL17:
 273              	.L2:
 194:Drivers/STM32F1xx_HAL_Driver/Src/stm32f1xx_hal_gpio.c ****   {
 274              		.loc 1 194 41 is_stmt 1 view .LVU84
 194:Drivers/STM32F1xx_HAL_Driver/Src/stm32f1xx_hal_gpio.c ****   {
 275              		.loc 1 194 21 is_stmt 0 view .LVU85
 276 0126 0B68     		ldr	r3, [r1]
 194:Drivers/STM32F1xx_HAL_Driver/Src/stm32f1xx_hal_gpio.c ****   {
ARM GAS  /var/folders/y0/yl1wrqfd209ghqq3s8k8qc1m0000gn/T//cc7nmaSN.s 			page 12


 277              		.loc 1 194 41 view .LVU86
 278 0128 33FA0CF2 		lsrs	r2, r3, ip
 279 012c 47D0     		beq	.L34
 197:Drivers/STM32F1xx_HAL_Driver/Src/stm32f1xx_hal_gpio.c **** 
 280              		.loc 1 197 5 is_stmt 1 view .LVU87
 197:Drivers/STM32F1xx_HAL_Driver/Src/stm32f1xx_hal_gpio.c **** 
 281              		.loc 1 197 16 is_stmt 0 view .LVU88
 282 012e 0122     		movs	r2, #1
 283 0130 02FA0CF2 		lsl	r2, r2, ip
 284              	.LVL18:
 200:Drivers/STM32F1xx_HAL_Driver/Src/stm32f1xx_hal_gpio.c **** 
 285              		.loc 1 200 5 is_stmt 1 view .LVU89
 200:Drivers/STM32F1xx_HAL_Driver/Src/stm32f1xx_hal_gpio.c **** 
 286              		.loc 1 200 15 is_stmt 0 view .LVU90
 287 0134 03EA0204 		and	r4, r3, r2
 288              	.LVL19:
 202:Drivers/STM32F1xx_HAL_Driver/Src/stm32f1xx_hal_gpio.c ****     {
 289              		.loc 1 202 5 is_stmt 1 view .LVU91
 202:Drivers/STM32F1xx_HAL_Driver/Src/stm32f1xx_hal_gpio.c ****     {
 290              		.loc 1 202 8 is_stmt 0 view .LVU92
 291 0138 32EA0303 		bics	r3, r2, r3
 292 013c F1D1     		bne	.L3
 205:Drivers/STM32F1xx_HAL_Driver/Src/stm32f1xx_hal_gpio.c **** 
 293              		.loc 1 205 7 is_stmt 1 view .LVU93
 208:Drivers/STM32F1xx_HAL_Driver/Src/stm32f1xx_hal_gpio.c ****       {
 294              		.loc 1 208 7 view .LVU94
 208:Drivers/STM32F1xx_HAL_Driver/Src/stm32f1xx_hal_gpio.c ****       {
 295              		.loc 1 208 24 is_stmt 0 view .LVU95
 296 013e 4B68     		ldr	r3, [r1, #4]
 208:Drivers/STM32F1xx_HAL_Driver/Src/stm32f1xx_hal_gpio.c ****       {
 297              		.loc 1 208 7 view .LVU96
 298 0140 032B     		cmp	r3, #3
 299 0142 13D0     		beq	.L25
 300 0144 7FF662AF 		bls	.L35
 301 0148 122B     		cmp	r3, #18
 302 014a 07D0     		beq	.L9
 303 014c 3FF672AF 		bhi	.L10
 304 0150 112B     		cmp	r3, #17
 305 0152 8AD1     		bne	.L4
 220:Drivers/STM32F1xx_HAL_Driver/Src/stm32f1xx_hal_gpio.c ****           config = GPIO_Init->Speed + GPIO_CR_CNF_GP_OUTPUT_OD;
 306              		.loc 1 220 11 is_stmt 1 view .LVU97
 221:Drivers/STM32F1xx_HAL_Driver/Src/stm32f1xx_hal_gpio.c ****           break;
 307              		.loc 1 221 11 view .LVU98
 221:Drivers/STM32F1xx_HAL_Driver/Src/stm32f1xx_hal_gpio.c ****           break;
 308              		.loc 1 221 29 is_stmt 0 view .LVU99
 309 0154 CB68     		ldr	r3, [r1, #12]
 221:Drivers/STM32F1xx_HAL_Driver/Src/stm32f1xx_hal_gpio.c ****           break;
 310              		.loc 1 221 18 view .LVU100
 311 0156 03F1040E 		add	lr, r3, #4
 312              	.LVL20:
 222:Drivers/STM32F1xx_HAL_Driver/Src/stm32f1xx_hal_gpio.c **** 
 313              		.loc 1 222 11 is_stmt 1 view .LVU101
 314 015a 86E7     		b	.L4
 315              	.L9:
 234:Drivers/STM32F1xx_HAL_Driver/Src/stm32f1xx_hal_gpio.c ****           config = GPIO_Init->Speed + GPIO_CR_CNF_AF_OUTPUT_OD;
 316              		.loc 1 234 11 view .LVU102
 235:Drivers/STM32F1xx_HAL_Driver/Src/stm32f1xx_hal_gpio.c ****           break;
ARM GAS  /var/folders/y0/yl1wrqfd209ghqq3s8k8qc1m0000gn/T//cc7nmaSN.s 			page 13


 317              		.loc 1 235 11 view .LVU103
 235:Drivers/STM32F1xx_HAL_Driver/Src/stm32f1xx_hal_gpio.c ****           break;
 318              		.loc 1 235 29 is_stmt 0 view .LVU104
 319 015c CB68     		ldr	r3, [r1, #12]
 235:Drivers/STM32F1xx_HAL_Driver/Src/stm32f1xx_hal_gpio.c ****           break;
 320              		.loc 1 235 18 view .LVU105
 321 015e 03F10C0E 		add	lr, r3, #12
 322              	.LVL21:
 236:Drivers/STM32F1xx_HAL_Driver/Src/stm32f1xx_hal_gpio.c **** 
 323              		.loc 1 236 11 is_stmt 1 view .LVU106
 324 0162 82E7     		b	.L4
 325              	.L32:
 254:Drivers/STM32F1xx_HAL_Driver/Src/stm32f1xx_hal_gpio.c **** 
 326              		.loc 1 254 13 view .LVU107
 327              	.LVL22:
 257:Drivers/STM32F1xx_HAL_Driver/Src/stm32f1xx_hal_gpio.c ****           }
 328              		.loc 1 257 13 view .LVU108
 257:Drivers/STM32F1xx_HAL_Driver/Src/stm32f1xx_hal_gpio.c ****           }
 329              		.loc 1 257 25 is_stmt 0 view .LVU109
 330 0164 0261     		str	r2, [r0, #16]
 254:Drivers/STM32F1xx_HAL_Driver/Src/stm32f1xx_hal_gpio.c **** 
 331              		.loc 1 254 20 view .LVU110
 332 0166 4FF0080E 		mov	lr, #8
 333 016a 7EE7     		b	.L4
 334              	.LVL23:
 335              	.L25:
 270:Drivers/STM32F1xx_HAL_Driver/Src/stm32f1xx_hal_gpio.c ****           break;
 336              		.loc 1 270 18 view .LVU111
 337 016c 4FF0000E 		mov	lr, #0
 338              	.LVL24:
 270:Drivers/STM32F1xx_HAL_Driver/Src/stm32f1xx_hal_gpio.c ****           break;
 339              		.loc 1 270 18 view .LVU112
 340 0170 7BE7     		b	.L4
 341              	.LVL25:
 342              	.L26:
 250:Drivers/STM32F1xx_HAL_Driver/Src/stm32f1xx_hal_gpio.c ****           }
 343              		.loc 1 250 20 view .LVU113
 344 0172 4FF0040E 		mov	lr, #4
 345              	.LVL26:
 250:Drivers/STM32F1xx_HAL_Driver/Src/stm32f1xx_hal_gpio.c ****           }
 346              		.loc 1 250 20 view .LVU114
 347 0176 78E7     		b	.L4
 348              	.LVL27:
 349              	.L14:
 280:Drivers/STM32F1xx_HAL_Driver/Src/stm32f1xx_hal_gpio.c ****       registeroffset = (iocurrent < GPIO_PIN_8) ? (position << 2u) : ((position - 8u) << 2u);
 350              		.loc 1 280 22 discriminator 2 view .LVU115
 351 0178 061D     		adds	r6, r0, #4
 352              	.LVL28:
 281:Drivers/STM32F1xx_HAL_Driver/Src/stm32f1xx_hal_gpio.c **** 
 353              		.loc 1 281 7 is_stmt 1 view .LVU116
 281:Drivers/STM32F1xx_HAL_Driver/Src/stm32f1xx_hal_gpio.c **** 
 354              		.loc 1 281 81 is_stmt 0 discriminator 2 view .LVU117
 355 017a ACF10802 		sub	r2, ip, #8
 356              	.LVL29:
 281:Drivers/STM32F1xx_HAL_Driver/Src/stm32f1xx_hal_gpio.c **** 
 357              		.loc 1 281 22 discriminator 2 view .LVU118
 358 017e 9200     		lsls	r2, r2, #2
ARM GAS  /var/folders/y0/yl1wrqfd209ghqq3s8k8qc1m0000gn/T//cc7nmaSN.s 			page 14


 359 0180 79E7     		b	.L15
 360              	.LVL30:
 361              	.L33:
 294:Drivers/STM32F1xx_HAL_Driver/Src/stm32f1xx_hal_gpio.c ****         AFIO->EXTICR[position >> 2u] = temp;
 362              		.loc 1 294 9 discriminator 5 view .LVU119
 363 0182 0223     		movs	r3, #2
 364 0184 A7E7     		b	.L16
 365              	.L27:
 294:Drivers/STM32F1xx_HAL_Driver/Src/stm32f1xx_hal_gpio.c ****         AFIO->EXTICR[position >> 2u] = temp;
 366              		.loc 1 294 9 discriminator 2 view .LVU120
 367 0186 0023     		movs	r3, #0
 368 0188 A5E7     		b	.L16
 369              	.L28:
 294:Drivers/STM32F1xx_HAL_Driver/Src/stm32f1xx_hal_gpio.c ****         AFIO->EXTICR[position >> 2u] = temp;
 370              		.loc 1 294 9 discriminator 4 view .LVU121
 371 018a 0123     		movs	r3, #1
 372              	.LVL31:
 294:Drivers/STM32F1xx_HAL_Driver/Src/stm32f1xx_hal_gpio.c ****         AFIO->EXTICR[position >> 2u] = temp;
 373              		.loc 1 294 9 discriminator 4 view .LVU122
 374 018c A3E7     		b	.L16
 375              	.LVL32:
 376              	.L17:
 305:Drivers/STM32F1xx_HAL_Driver/Src/stm32f1xx_hal_gpio.c ****         }
 377              		.loc 1 305 11 is_stmt 1 view .LVU123
 378 018e 124A     		ldr	r2, .L36+20
 379              	.LVL33:
 305:Drivers/STM32F1xx_HAL_Driver/Src/stm32f1xx_hal_gpio.c ****         }
 380              		.loc 1 305 11 is_stmt 0 view .LVU124
 381 0190 9368     		ldr	r3, [r2, #8]
 382 0192 23EA0403 		bic	r3, r3, r4
 383 0196 9360     		str	r3, [r2, #8]
 384              	.LVL34:
 305:Drivers/STM32F1xx_HAL_Driver/Src/stm32f1xx_hal_gpio.c ****         }
 385              		.loc 1 305 11 view .LVU125
 386 0198 ABE7     		b	.L18
 387              	.L19:
 315:Drivers/STM32F1xx_HAL_Driver/Src/stm32f1xx_hal_gpio.c ****         }
 388              		.loc 1 315 11 is_stmt 1 view .LVU126
 389 019a 0F4A     		ldr	r2, .L36+20
 390 019c D368     		ldr	r3, [r2, #12]
 391 019e 23EA0403 		bic	r3, r3, r4
 392 01a2 D360     		str	r3, [r2, #12]
 393 01a4 ADE7     		b	.L20
 394              	.L21:
 325:Drivers/STM32F1xx_HAL_Driver/Src/stm32f1xx_hal_gpio.c ****         }
 395              		.loc 1 325 11 view .LVU127
 396 01a6 0C4A     		ldr	r2, .L36+20
 397 01a8 5368     		ldr	r3, [r2, #4]
 398 01aa 23EA0403 		bic	r3, r3, r4
 399 01ae 5360     		str	r3, [r2, #4]
 400 01b0 AFE7     		b	.L22
 401              	.L23:
 335:Drivers/STM32F1xx_HAL_Driver/Src/stm32f1xx_hal_gpio.c ****         }
 402              		.loc 1 335 11 view .LVU128
 403 01b2 094A     		ldr	r2, .L36+20
 404 01b4 1368     		ldr	r3, [r2]
 405 01b6 23EA0403 		bic	r3, r3, r4
ARM GAS  /var/folders/y0/yl1wrqfd209ghqq3s8k8qc1m0000gn/T//cc7nmaSN.s 			page 15


 406 01ba 1360     		str	r3, [r2]
 407 01bc B1E7     		b	.L3
 408              	.LVL35:
 409              	.L34:
 341:Drivers/STM32F1xx_HAL_Driver/Src/stm32f1xx_hal_gpio.c ****   }
 342:Drivers/STM32F1xx_HAL_Driver/Src/stm32f1xx_hal_gpio.c **** }
 410              		.loc 1 342 1 is_stmt 0 view .LVU129
 411 01be 02B0     		add	sp, sp, #8
 412              	.LCFI2:
 413              		.cfi_def_cfa_offset 16
 414              		@ sp needed
 415 01c0 70BD     		pop	{r4, r5, r6, pc}
 416              	.L37:
 417 01c2 00BF     		.align	2
 418              	.L36:
 419 01c4 00002210 		.word	270663680
 420 01c8 00003110 		.word	271646720
 421 01cc 00100240 		.word	1073876992
 422 01d0 00000140 		.word	1073807360
 423 01d4 00080140 		.word	1073809408
 424 01d8 00040140 		.word	1073808384
 425              		.cfi_endproc
 426              	.LFE65:
 428              		.section	.text.HAL_GPIO_DeInit,"ax",%progbits
 429              		.align	1
 430              		.global	HAL_GPIO_DeInit
 431              		.syntax unified
 432              		.thumb
 433              		.thumb_func
 435              	HAL_GPIO_DeInit:
 436              	.LVL36:
 437              	.LFB66:
 343:Drivers/STM32F1xx_HAL_Driver/Src/stm32f1xx_hal_gpio.c **** 
 344:Drivers/STM32F1xx_HAL_Driver/Src/stm32f1xx_hal_gpio.c **** /**
 345:Drivers/STM32F1xx_HAL_Driver/Src/stm32f1xx_hal_gpio.c ****   * @brief  De-initializes the GPIOx peripheral registers to their default reset values.
 346:Drivers/STM32F1xx_HAL_Driver/Src/stm32f1xx_hal_gpio.c ****   * @param  GPIOx: where x can be (A..G depending on device used) to select the GPIO peripheral
 347:Drivers/STM32F1xx_HAL_Driver/Src/stm32f1xx_hal_gpio.c ****   * @param  GPIO_Pin: specifies the port bit to be written.
 348:Drivers/STM32F1xx_HAL_Driver/Src/stm32f1xx_hal_gpio.c ****   *         This parameter can be one of GPIO_PIN_x where x can be (0..15).
 349:Drivers/STM32F1xx_HAL_Driver/Src/stm32f1xx_hal_gpio.c ****   * @retval None
 350:Drivers/STM32F1xx_HAL_Driver/Src/stm32f1xx_hal_gpio.c ****   */
 351:Drivers/STM32F1xx_HAL_Driver/Src/stm32f1xx_hal_gpio.c **** void HAL_GPIO_DeInit(GPIO_TypeDef  *GPIOx, uint32_t GPIO_Pin)
 352:Drivers/STM32F1xx_HAL_Driver/Src/stm32f1xx_hal_gpio.c **** {
 438              		.loc 1 352 1 is_stmt 1 view -0
 439              		.cfi_startproc
 440              		@ args = 0, pretend = 0, frame = 0
 441              		@ frame_needed = 0, uses_anonymous_args = 0
 442              		.loc 1 352 1 is_stmt 0 view .LVU131
 443 0000 8446     		mov	ip, r0
 353:Drivers/STM32F1xx_HAL_Driver/Src/stm32f1xx_hal_gpio.c ****   uint32_t position = 0x00u;
 444              		.loc 1 353 3 is_stmt 1 view .LVU132
 445              	.LVL37:
 354:Drivers/STM32F1xx_HAL_Driver/Src/stm32f1xx_hal_gpio.c ****   uint32_t iocurrent;
 446              		.loc 1 354 3 view .LVU133
 355:Drivers/STM32F1xx_HAL_Driver/Src/stm32f1xx_hal_gpio.c ****   uint32_t tmp;
 447              		.loc 1 355 3 view .LVU134
 356:Drivers/STM32F1xx_HAL_Driver/Src/stm32f1xx_hal_gpio.c ****   __IO uint32_t *configregister; /* Store the address of CRL or CRH register based on pin number */
 448              		.loc 1 356 3 view .LVU135
ARM GAS  /var/folders/y0/yl1wrqfd209ghqq3s8k8qc1m0000gn/T//cc7nmaSN.s 			page 16


 357:Drivers/STM32F1xx_HAL_Driver/Src/stm32f1xx_hal_gpio.c ****   uint32_t registeroffset;
 449              		.loc 1 357 3 view .LVU136
 358:Drivers/STM32F1xx_HAL_Driver/Src/stm32f1xx_hal_gpio.c **** 
 359:Drivers/STM32F1xx_HAL_Driver/Src/stm32f1xx_hal_gpio.c ****   /* Check the parameters */
 360:Drivers/STM32F1xx_HAL_Driver/Src/stm32f1xx_hal_gpio.c ****   assert_param(IS_GPIO_ALL_INSTANCE(GPIOx));
 450              		.loc 1 360 3 view .LVU137
 361:Drivers/STM32F1xx_HAL_Driver/Src/stm32f1xx_hal_gpio.c ****   assert_param(IS_GPIO_PIN(GPIO_Pin));
 451              		.loc 1 361 3 view .LVU138
 362:Drivers/STM32F1xx_HAL_Driver/Src/stm32f1xx_hal_gpio.c **** 
 363:Drivers/STM32F1xx_HAL_Driver/Src/stm32f1xx_hal_gpio.c ****   /* Configure the port pins */
 364:Drivers/STM32F1xx_HAL_Driver/Src/stm32f1xx_hal_gpio.c ****   while ((GPIO_Pin >> position) != 0u)
 452              		.loc 1 364 3 view .LVU139
 353:Drivers/STM32F1xx_HAL_Driver/Src/stm32f1xx_hal_gpio.c ****   uint32_t iocurrent;
 453              		.loc 1 353 12 is_stmt 0 view .LVU140
 454 0002 0022     		movs	r2, #0
 455              		.loc 1 364 9 view .LVU141
 456 0004 65E0     		b	.L50
 457              	.LVL38:
 458              	.L57:
 459              	.LCFI3:
 460              		.cfi_def_cfa_offset 16
 461              		.cfi_offset 4, -16
 462              		.cfi_offset 5, -12
 463              		.cfi_offset 6, -8
 464              		.cfi_offset 14, -4
 365:Drivers/STM32F1xx_HAL_Driver/Src/stm32f1xx_hal_gpio.c ****   {
 366:Drivers/STM32F1xx_HAL_Driver/Src/stm32f1xx_hal_gpio.c ****     /* Get current io position */
 367:Drivers/STM32F1xx_HAL_Driver/Src/stm32f1xx_hal_gpio.c ****     iocurrent = (GPIO_Pin) & (1uL << position);
 368:Drivers/STM32F1xx_HAL_Driver/Src/stm32f1xx_hal_gpio.c **** 
 369:Drivers/STM32F1xx_HAL_Driver/Src/stm32f1xx_hal_gpio.c ****     if (iocurrent)
 370:Drivers/STM32F1xx_HAL_Driver/Src/stm32f1xx_hal_gpio.c ****     {
 371:Drivers/STM32F1xx_HAL_Driver/Src/stm32f1xx_hal_gpio.c ****       /*------------------------- EXTI Mode Configuration --------------------*/
 372:Drivers/STM32F1xx_HAL_Driver/Src/stm32f1xx_hal_gpio.c ****       /* Clear the External Interrupt or Event for the current IO */
 373:Drivers/STM32F1xx_HAL_Driver/Src/stm32f1xx_hal_gpio.c **** 
 374:Drivers/STM32F1xx_HAL_Driver/Src/stm32f1xx_hal_gpio.c ****       tmp = AFIO->EXTICR[position >> 2u];
 375:Drivers/STM32F1xx_HAL_Driver/Src/stm32f1xx_hal_gpio.c ****       tmp &= 0x0FuL << (4u * (position & 0x03u));
 376:Drivers/STM32F1xx_HAL_Driver/Src/stm32f1xx_hal_gpio.c ****       if (tmp == (GPIO_GET_INDEX(GPIOx) << (4u * (position & 0x03u))))
 465              		.loc 1 376 19 discriminator 5 view .LVU142
 466 0006 0225     		movs	r5, #2
 467 0008 00E0     		b	.L41
 468              	.L46:
 469              		.loc 1 376 19 discriminator 2 view .LVU143
 470 000a 0025     		movs	r5, #0
 471              	.L41:
 472              		.loc 1 376 41 discriminator 7 view .LVU144
 473 000c 05FA00F0 		lsl	r0, r5, r0
 474              		.loc 1 376 10 discriminator 7 view .LVU145
 475 0010 A042     		cmp	r0, r4
 476 0012 3CD0     		beq	.L55
 477              	.LVL39:
 478              	.L42:
 377:Drivers/STM32F1xx_HAL_Driver/Src/stm32f1xx_hal_gpio.c ****       {
 378:Drivers/STM32F1xx_HAL_Driver/Src/stm32f1xx_hal_gpio.c ****         /* Clear EXTI line configuration */
 379:Drivers/STM32F1xx_HAL_Driver/Src/stm32f1xx_hal_gpio.c ****         CLEAR_BIT(EXTI->IMR, (uint32_t)iocurrent);
 380:Drivers/STM32F1xx_HAL_Driver/Src/stm32f1xx_hal_gpio.c ****         CLEAR_BIT(EXTI->EMR, (uint32_t)iocurrent);
 381:Drivers/STM32F1xx_HAL_Driver/Src/stm32f1xx_hal_gpio.c **** 
 382:Drivers/STM32F1xx_HAL_Driver/Src/stm32f1xx_hal_gpio.c ****         /* Clear Rising Falling edge configuration */
ARM GAS  /var/folders/y0/yl1wrqfd209ghqq3s8k8qc1m0000gn/T//cc7nmaSN.s 			page 17


 383:Drivers/STM32F1xx_HAL_Driver/Src/stm32f1xx_hal_gpio.c ****         CLEAR_BIT(EXTI->FTSR, (uint32_t)iocurrent);
 384:Drivers/STM32F1xx_HAL_Driver/Src/stm32f1xx_hal_gpio.c ****         CLEAR_BIT(EXTI->RTSR, (uint32_t)iocurrent);
 385:Drivers/STM32F1xx_HAL_Driver/Src/stm32f1xx_hal_gpio.c ****         
 386:Drivers/STM32F1xx_HAL_Driver/Src/stm32f1xx_hal_gpio.c ****         tmp = 0x0FuL << (4u * (position & 0x03u));
 387:Drivers/STM32F1xx_HAL_Driver/Src/stm32f1xx_hal_gpio.c ****         CLEAR_BIT(AFIO->EXTICR[position >> 2u], tmp);
 388:Drivers/STM32F1xx_HAL_Driver/Src/stm32f1xx_hal_gpio.c ****       }
 389:Drivers/STM32F1xx_HAL_Driver/Src/stm32f1xx_hal_gpio.c ****       /*------------------------- GPIO Mode Configuration --------------------*/
 390:Drivers/STM32F1xx_HAL_Driver/Src/stm32f1xx_hal_gpio.c ****       /* Check if the current bit belongs to first half or last half of the pin count number
 391:Drivers/STM32F1xx_HAL_Driver/Src/stm32f1xx_hal_gpio.c ****        in order to address CRH or CRL register */
 392:Drivers/STM32F1xx_HAL_Driver/Src/stm32f1xx_hal_gpio.c ****       configregister = (iocurrent < GPIO_PIN_8) ? &GPIOx->CRL     : &GPIOx->CRH;
 479              		.loc 1 392 7 is_stmt 1 view .LVU146
 480              		.loc 1 392 67 is_stmt 0 view .LVU147
 481 0014 FF2B     		cmp	r3, #255
 482 0016 54D8     		bhi	.L43
 483              		.loc 1 392 22 discriminator 1 view .LVU148
 484 0018 6546     		mov	r5, ip
 485              	.LVL40:
 393:Drivers/STM32F1xx_HAL_Driver/Src/stm32f1xx_hal_gpio.c ****       registeroffset = (iocurrent < GPIO_PIN_8) ? (position << 2u) : ((position - 8u) << 2u);
 486              		.loc 1 393 7 is_stmt 1 view .LVU149
 487              		.loc 1 393 22 is_stmt 0 discriminator 1 view .LVU150
 488 001a 9400     		lsls	r4, r2, #2
 489              	.LVL41:
 490              	.L44:
 394:Drivers/STM32F1xx_HAL_Driver/Src/stm32f1xx_hal_gpio.c **** 
 395:Drivers/STM32F1xx_HAL_Driver/Src/stm32f1xx_hal_gpio.c ****       /* CRL/CRH default value is floating input(0x04) shifted to correct position */
 396:Drivers/STM32F1xx_HAL_Driver/Src/stm32f1xx_hal_gpio.c ****       MODIFY_REG(*configregister, ((GPIO_CRL_MODE0 | GPIO_CRL_CNF0) << registeroffset), GPIO_CRL_CN
 491              		.loc 1 396 7 is_stmt 1 view .LVU151
 492 001c 2868     		ldr	r0, [r5]
 493 001e 4FF00F0E 		mov	lr, #15
 494 0022 0EFA04FE 		lsl	lr, lr, r4
 495 0026 20EA0E00 		bic	r0, r0, lr
 496 002a 4FF0040E 		mov	lr, #4
 497 002e 0EFA04FE 		lsl	lr, lr, r4
 498 0032 40EA0E00 		orr	r0, r0, lr
 499 0036 2860     		str	r0, [r5]
 397:Drivers/STM32F1xx_HAL_Driver/Src/stm32f1xx_hal_gpio.c **** 
 398:Drivers/STM32F1xx_HAL_Driver/Src/stm32f1xx_hal_gpio.c ****       /* ODR default value is 0 */
 399:Drivers/STM32F1xx_HAL_Driver/Src/stm32f1xx_hal_gpio.c ****       CLEAR_BIT(GPIOx->ODR, iocurrent);
 500              		.loc 1 399 7 view .LVU152
 501 0038 DCF80C00 		ldr	r0, [ip, #12]
 502 003c 20EA0303 		bic	r3, r0, r3
 503              	.LVL42:
 504              		.loc 1 399 7 is_stmt 0 view .LVU153
 505 0040 CCF80C30 		str	r3, [ip, #12]
 506              	.L40:
 400:Drivers/STM32F1xx_HAL_Driver/Src/stm32f1xx_hal_gpio.c ****     }
 401:Drivers/STM32F1xx_HAL_Driver/Src/stm32f1xx_hal_gpio.c **** 
 402:Drivers/STM32F1xx_HAL_Driver/Src/stm32f1xx_hal_gpio.c ****     position++;
 507              		.loc 1 402 5 is_stmt 1 view .LVU154
 508              		.loc 1 402 13 is_stmt 0 view .LVU155
 509 0044 0132     		adds	r2, r2, #1
 510              	.LVL43:
 364:Drivers/STM32F1xx_HAL_Driver/Src/stm32f1xx_hal_gpio.c ****   {
 511              		.loc 1 364 33 is_stmt 1 view .LVU156
 512 0046 31FA02F3 		lsrs	r3, r1, r2
 513 004a 40D0     		beq	.L56
 367:Drivers/STM32F1xx_HAL_Driver/Src/stm32f1xx_hal_gpio.c **** 
ARM GAS  /var/folders/y0/yl1wrqfd209ghqq3s8k8qc1m0000gn/T//cc7nmaSN.s 			page 18


 514              		.loc 1 367 5 view .LVU157
 367:Drivers/STM32F1xx_HAL_Driver/Src/stm32f1xx_hal_gpio.c **** 
 515              		.loc 1 367 35 is_stmt 0 view .LVU158
 516 004c 0123     		movs	r3, #1
 517 004e 9340     		lsls	r3, r3, r2
 518              	.LVL44:
 369:Drivers/STM32F1xx_HAL_Driver/Src/stm32f1xx_hal_gpio.c ****     {
 519              		.loc 1 369 5 is_stmt 1 view .LVU159
 369:Drivers/STM32F1xx_HAL_Driver/Src/stm32f1xx_hal_gpio.c ****     {
 520              		.loc 1 369 8 is_stmt 0 view .LVU160
 521 0050 0B40     		ands	r3, r3, r1
 522              	.LVL45:
 369:Drivers/STM32F1xx_HAL_Driver/Src/stm32f1xx_hal_gpio.c ****     {
 523              		.loc 1 369 8 view .LVU161
 524 0052 F7D0     		beq	.L40
 525              	.LVL46:
 526              	.L51:
 374:Drivers/STM32F1xx_HAL_Driver/Src/stm32f1xx_hal_gpio.c ****       tmp &= 0x0FuL << (4u * (position & 0x03u));
 527              		.loc 1 374 7 is_stmt 1 view .LVU162
 374:Drivers/STM32F1xx_HAL_Driver/Src/stm32f1xx_hal_gpio.c ****       tmp &= 0x0FuL << (4u * (position & 0x03u));
 528              		.loc 1 374 35 is_stmt 0 view .LVU163
 529 0054 9608     		lsrs	r6, r2, #2
 374:Drivers/STM32F1xx_HAL_Driver/Src/stm32f1xx_hal_gpio.c ****       tmp &= 0x0FuL << (4u * (position & 0x03u));
 530              		.loc 1 374 11 view .LVU164
 531 0056 B41C     		adds	r4, r6, #2
 532 0058 2348     		ldr	r0, .L60
 533 005a 50F82440 		ldr	r4, [r0, r4, lsl #2]
 534              	.LVL47:
 375:Drivers/STM32F1xx_HAL_Driver/Src/stm32f1xx_hal_gpio.c ****       if (tmp == (GPIO_GET_INDEX(GPIOx) << (4u * (position & 0x03u))))
 535              		.loc 1 375 7 is_stmt 1 view .LVU165
 375:Drivers/STM32F1xx_HAL_Driver/Src/stm32f1xx_hal_gpio.c ****       if (tmp == (GPIO_GET_INDEX(GPIOx) << (4u * (position & 0x03u))))
 536              		.loc 1 375 40 is_stmt 0 view .LVU166
 537 005e 02F00300 		and	r0, r2, #3
 375:Drivers/STM32F1xx_HAL_Driver/Src/stm32f1xx_hal_gpio.c ****       if (tmp == (GPIO_GET_INDEX(GPIOx) << (4u * (position & 0x03u))))
 538              		.loc 1 375 28 view .LVU167
 539 0062 8000     		lsls	r0, r0, #2
 375:Drivers/STM32F1xx_HAL_Driver/Src/stm32f1xx_hal_gpio.c ****       if (tmp == (GPIO_GET_INDEX(GPIOx) << (4u * (position & 0x03u))))
 540              		.loc 1 375 21 view .LVU168
 541 0064 4FF00F0E 		mov	lr, #15
 542 0068 0EFA00FE 		lsl	lr, lr, r0
 375:Drivers/STM32F1xx_HAL_Driver/Src/stm32f1xx_hal_gpio.c ****       if (tmp == (GPIO_GET_INDEX(GPIOx) << (4u * (position & 0x03u))))
 543              		.loc 1 375 11 view .LVU169
 544 006c 0EEA0404 		and	r4, lr, r4
 545              	.LVL48:
 376:Drivers/STM32F1xx_HAL_Driver/Src/stm32f1xx_hal_gpio.c ****       {
 546              		.loc 1 376 7 is_stmt 1 view .LVU170
 376:Drivers/STM32F1xx_HAL_Driver/Src/stm32f1xx_hal_gpio.c ****       {
 547              		.loc 1 376 19 is_stmt 0 view .LVU171
 548 0070 1E4D     		ldr	r5, .L60+4
 549 0072 AC45     		cmp	ip, r5
 550 0074 C9D0     		beq	.L46
 376:Drivers/STM32F1xx_HAL_Driver/Src/stm32f1xx_hal_gpio.c ****       {
 551              		.loc 1 376 19 discriminator 1 view .LVU172
 552 0076 05F58065 		add	r5, r5, #1024
 553 007a AC45     		cmp	ip, r5
 554 007c 05D0     		beq	.L47
 376:Drivers/STM32F1xx_HAL_Driver/Src/stm32f1xx_hal_gpio.c ****       {
ARM GAS  /var/folders/y0/yl1wrqfd209ghqq3s8k8qc1m0000gn/T//cc7nmaSN.s 			page 19


 555              		.loc 1 376 19 discriminator 3 view .LVU173
 556 007e 05F58065 		add	r5, r5, #1024
 557 0082 AC45     		cmp	ip, r5
 558 0084 BFD0     		beq	.L57
 376:Drivers/STM32F1xx_HAL_Driver/Src/stm32f1xx_hal_gpio.c ****       {
 559              		.loc 1 376 19 discriminator 6 view .LVU174
 560 0086 0325     		movs	r5, #3
 561 0088 C0E7     		b	.L41
 562              	.L47:
 376:Drivers/STM32F1xx_HAL_Driver/Src/stm32f1xx_hal_gpio.c ****       {
 563              		.loc 1 376 19 discriminator 4 view .LVU175
 564 008a 0125     		movs	r5, #1
 565 008c BEE7     		b	.L41
 566              	.L55:
 379:Drivers/STM32F1xx_HAL_Driver/Src/stm32f1xx_hal_gpio.c ****         CLEAR_BIT(EXTI->EMR, (uint32_t)iocurrent);
 567              		.loc 1 379 9 is_stmt 1 view .LVU176
 568 008e 1848     		ldr	r0, .L60+8
 569 0090 0468     		ldr	r4, [r0]
 570              	.LVL49:
 379:Drivers/STM32F1xx_HAL_Driver/Src/stm32f1xx_hal_gpio.c ****         CLEAR_BIT(EXTI->EMR, (uint32_t)iocurrent);
 571              		.loc 1 379 9 is_stmt 0 view .LVU177
 572 0092 24EA0304 		bic	r4, r4, r3
 573 0096 0460     		str	r4, [r0]
 380:Drivers/STM32F1xx_HAL_Driver/Src/stm32f1xx_hal_gpio.c **** 
 574              		.loc 1 380 9 is_stmt 1 view .LVU178
 575 0098 4468     		ldr	r4, [r0, #4]
 576 009a 24EA0304 		bic	r4, r4, r3
 577 009e 4460     		str	r4, [r0, #4]
 383:Drivers/STM32F1xx_HAL_Driver/Src/stm32f1xx_hal_gpio.c ****         CLEAR_BIT(EXTI->RTSR, (uint32_t)iocurrent);
 578              		.loc 1 383 9 view .LVU179
 579 00a0 C468     		ldr	r4, [r0, #12]
 580 00a2 24EA0304 		bic	r4, r4, r3
 581 00a6 C460     		str	r4, [r0, #12]
 384:Drivers/STM32F1xx_HAL_Driver/Src/stm32f1xx_hal_gpio.c ****         
 582              		.loc 1 384 9 view .LVU180
 583 00a8 8468     		ldr	r4, [r0, #8]
 584 00aa 24EA0304 		bic	r4, r4, r3
 585 00ae 8460     		str	r4, [r0, #8]
 386:Drivers/STM32F1xx_HAL_Driver/Src/stm32f1xx_hal_gpio.c ****         CLEAR_BIT(AFIO->EXTICR[position >> 2u], tmp);
 586              		.loc 1 386 9 view .LVU181
 587              	.LVL50:
 387:Drivers/STM32F1xx_HAL_Driver/Src/stm32f1xx_hal_gpio.c ****       }
 588              		.loc 1 387 9 view .LVU182
 589 00b0 0D4C     		ldr	r4, .L60
 590 00b2 0236     		adds	r6, r6, #2
 591 00b4 54F82600 		ldr	r0, [r4, r6, lsl #2]
 592 00b8 20EA0E00 		bic	r0, r0, lr
 593 00bc 44F82600 		str	r0, [r4, r6, lsl #2]
 594 00c0 A8E7     		b	.L42
 595              	.LVL51:
 596              	.L43:
 392:Drivers/STM32F1xx_HAL_Driver/Src/stm32f1xx_hal_gpio.c ****       registeroffset = (iocurrent < GPIO_PIN_8) ? (position << 2u) : ((position - 8u) << 2u);
 597              		.loc 1 392 22 is_stmt 0 discriminator 2 view .LVU183
 598 00c2 0CF10405 		add	r5, ip, #4
 599              	.LVL52:
 393:Drivers/STM32F1xx_HAL_Driver/Src/stm32f1xx_hal_gpio.c **** 
 600              		.loc 1 393 7 is_stmt 1 view .LVU184
ARM GAS  /var/folders/y0/yl1wrqfd209ghqq3s8k8qc1m0000gn/T//cc7nmaSN.s 			page 20


 393:Drivers/STM32F1xx_HAL_Driver/Src/stm32f1xx_hal_gpio.c **** 
 601              		.loc 1 393 81 is_stmt 0 discriminator 2 view .LVU185
 602 00c6 A2F10804 		sub	r4, r2, #8
 393:Drivers/STM32F1xx_HAL_Driver/Src/stm32f1xx_hal_gpio.c **** 
 603              		.loc 1 393 22 discriminator 2 view .LVU186
 604 00ca A400     		lsls	r4, r4, #2
 605 00cc A6E7     		b	.L44
 606              	.LVL53:
 607              	.L56:
 403:Drivers/STM32F1xx_HAL_Driver/Src/stm32f1xx_hal_gpio.c ****   }
 404:Drivers/STM32F1xx_HAL_Driver/Src/stm32f1xx_hal_gpio.c **** }
 608              		.loc 1 404 1 view .LVU187
 609 00ce 70BD     		pop	{r4, r5, r6, pc}
 610              	.LVL54:
 611              	.L59:
 612              	.LCFI4:
 613              		.cfi_def_cfa_offset 0
 614              		.cfi_restore 4
 615              		.cfi_restore 5
 616              		.cfi_restore 6
 617              		.cfi_restore 14
 402:Drivers/STM32F1xx_HAL_Driver/Src/stm32f1xx_hal_gpio.c ****   }
 618              		.loc 1 402 5 is_stmt 1 view .LVU188
 402:Drivers/STM32F1xx_HAL_Driver/Src/stm32f1xx_hal_gpio.c ****   }
 619              		.loc 1 402 13 is_stmt 0 view .LVU189
 620 00d0 0132     		adds	r2, r2, #1
 621              	.LVL55:
 622              	.L50:
 364:Drivers/STM32F1xx_HAL_Driver/Src/stm32f1xx_hal_gpio.c ****   {
 623              		.loc 1 364 33 is_stmt 1 view .LVU190
 624 00d2 31FA02F3 		lsrs	r3, r1, r2
 625 00d6 05D0     		beq	.L58
 367:Drivers/STM32F1xx_HAL_Driver/Src/stm32f1xx_hal_gpio.c **** 
 626              		.loc 1 367 5 view .LVU191
 367:Drivers/STM32F1xx_HAL_Driver/Src/stm32f1xx_hal_gpio.c **** 
 627              		.loc 1 367 35 is_stmt 0 view .LVU192
 628 00d8 0123     		movs	r3, #1
 629 00da 9340     		lsls	r3, r3, r2
 630              	.LVL56:
 369:Drivers/STM32F1xx_HAL_Driver/Src/stm32f1xx_hal_gpio.c ****     {
 631              		.loc 1 369 5 is_stmt 1 view .LVU193
 369:Drivers/STM32F1xx_HAL_Driver/Src/stm32f1xx_hal_gpio.c ****     {
 632              		.loc 1 369 8 is_stmt 0 view .LVU194
 633 00dc 0B40     		ands	r3, r3, r1
 634              	.LVL57:
 369:Drivers/STM32F1xx_HAL_Driver/Src/stm32f1xx_hal_gpio.c ****     {
 635              		.loc 1 369 8 view .LVU195
 636 00de F7D0     		beq	.L59
 352:Drivers/STM32F1xx_HAL_Driver/Src/stm32f1xx_hal_gpio.c ****   uint32_t position = 0x00u;
 637              		.loc 1 352 1 view .LVU196
 638 00e0 70B5     		push	{r4, r5, r6, lr}
 639              	.LCFI5:
 640              		.cfi_def_cfa_offset 16
 641              		.cfi_offset 4, -16
 642              		.cfi_offset 5, -12
 643              		.cfi_offset 6, -8
 644              		.cfi_offset 14, -4
ARM GAS  /var/folders/y0/yl1wrqfd209ghqq3s8k8qc1m0000gn/T//cc7nmaSN.s 			page 21


 645 00e2 B7E7     		b	.L51
 646              	.LVL58:
 647              	.L58:
 648              	.LCFI6:
 649              		.cfi_def_cfa_offset 0
 650              		.cfi_restore 4
 651              		.cfi_restore 5
 652              		.cfi_restore 6
 653              		.cfi_restore 14
 352:Drivers/STM32F1xx_HAL_Driver/Src/stm32f1xx_hal_gpio.c ****   uint32_t position = 0x00u;
 654              		.loc 1 352 1 view .LVU197
 655 00e4 7047     		bx	lr
 656              	.L61:
 657 00e6 00BF     		.align	2
 658              	.L60:
 659 00e8 00000140 		.word	1073807360
 660 00ec 00080140 		.word	1073809408
 661 00f0 00040140 		.word	1073808384
 662              		.cfi_endproc
 663              	.LFE66:
 665              		.section	.text.HAL_GPIO_ReadPin,"ax",%progbits
 666              		.align	1
 667              		.global	HAL_GPIO_ReadPin
 668              		.syntax unified
 669              		.thumb
 670              		.thumb_func
 672              	HAL_GPIO_ReadPin:
 673              	.LVL59:
 674              	.LFB67:
 405:Drivers/STM32F1xx_HAL_Driver/Src/stm32f1xx_hal_gpio.c **** 
 406:Drivers/STM32F1xx_HAL_Driver/Src/stm32f1xx_hal_gpio.c **** /**
 407:Drivers/STM32F1xx_HAL_Driver/Src/stm32f1xx_hal_gpio.c ****   * @}
 408:Drivers/STM32F1xx_HAL_Driver/Src/stm32f1xx_hal_gpio.c ****   */
 409:Drivers/STM32F1xx_HAL_Driver/Src/stm32f1xx_hal_gpio.c **** 
 410:Drivers/STM32F1xx_HAL_Driver/Src/stm32f1xx_hal_gpio.c **** /** @defgroup GPIO_Exported_Functions_Group2 IO operation functions
 411:Drivers/STM32F1xx_HAL_Driver/Src/stm32f1xx_hal_gpio.c ****  *  @brief   GPIO Read and Write
 412:Drivers/STM32F1xx_HAL_Driver/Src/stm32f1xx_hal_gpio.c ****  *
 413:Drivers/STM32F1xx_HAL_Driver/Src/stm32f1xx_hal_gpio.c **** @verbatim
 414:Drivers/STM32F1xx_HAL_Driver/Src/stm32f1xx_hal_gpio.c ****  ===============================================================================
 415:Drivers/STM32F1xx_HAL_Driver/Src/stm32f1xx_hal_gpio.c ****                        ##### IO operation functions #####
 416:Drivers/STM32F1xx_HAL_Driver/Src/stm32f1xx_hal_gpio.c ****  ===============================================================================
 417:Drivers/STM32F1xx_HAL_Driver/Src/stm32f1xx_hal_gpio.c ****   [..]
 418:Drivers/STM32F1xx_HAL_Driver/Src/stm32f1xx_hal_gpio.c ****     This subsection provides a set of functions allowing to manage the GPIOs.
 419:Drivers/STM32F1xx_HAL_Driver/Src/stm32f1xx_hal_gpio.c **** 
 420:Drivers/STM32F1xx_HAL_Driver/Src/stm32f1xx_hal_gpio.c **** @endverbatim
 421:Drivers/STM32F1xx_HAL_Driver/Src/stm32f1xx_hal_gpio.c ****   * @{
 422:Drivers/STM32F1xx_HAL_Driver/Src/stm32f1xx_hal_gpio.c ****   */
 423:Drivers/STM32F1xx_HAL_Driver/Src/stm32f1xx_hal_gpio.c **** 
 424:Drivers/STM32F1xx_HAL_Driver/Src/stm32f1xx_hal_gpio.c **** /**
 425:Drivers/STM32F1xx_HAL_Driver/Src/stm32f1xx_hal_gpio.c ****   * @brief  Reads the specified input port pin.
 426:Drivers/STM32F1xx_HAL_Driver/Src/stm32f1xx_hal_gpio.c ****   * @param  GPIOx: where x can be (A..G depending on device used) to select the GPIO peripheral
 427:Drivers/STM32F1xx_HAL_Driver/Src/stm32f1xx_hal_gpio.c ****   * @param  GPIO_Pin: specifies the port bit to read.
 428:Drivers/STM32F1xx_HAL_Driver/Src/stm32f1xx_hal_gpio.c ****   *         This parameter can be GPIO_PIN_x where x can be (0..15).
 429:Drivers/STM32F1xx_HAL_Driver/Src/stm32f1xx_hal_gpio.c ****   * @retval The input port pin value.
 430:Drivers/STM32F1xx_HAL_Driver/Src/stm32f1xx_hal_gpio.c ****   */
 431:Drivers/STM32F1xx_HAL_Driver/Src/stm32f1xx_hal_gpio.c **** GPIO_PinState HAL_GPIO_ReadPin(GPIO_TypeDef *GPIOx, uint16_t GPIO_Pin)
 432:Drivers/STM32F1xx_HAL_Driver/Src/stm32f1xx_hal_gpio.c **** {
ARM GAS  /var/folders/y0/yl1wrqfd209ghqq3s8k8qc1m0000gn/T//cc7nmaSN.s 			page 22


 675              		.loc 1 432 1 is_stmt 1 view -0
 676              		.cfi_startproc
 677              		@ args = 0, pretend = 0, frame = 0
 678              		@ frame_needed = 0, uses_anonymous_args = 0
 679              		@ link register save eliminated.
 433:Drivers/STM32F1xx_HAL_Driver/Src/stm32f1xx_hal_gpio.c ****   GPIO_PinState bitstatus;
 680              		.loc 1 433 3 view .LVU199
 434:Drivers/STM32F1xx_HAL_Driver/Src/stm32f1xx_hal_gpio.c **** 
 435:Drivers/STM32F1xx_HAL_Driver/Src/stm32f1xx_hal_gpio.c ****   /* Check the parameters */
 436:Drivers/STM32F1xx_HAL_Driver/Src/stm32f1xx_hal_gpio.c ****   assert_param(IS_GPIO_PIN(GPIO_Pin));
 681              		.loc 1 436 3 view .LVU200
 437:Drivers/STM32F1xx_HAL_Driver/Src/stm32f1xx_hal_gpio.c **** 
 438:Drivers/STM32F1xx_HAL_Driver/Src/stm32f1xx_hal_gpio.c ****   if ((GPIOx->IDR & GPIO_Pin) != (uint32_t)GPIO_PIN_RESET)
 682              		.loc 1 438 3 view .LVU201
 683              		.loc 1 438 13 is_stmt 0 view .LVU202
 684 0000 8368     		ldr	r3, [r0, #8]
 685              		.loc 1 438 6 view .LVU203
 686 0002 1942     		tst	r1, r3
 687 0004 01D0     		beq	.L64
 439:Drivers/STM32F1xx_HAL_Driver/Src/stm32f1xx_hal_gpio.c ****   {
 440:Drivers/STM32F1xx_HAL_Driver/Src/stm32f1xx_hal_gpio.c ****     bitstatus = GPIO_PIN_SET;
 688              		.loc 1 440 15 view .LVU204
 689 0006 0120     		movs	r0, #1
 690              	.LVL60:
 691              		.loc 1 440 15 view .LVU205
 692 0008 7047     		bx	lr
 693              	.LVL61:
 694              	.L64:
 441:Drivers/STM32F1xx_HAL_Driver/Src/stm32f1xx_hal_gpio.c ****   }
 442:Drivers/STM32F1xx_HAL_Driver/Src/stm32f1xx_hal_gpio.c ****   else
 443:Drivers/STM32F1xx_HAL_Driver/Src/stm32f1xx_hal_gpio.c ****   {
 444:Drivers/STM32F1xx_HAL_Driver/Src/stm32f1xx_hal_gpio.c ****     bitstatus = GPIO_PIN_RESET;
 695              		.loc 1 444 15 view .LVU206
 696 000a 0020     		movs	r0, #0
 697              	.LVL62:
 445:Drivers/STM32F1xx_HAL_Driver/Src/stm32f1xx_hal_gpio.c ****   }
 446:Drivers/STM32F1xx_HAL_Driver/Src/stm32f1xx_hal_gpio.c ****   return bitstatus;
 698              		.loc 1 446 3 is_stmt 1 view .LVU207
 447:Drivers/STM32F1xx_HAL_Driver/Src/stm32f1xx_hal_gpio.c **** }
 699              		.loc 1 447 1 is_stmt 0 view .LVU208
 700 000c 7047     		bx	lr
 701              		.cfi_endproc
 702              	.LFE67:
 704              		.section	.text.HAL_GPIO_WritePin,"ax",%progbits
 705              		.align	1
 706              		.global	HAL_GPIO_WritePin
 707              		.syntax unified
 708              		.thumb
 709              		.thumb_func
 711              	HAL_GPIO_WritePin:
 712              	.LVL63:
 713              	.LFB68:
 448:Drivers/STM32F1xx_HAL_Driver/Src/stm32f1xx_hal_gpio.c **** 
 449:Drivers/STM32F1xx_HAL_Driver/Src/stm32f1xx_hal_gpio.c **** /**
 450:Drivers/STM32F1xx_HAL_Driver/Src/stm32f1xx_hal_gpio.c ****   * @brief  Sets or clears the selected data port bit.
 451:Drivers/STM32F1xx_HAL_Driver/Src/stm32f1xx_hal_gpio.c ****   *
 452:Drivers/STM32F1xx_HAL_Driver/Src/stm32f1xx_hal_gpio.c ****   * @note   This function uses GPIOx_BSRR register to allow atomic read/modify
ARM GAS  /var/folders/y0/yl1wrqfd209ghqq3s8k8qc1m0000gn/T//cc7nmaSN.s 			page 23


 453:Drivers/STM32F1xx_HAL_Driver/Src/stm32f1xx_hal_gpio.c ****   *         accesses. In this way, there is no risk of an IRQ occurring between
 454:Drivers/STM32F1xx_HAL_Driver/Src/stm32f1xx_hal_gpio.c ****   *         the read and the modify access.
 455:Drivers/STM32F1xx_HAL_Driver/Src/stm32f1xx_hal_gpio.c ****   *
 456:Drivers/STM32F1xx_HAL_Driver/Src/stm32f1xx_hal_gpio.c ****   * @param  GPIOx: where x can be (A..G depending on device used) to select the GPIO peripheral
 457:Drivers/STM32F1xx_HAL_Driver/Src/stm32f1xx_hal_gpio.c ****   * @param  GPIO_Pin: specifies the port bit to be written.
 458:Drivers/STM32F1xx_HAL_Driver/Src/stm32f1xx_hal_gpio.c ****   *          This parameter can be one of GPIO_PIN_x where x can be (0..15).
 459:Drivers/STM32F1xx_HAL_Driver/Src/stm32f1xx_hal_gpio.c ****   * @param  PinState: specifies the value to be written to the selected bit.
 460:Drivers/STM32F1xx_HAL_Driver/Src/stm32f1xx_hal_gpio.c ****   *          This parameter can be one of the GPIO_PinState enum values:
 461:Drivers/STM32F1xx_HAL_Driver/Src/stm32f1xx_hal_gpio.c ****   *            @arg GPIO_PIN_RESET: to clear the port pin
 462:Drivers/STM32F1xx_HAL_Driver/Src/stm32f1xx_hal_gpio.c ****   *            @arg GPIO_PIN_SET: to set the port pin
 463:Drivers/STM32F1xx_HAL_Driver/Src/stm32f1xx_hal_gpio.c ****   * @retval None
 464:Drivers/STM32F1xx_HAL_Driver/Src/stm32f1xx_hal_gpio.c ****   */
 465:Drivers/STM32F1xx_HAL_Driver/Src/stm32f1xx_hal_gpio.c **** void HAL_GPIO_WritePin(GPIO_TypeDef *GPIOx, uint16_t GPIO_Pin, GPIO_PinState PinState)
 466:Drivers/STM32F1xx_HAL_Driver/Src/stm32f1xx_hal_gpio.c **** {
 714              		.loc 1 466 1 is_stmt 1 view -0
 715              		.cfi_startproc
 716              		@ args = 0, pretend = 0, frame = 0
 717              		@ frame_needed = 0, uses_anonymous_args = 0
 718              		@ link register save eliminated.
 467:Drivers/STM32F1xx_HAL_Driver/Src/stm32f1xx_hal_gpio.c ****   /* Check the parameters */
 468:Drivers/STM32F1xx_HAL_Driver/Src/stm32f1xx_hal_gpio.c ****   assert_param(IS_GPIO_PIN(GPIO_Pin));
 719              		.loc 1 468 3 view .LVU210
 469:Drivers/STM32F1xx_HAL_Driver/Src/stm32f1xx_hal_gpio.c ****   assert_param(IS_GPIO_PIN_ACTION(PinState));
 720              		.loc 1 469 3 view .LVU211
 470:Drivers/STM32F1xx_HAL_Driver/Src/stm32f1xx_hal_gpio.c **** 
 471:Drivers/STM32F1xx_HAL_Driver/Src/stm32f1xx_hal_gpio.c ****   if (PinState != GPIO_PIN_RESET)
 721              		.loc 1 471 3 view .LVU212
 722              		.loc 1 471 6 is_stmt 0 view .LVU213
 723 0000 0AB1     		cbz	r2, .L66
 472:Drivers/STM32F1xx_HAL_Driver/Src/stm32f1xx_hal_gpio.c ****   {
 473:Drivers/STM32F1xx_HAL_Driver/Src/stm32f1xx_hal_gpio.c ****     GPIOx->BSRR = GPIO_Pin;
 724              		.loc 1 473 5 is_stmt 1 view .LVU214
 725              		.loc 1 473 17 is_stmt 0 view .LVU215
 726 0002 0161     		str	r1, [r0, #16]
 727 0004 7047     		bx	lr
 728              	.L66:
 474:Drivers/STM32F1xx_HAL_Driver/Src/stm32f1xx_hal_gpio.c ****   }
 475:Drivers/STM32F1xx_HAL_Driver/Src/stm32f1xx_hal_gpio.c ****   else
 476:Drivers/STM32F1xx_HAL_Driver/Src/stm32f1xx_hal_gpio.c ****   {
 477:Drivers/STM32F1xx_HAL_Driver/Src/stm32f1xx_hal_gpio.c ****     GPIOx->BSRR = (uint32_t)GPIO_Pin << 16u;
 729              		.loc 1 477 5 is_stmt 1 view .LVU216
 730              		.loc 1 477 38 is_stmt 0 view .LVU217
 731 0006 0904     		lsls	r1, r1, #16
 732              	.LVL64:
 733              		.loc 1 477 17 view .LVU218
 734 0008 0161     		str	r1, [r0, #16]
 478:Drivers/STM32F1xx_HAL_Driver/Src/stm32f1xx_hal_gpio.c ****   }
 479:Drivers/STM32F1xx_HAL_Driver/Src/stm32f1xx_hal_gpio.c **** }
 735              		.loc 1 479 1 view .LVU219
 736 000a 7047     		bx	lr
 737              		.cfi_endproc
 738              	.LFE68:
 740              		.section	.text.HAL_GPIO_TogglePin,"ax",%progbits
 741              		.align	1
 742              		.global	HAL_GPIO_TogglePin
 743              		.syntax unified
 744              		.thumb
ARM GAS  /var/folders/y0/yl1wrqfd209ghqq3s8k8qc1m0000gn/T//cc7nmaSN.s 			page 24


 745              		.thumb_func
 747              	HAL_GPIO_TogglePin:
 748              	.LVL65:
 749              	.LFB69:
 480:Drivers/STM32F1xx_HAL_Driver/Src/stm32f1xx_hal_gpio.c **** 
 481:Drivers/STM32F1xx_HAL_Driver/Src/stm32f1xx_hal_gpio.c **** /**
 482:Drivers/STM32F1xx_HAL_Driver/Src/stm32f1xx_hal_gpio.c ****   * @brief  Toggles the specified GPIO pin
 483:Drivers/STM32F1xx_HAL_Driver/Src/stm32f1xx_hal_gpio.c ****   * @param  GPIOx: where x can be (A..G depending on device used) to select the GPIO peripheral
 484:Drivers/STM32F1xx_HAL_Driver/Src/stm32f1xx_hal_gpio.c ****   * @param  GPIO_Pin: Specifies the pins to be toggled.
 485:Drivers/STM32F1xx_HAL_Driver/Src/stm32f1xx_hal_gpio.c ****   * @retval None
 486:Drivers/STM32F1xx_HAL_Driver/Src/stm32f1xx_hal_gpio.c ****   */
 487:Drivers/STM32F1xx_HAL_Driver/Src/stm32f1xx_hal_gpio.c **** void HAL_GPIO_TogglePin(GPIO_TypeDef *GPIOx, uint16_t GPIO_Pin)
 488:Drivers/STM32F1xx_HAL_Driver/Src/stm32f1xx_hal_gpio.c **** {
 750              		.loc 1 488 1 is_stmt 1 view -0
 751              		.cfi_startproc
 752              		@ args = 0, pretend = 0, frame = 0
 753              		@ frame_needed = 0, uses_anonymous_args = 0
 754              		@ link register save eliminated.
 489:Drivers/STM32F1xx_HAL_Driver/Src/stm32f1xx_hal_gpio.c ****   uint32_t odr;
 755              		.loc 1 489 3 view .LVU221
 490:Drivers/STM32F1xx_HAL_Driver/Src/stm32f1xx_hal_gpio.c **** 
 491:Drivers/STM32F1xx_HAL_Driver/Src/stm32f1xx_hal_gpio.c ****   /* Check the parameters */
 492:Drivers/STM32F1xx_HAL_Driver/Src/stm32f1xx_hal_gpio.c ****   assert_param(IS_GPIO_PIN(GPIO_Pin));
 756              		.loc 1 492 3 view .LVU222
 493:Drivers/STM32F1xx_HAL_Driver/Src/stm32f1xx_hal_gpio.c **** 
 494:Drivers/STM32F1xx_HAL_Driver/Src/stm32f1xx_hal_gpio.c ****   /* get current Output Data Register value */
 495:Drivers/STM32F1xx_HAL_Driver/Src/stm32f1xx_hal_gpio.c ****   odr = GPIOx->ODR;
 757              		.loc 1 495 3 view .LVU223
 758              		.loc 1 495 7 is_stmt 0 view .LVU224
 759 0000 C368     		ldr	r3, [r0, #12]
 760              	.LVL66:
 496:Drivers/STM32F1xx_HAL_Driver/Src/stm32f1xx_hal_gpio.c **** 
 497:Drivers/STM32F1xx_HAL_Driver/Src/stm32f1xx_hal_gpio.c ****   /* Set selected pins that were at low level, and reset ones that were high */
 498:Drivers/STM32F1xx_HAL_Driver/Src/stm32f1xx_hal_gpio.c ****   GPIOx->BSRR = ((odr & GPIO_Pin) << GPIO_NUMBER) | (~odr & GPIO_Pin);
 761              		.loc 1 498 3 is_stmt 1 view .LVU225
 762              		.loc 1 498 23 is_stmt 0 view .LVU226
 763 0002 01EA0302 		and	r2, r1, r3
 764              		.loc 1 498 59 view .LVU227
 765 0006 21EA0301 		bic	r1, r1, r3
 766              	.LVL67:
 767              		.loc 1 498 51 view .LVU228
 768 000a 41EA0241 		orr	r1, r1, r2, lsl #16
 769              		.loc 1 498 15 view .LVU229
 770 000e 0161     		str	r1, [r0, #16]
 499:Drivers/STM32F1xx_HAL_Driver/Src/stm32f1xx_hal_gpio.c **** }
 771              		.loc 1 499 1 view .LVU230
 772 0010 7047     		bx	lr
 773              		.cfi_endproc
 774              	.LFE69:
 776              		.section	.text.HAL_GPIO_LockPin,"ax",%progbits
 777              		.align	1
 778              		.global	HAL_GPIO_LockPin
 779              		.syntax unified
 780              		.thumb
 781              		.thumb_func
 783              	HAL_GPIO_LockPin:
 784              	.LVL68:
ARM GAS  /var/folders/y0/yl1wrqfd209ghqq3s8k8qc1m0000gn/T//cc7nmaSN.s 			page 25


 785              	.LFB70:
 500:Drivers/STM32F1xx_HAL_Driver/Src/stm32f1xx_hal_gpio.c **** 
 501:Drivers/STM32F1xx_HAL_Driver/Src/stm32f1xx_hal_gpio.c **** /**
 502:Drivers/STM32F1xx_HAL_Driver/Src/stm32f1xx_hal_gpio.c **** * @brief  Locks GPIO Pins configuration registers.
 503:Drivers/STM32F1xx_HAL_Driver/Src/stm32f1xx_hal_gpio.c **** * @note   The locking mechanism allows the IO configuration to be frozen. When the LOCK sequence
 504:Drivers/STM32F1xx_HAL_Driver/Src/stm32f1xx_hal_gpio.c **** *         has been applied on a port bit, it is no longer possible to modify the value of the port 
 505:Drivers/STM32F1xx_HAL_Driver/Src/stm32f1xx_hal_gpio.c **** *         the next reset.
 506:Drivers/STM32F1xx_HAL_Driver/Src/stm32f1xx_hal_gpio.c **** * @param  GPIOx: where x can be (A..G depending on device used) to select the GPIO peripheral
 507:Drivers/STM32F1xx_HAL_Driver/Src/stm32f1xx_hal_gpio.c **** * @param  GPIO_Pin: specifies the port bit to be locked.
 508:Drivers/STM32F1xx_HAL_Driver/Src/stm32f1xx_hal_gpio.c **** *         This parameter can be any combination of GPIO_PIN_x where x can be (0..15).
 509:Drivers/STM32F1xx_HAL_Driver/Src/stm32f1xx_hal_gpio.c **** * @retval None
 510:Drivers/STM32F1xx_HAL_Driver/Src/stm32f1xx_hal_gpio.c **** */
 511:Drivers/STM32F1xx_HAL_Driver/Src/stm32f1xx_hal_gpio.c **** HAL_StatusTypeDef HAL_GPIO_LockPin(GPIO_TypeDef *GPIOx, uint16_t GPIO_Pin)
 512:Drivers/STM32F1xx_HAL_Driver/Src/stm32f1xx_hal_gpio.c **** {
 786              		.loc 1 512 1 is_stmt 1 view -0
 787              		.cfi_startproc
 788              		@ args = 0, pretend = 0, frame = 8
 789              		@ frame_needed = 0, uses_anonymous_args = 0
 790              		@ link register save eliminated.
 791              		.loc 1 512 1 is_stmt 0 view .LVU232
 792 0000 82B0     		sub	sp, sp, #8
 793              	.LCFI7:
 794              		.cfi_def_cfa_offset 8
 513:Drivers/STM32F1xx_HAL_Driver/Src/stm32f1xx_hal_gpio.c ****   __IO uint32_t tmp = GPIO_LCKR_LCKK;
 795              		.loc 1 513 3 is_stmt 1 view .LVU233
 796              		.loc 1 513 17 is_stmt 0 view .LVU234
 797 0002 4FF48033 		mov	r3, #65536
 798 0006 0193     		str	r3, [sp, #4]
 514:Drivers/STM32F1xx_HAL_Driver/Src/stm32f1xx_hal_gpio.c **** 
 515:Drivers/STM32F1xx_HAL_Driver/Src/stm32f1xx_hal_gpio.c ****   /* Check the parameters */
 516:Drivers/STM32F1xx_HAL_Driver/Src/stm32f1xx_hal_gpio.c ****   assert_param(IS_GPIO_LOCK_INSTANCE(GPIOx));
 799              		.loc 1 516 3 is_stmt 1 view .LVU235
 517:Drivers/STM32F1xx_HAL_Driver/Src/stm32f1xx_hal_gpio.c ****   assert_param(IS_GPIO_PIN(GPIO_Pin));
 800              		.loc 1 517 3 view .LVU236
 518:Drivers/STM32F1xx_HAL_Driver/Src/stm32f1xx_hal_gpio.c **** 
 519:Drivers/STM32F1xx_HAL_Driver/Src/stm32f1xx_hal_gpio.c ****   /* Apply lock key write sequence */
 520:Drivers/STM32F1xx_HAL_Driver/Src/stm32f1xx_hal_gpio.c ****   SET_BIT(tmp, GPIO_Pin);
 801              		.loc 1 520 3 view .LVU237
 802 0008 019B     		ldr	r3, [sp, #4]
 803 000a 0B43     		orrs	r3, r3, r1
 804 000c 0193     		str	r3, [sp, #4]
 521:Drivers/STM32F1xx_HAL_Driver/Src/stm32f1xx_hal_gpio.c ****   /* Set LCKx bit(s): LCKK='1' + LCK[15-0] */
 522:Drivers/STM32F1xx_HAL_Driver/Src/stm32f1xx_hal_gpio.c ****   GPIOx->LCKR = tmp;
 805              		.loc 1 522 3 view .LVU238
 806              		.loc 1 522 15 is_stmt 0 view .LVU239
 807 000e 019B     		ldr	r3, [sp, #4]
 808 0010 8361     		str	r3, [r0, #24]
 523:Drivers/STM32F1xx_HAL_Driver/Src/stm32f1xx_hal_gpio.c ****   /* Reset LCKx bit(s): LCKK='0' + LCK[15-0] */
 524:Drivers/STM32F1xx_HAL_Driver/Src/stm32f1xx_hal_gpio.c ****   GPIOx->LCKR = GPIO_Pin;
 809              		.loc 1 524 3 is_stmt 1 view .LVU240
 810              		.loc 1 524 15 is_stmt 0 view .LVU241
 811 0012 8161     		str	r1, [r0, #24]
 525:Drivers/STM32F1xx_HAL_Driver/Src/stm32f1xx_hal_gpio.c ****   /* Set LCKx bit(s): LCKK='1' + LCK[15-0] */
 526:Drivers/STM32F1xx_HAL_Driver/Src/stm32f1xx_hal_gpio.c ****   GPIOx->LCKR = tmp;
 812              		.loc 1 526 3 is_stmt 1 view .LVU242
 813              		.loc 1 526 15 is_stmt 0 view .LVU243
 814 0014 019B     		ldr	r3, [sp, #4]
ARM GAS  /var/folders/y0/yl1wrqfd209ghqq3s8k8qc1m0000gn/T//cc7nmaSN.s 			page 26


 815 0016 8361     		str	r3, [r0, #24]
 527:Drivers/STM32F1xx_HAL_Driver/Src/stm32f1xx_hal_gpio.c ****   /* Read LCKK register. This read is mandatory to complete key lock sequence */
 528:Drivers/STM32F1xx_HAL_Driver/Src/stm32f1xx_hal_gpio.c ****   tmp = GPIOx->LCKR;
 816              		.loc 1 528 3 is_stmt 1 view .LVU244
 817              		.loc 1 528 14 is_stmt 0 view .LVU245
 818 0018 8369     		ldr	r3, [r0, #24]
 819              		.loc 1 528 7 view .LVU246
 820 001a 0193     		str	r3, [sp, #4]
 529:Drivers/STM32F1xx_HAL_Driver/Src/stm32f1xx_hal_gpio.c **** 
 530:Drivers/STM32F1xx_HAL_Driver/Src/stm32f1xx_hal_gpio.c ****   /* read again in order to confirm lock is active */
 531:Drivers/STM32F1xx_HAL_Driver/Src/stm32f1xx_hal_gpio.c ****   if ((uint32_t)(GPIOx->LCKR & GPIO_LCKR_LCKK))
 821              		.loc 1 531 3 is_stmt 1 view .LVU247
 822              		.loc 1 531 23 is_stmt 0 view .LVU248
 823 001c 8369     		ldr	r3, [r0, #24]
 824              		.loc 1 531 6 view .LVU249
 825 001e 13F4803F 		tst	r3, #65536
 826 0022 02D0     		beq	.L71
 532:Drivers/STM32F1xx_HAL_Driver/Src/stm32f1xx_hal_gpio.c ****   {
 533:Drivers/STM32F1xx_HAL_Driver/Src/stm32f1xx_hal_gpio.c ****     return HAL_OK;
 827              		.loc 1 533 12 view .LVU250
 828 0024 0020     		movs	r0, #0
 829              	.LVL69:
 830              	.L70:
 534:Drivers/STM32F1xx_HAL_Driver/Src/stm32f1xx_hal_gpio.c ****   }
 535:Drivers/STM32F1xx_HAL_Driver/Src/stm32f1xx_hal_gpio.c ****   else
 536:Drivers/STM32F1xx_HAL_Driver/Src/stm32f1xx_hal_gpio.c ****   {
 537:Drivers/STM32F1xx_HAL_Driver/Src/stm32f1xx_hal_gpio.c ****     return HAL_ERROR;
 538:Drivers/STM32F1xx_HAL_Driver/Src/stm32f1xx_hal_gpio.c ****   }
 539:Drivers/STM32F1xx_HAL_Driver/Src/stm32f1xx_hal_gpio.c **** }
 831              		.loc 1 539 1 view .LVU251
 832 0026 02B0     		add	sp, sp, #8
 833              	.LCFI8:
 834              		.cfi_remember_state
 835              		.cfi_def_cfa_offset 0
 836              		@ sp needed
 837 0028 7047     		bx	lr
 838              	.LVL70:
 839              	.L71:
 840              	.LCFI9:
 841              		.cfi_restore_state
 537:Drivers/STM32F1xx_HAL_Driver/Src/stm32f1xx_hal_gpio.c ****   }
 842              		.loc 1 537 12 view .LVU252
 843 002a 0120     		movs	r0, #1
 844              	.LVL71:
 537:Drivers/STM32F1xx_HAL_Driver/Src/stm32f1xx_hal_gpio.c ****   }
 845              		.loc 1 537 12 view .LVU253
 846 002c FBE7     		b	.L70
 847              		.cfi_endproc
 848              	.LFE70:
 850              		.section	.text.HAL_GPIO_EXTI_Callback,"ax",%progbits
 851              		.align	1
 852              		.weak	HAL_GPIO_EXTI_Callback
 853              		.syntax unified
 854              		.thumb
 855              		.thumb_func
 857              	HAL_GPIO_EXTI_Callback:
 858              	.LVL72:
ARM GAS  /var/folders/y0/yl1wrqfd209ghqq3s8k8qc1m0000gn/T//cc7nmaSN.s 			page 27


 859              	.LFB72:
 540:Drivers/STM32F1xx_HAL_Driver/Src/stm32f1xx_hal_gpio.c **** 
 541:Drivers/STM32F1xx_HAL_Driver/Src/stm32f1xx_hal_gpio.c **** /**
 542:Drivers/STM32F1xx_HAL_Driver/Src/stm32f1xx_hal_gpio.c ****   * @brief  This function handles EXTI interrupt request.
 543:Drivers/STM32F1xx_HAL_Driver/Src/stm32f1xx_hal_gpio.c ****   * @param  GPIO_Pin: Specifies the pins connected EXTI line
 544:Drivers/STM32F1xx_HAL_Driver/Src/stm32f1xx_hal_gpio.c ****   * @retval None
 545:Drivers/STM32F1xx_HAL_Driver/Src/stm32f1xx_hal_gpio.c ****   */
 546:Drivers/STM32F1xx_HAL_Driver/Src/stm32f1xx_hal_gpio.c **** void HAL_GPIO_EXTI_IRQHandler(uint16_t GPIO_Pin)
 547:Drivers/STM32F1xx_HAL_Driver/Src/stm32f1xx_hal_gpio.c **** {
 548:Drivers/STM32F1xx_HAL_Driver/Src/stm32f1xx_hal_gpio.c ****   /* EXTI line interrupt detected */
 549:Drivers/STM32F1xx_HAL_Driver/Src/stm32f1xx_hal_gpio.c ****   if (__HAL_GPIO_EXTI_GET_IT(GPIO_Pin) != 0x00u)
 550:Drivers/STM32F1xx_HAL_Driver/Src/stm32f1xx_hal_gpio.c ****   {
 551:Drivers/STM32F1xx_HAL_Driver/Src/stm32f1xx_hal_gpio.c ****     __HAL_GPIO_EXTI_CLEAR_IT(GPIO_Pin);
 552:Drivers/STM32F1xx_HAL_Driver/Src/stm32f1xx_hal_gpio.c ****     HAL_GPIO_EXTI_Callback(GPIO_Pin);
 553:Drivers/STM32F1xx_HAL_Driver/Src/stm32f1xx_hal_gpio.c ****   }
 554:Drivers/STM32F1xx_HAL_Driver/Src/stm32f1xx_hal_gpio.c **** }
 555:Drivers/STM32F1xx_HAL_Driver/Src/stm32f1xx_hal_gpio.c **** 
 556:Drivers/STM32F1xx_HAL_Driver/Src/stm32f1xx_hal_gpio.c **** /**
 557:Drivers/STM32F1xx_HAL_Driver/Src/stm32f1xx_hal_gpio.c ****   * @brief  EXTI line detection callbacks.
 558:Drivers/STM32F1xx_HAL_Driver/Src/stm32f1xx_hal_gpio.c ****   * @param  GPIO_Pin: Specifies the pins connected EXTI line
 559:Drivers/STM32F1xx_HAL_Driver/Src/stm32f1xx_hal_gpio.c ****   * @retval None
 560:Drivers/STM32F1xx_HAL_Driver/Src/stm32f1xx_hal_gpio.c ****   */
 561:Drivers/STM32F1xx_HAL_Driver/Src/stm32f1xx_hal_gpio.c **** __weak void HAL_GPIO_EXTI_Callback(uint16_t GPIO_Pin)
 562:Drivers/STM32F1xx_HAL_Driver/Src/stm32f1xx_hal_gpio.c **** {
 860              		.loc 1 562 1 is_stmt 1 view -0
 861              		.cfi_startproc
 862              		@ args = 0, pretend = 0, frame = 0
 863              		@ frame_needed = 0, uses_anonymous_args = 0
 864              		@ link register save eliminated.
 563:Drivers/STM32F1xx_HAL_Driver/Src/stm32f1xx_hal_gpio.c ****   /* Prevent unused argument(s) compilation warning */
 564:Drivers/STM32F1xx_HAL_Driver/Src/stm32f1xx_hal_gpio.c ****   UNUSED(GPIO_Pin);
 865              		.loc 1 564 3 view .LVU255
 565:Drivers/STM32F1xx_HAL_Driver/Src/stm32f1xx_hal_gpio.c ****   /* NOTE: This function Should not be modified, when the callback is needed,
 566:Drivers/STM32F1xx_HAL_Driver/Src/stm32f1xx_hal_gpio.c ****            the HAL_GPIO_EXTI_Callback could be implemented in the user file
 567:Drivers/STM32F1xx_HAL_Driver/Src/stm32f1xx_hal_gpio.c ****    */
 568:Drivers/STM32F1xx_HAL_Driver/Src/stm32f1xx_hal_gpio.c **** }
 866              		.loc 1 568 1 is_stmt 0 view .LVU256
 867 0000 7047     		bx	lr
 868              		.cfi_endproc
 869              	.LFE72:
 871              		.section	.text.HAL_GPIO_EXTI_IRQHandler,"ax",%progbits
 872              		.align	1
 873              		.global	HAL_GPIO_EXTI_IRQHandler
 874              		.syntax unified
 875              		.thumb
 876              		.thumb_func
 878              	HAL_GPIO_EXTI_IRQHandler:
 879              	.LVL73:
 880              	.LFB71:
 547:Drivers/STM32F1xx_HAL_Driver/Src/stm32f1xx_hal_gpio.c ****   /* EXTI line interrupt detected */
 881              		.loc 1 547 1 is_stmt 1 view -0
 882              		.cfi_startproc
 883              		@ args = 0, pretend = 0, frame = 0
 884              		@ frame_needed = 0, uses_anonymous_args = 0
 547:Drivers/STM32F1xx_HAL_Driver/Src/stm32f1xx_hal_gpio.c ****   /* EXTI line interrupt detected */
 885              		.loc 1 547 1 is_stmt 0 view .LVU258
 886 0000 08B5     		push	{r3, lr}
ARM GAS  /var/folders/y0/yl1wrqfd209ghqq3s8k8qc1m0000gn/T//cc7nmaSN.s 			page 28


 887              	.LCFI10:
 888              		.cfi_def_cfa_offset 8
 889              		.cfi_offset 3, -8
 890              		.cfi_offset 14, -4
 549:Drivers/STM32F1xx_HAL_Driver/Src/stm32f1xx_hal_gpio.c ****   {
 891              		.loc 1 549 3 is_stmt 1 view .LVU259
 549:Drivers/STM32F1xx_HAL_Driver/Src/stm32f1xx_hal_gpio.c ****   {
 892              		.loc 1 549 7 is_stmt 0 view .LVU260
 893 0002 054B     		ldr	r3, .L78
 894 0004 5B69     		ldr	r3, [r3, #20]
 549:Drivers/STM32F1xx_HAL_Driver/Src/stm32f1xx_hal_gpio.c ****   {
 895              		.loc 1 549 6 view .LVU261
 896 0006 0342     		tst	r3, r0
 897 0008 00D1     		bne	.L77
 898              	.LVL74:
 899              	.L74:
 554:Drivers/STM32F1xx_HAL_Driver/Src/stm32f1xx_hal_gpio.c **** 
 900              		.loc 1 554 1 view .LVU262
 901 000a 08BD     		pop	{r3, pc}
 902              	.LVL75:
 903              	.L77:
 551:Drivers/STM32F1xx_HAL_Driver/Src/stm32f1xx_hal_gpio.c ****     HAL_GPIO_EXTI_Callback(GPIO_Pin);
 904              		.loc 1 551 5 is_stmt 1 view .LVU263
 905 000c 024B     		ldr	r3, .L78
 906 000e 5861     		str	r0, [r3, #20]
 552:Drivers/STM32F1xx_HAL_Driver/Src/stm32f1xx_hal_gpio.c ****   }
 907              		.loc 1 552 5 view .LVU264
 908 0010 FFF7FEFF 		bl	HAL_GPIO_EXTI_Callback
 909              	.LVL76:
 554:Drivers/STM32F1xx_HAL_Driver/Src/stm32f1xx_hal_gpio.c **** 
 910              		.loc 1 554 1 is_stmt 0 view .LVU265
 911 0014 F9E7     		b	.L74
 912              	.L79:
 913 0016 00BF     		.align	2
 914              	.L78:
 915 0018 00040140 		.word	1073808384
 916              		.cfi_endproc
 917              	.LFE71:
 919              		.text
 920              	.Letext0:
 921              		.file 2 "/Applications/ArmGNUToolchain/15.3.rel1/arm-none-eabi/arm-none-eabi/include/machine/_defa
 922              		.file 3 "/Applications/ArmGNUToolchain/15.3.rel1/arm-none-eabi/arm-none-eabi/include/sys/_stdint.h
 923              		.file 4 "Drivers/CMSIS/Device/ST/STM32F1xx/Include/stm32f102xb.h"
 924              		.file 5 "Drivers/STM32F1xx_HAL_Driver/Inc/stm32f1xx_hal_def.h"
 925              		.file 6 "Drivers/STM32F1xx_HAL_Driver/Inc/stm32f1xx_hal_gpio.h"
ARM GAS  /var/folders/y0/yl1wrqfd209ghqq3s8k8qc1m0000gn/T//cc7nmaSN.s 			page 29


DEFINED SYMBOLS
                            *ABS*:00000000 stm32f1xx_hal_gpio.c
/var/folders/y0/yl1wrqfd209ghqq3s8k8qc1m0000gn/T//cc7nmaSN.s:19     .text.HAL_GPIO_Init:00000000 $t
/var/folders/y0/yl1wrqfd209ghqq3s8k8qc1m0000gn/T//cc7nmaSN.s:25     .text.HAL_GPIO_Init:00000000 HAL_GPIO_Init
/var/folders/y0/yl1wrqfd209ghqq3s8k8qc1m0000gn/T//cc7nmaSN.s:419    .text.HAL_GPIO_Init:000001c4 $d
/var/folders/y0/yl1wrqfd209ghqq3s8k8qc1m0000gn/T//cc7nmaSN.s:429    .text.HAL_GPIO_DeInit:00000000 $t
/var/folders/y0/yl1wrqfd209ghqq3s8k8qc1m0000gn/T//cc7nmaSN.s:435    .text.HAL_GPIO_DeInit:00000000 HAL_GPIO_DeInit
/var/folders/y0/yl1wrqfd209ghqq3s8k8qc1m0000gn/T//cc7nmaSN.s:659    .text.HAL_GPIO_DeInit:000000e8 $d
/var/folders/y0/yl1wrqfd209ghqq3s8k8qc1m0000gn/T//cc7nmaSN.s:666    .text.HAL_GPIO_ReadPin:00000000 $t
/var/folders/y0/yl1wrqfd209ghqq3s8k8qc1m0000gn/T//cc7nmaSN.s:672    .text.HAL_GPIO_ReadPin:00000000 HAL_GPIO_ReadPin
/var/folders/y0/yl1wrqfd209ghqq3s8k8qc1m0000gn/T//cc7nmaSN.s:705    .text.HAL_GPIO_WritePin:00000000 $t
/var/folders/y0/yl1wrqfd209ghqq3s8k8qc1m0000gn/T//cc7nmaSN.s:711    .text.HAL_GPIO_WritePin:00000000 HAL_GPIO_WritePin
/var/folders/y0/yl1wrqfd209ghqq3s8k8qc1m0000gn/T//cc7nmaSN.s:741    .text.HAL_GPIO_TogglePin:00000000 $t
/var/folders/y0/yl1wrqfd209ghqq3s8k8qc1m0000gn/T//cc7nmaSN.s:747    .text.HAL_GPIO_TogglePin:00000000 HAL_GPIO_TogglePin
/var/folders/y0/yl1wrqfd209ghqq3s8k8qc1m0000gn/T//cc7nmaSN.s:777    .text.HAL_GPIO_LockPin:00000000 $t
/var/folders/y0/yl1wrqfd209ghqq3s8k8qc1m0000gn/T//cc7nmaSN.s:783    .text.HAL_GPIO_LockPin:00000000 HAL_GPIO_LockPin
/var/folders/y0/yl1wrqfd209ghqq3s8k8qc1m0000gn/T//cc7nmaSN.s:851    .text.HAL_GPIO_EXTI_Callback:00000000 $t
/var/folders/y0/yl1wrqfd209ghqq3s8k8qc1m0000gn/T//cc7nmaSN.s:857    .text.HAL_GPIO_EXTI_Callback:00000000 HAL_GPIO_EXTI_Callback
/var/folders/y0/yl1wrqfd209ghqq3s8k8qc1m0000gn/T//cc7nmaSN.s:872    .text.HAL_GPIO_EXTI_IRQHandler:00000000 $t
/var/folders/y0/yl1wrqfd209ghqq3s8k8qc1m0000gn/T//cc7nmaSN.s:878    .text.HAL_GPIO_EXTI_IRQHandler:00000000 HAL_GPIO_EXTI_IRQHandler
/var/folders/y0/yl1wrqfd209ghqq3s8k8qc1m0000gn/T//cc7nmaSN.s:915    .text.HAL_GPIO_EXTI_IRQHandler:00000018 $d

NO UNDEFINED SYMBOLS
